{"N": 22, "edgelist": ["0 1 {}\n", "0 3 {}\n", "0 4 {}\n", "0 5 {}\n", "0 6 {}\n", "0 7 {}\n", "0 8 {}\n", "0 11 {}\n", "0 12 {}\n", "0 13 {}\n", "0 14 {}\n", "0 15 {}\n", "0 16 {}\n", "0 18 {}\n", "1 2 {}\n", "1 3 {}\n", "1 4 {}\n", "1 12 {}\n", "1 18 {}\n", "1 19 {}\n", "1 20 {}\n", "1 21 {}\n", "2 3 {}\n", "2 4 {}\n", "2 5 {}\n", "2 8 {}\n", "2 9 {}\n", "2 11 {}\n", "2 13 {}\n", "2 15 {}\n", "2 16 {}\n", "2 17 {}\n", "2 18 {}\n", "2 20 {}\n", "3 4 {}\n", "3 5 {}\n", "3 6 {}\n", "3 13 {}\n", "3 14 {}\n", "3 15 {}\n", "3 17 {}\n", "3 19 {}\n", "3 20 {}\n", "3 21 {}\n", "4 8 {}\n", "4 11 {}\n", "4 13 {}\n", "4 16 {}\n", "4 19 {}\n", "4 21 {}\n", "5 7 {}\n", "5 8 {}\n", "5 9 {}\n", "5 10 {}\n", "5 12 {}\n", "5 13 {}\n", "5 21 {}\n", "6 7 {}\n", "6 9 {}\n", "6 10 {}\n", "6 12 {}\n", "6 13 {}\n", "6 14 {}\n", "6 17 {}\n", "6 19 {}\n", "7 8 {}\n", "7 9 {}\n", "7 11 {}\n", "7 15 {}\n", "7 17 {}\n", "7 20 {}\n", "8 9 {}\n", "8 10 {}\n", "8 12 {}\n", "8 13 {}\n", "8 14 {}\n", "8 17 {}\n", "8 19 {}\n", "8 21 {}\n", "9 11 {}\n", "9 14 {}\n", "9 15 {}\n", "9 17 {}\n", "9 19 {}\n", "10 11 {}\n", "10 12 {}\n", "10 13 {}\n", "10 14 {}\n", "10 17 {}\n", "10 18 {}\n", "10 19 {}\n", "11 12 {}\n", "11 14 {}\n", "11 16 {}\n", "11 20 {}\n", "12 13 {}\n", "12 14 {}\n", "12 15 {}\n", "12 16 {}\n", "12 17 {}\n", "12 18 {}\n", "12 20 {}\n", "12 21 {}\n", "13 17 {}\n", "13 18 {}\n", "13 19 {}\n", "13 20 {}\n", "14 16 {}\n", "14 17 {}\n", "15 18 {}\n", "15 21 {}\n", "16 18 {}\n", "16 19 {}\n", "16 20 {}\n", "17 18 {}\n", "17 19 {}\n", "17 21 {}\n", "18 19 {}\n"], "opt_value": 103, "opt_count": 2, "feasible_count": 705432, "mean_value": 89.9047619047619, "std": 3.095748945697851, "level": 87, "gammas": [3.141592699076692, 3.141592609945763, 3.1415926884541103, 3.1415926542363866, 3.141592645697891, 3.141592659353984, 3.14159266430985, 3.1415926760653767, 3.141592683423298, 3.141592684963327, 3.1415926868678716, 3.141592698178558, 3.141592693646562, 3.1415926977173703, 3.1415926934454093, 3.1415926947397503, 3.141592690487907, 3.141592695235299, 3.141592691787305, 3.141592697119798, 3.141592696055544, 3.1415926938569028, 3.141592672982594, 3.1415926729127377, 3.1415926363503357, 3.141592580826656, 3.1415925355098335, 3.141592463336541, 3.141592389894995, 3.141592356759181, 3.1415923995649493, 3.1415923623840345, 3.1415922601750292, 3.141592200259981, 3.1415920999434963, 3.1415914257335897, 3.141590126733129, 3.1415887899423494, 3.141587512714965, 3.141587613339391, 3.141588593016977, 3.1415872852431925, 3.141583223754521, 3.141580778140253, 3.141579249629168, 3.141575205804569, 3.1415635806865736, 3.1415744462596775, 3.1416189157478134, 3.1416145443103454, 3.141587100580922, 3.141578538014852, 3.1415342644504785, 3.141508925686038, 3.141537954231192, 3.141549720553209, 3.141512501931463, 3.1414952984973743, 3.1414933344605314, 3.1414679883307213, 3.1413890680860193, 3.1413484898915365, 3.141315773006033, 3.1412836584024943, 3.1413966897071597, 3.1414689859454237, 3.141291324787746, 3.1411430393313102, 3.1410387434177176, 3.1409283867836724, 3.141118809021885, 3.141214386219846, 3.140892625321176, 3.1404465735653297, 3.140493933323788, 3.1404861506049917, 3.140931351722571, 3.1410773331691804, 3.140412681542234, 3.1392453530150926, 3.1398682413552055, 3.1384470503620827, 3.138942177254243, 3.1369546138052784, 3.139351121640976, 3.133231285886519, 3.1374854135546193], "betas": [3.141592531804541, 3.14159262376918, 3.141592643825048, 3.141592656246432, 3.141592650284479, 3.1415926436840813, 3.141592641308268, 3.1415926411199657, 3.141592630258167, 3.1415926185957117, 3.1415926176278854, 3.1415926154448917, 3.1415926151333164, 3.141592613842871, 3.1415926141092165, 3.1415926106399055, 3.1415926071826465, 3.1415926078372594, 3.1415926062601742, 3.141592608092371, 3.1415926095508215, 3.1415926062675394, 3.141592600591017, 3.141592589685585, 3.1415925631213204, 3.1415925167605008, 3.1415924555652497, 3.1415923883321533, 3.1415923374221957, 3.1415923522108318, 3.141592374625029, 3.141592300654734, 3.1415922068230238, 3.1415921650137313, 3.1415918555033833, 3.1415907863176673, 3.1415894457952027, 3.1415880567166217, 3.1415872875354722, 3.1415881225962035, 3.1415883591153815, 3.1415852737281433, 3.1415816179118825, 3.1415800451458344, 3.141577897786232, 3.1415698507742804, 3.1415627430422903, 3.141597321144405, 3.1416253682107023, 3.141597645517364, 3.141584161153989, 3.1415608186446646, 3.141513079836138, 3.1415205828926904, 3.141550044678396, 3.141534492122819, 3.1414972831074985, 3.141496929958662, 3.1414840271250672, 3.141434997169087, 3.1413554448914756, 3.1413441077165793, 3.1412816193202384, 3.141331544818953, 3.1414517657270093, 3.141413635420285, 3.1411815577590456, 3.1411217996932588, 3.1409354357677604, 3.141022492972483, 3.141174809070747, 3.141152420638603, 3.140573388524053, 3.140499153857043, 3.1404161597064424, 3.1407420754046056, 3.140988037790146, 3.141015948682375, 3.1395073951912167, 3.1397805386799447, 3.1389787057818417, 3.138948435097389, 3.137604795224333, 3.138458514531615, 3.1366414968539282, 3.1338039196306013, 3.1404253315658015], "predicted_p_opt": 0.08682622846709534, "predicted_tts": 11.517257142857144, "p_opt": 0.08434226987499199, "tts": 11.85645111854532, "approx": 0.883584700551131, "opt_gap": -0.11641529944886897, "th": -102.9990005493164}