{"edges": [[0, 2], [0, 3], [0, 5], [0, 7], [0, 10], [1, 3], [1, 4], [1, 9], [2, 5], [2, 6], [2, 7], [2, 8], [2, 9], [3, 7], [3, 10], [4, 11], [5, 8], [5, 9], [6, 7], [6, 11], [7, 11], [9, 11]], "num_nodes": 12, "num_colors": 3, "opt_value": 22, "opt_count": 6, "feasible_count": 531441, "mean_value": 14.666666666666666, "std": 2.211083193570267, "level": 87, "gammas": [3.1415925529479756, 3.1415925802016447, 3.1415926084462322, 3.1415926098754716, 3.1415926220051533, 3.1415926266239023, 3.141592632939677, 3.141592642539815, 3.1415926374274075, 3.141592635332137, 3.1415926374495027, 3.1415926320069762, 3.1415926452667255, 3.141592646077864, 3.141592652262414, 3.141592649894322, 3.1415926605294966, 3.141592658113675, 3.141592662116232, 3.141592660430463, 3.1415926571981094, 3.1415926426249117, 3.1415926449946, 3.1415926200834634, 3.1415926181258946, 3.1415925811962087, 3.1415925223015506, 3.141592513730036, 3.1415924710223333, 3.141592282450719, 3.1415920273877034, 3.1415918811903616, 3.1415918158549103, 3.14159172626406, 3.141591518091402, 3.1415906066656714, 3.1415891402910057, 3.1415879225204932, 3.141586469249708, 3.141584032028078, 3.141580303735853, 3.1415791024724244, 3.1415797457553656, 3.1415777552763235, 3.141571498627796, 3.1415685458853453, 3.141566397556366, 3.141563911888431, 3.1415648421438798, 3.141559730350678, 3.14152672901864, 3.1415093558355554, 3.1415360140510047, 3.1415435215067795, 3.1414959044632984, 3.141466025610047, 3.1414502748418, 3.141427731953043, 3.1413740331500457, 3.141319700628971, 3.1412837594943626, 3.1412805976627527, 3.1412570214474003, 3.1412145603187476, 3.141071536548369, 3.1409160115973345, 3.1409440047950885, 3.1409718918565477, 3.140852418107149, 3.1406603129334703, 3.140594980074133, 3.140407219380648, 3.1404077145252827, 3.1402948255788194, 3.1401617003238034, 3.1394350859165927, 3.140472379779631, 3.1411053585961697, 3.139791436641859, 3.137246877991014, 3.1381324227945147, 3.1355679573892385, 3.1371375113880213, 3.131226275157024, 3.135387170626101, 3.1163620196032418, 3.132303603114123], "betas": [3.14159273296109, 3.141592713671325, 3.1415927008086224, 3.1415926914515038, 3.1415926834994248, 3.141592677903875, 3.1415926774973277, 3.1415926762279494, 3.1415926708006183, 3.1415926677007007, 3.1415926651274306, 3.14159266503233, 3.141592669456216, 3.1415926670053103, 3.141592659027851, 3.1415926581166533, 3.1415926559373957, 3.141592654393381, 3.1415926517891783, 3.1415926509055523, 3.1415926502155935, 3.141592648743973, 3.1415926467169233, 3.141592648203512, 3.141592644808373, 3.14159260755465, 3.141592579177642, 3.1415925693308844, 3.1415924705919234, 3.1415922196785813, 3.141591998462895, 3.141591898867002, 3.141591810176613, 3.1415916861726862, 3.1415911872231335, 3.1415898664115485, 3.141588505051872, 3.1415872378264744, 3.141585458651429, 3.1415821231167835, 3.141579219264758, 3.1415794889441466, 3.141579383647607, 3.1415748473977247, 3.1415693975260117, 3.141567952929404, 3.141564831487526, 3.1415641970699806, 3.1415647438294076, 3.1415463137890502, 3.141511342870402, 3.14152044591755, 3.1415462492676807, 3.1415241822957887, 3.1414739984445377, 3.1414613046117483, 3.1414374040964934, 3.1414091308147287, 3.141338766368027, 3.141305783723647, 3.1412711370287982, 3.141284979669022, 3.1412255037457766, 3.141178913973876, 3.1409532147176877, 3.1409398902439083, 3.1409375047102635, 3.140975055309969, 3.1406922243871462, 3.1406900772612785, 3.140428230756825, 3.1404830733688662, 3.1402569701559946, 3.140406960358444, 3.139629114390596, 3.1398625827763875, 3.1408331583774487, 3.1409960231136433, 3.137956699075723, 3.1381096398958905, 3.136435762788975, 3.136746583938662, 3.1337136875755807, 3.134893584472816, 3.125000304227463, 3.12117935921338, 3.1393194887538196], "predicted_p_opt": 0.3457580427554517, "predicted_tts": 2.892195918367347, "p_opt": 0.3077011954211604, "tts": 3.2499061260755524, "approx": 0.7692311432808633, "opt_gap": -0.23076885671913672, "th": -21.999000549316406}