{"edges": [[0, 5], [0, 12], [1, 7], [1, 8], [1, 9], [1, 10], [2, 4], [2, 11], [2, 13], [3, 6], [3, 7], [3, 8], [3, 11], [4, 7], [4, 10], [4, 11], [4, 13], [5, 6], [5, 7], [5, 8], [6, 12], [7, 9], [7, 11], [8, 10], [9, 10], [9, 12], [10, 13], [12, 13]], "num_nodes": 14, "num_colors": 3, "opt_value": 28, "opt_count": 30, "feasible_count": 4782969, "mean_value": 18.666666666666668, "std": 2.4944382578492945, "level": 53, "gammas": [3.141592666318459, 3.1415926603698905, 3.141592627357382, 3.141592612885695, 3.1415926091658397, 3.1415926124318307, 3.1415926252213886, 3.1415926381693424, 3.1415926495692683, 3.141592645844599, 3.1415926470877418, 3.1415926364114513, 3.1415926336414985, 3.141592613882376, 3.1415926046809717, 3.1415926032581885, 3.1415925934706137, 3.1415926026639394, 3.1415926014802036, 3.1415925902784863, 3.1415925462861063, 3.1415924459037434, 3.1415922767369326, 3.141592065534614, 3.1415918001829404, 3.1415914459088388, 3.1415911209950877, 3.141590221234425, 3.141588846710408, 3.141586212901415, 3.1415814408386487, 3.141580877544847, 3.1415818453659456, 3.141577667110439, 3.141563990181537, 3.1415578643475994, 3.1415557453825453, 3.1415603193416146, 3.141562881284663, 3.1415656641232457, 3.141542948980338, 3.141514561691051, 3.1413095786449756, 3.141233462906392, 3.141297968638264, 3.1412766559264824, 3.141069913765305, 3.140924357894908, 3.140040786694312, 3.138387415604966, 3.1397631233744674, 3.1363872796555383, 3.139753760631537], "betas": [3.1415926481245298, 3.141592669266889, 3.141592687813444, 3.141592695085248, 3.1415926943045993, 3.1415926852849347, 3.141592676114517, 3.1415926688391633, 3.141592665274052, 3.1415926650975226, 3.1415926658869515, 3.1415926727041876, 3.1415926842305737, 3.141592691950406, 3.141592688073629, 3.1415926736879265, 3.141592659204683, 3.141592641920057, 3.1415926187748546, 3.1415925894101067, 3.1415925256129342, 3.14159240508396, 3.141592239648736, 3.1415920219788265, 3.141591734979591, 3.1415914089000467, 3.141590914828888, 3.1415895975642747, 3.1415879645121843, 3.1415836781123647, 3.14158045910401, 3.141581482163114, 3.1415809920978615, 3.1415712339076447, 3.1415595644826615, 3.141557052466654, 3.1415569866111275, 3.1415628598904926, 3.14156425350658, 3.1415571429787623, 3.141534288292905, 3.1414389882151923, 3.141218727623391, 3.1412921421594264, 3.141258971023163, 3.1412859357278773, 3.140834279065223, 3.140911294250737, 3.1386563407761154, 3.1395686894016697, 3.1378127362387156, 3.1375254010550453, 3.1411380898050534], "predicted_p_opt": 0.07181104456248828, "predicted_tts": 13.925434535767316, "p_opt": 0.07010860897439461, "tts": 14.26358352602923, "approx": 0.6900342597296362, "opt_gap": -0.30996574027036383, "th": -27.999000549316406}