{"edges": [[6, 12], [6, 7], [6, 10], [12, 8], [12, 0], [7, 20], [7, 18], [20, 15], [20, 10], [3, 10], [3, 1], [3, 9], [5, 16], [5, 19], [5, 4], [16, 11], [16, 21], [4, 18], [4, 13], [18, 2], [19, 9], [19, 17], [8, 2], [8, 13], [0, 14], [0, 15], [14, 11], [14, 17], [1, 21], [1, 17], [11, 15], [2, 9], [21, 13]], "num_nodes": 22, "opt_value": 31, "opt_count": 2, "feasible_count": 4194304, "mean_value": 16.5, "std": 2.8722813232690143, "level": 46, "gammas": [3.1415942027191246, 3.1415942423427605, 3.1415941642908716, 3.14159277897826, 3.1415836784536144, 3.141555618845578, 3.141502981118176, 3.1413902730946437, 3.1412203307748947, 3.14117204629931, 3.1411113628258063, 3.1407578270178815, 3.1404279783959974, 3.1402399663198417, 3.140190521827121, 3.140154378008204, 3.1401523806902545, 3.1398337578619246, 3.13921089581669, 3.1393054958564255, 3.1395510905530672, 3.138841362826825, 3.1391585669072275, 3.1387585585376394, 3.138241387119339, 3.139146698851538, 3.138854238882498, 3.138920185889665, 3.1398691573589557, 3.139564702848497, 3.13949778717986, 3.140126030380157, 3.1404546855304742, 3.1404918768228858, 3.140493350789022, 3.140795112948252, 3.141070225447056, 3.141172259417865, 3.141300128920213, 3.1414650054548594, 3.141555915065561, 3.141583406630187, 3.1415916775954296, 3.1415939203172387, 3.1415942273073036, 3.1415942410124162], "betas": [3.1415910862729963, 3.1415910354186916, 3.1415906148103643, 3.141586650001869, 3.141569096529364, 3.141529793931001, 3.1414545880187172, 3.1412996359279175, 3.1411707958528674, 3.141169135247097, 3.1409564036721607, 3.1405672239271256, 3.1403153703095015, 3.140197792093584, 3.1401713470901953, 3.140150503633158, 3.140061550509962, 3.1394979729519426, 3.1391246317412977, 3.1395500665368665, 3.1391998828288554, 3.138855481442583, 3.1392026785947658, 3.1382453537392734, 3.1387116261749135, 3.139149149568496, 3.1386740064243197, 3.1394564022491136, 3.1398524209614154, 3.1393740935245056, 3.1398121744262615, 3.1403314801605378, 3.140500096429742, 3.1404603206320374, 3.1406125247463486, 3.140956824169219, 3.1411267953316675, 3.141221858239019, 3.1413830801748706, 3.1415184871806106, 3.1415705855201117, 3.1415853482616964, 3.141589932822432, 3.1415909315802337, 3.141591059348639, 3.1415910802040163], "predicted_p_opt": 0.004124164581298828, "predicted_tts": 242.47334952017573, "p_opt": 0.0023076951233479974, "tts": 433.33280461641004, "approx": 0.8527246084251923, "opt_gap": -0.14727539157480773, "th": -26.992295199331128}