{"edges": [[16, 20], [16, 5], [16, 11], [20, 12], [20, 5], [3, 4], [3, 19], [3, 21], [4, 17], [4, 7], [19, 11], [19, 6], [5, 8], [9, 14], [9, 13], [9, 7], [14, 10], [14, 17], [8, 18], [8, 21], [18, 17], [18, 0], [21, 2], [1, 15], [1, 2], [1, 10], [15, 12], [15, 2], [6, 11], [6, 13], [7, 10], [12, 0], [13, 0]], "num_nodes": 22, "opt_value": 29, "opt_count": 4, "feasible_count": 4194304, "mean_value": 16.5, "std": 2.8722813232690143, "level": 46, "gammas": [2.2973780632019043, 2.263279914855957, 2.2329061031341553, 2.206739902496338, 2.184929609298706, 2.167621612548828, 2.154935121536255, 2.147078037261963, 2.144493818283081, 2.147740364074707, 2.1570165157318115, 2.1720988750457764, 2.1925644874572754, 2.217808723449707, 2.246962785720825, 2.278770685195923, 2.311516761779785, 2.3431785106658936, 2.3717663288116455, 2.3957314491271973, 2.4141905307769775, 2.4268205165863037, 2.433600664138794, 2.434554100036621, 2.4296157360076904, 2.418602228164673, 2.4013166427612305, 2.3778491020202637, 2.348935604095459, 2.31620717048645, 2.2819674015045166, 2.248584270477295, 2.2180094718933105, 2.1916215419769287, 2.1703038215637207, 2.154636859893799, 2.144913673400879, 2.1410582065582275, 2.142639636993408, 2.1491875648498535, 2.160417318344116, 2.1761810779571533, 2.1964192390441895, 2.2210607528686523, 2.2498092651367188, 2.2826521396636963], "betas": [2.279356002807617, 2.2470717430114746, 2.2187626361846924, 2.194767475128174, 2.1752238273620605, 2.1602625846862793, 2.150034189224243, 2.144867420196533, 2.1452534198760986, 2.1515774726867676, 2.163874387741089, 2.1818084716796875, 2.2049052715301514, 2.232438564300537, 2.2633395195007324, 2.2960948944091797, 2.3287360668182373, 2.3591368198394775, 2.3854639530181885, 2.4065308570861816, 2.421825885772705, 2.4312403202056885, 2.4348275661468506, 2.432559013366699, 2.4243156909942627, 2.409884214401245, 2.3892176151275635, 2.3627538681030273, 2.33172869682312, 2.2981414794921875, 2.264319896697998, 2.2323858737945557, 2.2039756774902344, 2.180176258087158, 2.16172456741333, 2.1490771770477295, 2.1424174308776855, 2.141483783721924, 2.145704984664917, 2.15468430519104, 2.168229341506958, 2.1862568855285645, 2.2086997032165527, 2.2354652881622314, 2.266204833984375, 2.300929069519043], "predicted_p_opt": 0.008248329162597656, "predicted_tts": 121.23667476008787, "p_opt": 0.0027247964558878767, "tts": 366.9998901529506, "approx": 0.9038338803093813, "opt_gap": -0.09616611969061872, "th": -25.979395905517915}