{"edges": [[0, 7], [1, 2], [1, 5], [1, 6], [1, 7], [1, 9], [1, 10], [2, 3], [2, 5], [3, 4], [3, 9], [4, 8], [5, 8], [5, 10], [6, 7], [7, 9], [7, 10]], "num_nodes": 11, "num_colors": 3, "opt_value": 17, "opt_count": 60, "feasible_count": 177147, "mean_value": 11.333333333333334, "std": 1.9436506316151, "level": 15, "gammas": [-0.25860562920570374, -0.3960127830505371, -0.4176899492740631, -0.41381144523620605, -0.4144028127193451, -0.41509851813316345, -0.4170323312282562, -0.4204597771167755, -0.4245882034301758, -0.4291028678417206, -0.4325133264064789, -0.431967556476593, -0.4600812792778015, -0.4374803602695465, -0.4638458788394928], "betas": [2.4313182830810547, 2.1945102214813232, 2.186005115509033, 2.184694290161133, 2.172699213027954, 2.181262731552124, 2.198918581008911, 2.223433494567871, 2.259086847305298, 2.291640520095825, 2.339571475982666, 2.337453842163086, 2.2097909450531006, 2.650383710861206, 2.796675682067871], "predicted_p_opt": 0.3254923876780301, "predicted_tts": 3.072268470343392, "p_opt": 0.15946873186023952, "tts": 6.270821798949358, "approx": 0.6847685846089631, "opt_gap": -0.31523141539103694}