{"edges": [[0, 3], [0, 4], [0, 10], [0, 11], [1, 6], [2, 4], [2, 7], [2, 11], [2, 13], [3, 5], [3, 9], [3, 13], [4, 12], [4, 13], [5, 7], [5, 11], [6, 10], [6, 11], [6, 13], [7, 12], [7, 13], [8, 12], [9, 13], [10, 11], [11, 12]], "num_nodes": 14, "num_colors": 3, "opt_value": 25, "opt_count": 120, "feasible_count": 4782969, "mean_value": 16.666666666666668, "std": 2.3570226039551585, "level": 27, "gammas": [-0.15691015124320984, -0.26001274585723877, -0.263285368680954, -0.25091129541397095, -0.253895103931427, -0.2722880244255066, -0.26220282912254333, -0.27026504278182983, -0.2667069435119629, -0.2657679617404938, -0.26775822043418884, -0.26990750432014465, -0.2729834020137787, -0.27722200751304626, -0.28227561712265015, -0.28734254837036133, -0.29147833585739136, -0.29415345191955566, -0.2973862588405609, -0.31204864382743835, -0.3018546998500824, -0.2325611114501953, -0.3183631896972656, -0.32888302206993103, -0.31478554010391235, -0.3202740550041199, -0.33333632349967957], "betas": [2.191699504852295, 1.8465899229049683, 1.6332707405090332, 1.4827789068222046, 1.5136163234710693, 1.4959851503372192, 1.4151010513305664, 1.430071234703064, 1.482657551765442, 1.4858627319335938, 1.480123519897461, 1.4821817874908447, 1.4910002946853638, 1.5042699575424194, 1.5179829597473145, 1.528518557548523, 1.533448338508606, 1.521181344985962, 1.4428677558898926, 1.3674503564834595, 1.7138698101043701, 1.6598315238952637, 1.9939351081848145, 1.8882864713668823, 1.8555489778518677, 1.8889541625976562, 1.8369956016540527], "predicted_p_opt": 0.07589428240074314, "predicted_tts": 13.176223140495868, "p_opt": 0.0006478257128037512, "tts": 1543.6250525964142, "approx": 0.9202681183815002, "opt_gap": -0.07973188161849976}