{"edges": [[0, 5], [0, 7], [0, 8], [0, 10], [1, 5], [1, 12], [2, 7], [2, 13], [3, 7], [3, 8], [3, 9], [3, 13], [4, 10], [4, 12], [5, 13], [6, 10], [8, 9], [8, 10], [8, 11], [9, 10], [10, 11], [10, 12], [11, 12]], "num_nodes": 14, "num_colors": 3, "opt_value": 23, "opt_count": 60, "feasible_count": 4782969, "mean_value": 15.333333333333334, "std": 2.260776661041756, "level": 27, "gammas": [0.47525212134396844, 0.39181512827104087, 0.4058511055176043, 0.30935125390378776, 0.1769854442123452, 0.3633831347800193, 0.37053987685642864, 0.37253376882472405, 0.3608526072939458, 0.27487142519266294, 0.3124552481831113, 0.3741704081683327, 0.33409367256811745, 0.3654672798827597, 0.37737257286124354, 0.4882568623878038, 0.2435080147007686, 0.5472974950714785, 0.41185775743956876, 0.4127917005985568, 0.4222869458770333, 0.4196389305329996, 0.38920325714829457, 0.3823325717837233, 0.3961190336856013, 0.43551645774750763, 0.4391259355015905], "betas": [-2.9924030311138923, -2.156744112973155, -2.0840734005552335, -1.0409970615966324, -1.5854504017011433, -1.9591146298781488, -1.8702208005602599, -1.8080064682683048, -1.567079014505711, -1.197452281107647, -1.6368315306247319, -1.538188919365286, -1.4142412464851613, -1.3303218465652498, -1.0429840920411886, -1.2139936787290018, -3.5830434504594266, 3.2796692857789713, 3.8306342988429742, 4.002106541423473, 4.037502062349797, 4.128879729336646, 4.238680797517454, 4.245415237910246, 4.100826135196613, 3.989153206314619, 4.132991871776675], "predicted_p_opt": 0.03794714120037157, "predicted_tts": 26.352446280991735, "p_opt": 0.00027838895935982657, "tts": 3592.0964764535374, "approx": 0.9148802459236272, "opt_gap": -0.08511975407637284}