{"edges": [[0, 3], [0, 5], [0, 7], [0, 11], [0, 13], [1, 6], [1, 9], [1, 12], [2, 7], [2, 12], [3, 7], [3, 8], [3, 10], [4, 11], [5, 9], [5, 10], [6, 10], [6, 13], [7, 10], [7, 11], [8, 10], [9, 10], [9, 13], [11, 13], [12, 13]], "num_nodes": 14, "num_colors": 3, "opt_value": 25, "opt_count": 36, "feasible_count": 4782969, "mean_value": 16.666666666666668, "std": 2.3570226039551585, "level": 27, "gammas": [0.19577479669821043, 0.2747700412941888, 0.2621444209137798, 0.2954123039295049, 0.335240448756266, 0.3004240766340069, 0.2679829540633163, 0.30827503195216116, 0.3013452415150356, 0.30649967552258134, 0.29620341816812695, 0.29763466559913965, 0.29969974778304825, 0.3007599306294117, 0.30210830764368185, 0.3035281114067005, 0.30521951105995576, 0.31757728309161865, 0.3343518935982447, 0.2688191339161772, 0.37200334209323893, 0.5503021428955744, -0.21059266360309434, 0.5191697872866643, 0.3812215646173354, 0.38875885114126174, 0.4068544226202473], "betas": [-2.3161710906194517, -1.7262380087285982, -1.7653158275684373, -1.9382728319729672, -1.7870517298708717, -1.5183491460236176, -1.5435658218056636, -1.6556580299450334, -1.5338077972683084, -1.6112422822054377, -1.6631046585400222, -1.6539773904864008, -1.64828228312727, -1.6458189299638355, -1.643272613755782, -1.6397230147411723, -1.5978960865603236, -1.4796055158164676, -1.7174539626066698, -2.050537884867993, -2.336340326740728, -4.42698104980386, -3.916224972833674, 4.10545919602419, 4.02008530714859, 3.9848588329273156, 3.9983258325926734], "predicted_p_opt": 0.02276828472022294, "predicted_tts": 43.9207438016529, "p_opt": 0.0002662772504889878, "tts": 3755.4841735958066, "approx": 0.9181004975651428, "opt_gap": -0.08189950243485722}