{"edges": [[18, 23], [18, 2], [18, 11], [23, 8], [23, 16], [6, 21], [6, 17], [6, 2], [21, 19], [21, 20], [12, 13], [12, 7], [12, 14], [13, 17], [13, 22], [4, 15], [4, 8], [4, 10], [15, 3], [15, 25], [5, 10], [5, 19], [5, 20], [10, 8], [14, 25], [14, 22], [25, 3], [3, 1], [22, 16], [19, 9], [1, 9], [1, 20], [9, 0], [2, 17], [16, 24], [0, 7], [0, 24], [7, 11], [24, 11]], "num_nodes": 26, "opt_value": 34, "opt_count": 2, "feasible_count": 67108864, "mean_value": 19.5, "std": 3.122498999199199, "level": 18, "gammas": [0.09987218970750698, 0.2083694212435927, 0.23973135912101212, 0.24964572326168427, 0.25371375739971885, 0.2561838048110489, 0.2583402797121207, 0.26048443951697475, 0.2626274454926537, 0.26482489764892103, 0.2672380424166368, 0.27014937457230526, 0.27396141232804266, 0.2791119011651654, 0.2860818644038753, 0.29582365347152595, 0.3104710506747973, 0.335541325857751], "betas": [-2.601585983546695, -2.3337178426809677, -2.2044615729919923, -2.1351626869547236, -2.0946956750858523, -2.068610047890685, -2.04857918900144, -2.0288980129749032, -2.0063491857146034, -1.9796421351600697, -1.948528117381777, -1.9131723853633604, -1.8730882000925475, -1.8253919842518018, -1.7639548655117439, -1.6767574618967445, -1.5354868271259141, 5.0390028864991425], "predicted_p_opt": 4.079937934875488e-05, "predicted_tts": 24510.17677136596, "p_opt": 3.849003120067066e-07, "tts": 2598075.316661671, "approx": 0.8095825649235093, "opt_gap": -0.19041743507649067}