{"N": 22, "edgelist": ["0 3 {}\n", "0 4 {}\n", "0 7 {}\n", "0 8 {}\n", "0 15 {}\n", "0 16 {}\n", "0 18 {}\n", "0 21 {}\n", "1 3 {}\n", "1 4 {}\n", "1 6 {}\n", "1 9 {}\n", "1 13 {}\n", "1 14 {}\n", "1 15 {}\n", "1 19 {}\n", "1 20 {}\n", "1 21 {}\n", "2 5 {}\n", "2 6 {}\n", "2 10 {}\n", "2 12 {}\n", "2 13 {}\n", "2 15 {}\n", "2 19 {}\n", "2 21 {}\n", "3 5 {}\n", "3 9 {}\n", "3 10 {}\n", "3 12 {}\n", "3 13 {}\n", "3 16 {}\n", "3 20 {}\n", "4 5 {}\n", "4 7 {}\n", "4 10 {}\n", "4 12 {}\n", "4 16 {}\n", "4 17 {}\n", "4 18 {}\n", "4 21 {}\n", "5 9 {}\n", "5 12 {}\n", "5 16 {}\n", "5 17 {}\n", "5 19 {}\n", "6 7 {}\n", "6 11 {}\n", "6 12 {}\n", "6 15 {}\n", "6 17 {}\n", "6 18 {}\n", "6 21 {}\n", "7 8 {}\n", "7 9 {}\n", "7 11 {}\n", "7 12 {}\n", "7 14 {}\n", "7 15 {}\n", "7 17 {}\n", "7 18 {}\n", "7 20 {}\n", "7 21 {}\n", "8 11 {}\n", "8 14 {}\n", "8 15 {}\n", "8 16 {}\n", "8 17 {}\n", "8 18 {}\n", "8 19 {}\n", "8 21 {}\n", "9 11 {}\n", "9 13 {}\n", "9 16 {}\n", "9 18 {}\n", "10 14 {}\n", "10 16 {}\n", "10 18 {}\n", "10 19 {}\n", "10 20 {}\n", "10 21 {}\n", "11 12 {}\n", "11 13 {}\n", "11 14 {}\n", "11 15 {}\n", "11 17 {}\n", "11 18 {}\n", "11 21 {}\n", "12 13 {}\n", "12 14 {}\n", "12 16 {}\n", "12 19 {}\n", "12 20 {}\n", "12 21 {}\n", "13 14 {}\n", "13 16 {}\n", "13 19 {}\n", "13 20 {}\n", "14 16 {}\n", "14 17 {}\n", "14 18 {}\n", "14 19 {}\n", "15 16 {}\n", "15 21 {}\n", "16 18 {}\n", "16 21 {}\n", "17 18 {}\n", "17 19 {}\n", "17 21 {}\n", "18 20 {}\n", "19 20 {}\n", "19 21 {}\n"], "opt_value": 98, "opt_count": 1, "feasible_count": 705432, "mean_value": 85.33333333333333, "std": 2.919198686127648, "level": 23, "gammas": [3.141591614270298, 3.141593017758962, 3.14159263971456, 3.1415924135171887, 3.141592525082938, 3.1415925839145125, 3.1415924237066974, 3.1415922548197144, 3.1415923425677104, 3.1415925670849547, 3.1415923800223298, 3.1415914643286786, 3.141591592099659, 3.1415884817053787, 3.1415810628524246, 3.1415776682208163, 3.141578832067686, 3.1415919550541096, 3.1414771525492373, 3.141532803810757, 3.1410519657921703, 3.1411754504563234, 3.141541706869853], "betas": [3.141592528823976, 3.141592427891541, 3.141592841198573, 3.1415928647917117, 3.1415927296046506, 3.1415927800978825, 3.1415929904434927, 3.141593052471711, 3.1415928312750254, 3.1415926629688724, 3.1415925975528536, 3.1415927308737093, 3.141591237216076, 3.1415830802642497, 3.141580418059562, 3.1415815119534325, 3.1415849449442272, 3.1415410828988772, 3.141514066704656, 3.1413361130168473, 3.14098692843438, 3.1414095730225604, 3.141585036201294], "predicted_p_opt": 0.0031314145091234876, "predicted_tts": 319.34449977365324, "p_opt": 0.0031281495784679625, "tts": 319.67780789106587, "approx": 0.8711525681883213, "opt_gap": -0.12884743181167868, "th": -97.9990005493164}