{"N": 22, "edgelist": ["0 2 {}\n", "0 3 {}\n", "0 4 {}\n", "0 5 {}\n", "0 6 {}\n", "0 7 {}\n", "0 9 {}\n", "0 11 {}\n", "0 12 {}\n", "0 13 {}\n", "0 14 {}\n", "0 15 {}\n", "0 17 {}\n", "0 18 {}\n", "1 7 {}\n", "1 8 {}\n", "1 9 {}\n", "1 10 {}\n", "1 11 {}\n", "1 13 {}\n", "1 15 {}\n", "1 16 {}\n", "1 18 {}\n", "2 7 {}\n", "2 9 {}\n", "2 11 {}\n", "2 15 {}\n", "2 16 {}\n", "2 17 {}\n", "2 19 {}\n", "3 12 {}\n", "3 14 {}\n", "3 15 {}\n", "3 20 {}\n", "4 5 {}\n", "4 7 {}\n", "4 8 {}\n", "4 9 {}\n", "4 11 {}\n", "4 14 {}\n", "4 15 {}\n", "4 16 {}\n", "4 20 {}\n", "5 6 {}\n", "5 7 {}\n", "5 10 {}\n", "5 12 {}\n", "5 13 {}\n", "5 15 {}\n", "5 17 {}\n", "5 18 {}\n", "5 19 {}\n", "6 7 {}\n", "6 11 {}\n", "6 14 {}\n", "6 15 {}\n", "6 17 {}\n", "6 21 {}\n", "7 8 {}\n", "7 9 {}\n", "7 10 {}\n", "7 12 {}\n", "7 15 {}\n", "7 18 {}\n", "7 19 {}\n", "7 21 {}\n", "8 11 {}\n", "8 13 {}\n", "8 16 {}\n", "8 17 {}\n", "8 18 {}\n", "8 20 {}\n", "8 21 {}\n", "9 10 {}\n", "9 11 {}\n", "9 13 {}\n", "9 15 {}\n", "9 17 {}\n", "10 11 {}\n", "10 12 {}\n", "10 15 {}\n", "10 17 {}\n", "10 18 {}\n", "10 19 {}\n", "10 21 {}\n", "11 12 {}\n", "11 15 {}\n", "11 16 {}\n", "11 18 {}\n", "11 19 {}\n", "12 13 {}\n", "12 14 {}\n", "12 18 {}\n", "13 14 {}\n", "13 17 {}\n", "13 19 {}\n", "13 21 {}\n", "14 18 {}\n", "14 21 {}\n", "15 17 {}\n", "15 20 {}\n", "16 17 {}\n", "16 20 {}\n", "17 21 {}\n", "19 20 {}\n", "19 21 {}\n"], "opt_value": 94, "opt_count": 3, "feasible_count": 705432, "mean_value": 80.76190476190476, "std": 3.404214162786718, "level": 23, "gammas": [3.1415909502941504, 3.141593033742535, 3.141592799738877, 3.141592311211156, 3.14159230960499, 3.1415925822325983, 3.1415927319610213, 3.14159268045353, 3.141592604740077, 3.1415925889466334, 3.1415924495420975, 3.1415919845122158, 3.141591639058408, 3.141590554931888, 3.141589857471226, 3.1415828303916182, 3.1415803155738096, 3.141582551786071, 3.1414696128716253, 3.141560334888174, 3.1408617663950107, 3.141058489932592, 3.1415314796835028], "betas": [3.1415928683715046, 3.141592260959854, 3.1415927980254055, 3.141593055984708, 3.141592865608434, 3.141592615626346, 3.141592582463185, 3.1415926647998527, 3.14159257375296, 3.141592352533472, 3.1415923211748544, 3.1415925878676467, 3.1415911964416434, 3.141587901935592, 3.141588969698909, 3.1415841319279667, 3.1415807971785448, 3.14152211294245, 3.1415484513386835, 3.1412544170360865, 3.1407937861572734, 3.141364400690444, 3.1415832220886393], "predicted_p_opt": 0.009394243527370462, "predicted_tts": 106.44816659121776, "p_opt": 0.009364878676441892, "tts": 106.78194929696, "approx": 0.8604876012558431, "opt_gap": -0.13951239874415688, "th": -93.9990005493164}