{"edges": [[0, 1], [0, 10], [0, 11], [0, 15], [1, 5], [1, 11], [1, 12], [2, 13], [2, 15], [3, 5], [3, 10], [4, 6], [4, 8], [4, 9], [4, 13], [4, 14], [5, 8], [5, 11], [5, 12], [5, 15], [6, 7], [6, 9], [8, 11], [8, 15], [9, 10], [10, 13]], "num_nodes": 16, "num_colors": 3, "opt_value": 26, "opt_count": 192, "feasible_count": 43046721, "mean_value": 17.333333333333332, "std": 2.4037008503093262, "level": 13, "gammas": [0.1297556608915329, 0.26404622197151184, 0.2997376024723053, 0.31188705563545227, 0.31819361448287964, 0.3230820298194885, 0.328076034784317, 0.33389559388160706, 0.34131187200546265, 0.35112524032592773, 0.3649795651435852, 0.38690701127052307, 0.4260796010494232], "betas": [-2.3352553844451904, -1.9312782287597656, -1.7435640096664429, -1.6467485427856445, -1.589646577835083, -1.5510642528533936, -1.5197690725326538, -1.4896284341812134, -1.4562212228775024, -1.4142307043075562, -1.3570271730422974, -1.2670049667358398, -1.0652462244033813], "predicted_p_opt": 0.003251536859218615, "predicted_tts": 307.546875, "p_opt": 8.158357377396896e-05, "tts": 12257.369391178498, "approx": 0.8657000660896301, "opt_gap": -0.13429993391036987}