{"edges": [[0, 2], [0, 4], [0, 14], [0, 16], [1, 2], [1, 8], [2, 4], [2, 7], [2, 11], [2, 12], [2, 13], [2, 15], [3, 5], [3, 8], [3, 9], [3, 10], [3, 15], [3, 16], [4, 6], [4, 8], [4, 10], [4, 11], [4, 12], [4, 16], [5, 8], [5, 9], [5, 16], [6, 7], [6, 8], [6, 16], [7, 8], [7, 9], [7, 11], [8, 13], [9, 10], [9, 11], [9, 12], [9, 15], [10, 13], [11, 13], [11, 16], [13, 16], [14, 16], [15, 16]], "num_nodes": 17, "num_colors": 3, "opt_value": 44, "opt_count": 12, "feasible_count": 129140163, "mean_value": 29.333333333333332, "std": 3.126943839882286, "level": 51, "gammas": [3.1415927640340393, 3.1415927104435433, 3.141592722825379, 3.141592733149246, 3.141592733789454, 3.141592736654464, 3.141592734372322, 3.14159272807641, 3.141592730144995, 3.141592717497781, 3.1415927189951556, 3.141592724227798, 3.141592733150187, 3.141592736295159, 3.141592730876981, 3.1415927225653504, 3.141592704722822, 3.1415926645919083, 3.1415926238065497, 3.14159254688353, 3.1415925371357734, 3.141592556031806, 3.141592539501148, 3.1415924900320937, 3.1415924345942794, 3.141592196186709, 3.1415917369901507, 3.1415903643220635, 3.1415883388843735, 3.1415864732471666, 3.1415844415921526, 3.141584540843069, 3.1415858357881246, 3.141578778080514, 3.141553124591037, 3.1415468625340606, 3.1415485265045975, 3.14153687102686, 3.1414475737601477, 3.141425735171441, 3.1414653051271175, 3.1415020401343, 3.1412839264103845, 3.14124190404819, 3.14073522932973, 3.140490560574808, 3.140439048915969, 3.1398052860725776, 3.1408960872324547, 3.1363873147228256, 3.1395078632638307], "betas": [3.141592581861355, 3.1415925897003434, 3.141592578510792, 3.141592572557736, 3.1415925708330787, 3.141592572155494, 3.1415925782272236, 3.141592582492721, 3.141592584602155, 3.141592585319028, 3.1415925814522785, 3.1415925733716046, 3.1415925666332325, 3.1415925620623923, 3.141592562399411, 3.14159256727427, 3.1415925623103647, 3.1415925443683004, 3.1415925028539307, 3.141592457093105, 3.1415924563170265, 3.1415924540261067, 3.1415923800636953, 3.1415923007532243, 3.1415921530853153, 3.1415918141208343, 3.141591079151141, 3.141589211518809, 3.1415874588142843, 3.1415852955911996, 3.14158427333285, 3.1415849794660393, 3.141584675890819, 3.141565796419926, 3.1415463627605975, 3.1415476699425615, 3.1415492128504554, 3.1414995321843198, 3.141419069842337, 3.141446965426016, 3.1414872645959857, 3.141426651440717, 3.1412087405522366, 3.141157354183489, 3.14039473997644, 3.1406329882088864, 3.139884347669859, 3.1408160006954198, 3.1385156065120348, 3.1371745222992202, 3.141067065391603], "predicted_p_opt": 0.000985812601150271, "predicted_tts": 1014.391577905552, "p_opt": 0.0009854917132394257, "tts": 1014.7218759586358, "approx": 0.6669992909240432, "opt_gap": -0.3330007090759568, "th": -43.999000549316406}