{"edges": [[15, 21], [15, 7], [15, 18], [21, 14], [21, 20], [6, 12], [6, 13], [6, 25], [12, 16], [12, 13], [16, 2], [16, 24], [13, 23], [0, 5], [0, 7], [0, 3], [5, 22], [5, 4], [8, 18], [8, 23], [8, 20], [18, 3], [22, 20], [22, 2], [1, 3], [1, 11], [1, 17], [11, 17], [11, 25], [17, 10], [23, 4], [7, 10], [10, 19], [4, 14], [14, 24], [24, 9], [9, 19], [9, 2], [19, 25]], "num_nodes": 26, "opt_value": 34, "opt_count": 6, "feasible_count": 67108864, "mean_value": 19.5, "std": 3.122498999199199, "level": 26, "gammas": [-0.11526849233652674, -0.20935885674895927, -0.22230415457524336, -0.23612387109711488, -0.22704813166622317, -0.22487477888317867, -0.22508037764435238, -0.22731447198341512, -0.22995221349001277, -0.23142374628332127, -0.2316288082148875, -0.23162361284806862, -0.23308040209388275, -0.2369677320499687, -0.24261806952259432, -0.24868028270505263, -0.2543639099838881, -0.2596232811881234, -0.2648164153618884, -0.2703452341733069, -0.27658695358873514, -0.28399129026857967, -0.29859217123600407, -0.2741906821373386, -0.3591640161056245, 5.941940358738109], "betas": [2.6918426092054633, 2.26196758793658, 2.0524891290493668, 1.9559878754033462, 1.931510812529265, 1.8869758837212114, 1.876576870046017, 1.880593109247423, 1.8802680879946165, 1.868092915446477, 1.8479860483762045, 1.8313586109203932, 1.830055273344677, 1.8444934440730472, 1.8645353036541767, 1.8803176020579953, 1.8878865409043253, 1.888108621218198, 1.8824548824468257, 1.872680971491186, 1.858365647499315, 1.8291615708156757, 1.8631609997911096, 2.1975099339303537, 2.355561256270548, 2.439229448916518], "predicted_p_opt": 0.0002511441707611084, "predicted_tts": 3981.7766702266526, "p_opt": 1.2167812058976087e-06, "tts": 821840.4386533147, "approx": 0.8294948857122038, "opt_gap": -0.17050511428779624}