{"edges": [[0, 2], [0, 6], [0, 13], [1, 3], [1, 6], [1, 8], [1, 10], [1, 11], [1, 12], [2, 7], [3, 7], [3, 11], [3, 13], [4, 6], [5, 13], [6, 8], [6, 12], [6, 14], [7, 10], [7, 11], [8, 11], [8, 13], [8, 14], [8, 15], [9, 10], [9, 12], [9, 15], [10, 12], [10, 13], [11, 14], [12, 13], [12, 15], [14, 15]], "num_nodes": 16, "num_colors": 3, "opt_value": 33, "opt_count": 24, "feasible_count": 43046721, "mean_value": 22.0, "std": 2.70801280154532, "level": 3, "gammas": [3.1405844688415527, 3.1405582427978516, 3.1389942169189453], "betas": [3.1407973766326904, 3.140036106109619, 3.138278007507324], "predicted_p_opt": 2.731915399549248e-05, "predicted_tts": 36604.35459183674, "p_opt": 1.4808938727452826e-05, "tts": 67526.783546359, "approx": 0.821930775445021, "opt_gap": -0.17806922455497898, "th": -26.870979879243663}