{"edges": [[3, 4], [3, 14], [3, 0], [4, 6], [4, 2], [6, 8], [6, 0], [5, 13], [5, 10], [5, 12], [13, 0], [13, 10], [10, 1], [9, 14], [9, 16], [9, 7], [14, 2], [8, 12], [8, 16], [12, 7], [2, 11], [11, 17], [11, 15], [17, 15], [17, 1], [1, 15], [7, 16]], "num_nodes": 18, "distribution": [[0, 2], [8, 2], [10, 16], [18, 58], [12, 8], [20, 92], [28, 448], [36, 2508], [5, 2], [13, 12], [15, 22], [23, 122], [31, 820], [21, 76], [29, 494], [37, 3110], [7, 2], [17, 30], [25, 214], [33, 1182], [27, 310], [35, 2122], [41, 9490], [22, 60], [30, 558], [38, 4082], [26, 274], [34, 1640], [42, 12580], [19, 42], [24, 136], [32, 972], [40, 7200], [46, 26684], [39, 5458], [43, 16316], [45, 24142], [47, 27022], [44, 20216], [48, 25714], [49, 21996], [50, 17118], [51, 12088], [52, 7656], [54, 2338], [53, 4528], [55, 1162], [56, 558], [9, 4], [14, 6], [16, 8], [57, 252], [58, 122], [59, 50], [60, 16], [61, 4]], "opt_value": 61, "opt_count": 4, "feasible_count": 262144, "mean_value": 45.5, "std": 4.769696007084728, "level": 9, "gammas": [0.055762093514204025, 0.106600321829319, 0.12048519402742386, 0.13215655088424683, 0.1388709396123886, 0.14515699446201324, 0.1575857698917389, 0.172602117061615, 0.19906866550445557], "betas": [1.8268598318099976, 1.2862508296966553, 1.1146546602249146, 1.0436909198760986, 0.9809027910232544, 0.9540888667106628, 0.9328394532203674, 0.8873754143714905, 0.8428170084953308], "predicted_p_opt": 0.0055084228515625, "predicted_tts": 181.54016620498615, "p_opt": 0.000215092659345828, "tts": 4649.159125380428, "approx": 0.8683837056159973}