{"N": 24, "edgelist": ["0 2 {}\n", "0 3 {}\n", "0 4 {}\n", "0 6 {}\n", "0 10 {}\n", "0 12 {}\n", "0 13 {}\n", "0 15 {}\n", "0 18 {}\n", "0 19 {}\n", "0 20 {}\n", "0 21 {}\n", "0 23 {}\n", "1 2 {}\n", "1 12 {}\n", "1 14 {}\n", "1 19 {}\n", "1 21 {}\n", "1 22 {}\n", "2 3 {}\n", "2 5 {}\n", "2 6 {}\n", "2 9 {}\n", "2 11 {}\n", "2 13 {}\n", "2 14 {}\n", "2 15 {}\n", "2 17 {}\n", "2 19 {}\n", "2 20 {}\n", "2 22 {}\n", "2 23 {}\n", "3 4 {}\n", "3 5 {}\n", "3 7 {}\n", "3 8 {}\n", "3 15 {}\n", "3 19 {}\n", "3 22 {}\n", "4 6 {}\n", "4 8 {}\n", "4 13 {}\n", "4 15 {}\n", "4 17 {}\n", "4 18 {}\n", "4 22 {}\n", "5 10 {}\n", "5 19 {}\n", "5 20 {}\n", "6 10 {}\n", "6 12 {}\n", "6 14 {}\n", "6 15 {}\n", "6 16 {}\n", "6 17 {}\n", "6 20 {}\n", "6 21 {}\n", "6 22 {}\n", "6 23 {}\n", "7 8 {}\n", "7 10 {}\n", "7 11 {}\n", "7 12 {}\n", "7 13 {}\n", "7 14 {}\n", "7 16 {}\n", "7 17 {}\n", "7 18 {}\n", "7 19 {}\n", "7 20 {}\n", "7 21 {}\n", "7 23 {}\n", "8 9 {}\n", "8 11 {}\n", "8 15 {}\n", "8 17 {}\n", "8 20 {}\n", "8 23 {}\n", "9 10 {}\n", "9 12 {}\n", "9 15 {}\n", "9 16 {}\n", "9 17 {}\n", "9 20 {}\n", "9 23 {}\n", "10 12 {}\n", "10 13 {}\n", "10 15 {}\n", "10 16 {}\n", "10 17 {}\n", "10 18 {}\n", "10 20 {}\n", "10 23 {}\n", "11 12 {}\n", "11 13 {}\n", "11 15 {}\n", "11 17 {}\n", "11 20 {}\n", "11 21 {}\n", "11 23 {}\n", "12 14 {}\n", "12 20 {}\n", "12 22 {}\n", "12 23 {}\n", "13 14 {}\n", "13 16 {}\n", "13 19 {}\n", "13 20 {}\n", "13 21 {}\n", "13 22 {}\n", "13 23 {}\n", "14 15 {}\n", "14 18 {}\n", "14 23 {}\n", "15 19 {}\n", "15 20 {}\n", "15 21 {}\n", "15 23 {}\n", "16 17 {}\n", "16 18 {}\n", "16 20 {}\n", "16 21 {}\n", "16 22 {}\n", "17 18 {}\n", "17 20 {}\n", "17 21 {}\n", "18 19 {}\n", "18 22 {}\n", "19 20 {}\n", "19 23 {}\n", "20 22 {}\n", "21 23 {}\n", "22 23 {}\n"], "opt_value": 117, "opt_count": 5, "feasible_count": 2704156, "mean_value": 101.19565217391305, "std": 3.984704417540413, "level": 77, "gammas": [3.1415927492771045, 3.141592646045847, 3.141592614072189, 3.141592573208, 3.1415925651547334, 3.1415925632552004, 3.1415925729159713, 3.1415925800355757, 3.1415925877717763, 3.1415925842919044, 3.1415925840823853, 3.141592585990115, 3.141592575444551, 3.141592569275044, 3.141592572578439, 3.1415925648681773, 3.141592567018294, 3.14159256470126, 3.141592578993792, 3.141592573997427, 3.141592565295701, 3.14159256570226, 3.141592570950477, 3.141592559146471, 3.141592550558918, 3.141592516485159, 3.141592453666044, 3.141592329904524, 3.1415921777305553, 3.1415920631408896, 3.1415919319784793, 3.141591366557908, 3.14159052165597, 3.1415902619944815, 3.141590308064531, 3.1415897767624634, 3.1415887181629545, 3.141586960383736, 3.141583826083526, 3.1415830105497533, 3.1415847410615942, 3.141583715115563, 3.1415780687196944, 3.1415713676713257, 3.1415586191337055, 3.1415478064446956, 3.141533499212645, 3.141527702154165, 3.1415224723673263, 3.14152301104959, 3.141533183548209, 3.1415319895786284, 3.141490197410436, 3.1414664199489746, 3.141457866795905, 3.1414398192780224, 3.1413957309351166, 3.1413659421759954, 3.1414655519042074, 3.1414946212451884, 3.1413853272531953, 3.1413495418079034, 3.1412131767018328, 3.1410355267363195, 3.14084831650876, 3.1406529682883813, 3.140479275954223, 3.140333912332474, 3.14005815194287, 3.1391438363107005, 3.1397823586022375, 3.1399557146015984, 3.139694461768697, 3.135379026160933, 3.1365174188060165, 3.121339649765262, 3.1346589898093034], "betas": [3.1415926020302756, 3.1415926720733274, 3.141592716816912, 3.1415927427713672, 3.1415927462348447, 3.141592741806995, 3.1415927318807717, 3.141592722075768, 3.141592717259372, 3.141592719485156, 3.141592725168042, 3.1415927269965964, 3.1415927323926005, 3.1415927426466936, 3.1415927454202333, 3.1415927430960373, 3.1415927371993293, 3.1415927365521816, 3.141592734528671, 3.1415927209690735, 3.1415927118813483, 3.141592709673444, 3.1415927000371697, 3.141592687209825, 3.1415926703387225, 3.141592629708179, 3.141592544165919, 3.1415923942907367, 3.1415922525777775, 3.1415921546773427, 3.1415918467564583, 3.141591023654659, 3.141590380860801, 3.141590373801584, 3.1415901875645944, 3.1415893096397736, 3.141588086087256, 3.1415854530386684, 3.1415829897980654, 3.141583899873529, 3.141585057853433, 3.1415811974122745, 3.141575337237086, 3.141565565188508, 3.1415530494525825, 3.141541137088298, 3.1415288656213725, 3.141526224483502, 3.1415202386635004, 3.1415284998757653, 3.141535568504626, 3.14151592786657, 3.1414707512228697, 3.1414666803158076, 3.141446501679494, 3.1414277168064966, 3.141363424409697, 3.1414107371445494, 3.141497688166258, 3.141450897939109, 3.1413444093989664, 3.1413269028476454, 3.1410822627058654, 3.141003568344777, 3.1406752592145795, 3.1406703165960423, 3.1402436360269803, 3.1404505267520357, 3.1393439951944173, 3.1395940791654424, 3.139669048384266, 3.140487777165826, 3.1366620784689525, 3.137976079110933, 3.127358086048963, 3.125935606640599, 3.1399197517156527], "predicted_p_opt": 0.044422363206856406, "predicted_tts": 22.51118418314256, "p_opt": 0.04376843049848942, "tts": 22.84751791669827, "approx": 0.8708321182707015, "opt_gap": -0.1291678817292985, "th": -116.9990005493164}