{"edges": [[0, 8], [0, 10], [0, 11], [0, 13], [1, 2], [1, 10], [1, 12], [1, 14], [2, 6], [2, 10], [3, 7], [3, 13], [4, 6], [5, 6], [7, 9], [7, 12], [8, 10], [8, 11], [8, 12], [9, 11], [10, 14], [12, 13]], "num_nodes": 15, "num_colors": 3, "opt_value": 22, "opt_count": 720, "feasible_count": 14348907, "mean_value": 14.666666666666666, "std": 2.2110831935702664, "level": 21, "gammas": [0.20252656936645508, 0.33436235785484314, 0.34709104895591736, 0.3531794548034668, 0.3578045964241028, 0.3617483973503113, 0.3659321069717407, 0.37128156423568726, 0.37877148389816284, 0.39046168327331543, 0.4123261272907257, 0.23088502883911133, -0.43554067611694336, -0.3924129605293274, -0.3829655051231384, -0.3752748668193817, -0.37048274278640747, -0.36856821179389954, -0.36922168731689453, -0.371625691652298, -0.36982691287994385], "betas": [-2.617342710494995, -2.418591022491455, -2.428546667098999, -2.465799570083618, -2.5068540573120117, -2.545058250427246, -2.5843162536621094, -2.6350784301757812, -2.7228899002075195, -2.931464672088623, -3.8817098140716553, -1.2456774711608887, 3.230029344558716, 2.80433988571167, 2.671950578689575, 2.6211953163146973, 2.603633165359497, 2.609130859375, 2.637917995452881, 2.7016754150390625, 2.834873914718628], "predicted_p_opt": 0.09277919217122252, "predicted_tts": 10.778278799351, "p_opt": 0.049760602414608, "tts": 20.09621972957535, "approx": 0.7233883738517761, "opt_gap": -0.2766116261482239}