{"edges": [[0, 1], [0, 6], [0, 7], [0, 10], [0, 14], [1, 2], [1, 4], [1, 12], [2, 3], [2, 4], [2, 6], [2, 7], [2, 9], [2, 11], [2, 12], [3, 7], [3, 14], [4, 7], [4, 8], [4, 14], [5, 6], [5, 9], [5, 11], [5, 14], [6, 8], [7, 12], [8, 10], [8, 11], [8, 12], [10, 12], [11, 14], [12, 14], [13, 14]], "num_nodes": 15, "num_colors": 3, "opt_value": 33, "opt_count": 84, "feasible_count": 14348907, "mean_value": 22.0, "std": 2.70801280154532, "level": 33, "gammas": [-0.1302293157922399, -0.16544200079452887, -0.22605000399377861, -0.2146476916227843, -0.19119716352290975, -0.24808003881194116, -0.16922359279414834, -0.2270617820200252, -0.24391265943187176, -0.19690086122178632, -0.23482819045421136, -0.22247876012572967, -0.23275624834487835, -0.22557036341547584, -0.2240118800878955, -0.22666259847269993, -0.22781559043538457, -0.22866822617057048, -0.2294412143605416, -0.23016532859143415, -0.23134134395727035, -0.23315236385368815, -0.2354452342762347, -0.23563278846971797, -0.2413517357842468, -0.2763481039540121, -0.2655144840823698, 5.865994689047268, 5.808014238185539, 5.869901357864048, 5.928261192884869, 5.945874785090236, 5.943412979799714], "betas": [2.3196921664928967, 1.5706626281660143, 2.053021489496093, 1.248988837944096, 2.120425353667748, 1.824435839794812, 1.4841337665193648, 1.8389661879865364, 1.488312168875957, 1.429975414449582, 1.5331023448016443, 1.4179262367216408, 1.4256368882126023, 1.4992051947804264, 1.4910485302549845, 1.470467581847498, 1.4622103344218, 1.4516330184439115, 1.436395657666771, 1.4210334360586288, 1.4055197177450798, 1.389713236013278, 1.3941566144754423, 1.4136710441731406, 1.2781853562750898, 1.193062324922594, 1.6447788993585089, 2.0055346516427983, 2.2803933170502964, 2.460186903712386, 2.4846042222060136, 2.508542125882776, 2.5372504677498964], "predicted_p_opt": 0.02627907477552123, "predicted_tts": 38.0530900932438, "p_opt": 0.0002466717878837037, "tts": 4053.9698867851953, "approx": 0.8914779087780663, "opt_gap": -0.10852209122193368}