{"N": 20, "edgelist": ["0 1 {}\n", "0 4 {}\n", "0 7 {}\n", "0 8 {}\n", "0 10 {}\n", "0 11 {}\n", "0 13 {}\n", "0 15 {}\n", "0 18 {}\n", "0 19 {}\n", "1 2 {}\n", "1 3 {}\n", "1 6 {}\n", "1 7 {}\n", "1 9 {}\n", "1 10 {}\n", "1 11 {}\n", "1 12 {}\n", "1 13 {}\n", "1 14 {}\n", "1 18 {}\n", "2 3 {}\n", "2 5 {}\n", "2 6 {}\n", "2 10 {}\n", "2 12 {}\n", "2 17 {}\n", "2 19 {}\n", "3 4 {}\n", "3 6 {}\n", "3 9 {}\n", "3 10 {}\n", "3 12 {}\n", "3 17 {}\n", "4 5 {}\n", "4 6 {}\n", "4 7 {}\n", "4 10 {}\n", "4 11 {}\n", "4 12 {}\n", "4 14 {}\n", "4 15 {}\n", "4 17 {}\n", "4 19 {}\n", "5 7 {}\n", "5 11 {}\n", "5 12 {}\n", "5 16 {}\n", "5 18 {}\n", "6 7 {}\n", "6 14 {}\n", "6 16 {}\n", "6 17 {}\n", "6 18 {}\n", "7 9 {}\n", "7 13 {}\n", "7 16 {}\n", "8 12 {}\n", "8 14 {}\n", "8 15 {}\n", "8 16 {}\n", "8 17 {}\n", "8 18 {}\n", "8 19 {}\n", "9 10 {}\n", "9 11 {}\n", "9 12 {}\n", "9 14 {}\n", "9 15 {}\n", "9 17 {}\n", "9 18 {}\n", "10 11 {}\n", "10 14 {}\n", "10 15 {}\n", "10 16 {}\n", "10 18 {}\n", "11 13 {}\n", "11 15 {}\n", "11 17 {}\n", "11 18 {}\n", "12 15 {}\n", "13 14 {}\n", "13 17 {}\n", "13 19 {}\n", "14 18 {}\n", "14 19 {}\n", "15 17 {}\n", "16 17 {}\n", "17 18 {}\n"], "opt_value": 79, "opt_count": 1, "feasible_count": 184756, "mean_value": 67.92105263157895, "std": 2.668754444521941, "level": 97, "gammas": [-0.14500655233860016, -0.2469085156917572, -0.2596343457698822, -0.2639010548591614, -0.26291993260383606, -0.2626039981842041, -0.2601238489151001, -0.254694402217865, -0.24418076872825623, -0.23371239006519318, -0.23275266587734222, -0.22903332114219666, -0.2192368060350418, -0.24940963089466095, -0.2146534025669098, -0.21308653056621552, -0.21493706107139587, -0.21690918505191803, -0.21468284726142883, -0.2123173028230667, -0.21159034967422485, -0.21132849156856537, -0.2093360275030136, -0.20091985166072845, -0.20375268161296844, -0.22708170115947723, -0.2074114978313446, -0.20233044028282166, -0.20683182775974274, -0.2028658092021942, -0.2083364576101303, -0.21065747737884521, -0.20919379591941833, -0.20872275531291962, -0.20889511704444885, -0.21025420725345612, -0.20894984900951385, -0.20693007111549377, -0.21615324914455414, -0.22257570922374725, -0.1732282191514969, 0.11979304999113083, 0.1587049812078476, 0.21323880553245544, 0.22987955808639526, 0.22828832268714905, 0.22341646254062653, 0.22140754759311676, 0.22164836525917053, 0.22164471447467804, 0.22128738462924957, 0.21925421059131622, 0.21814295649528503, 0.2213534563779831, 0.22131791710853577, 0.22034317255020142, 0.2282078117132187, 0.22157828509807587, 0.22257953882217407, 0.22320212423801422, 0.223422572016716, 0.22501656413078308, 0.22572283446788788, 0.22532407939434052, 0.22612352669239044, 0.2261994481086731, 0.21630226075649261, 0.25107741355895996, 0.2329537272453308, 0.2343253642320633, 0.22981388866901398, 0.23211196064949036, 0.24011163413524628, 0.24662744998931885, 0.25051987171173096, 0.2486802637577057, 0.25002995133399963, 0.2511039674282074, 0.2526954114437103, 0.25612685084342957, 0.2587616741657257, 0.25801172852516174, 0.2590537369251251, 0.2610221207141876, 0.2624688744544983, 0.2634161412715912, 0.2640238106250763, 0.2647850513458252, 0.26581406593322754, 0.2651959955692291, 0.26610779762268066, 0.2668724060058594, 0.2680031955242157, 0.26425090432167053, 0.26378333568573, 0.2649978995323181, 0.25889673829078674], "betas": [2.8192100524902344, 2.7778992652893066, 2.7867324352264404, 2.8162803649902344, 2.82833194732666, 2.826937437057495, 2.817502021789551, 2.772331714630127, 2.68625545501709, 2.6142032146453857, 2.5629634857177734, 2.343101739883423, 2.2435221672058105, 2.4084537029266357, 2.4167368412017822, 2.3023035526275635, 2.336735248565674, 2.311732292175293, 2.2812485694885254, 2.259944438934326, 2.2558412551879883, 2.254509925842285, 2.2082066535949707, 2.2776575088500977, 2.1555848121643066, 2.1958529949188232, 2.141667366027832, 2.260169267654419, 2.2421133518218994, 2.2547569274902344, 2.265702724456787, 2.2444264888763428, 2.2293686866760254, 2.2112627029418945, 2.204453706741333, 2.2093756198883057, 2.184793472290039, 2.1896235942840576, 2.3064846992492676, 2.220266103744507, -1.6159788370132446, -2.4941627979278564, -2.3361332416534424, -2.4283628463745117, -2.3799095153808594, -2.3588433265686035, -2.3560450077056885, -2.3643205165863037, -2.373769521713257, -2.3810009956359863, -2.3925201892852783, -2.3784871101379395, -2.375431537628174, -2.391603946685791, -2.339078426361084, -2.365892171859741, -2.376206636428833, -2.394132614135742, -2.398395538330078, -2.401609182357788, -2.409830331802368, -2.417978286743164, -2.4212732315063477, -2.429511308670044, -2.440706729888916, -2.4602744579315186, -2.529460906982422, -2.3724260330200195, -2.504837989807129, -2.5361719131469727, -2.566155195236206, -2.6216490268707275, -2.64912486076355, -2.671032667160034, -2.691983938217163, -2.707184314727783, -2.7237675189971924, -2.748810052871704, -2.792407751083374, -2.816924571990967, -2.8070342540740967, -2.806929349899292, -2.8337674140930176, -2.861464738845825, -2.8766794204711914, -2.887373924255371, -2.8974215984344482, -2.909299373626709, -2.908998727798462, -2.9281179904937744, -2.9385032653808594, -2.906097173690796, -2.8913445472717285, -2.893252372741699, -2.9108121395111084, -2.92696475982666, -2.955124855041504], "predicted_p_opt": 0.20581198986771743, "predicted_tts": 4.858803418803419, "p_opt": 0.14373135062442663, "tts": 6.957424359094929, "approx": 0.8832010160445691, "opt_gap": -0.11679898395543087}