{"N": 18, "edgelist": ["0 2 {}\n", "0 5 {}\n", "0 6 {}\n", "0 10 {}\n", "0 15 {}\n", "0 17 {}\n", "1 2 {}\n", "1 3 {}\n", "1 4 {}\n", "1 7 {}\n", "1 11 {}\n", "1 13 {}\n", "2 5 {}\n", "2 6 {}\n", "2 7 {}\n", "2 9 {}\n", "2 10 {}\n", "2 11 {}\n", "2 12 {}\n", "2 15 {}\n", "2 17 {}\n", "3 6 {}\n", "3 7 {}\n", "3 12 {}\n", "3 14 {}\n", "3 15 {}\n", "3 17 {}\n", "4 5 {}\n", "4 8 {}\n", "4 11 {}\n", "4 17 {}\n", "5 6 {}\n", "5 7 {}\n", "5 9 {}\n", "5 10 {}\n", "5 11 {}\n", "5 12 {}\n", "5 13 {}\n", "5 14 {}\n", "5 15 {}\n", "6 7 {}\n", "6 9 {}\n", "6 11 {}\n", "6 12 {}\n", "6 13 {}\n", "6 14 {}\n", "6 15 {}\n", "6 16 {}\n", "6 17 {}\n", "7 9 {}\n", "7 10 {}\n", "7 11 {}\n", "7 12 {}\n", "7 16 {}\n", "7 17 {}\n", "8 9 {}\n", "8 12 {}\n", "8 13 {}\n", "8 14 {}\n", "8 15 {}\n", "8 16 {}\n", "9 10 {}\n", "9 11 {}\n", "9 14 {}\n", "9 15 {}\n", "9 17 {}\n", "10 13 {}\n", "10 14 {}\n", "10 15 {}\n", "10 16 {}\n", "11 12 {}\n", "11 16 {}\n", "12 13 {}\n", "12 14 {}\n", "13 14 {}\n", "13 16 {}\n", "13 17 {}\n", "14 16 {}\n", "14 17 {}\n", "15 17 {}\n"], "opt_value": 71, "opt_count": 1, "feasible_count": 48620, "mean_value": 61.1764705882353, "std": 2.7830430682479896, "level": 23, "gammas": [-0.165474995970726, -0.2760043740272522, -0.2901935279369354, -0.29162275791168213, -0.2915540635585785, -0.2921774983406067, -0.2936970889568329, -0.29671162366867065, -0.3014809787273407, -0.30994653701782227, -0.16673268377780914, 0.3145417273044586, 0.29636630415916443, 0.2958017587661743, 0.2940540015697479, 0.29281705617904663, 0.2923867404460907, 0.29262346029281616, 0.293491393327713, 0.2944132387638092, 0.29448992013931274, 0.30832868814468384, 0.2781822085380554], "betas": [2.803957223892212, 2.7433276176452637, 2.744757890701294, 2.7591946125030518, 2.7727549076080322, 2.7868447303771973, 2.8088490962982178, 2.8582701683044434, 3.0203206539154053, 3.9270999431610107, 1.2091399431228638, -3.2424328327178955, -2.8837270736694336, -2.8083934783935547, -2.7944655418395996, -2.7965972423553467, -2.8055968284606934, -2.821105480194092, -2.851020336151123, -2.8959877490997314, -2.9557225704193115, -2.7280359268188477, -2.8838446140289307], "predicted_p_opt": 0.04543397778691896, "predicted_tts": 22.00995925758262, "p_opt": 0.027178827673196793, "tts": 36.793345615351164, "approx": 0.8784974813461304, "opt_gap": -0.12150251865386963}