{"N": 18, "edgelist": ["0 2 {}\n", "0 5 {}\n", "0 9 {}\n", "0 10 {}\n", "0 11 {}\n", "0 14 {}\n", "0 16 {}\n", "0 17 {}\n", "1 2 {}\n", "1 3 {}\n", "1 4 {}\n", "1 5 {}\n", "1 6 {}\n", "1 7 {}\n", "1 8 {}\n", "1 10 {}\n", "1 12 {}\n", "1 13 {}\n", "1 15 {}\n", "2 3 {}\n", "2 4 {}\n", "2 5 {}\n", "2 6 {}\n", "2 8 {}\n", "2 9 {}\n", "2 10 {}\n", "2 12 {}\n", "2 13 {}\n", "2 14 {}\n", "2 16 {}\n", "2 17 {}\n", "3 5 {}\n", "3 7 {}\n", "3 10 {}\n", "3 11 {}\n", "3 12 {}\n", "3 17 {}\n", "4 5 {}\n", "4 7 {}\n", "4 8 {}\n", "4 11 {}\n", "4 12 {}\n", "4 14 {}\n", "4 16 {}\n", "4 17 {}\n", "5 8 {}\n", "5 10 {}\n", "5 11 {}\n", "6 7 {}\n", "6 8 {}\n", "6 11 {}\n", "6 12 {}\n", "6 13 {}\n", "6 17 {}\n", "7 9 {}\n", "7 11 {}\n", "7 12 {}\n", "7 16 {}\n", "8 11 {}\n", "8 14 {}\n", "8 16 {}\n", "8 17 {}\n", "9 10 {}\n", "9 11 {}\n", "9 12 {}\n", "9 13 {}\n", "9 15 {}\n", "9 16 {}\n", "9 17 {}\n", "10 11 {}\n", "10 12 {}\n", "10 14 {}\n", "10 15 {}\n", "10 17 {}\n", "11 14 {}\n", "11 15 {}\n", "11 16 {}\n", "12 13 {}\n", "12 15 {}\n", "12 17 {}\n", "14 15 {}\n", "14 16 {}\n", "14 17 {}\n", "15 17 {}\n", "16 17 {}\n"], "opt_value": 76, "opt_count": 2, "feasible_count": 48620, "mean_value": 65.0, "std": 2.740759877457774, "level": 23, "gammas": [0.16243746673933285, 0.2733932765178477, 0.2869503791699924, 0.28783454012967646, 0.28825867946904, 0.2843434399233389, 0.28326784811593003, 0.2837921646053776, 0.28536775538486425, 0.28756130156187454, 0.28978023600419184, 0.2905772916623858, 0.28284731480361736, 0.15902998052002484, -0.1788163226855005, -0.2666405180018066, -0.280874266736162, -0.2796519960627499, -0.2767546650987224, -0.2749509359412796, -0.27453330705507023, -0.2737211832188829, -0.2644081410046347], "betas": [-3.0570664813351818, -3.0942381345852783, -3.113859301312805, -3.1132148393351096, -3.0722033727104296, -3.096190559396871, -3.105757085264776, -3.110343410914221, -3.1183301015076736, -3.134269398996517, -3.1441015215563306, -3.1430315009316887, -3.2072924640733653, -2.764934919086233, 2.9203262726028174, 3.0031271194270435, 3.018595214377336, 3.0019669519428525, 2.983245904386556, 2.9778479036185885, 2.974413121795286, 2.959581093314992, 2.9288703616240612], "predicted_p_opt": 0.09086795557383792, "predicted_tts": 11.00497962879131, "p_opt": 0.057254308788570574, "tts": 17.465934375224272, "approx": 0.8932114809051587, "opt_gap": -0.10678851909484133}