{"N": 24, "edgelist": ["0 1 {}\n", "0 2 {}\n", "0 3 {}\n", "0 6 {}\n", "0 8 {}\n", "0 10 {}\n", "0 11 {}\n", "0 13 {}\n", "0 15 {}\n", "0 16 {}\n", "0 19 {}\n", "1 3 {}\n", "1 5 {}\n", "1 6 {}\n", "1 9 {}\n", "1 12 {}\n", "1 13 {}\n", "1 16 {}\n", "1 17 {}\n", "1 22 {}\n", "1 23 {}\n", "2 3 {}\n", "2 5 {}\n", "2 6 {}\n", "2 13 {}\n", "2 14 {}\n", "2 16 {}\n", "2 18 {}\n", "2 20 {}\n", "2 23 {}\n", "3 5 {}\n", "3 9 {}\n", "3 11 {}\n", "3 12 {}\n", "3 15 {}\n", "3 18 {}\n", "3 19 {}\n", "3 20 {}\n", "3 21 {}\n", "4 12 {}\n", "4 13 {}\n", "4 14 {}\n", "4 16 {}\n", "4 17 {}\n", "4 18 {}\n", "4 19 {}\n", "4 20 {}\n", "4 22 {}\n", "4 23 {}\n", "5 6 {}\n", "5 7 {}\n", "5 9 {}\n", "5 10 {}\n", "5 11 {}\n", "5 13 {}\n", "5 16 {}\n", "5 17 {}\n", "5 19 {}\n", "5 20 {}\n", "5 22 {}\n", "5 23 {}\n", "6 7 {}\n", "6 8 {}\n", "6 11 {}\n", "6 15 {}\n", "6 20 {}\n", "6 22 {}\n", "6 23 {}\n", "7 8 {}\n", "7 10 {}\n", "7 11 {}\n", "7 13 {}\n", "7 15 {}\n", "7 17 {}\n", "7 19 {}\n", "7 20 {}\n", "7 22 {}\n", "7 23 {}\n", "8 11 {}\n", "8 12 {}\n", "8 17 {}\n", "8 18 {}\n", "8 19 {}\n", "8 20 {}\n", "8 23 {}\n", "9 12 {}\n", "9 13 {}\n", "9 14 {}\n", "9 15 {}\n", "9 17 {}\n", "9 19 {}\n", "9 22 {}\n", "9 23 {}\n", "10 14 {}\n", "10 17 {}\n", "10 18 {}\n", "10 19 {}\n", "10 20 {}\n", "11 12 {}\n", "11 15 {}\n", "11 16 {}\n", "11 17 {}\n", "11 18 {}\n", "11 21 {}\n", "11 23 {}\n", "12 13 {}\n", "12 15 {}\n", "12 17 {}\n", "12 18 {}\n", "12 19 {}\n", "12 22 {}\n", "12 23 {}\n", "13 15 {}\n", "13 21 {}\n", "13 22 {}\n", "14 16 {}\n", "14 17 {}\n", "14 19 {}\n", "14 21 {}\n", "14 22 {}\n", "15 18 {}\n", "15 19 {}\n", "15 20 {}\n", "15 21 {}\n", "15 22 {}\n", "15 23 {}\n", "16 18 {}\n", "16 19 {}\n", "16 20 {}\n", "16 21 {}\n", "17 18 {}\n", "17 19 {}\n", "18 20 {}\n", "18 21 {}\n", "18 22 {}\n", "18 23 {}\n", "19 20 {}\n", "19 21 {}\n", "20 21 {}\n", "20 22 {}\n", "20 23 {}\n", "21 22 {}\n"], "opt_value": 122, "opt_count": 3, "feasible_count": 2704156, "mean_value": 108.04347826086956, "std": 3.163942477523921, "level": 59, "gammas": [3.1415926024894247, 3.141592745461516, 3.1415928070706927, 3.141592830238022, 3.1415928094501098, 3.14159278971015, 3.141592774065492, 3.1415927683662805, 3.14159275244239, 3.141592759547436, 3.1415927514793744, 3.1415927589302166, 3.1415927597622484, 3.141592745388588, 3.1415927424470262, 3.1415927295831656, 3.141592730926387, 3.141592733689917, 3.14159271571938, 3.1415926945660475, 3.1415926849212954, 3.1415926842795, 3.14159268995104, 3.1415925858741396, 3.141592432637956, 3.1415923087147712, 3.141592200178016, 3.1415920677742832, 3.1415917667762843, 3.141590911476951, 3.1415897976581486, 3.1415881903062437, 3.1415858470614992, 3.1415842088202495, 3.1415821102713504, 3.1415771805369928, 3.1415664356456836, 3.1415593965372355, 3.141544315694369, 3.1415329573885833, 3.141513564919664, 3.1415053807630193, 3.1414558536115034, 3.141428667166977, 3.1413887153856646, 3.1413936471486084, 3.1414371624174, 3.1414378315125577, 3.1414479574401524, 3.1413792012884056, 3.141434012896723, 3.141505127306812, 3.1410164588969978, 3.1404988808246452, 3.140120762686926, 3.1389975714142393, 3.139626149446949, 3.1356274543348768, 3.139678210901438], "betas": [3.1415926191027377, 3.141592522504357, 3.141592485100878, 3.1415924849057326, 3.1415925021014974, 3.141592525290931, 3.1415925431855554, 3.141592546315312, 3.1415925512881193, 3.141592556923632, 3.1415925561444706, 3.141592554939647, 3.141592553666074, 3.1415925604862704, 3.141592560493715, 3.1415925584218756, 3.1415925586623072, 3.14159254761173, 3.1415925265694407, 3.1415925004373744, 3.141592486011319, 3.1415924888811433, 3.141592430885736, 3.141592278161709, 3.141592147471006, 3.141592052713044, 3.1415919603759352, 3.1415918030201717, 3.1415912858137918, 3.141590205964524, 3.14158902438853, 3.141586769558328, 3.141584818853097, 3.1415829088478207, 3.1415802905446495, 3.141571437969565, 3.1415628242113813, 3.141552419338026, 3.1415383451309107, 3.141523618394775, 3.1415095546250575, 3.141486349970746, 3.1414344403238803, 3.1414156497628762, 3.141372456582455, 3.1414272194771056, 3.141429521488757, 3.1414609376799643, 3.141401676726991, 3.1414014253693865, 3.1414514304823924, 3.141436875070482, 3.1405527144177383, 3.140618693350994, 3.139057658513267, 3.140075634604681, 3.1370421257703187, 3.1371692168595207, 3.141136312666765], "predicted_p_opt": 0.015710262277768, "predicted_tts": 63.65266106442577, "p_opt": 0.015628171411200403, "tts": 63.98701253579287, "approx": 0.8873899920617245, "opt_gap": -0.11261000793827547, "th": -121.9990005493164}