{"edges": [[0, 5], [0, 9], [0, 12], [1, 2], [1, 6], [2, 5], [2, 9], [2, 10], [3, 4], [3, 5], [3, 12], [4, 5], [4, 9], [5, 12], [6, 9], [7, 9], [8, 9], [9, 10], [9, 11], [10, 12]], "num_nodes": 13, "num_colors": 3, "opt_value": 20, "opt_count": 144, "feasible_count": 1594323, "mean_value": 13.333333333333334, "std": 2.1081851067789197, "level": 23, "gammas": [0.2051444798707962, 0.3439134359359741, 0.35228151082992554, 0.36195114254951477, 0.3719005286693573, 0.3796566426753998, 0.3861250579357147, 0.392329603433609, 0.39930811524391174, 0.40826067328453064, 0.4216126501560211, 0.44698357582092285, 0.24791012704372406, -0.4741096794605255, -0.42405804991722107, -0.4129358232021332, -0.40277889370918274, -0.3962973952293396, -0.39298874139785767, -0.392381489276886, -0.395000159740448, -0.40078839659690857, -0.40303489565849304], "betas": [-2.528536558151245, -2.2786715030670166, -2.2468090057373047, -2.293945074081421, -2.35290789604187, -2.4078805446624756, -2.4579827785491943, -2.508786916732788, -2.573934316635132, -2.6816022396087646, -2.9172215461730957, -3.919600009918213, -1.2027645111083984, 3.2634241580963135, 2.792269229888916, 2.6222422122955322, 2.5440452098846436, 2.5080385208129883, 2.496976613998413, 2.5096147060394287, 2.553407669067383, 2.6373045444488525, 2.787567377090454], "predicted_p_opt": 0.1995179145003867, "predicted_tts": 5.012081258488004, "p_opt": 0.09432657808065414, "tts": 10.601465889549686, "approx": 0.7494722604751587, "opt_gap": -0.2505277395248413}