{"edges": [[0, 2], [0, 3], [0, 6], [0, 7], [0, 12], [1, 3], [1, 5], [1, 10], [2, 10], [2, 14], [3, 4], [3, 6], [3, 14], [4, 6], [5, 14], [6, 7], [6, 8], [7, 10], [7, 12], [7, 14], [8, 14], [9, 10], [9, 11], [10, 13], [11, 13], [12, 13]], "num_nodes": 15, "num_colors": 3, "opt_value": 26, "opt_count": 252, "feasible_count": 14348907, "mean_value": 17.333333333333332, "std": 2.4037008503093262, "level": 2, "gammas": [0.2287483380140279, 0.41632271522034714], "betas": [-1.8075871494434237, 5.062754238988655], "predicted_p_opt": 0.0004390578320704148, "predicted_tts": 2277.6042857142857, "p_opt": 0.00010338521689784277, "tts": 9672.562770634047, "approx": 0.7744630069862589, "opt_gap": -0.22553699301374108}