{"edges": [[0, 4], [1, 4], [1, 5], [1, 10], [1, 11], [2, 8], [3, 9], [4, 6], [4, 7], [4, 9], [4, 13], [5, 7], [5, 14], [6, 7], [6, 8], [6, 11], [6, 13], [7, 10], [8, 9], [8, 11], [8, 13], [10, 13], [12, 13]], "num_nodes": 15, "num_colors": 3, "opt_value": 23, "opt_count": 384, "feasible_count": 14348907, "mean_value": 15.333333333333334, "std": 2.260776661041756, "level": 9, "gammas": [0.14975228905677795, 0.2928652763366699, 0.32708579301834106, 0.3404611051082611, 0.3508536219596863, 0.36272135376930237, 0.3782528340816498, 0.4021960198879242, 0.446954607963562], "betas": [-2.24479603767395, -1.8239330053329468, -1.6386818885803223, -1.5464879274368286, -1.492227554321289, -1.4480676651000977, -1.3942781686782837, -1.3088905811309814, -1.1138827800750732], "predicted_p_opt": 0.009660944906814156, "predicted_tts": 103.50954380193906, "p_opt": 0.0004984603729099035, "tts": 2006.1775305471465, "approx": 0.8662859797477722, "opt_gap": -0.13371402025222778}