{"edges": [[16, 20], [16, 19], [16, 11], [20, 6], [20, 10], [7, 17], [7, 0], [7, 9], [17, 9], [17, 23], [15, 24], [15, 8], [15, 11], [24, 9], [24, 13], [6, 21], [6, 1], [21, 4], [21, 8], [4, 12], [4, 22], [12, 22], [12, 3], [3, 13], [3, 22], [13, 11], [14, 25], [14, 0], [14, 1], [25, 2], [25, 10], [5, 19], [5, 18], [5, 1], [19, 18], [8, 18], [0, 23], [23, 2], [2, 10]], "num_nodes": 26, "opt_value": 34, "opt_count": 6, "feasible_count": 67108864, "mean_value": 19.5, "std": 3.122498999199199, "level": 24, "gammas": [-0.14046228063342986, -0.24539993773516436, -0.25507287371384485, -0.2635616164677319, -0.25757251184776786, -0.26093748121785676, -0.26227751357315743, -0.2634425488015797, -0.26461001757330954, -0.26582965698000444, -0.2671016912330706, -0.26847011276748584, -0.2699805535372248, -0.2716858451801578, -0.27365579856437017, -0.2759857483578414, -0.27872384345066126, -0.28190044940275866, -0.2856300225687691, -0.29017892570270915, -0.30874929473572765, -0.2932947794245256, -0.32713593849664674, 5.965959688657682], "betas": [2.594449651103141, 2.2761918696715435, 2.0818054260023664, 2.172039145462193, 2.175003363488091, 2.161166467014126, 2.1534947484181637, 2.1450515967168213, 2.13578418548577, 2.1258445536234563, 2.1148644424070593, 2.103111412528055, 2.0906746663080393, 2.077747413397465, 2.064538252530517, 2.051432214068769, 2.0371934751361156, 2.0219911753853297, 2.002865379789261, 1.951629270707381, 1.8746132949592922, 2.640607876914935, 2.5369883670025226, 2.3351561652908455], "predicted_p_opt": 0.00021466612815856934, "predicted_tts": 4658.396779119811, "p_opt": 7.829804909592126e-07, "tts": 1277171.0298617037, "approx": 0.822251231109268, "opt_gap": -0.177748768890732}