{"N": 20, "edgelist": ["0 4 {}\n", "0 7 {}\n", "0 11 {}\n", "0 17 {}\n", "0 18 {}\n", "0 19 {}\n", "1 3 {}\n", "1 6 {}\n", "1 10 {}\n", "1 13 {}\n", "1 15 {}\n", "1 17 {}\n", "1 19 {}\n", "2 3 {}\n", "2 6 {}\n", "2 9 {}\n", "2 10 {}\n", "2 12 {}\n", "2 13 {}\n", "2 15 {}\n", "2 16 {}\n", "2 19 {}\n", "3 6 {}\n", "3 8 {}\n", "3 11 {}\n", "3 14 {}\n", "3 16 {}\n", "3 19 {}\n", "4 7 {}\n", "4 8 {}\n", "4 9 {}\n", "4 16 {}\n", "5 6 {}\n", "5 7 {}\n", "5 11 {}\n", "5 14 {}\n", "5 18 {}\n", "5 19 {}\n", "6 8 {}\n", "6 10 {}\n", "6 14 {}\n", "6 15 {}\n", "6 16 {}\n", "7 12 {}\n", "7 13 {}\n", "7 16 {}\n", "7 18 {}\n", "8 9 {}\n", "8 10 {}\n", "8 13 {}\n", "8 15 {}\n", "8 18 {}\n", "8 19 {}\n", "9 10 {}\n", "9 12 {}\n", "9 14 {}\n", "9 16 {}\n", "9 18 {}\n", "10 11 {}\n", "10 15 {}\n", "10 17 {}\n", "10 19 {}\n", "11 12 {}\n", "11 13 {}\n", "11 14 {}\n", "11 15 {}\n", "11 16 {}\n", "11 17 {}\n", "11 19 {}\n", "12 14 {}\n", "12 16 {}\n", "12 17 {}\n", "13 14 {}\n", "13 15 {}\n", "13 17 {}\n", "13 18 {}\n", "13 19 {}\n", "14 16 {}\n", "14 18 {}\n", "14 19 {}\n", "15 19 {}\n", "16 18 {}\n", "17 18 {}\n", "18 19 {}\n"], "opt_value": 74, "opt_count": 11, "feasible_count": 184756, "mean_value": 64.10526315789474, "std": 2.674510488836514, "level": 36, "gammas": [-0.16589825367072814, -0.25121177939817935, -0.23636246673580036, -0.21817206208260398, -0.21177557982279188, -0.22429832875024502, -0.2292369811261246, -0.2285282198104122, -0.23770573962557592, -0.2573653762437696, -0.2691644880373306, -0.2660593169812388, -0.2644516478781722, -0.2770044947524935, -0.28023848780273897, -0.2772944855764104, -0.2739903725635709, -0.2755538068408971, -0.27827217372552376, -0.28183155395118836, -0.2809163111743715, -0.2999062090033239, -0.3330635470616281, -0.18686077551412, -0.21589716298915038, -0.22647409576894875, -0.23122412556651656, -0.24841642997079735, -0.2633174385058358, -0.27355808034431733, -0.2794980094370753, -0.2809212890799664, -0.2869644355295405, -0.3024395840136906, -0.30999309615297554, 5.956058576936144], "betas": [2.022069049542446, 1.9422352854545153, 1.767418708479586, 1.6163849804902517, 1.6255794351966368, 1.6778862221253774, 1.670222913073664, 1.6787572189994713, 1.772327698925178, 1.8760150999311427, 1.8975974265774491, 1.8527461787468844, 1.8483614536364885, 1.9035566235596721, 1.82668046816619, 1.8741001412615144, 1.8680800198462315, 1.864772291197995, 1.873769627752692, 1.8913137538148659, 1.845377443053297, 1.444789418401324, 1.8048717846857585, 1.7559435545146946, 1.9083515862085958, 1.8713138683989392, 1.8748115154243046, 1.992310111579016, 2.057400169630529, 2.0925433114588214, 2.125475086584801, 2.149772488213141, 2.1825295873355497, 2.2556002494141425, 2.3492055627591193, 2.558893342602237], "predicted_p_opt": 0.31727792331507504, "predicted_tts": 3.1518108463126286, "p_opt": 0.0047234421600925005, "tts": 211.71001276332274, "approx": 0.9737058730589317, "opt_gap": -0.026294126941068252}