{"N": 24, "edgelist": ["0 1 {}\n", "0 4 {}\n", "0 6 {}\n", "0 8 {}\n", "0 10 {}\n", "0 11 {}\n", "0 18 {}\n", "0 22 {}\n", "1 5 {}\n", "1 7 {}\n", "1 8 {}\n", "1 13 {}\n", "1 14 {}\n", "1 17 {}\n", "1 18 {}\n", "1 20 {}\n", "1 21 {}\n", "1 23 {}\n", "2 7 {}\n", "2 9 {}\n", "2 12 {}\n", "2 13 {}\n", "2 20 {}\n", "2 21 {}\n", "2 22 {}\n", "3 6 {}\n", "3 8 {}\n", "3 10 {}\n", "3 11 {}\n", "3 12 {}\n", "3 15 {}\n", "3 16 {}\n", "3 17 {}\n", "3 19 {}\n", "3 20 {}\n", "3 21 {}\n", "3 23 {}\n", "4 7 {}\n", "4 16 {}\n", "4 17 {}\n", "4 18 {}\n", "4 19 {}\n", "4 20 {}\n", "4 21 {}\n", "5 7 {}\n", "5 8 {}\n", "5 11 {}\n", "5 12 {}\n", "5 15 {}\n", "5 16 {}\n", "5 17 {}\n", "5 19 {}\n", "5 21 {}\n", "5 22 {}\n", "5 23 {}\n", "6 11 {}\n", "6 12 {}\n", "6 13 {}\n", "6 15 {}\n", "6 16 {}\n", "6 18 {}\n", "6 19 {}\n", "6 21 {}\n", "6 22 {}\n", "7 8 {}\n", "7 10 {}\n", "7 13 {}\n", "7 16 {}\n", "7 17 {}\n", "7 18 {}\n", "7 20 {}\n", "7 21 {}\n", "7 23 {}\n", "8 9 {}\n", "8 10 {}\n", "8 11 {}\n", "8 13 {}\n", "8 15 {}\n", "8 16 {}\n", "8 19 {}\n", "8 21 {}\n", "8 23 {}\n", "9 10 {}\n", "9 11 {}\n", "9 13 {}\n", "9 16 {}\n", "9 17 {}\n", "9 19 {}\n", "9 23 {}\n", "10 13 {}\n", "10 15 {}\n", "10 16 {}\n", "10 17 {}\n", "10 19 {}\n", "10 21 {}\n", "10 22 {}\n", "11 15 {}\n", "11 18 {}\n", "11 19 {}\n", "11 20 {}\n", "11 21 {}\n", "11 23 {}\n", "12 14 {}\n", "12 17 {}\n", "12 18 {}\n", "12 20 {}\n", "12 21 {}\n", "12 22 {}\n", "12 23 {}\n", "13 17 {}\n", "13 18 {}\n", "13 22 {}\n", "14 18 {}\n", "14 19 {}\n", "14 20 {}\n", "14 23 {}\n", "15 16 {}\n", "15 17 {}\n", "15 18 {}\n", "15 20 {}\n", "15 22 {}\n", "15 23 {}\n", "16 17 {}\n", "16 20 {}\n", "16 21 {}\n", "16 23 {}\n", "17 18 {}\n", "17 21 {}\n", "17 22 {}\n", "18 20 {}\n", "18 23 {}\n", "19 20 {}\n", "19 21 {}\n", "20 23 {}\n", "21 22 {}\n", "21 23 {}\n"], "opt_value": 117, "opt_count": 31, "feasible_count": 2704156, "mean_value": 103.47826086956522, "std": 3.6220287999406136, "level": 61, "gammas": [3.1415925865050016, 3.1415926362754587, 3.141592667857101, 3.141592661487463, 3.1415926493321558, 3.1415926478669998, 3.1415926401608854, 3.1415926494407267, 3.141592653146582, 3.141592661822521, 3.1415926662589726, 3.1415926665268437, 3.141592663293613, 3.1415926729358623, 3.1415926620791708, 3.1415926482243903, 3.1415926407638706, 3.1415926325695125, 3.14159263951033, 3.1415926315334435, 3.141592627767005, 3.141592582711862, 3.141592540084553, 3.141592501090631, 3.141592432391799, 3.1415923490974667, 3.141592232480185, 3.1415916950574454, 3.141590846233967, 3.1415899181077562, 3.1415889574092675, 3.141588483399003, 3.141588125553642, 3.1415851247105855, 3.1415779373075217, 3.1415758001011684, 3.1415796479786398, 3.1415802931569714, 3.1415716701372722, 3.141559629483006, 3.141526327671664, 3.1415186343540444, 3.1415306945985773, 3.1415239848748615, 3.1414772990540962, 3.1414634805611206, 3.1413905736875427, 3.1413375106684303, 3.1413221669980422, 3.141338556995547, 3.1411462726050825, 3.140966448856502, 3.140559388701731, 3.1400683607003677, 3.14003540807822, 3.1395900191378256, 3.1399928412687466, 3.1379414771095204, 3.1375154450907923, 3.124761396575398, 3.136001213293233], "betas": [3.1415926952952664, 3.1415926564746455, 3.141592645481917, 3.141592652373573, 3.141592659942787, 3.1415926672809547, 3.1415926673665995, 3.1415926591344556, 3.1415926539841177, 3.1415926480025367, 3.141592641718873, 3.1415926407930126, 3.1415926433292327, 3.1415926483824035, 3.1415926500247884, 3.141592654294081, 3.141592655785933, 3.1415926552193136, 3.1415926453521736, 3.1415926206922293, 3.1415925743912934, 3.1415925062673873, 3.1415924492186216, 3.1415923932123415, 3.1415923287146517, 3.1415922744686076, 3.1415920242077293, 3.1415912985565164, 3.1415904726097006, 3.1415894810840217, 3.141588750606086, 3.1415884096858617, 3.141587312782852, 3.1415815358276995, 3.141575697077056, 3.141577241790678, 3.141581093530868, 3.141576340202396, 3.141567361616706, 3.1415447431983323, 3.14151648904216, 3.141526504440626, 3.14153095269391, 3.1415035853752955, 3.14146359650346, 3.141442314877169, 3.141343956724193, 3.141343124014215, 3.1413143958214382, 3.1413136969831155, 3.1409738745843794, 3.140913758025576, 3.140105148209742, 3.1402803406315694, 3.139573357200223, 3.1401180216335036, 3.1383546134375724, 3.139738750801043, 3.129470082316372, 3.128820966138222, 3.140251322171824], "predicted_p_opt": 0.17343636979523372, "predicted_tts": 5.765803338599869, "p_opt": 0.16363903659976228, "tts": 6.111011289108584, "approx": 0.9033403292310281, "opt_gap": -0.09665967076897186, "th": -116.9990005493164}