{"N": 24, "edgelist": ["0 6 {}\n", "0 10 {}\n", "0 11 {}\n", "0 17 {}\n", "0 18 {}\n", "0 22 {}\n", "0 23 {}\n", "1 3 {}\n", "1 4 {}\n", "1 6 {}\n", "1 7 {}\n", "1 12 {}\n", "1 15 {}\n", "1 16 {}\n", "1 17 {}\n", "1 18 {}\n", "1 20 {}\n", "1 21 {}\n", "1 22 {}\n", "2 3 {}\n", "2 4 {}\n", "2 9 {}\n", "2 12 {}\n", "2 13 {}\n", "2 15 {}\n", "2 16 {}\n", "2 18 {}\n", "2 20 {}\n", "2 22 {}\n", "2 23 {}\n", "3 9 {}\n", "3 10 {}\n", "3 14 {}\n", "3 15 {}\n", "3 21 {}\n", "4 7 {}\n", "4 9 {}\n", "4 11 {}\n", "4 12 {}\n", "4 14 {}\n", "4 16 {}\n", "4 19 {}\n", "4 21 {}\n", "4 22 {}\n", "4 23 {}\n", "5 6 {}\n", "5 14 {}\n", "5 16 {}\n", "5 17 {}\n", "5 18 {}\n", "5 19 {}\n", "5 20 {}\n", "5 22 {}\n", "5 23 {}\n", "6 9 {}\n", "6 10 {}\n", "6 11 {}\n", "6 14 {}\n", "6 17 {}\n", "6 19 {}\n", "6 22 {}\n", "6 23 {}\n", "7 9 {}\n", "7 11 {}\n", "7 15 {}\n", "7 17 {}\n", "7 19 {}\n", "7 20 {}\n", "7 21 {}\n", "7 23 {}\n", "8 9 {}\n", "8 11 {}\n", "8 12 {}\n", "8 15 {}\n", "8 17 {}\n", "9 10 {}\n", "9 11 {}\n", "9 15 {}\n", "9 18 {}\n", "9 20 {}\n", "10 11 {}\n", "10 12 {}\n", "10 13 {}\n", "10 15 {}\n", "10 16 {}\n", "10 20 {}\n", "10 21 {}\n", "10 23 {}\n", "11 12 {}\n", "11 13 {}\n", "11 14 {}\n", "11 15 {}\n", "11 16 {}\n", "11 18 {}\n", "11 20 {}\n", "12 16 {}\n", "12 17 {}\n", "12 18 {}\n", "12 20 {}\n", "12 23 {}\n", "13 14 {}\n", "13 16 {}\n", "13 18 {}\n", "13 19 {}\n", "13 20 {}\n", "13 22 {}\n", "13 23 {}\n", "14 15 {}\n", "14 19 {}\n", "14 21 {}\n", "14 22 {}\n", "15 17 {}\n", "15 19 {}\n", "15 20 {}\n", "16 17 {}\n", "16 20 {}\n", "16 23 {}\n", "17 18 {}\n", "17 20 {}\n", "18 19 {}\n", "18 21 {}\n", "18 22 {}\n", "18 23 {}\n", "19 20 {}\n", "19 21 {}\n", "19 23 {}\n", "20 22 {}\n", "21 22 {}\n"], "opt_value": 113, "opt_count": 1, "feasible_count": 2704156, "mean_value": 97.3913043478261, "std": 3.3328291994324872, "level": 83, "gammas": [-0.10298735648393631, -0.1896202564239502, -0.20297153294086456, -0.20205700397491455, -0.19882579147815704, -0.1962297558784485, -0.19490227103233337, -0.19421513378620148, -0.19368956983089447, -0.19305600225925446, -0.19246171414852142, -0.19131837785243988, -0.18968051671981812, -0.1880253255367279, -0.18676574528217316, -0.1854727864265442, -0.18408161401748657, -0.18282029032707214, -0.18105103075504303, -0.17835202813148499, -0.1771063208580017, -0.17740942537784576, -0.1760973036289215, -0.17229314148426056, -0.17513230443000793, -0.18736188113689423, -0.18363498151302338, -0.11922946572303772, 0.08239615708589554, 0.11119057238101959, 0.1538490504026413, 0.16757771372795105, 0.15931162238121033, 0.15568029880523682, 0.15785859525203705, 0.1553250402212143, 0.15423846244812012, 0.15569137036800385, 0.15547117590904236, 0.15550631284713745, 0.1557845175266266, 0.15576601028442383, 0.15584325790405273, 0.1559193879365921, 0.1559988260269165, 0.15609130263328552, 0.15619979798793793, 0.15693803131580353, 0.15740792453289032, 0.1573314666748047, 0.15720251202583313, 0.15835924446582794, 0.1586524248123169, 0.15937019884586334, 0.1600923240184784, 0.1607680469751358, 0.1618097722530365, 0.16242578625679016, 0.1616683304309845, 0.16140563786029816, 0.16396354138851166, 0.16987627744674683, 0.1729031652212143, 0.1681542843580246, 0.15450693666934967, 0.17991825938224792, 0.1821441799402237, 0.1799594759941101, 0.17596076428890228, 0.1782652735710144, 0.18458028137683868, 0.18863722681999207, 0.18934571743011475, 0.18953019380569458, 0.19015605747699738, 0.19123446941375732, 0.19205933809280396, 0.1925143599510193, 0.19276902079582214, 0.19302605092525482, 0.19350366294384003, 0.19366027414798737, 0.1875883936882019], "betas": [3.035079002380371, 3.037062883377075, 3.04856538772583, 3.0500423908233643, 3.045405149459839, 3.037834405899048, 3.0278918743133545, 3.0165178775787354, 3.0038580894470215, 2.9877266883850098, 2.9695866107940674, 2.9460699558258057, 2.920536756515503, 2.8973026275634766, 2.8741798400878906, 2.849109649658203, 2.82735013961792, 2.8062117099761963, 2.7755331993103027, 2.736703395843506, 2.7107527256011963, 2.703261375427246, 2.635579824447632, 2.5780417919158936, 2.68459153175354, 2.803072929382324, 2.606616973876953, -1.5648750066757202, -2.6561739444732666, -2.3709630966186523, -2.4901809692382812, -2.4062225818634033, -2.3231747150421143, -2.3543028831481934, -2.361551284790039, -2.352975368499756, -2.369337797164917, -2.3701019287109375, -2.3701817989349365, -2.37363600730896, -2.372520685195923, -2.372375011444092, -2.373274564743042, -2.3749372959136963, -2.377423048019409, -2.379646062850952, -2.3823487758636475, -2.3891587257385254, -2.3919179439544678, -2.406064748764038, -2.405921459197998, -2.4170000553131104, -2.4253296852111816, -2.4335837364196777, -2.438643217086792, -2.4482905864715576, -2.462117910385132, -2.4760375022888184, -2.501603841781616, -2.545468807220459, -2.568739414215088, -2.4743704795837402, -2.6003775596618652, -2.503887176513672, -2.763791084289551, -2.6147048473358154, -2.69960618019104, -2.740074396133423, -2.784942865371704, -2.854893445968628, -2.8891844749450684, -2.9025509357452393, -2.917952537536621, -2.938394069671631, -2.959486722946167, -2.9740493297576904, -2.9838006496429443, -2.9894134998321533, -2.9928321838378906, -2.9956424236297607, -2.997826337814331, -2.996523141860962, -2.9971961975097656], "predicted_p_opt": 0.010313384287001194, "predicted_tts": 96.9613826239736, "p_opt": 0.008046244878697505, "tts": 124.28157669517464, "approx": 0.8660901646373049, "opt_gap": -0.13390983536269507}