{"edges": [[0, 5], [0, 10], [1, 2], [1, 6], [1, 12], [2, 6], [3, 4], [3, 8], [4, 7], [4, 12], [5, 6], [5, 7], [5, 10], [5, 12], [6, 7], [6, 13], [7, 11], [7, 12], [8, 11], [8, 13], [9, 11], [10, 11], [10, 12], [11, 12], [11, 13], [12, 13]], "num_nodes": 14, "num_colors": 3, "opt_value": 26, "opt_count": 24, "feasible_count": 4782969, "mean_value": 17.333333333333332, "std": 2.4037008503093262, "level": 21, "gammas": [3.141592941600483, 3.1415777490245884, 3.1414655029199325, 3.141127983169165, 3.1406175478154164, 3.140243936329138, 3.140281950839366, 3.1406666944548514, 3.1410717599806453, 3.1412594093468176, 3.1412075272781115, 3.1409330563857587, 3.1404316332337765, 3.139884237791005, 3.139662117527545, 3.1399603756824335, 3.1405867380728645, 3.1411725385528206, 3.1414771594111186, 3.1416529474209547, 3.1416318238384435], "betas": [3.1415883162620686, 3.141541049579071, 3.141327040867857, 3.1408772145316646, 3.1403890438038857, 3.1402043406914144, 3.1404473499552896, 3.1408853261194025, 3.14119586534618, 3.1412589026598394, 3.14109787859557, 3.140704314996122, 3.1401395966643286, 3.1397092017314825, 3.1397482078795247, 3.1402553229508245, 3.14090195862428, 3.141356695201013, 3.141576579920123, 3.141662332828638, 3.1416025555853944], "predicted_p_opt": 0.009277919217122252, "predicted_tts": 107.78278799351001, "p_opt": 0.004932532293672026, "tts": 202.73562147437042, "approx": 0.9129317161402312, "opt_gap": -0.08706828385976884, "th": -23.95721642317763}