{"N": 20, "edgelist": ["0 6 {}\n", "0 10 {}\n", "0 11 {}\n", "0 17 {}\n", "0 18 {}\n", "1 3 {}\n", "1 4 {}\n", "1 6 {}\n", "1 7 {}\n", "1 12 {}\n", "1 15 {}\n", "1 16 {}\n", "1 17 {}\n", "1 18 {}\n", "2 3 {}\n", "2 4 {}\n", "2 9 {}\n", "2 12 {}\n", "2 13 {}\n", "2 15 {}\n", "2 16 {}\n", "2 18 {}\n", "3 9 {}\n", "3 10 {}\n", "3 14 {}\n", "3 15 {}\n", "4 7 {}\n", "4 9 {}\n", "4 11 {}\n", "4 12 {}\n", "4 14 {}\n", "4 16 {}\n", "4 19 {}\n", "5 6 {}\n", "5 14 {}\n", "5 16 {}\n", "5 17 {}\n", "5 18 {}\n", "5 19 {}\n", "6 9 {}\n", "6 10 {}\n", "6 11 {}\n", "6 14 {}\n", "6 17 {}\n", "6 19 {}\n", "7 9 {}\n", "7 11 {}\n", "7 15 {}\n", "7 17 {}\n", "7 19 {}\n", "8 9 {}\n", "8 11 {}\n", "8 12 {}\n", "8 15 {}\n", "8 17 {}\n", "9 10 {}\n", "9 11 {}\n", "9 15 {}\n", "9 18 {}\n", "10 11 {}\n", "10 12 {}\n", "10 13 {}\n", "10 15 {}\n", "10 16 {}\n", "11 12 {}\n", "11 13 {}\n", "11 14 {}\n", "11 15 {}\n", "11 16 {}\n", "11 18 {}\n", "12 16 {}\n", "12 17 {}\n", "12 18 {}\n", "13 14 {}\n", "13 16 {}\n", "13 18 {}\n", "13 19 {}\n", "14 15 {}\n", "14 19 {}\n", "15 17 {}\n", "15 19 {}\n", "16 17 {}\n", "17 18 {}\n", "18 19 {}\n"], "opt_value": 76, "opt_count": 1, "feasible_count": 184756, "mean_value": 64.10526315789474, "std": 2.8319391624665964, "level": 32, "gammas": [0.1510139359207882, 0.31295432782843413, 0.39911393196534706, 0.3756928716661344, 0.25712347791486717, 0.27696954019325837, 0.2937887765314204, 0.29259067638785385, 0.28952442264610373, 0.28331162399226134, 0.27849584193322324, 0.2852985941534918, 0.30257525303013316, 0.32086923655426497, 0.33711670497371987, 0.3488840878648292, 0.33823739809312486, 0.3367139558596562, 0.405234254550058, 0.4216020374826187, 0.4802006390698043, 0.5297070139378891, 0.3515825434518756, 0.32268862275838894, 0.3163122101575644, 0.3138836002087505, 0.3121013299991452, 0.31022727589280524, 0.31034438937417697, 0.3135018940483652, 0.31923536243892603, 0.3223378111182372], "betas": [-2.987781848948232, -2.8838435097512813, -3.0266751464071913, -3.9173179658927433, -2.7136765351270644, -2.5998452280394013, -2.5643791839609635, -2.479632255250368, -2.3971101819966485, -2.2948619851832555, -2.249101810483388, -2.3050378526784145, -2.401429976190212, -2.4516446129354477, -2.4330134511602477, -2.3546279011023077, -2.533909202787336, -2.4540811597093373, -2.5713289091426446, 3.757229139944468, 3.6995936987149634, 3.1820098578731937, 3.2982329497353997, 3.448916414692308, 3.5347318032170136, 3.6024521834458687, 3.6521990831795144, 3.6959168609790756, 3.72848185050084, 3.7355356779376985, 3.7202756029649775, 3.784153251988497], "predicted_p_opt": 0.022867998874190824, "predicted_tts": 43.72923076923077, "p_opt": 1.5702778223952345e-05, "tts": 63682.99836742538, "approx": 0.9570448163957732, "opt_gap": -0.04295518360422679}