{"N": 20, "edgelist": ["0 1 {}\n", "0 3 {}\n", "0 12 {}\n", "0 13 {}\n", "0 14 {}\n", "0 16 {}\n", "1 2 {}\n", "1 5 {}\n", "1 8 {}\n", "1 10 {}\n", "1 11 {}\n", "1 13 {}\n", "1 15 {}\n", "1 16 {}\n", "1 18 {}\n", "1 19 {}\n", "2 3 {}\n", "2 5 {}\n", "2 9 {}\n", "2 11 {}\n", "2 12 {}\n", "2 13 {}\n", "2 14 {}\n", "2 15 {}\n", "2 17 {}\n", "2 19 {}\n", "3 6 {}\n", "3 7 {}\n", "3 8 {}\n", "3 12 {}\n", "3 13 {}\n", "3 14 {}\n", "3 15 {}\n", "3 16 {}\n", "3 17 {}\n", "3 19 {}\n", "4 7 {}\n", "4 8 {}\n", "4 9 {}\n", "4 10 {}\n", "4 11 {}\n", "4 14 {}\n", "5 6 {}\n", "5 11 {}\n", "5 13 {}\n", "5 15 {}\n", "5 16 {}\n", "6 7 {}\n", "6 9 {}\n", "6 10 {}\n", "6 13 {}\n", "6 14 {}\n", "6 15 {}\n", "6 17 {}\n", "6 18 {}\n", "7 14 {}\n", "7 15 {}\n", "7 17 {}\n", "7 18 {}\n", "8 9 {}\n", "8 10 {}\n", "8 11 {}\n", "8 15 {}\n", "9 10 {}\n", "9 12 {}\n", "9 15 {}\n", "9 17 {}\n", "9 18 {}\n", "9 19 {}\n", "10 11 {}\n", "10 17 {}\n", "10 18 {}\n", "10 19 {}\n", "11 13 {}\n", "11 15 {}\n", "11 16 {}\n", "11 17 {}\n", "11 18 {}\n", "11 19 {}\n", "12 13 {}\n", "12 15 {}\n", "12 16 {}\n", "12 18 {}\n", "13 15 {}\n", "13 16 {}\n", "13 17 {}\n", "14 15 {}\n", "14 17 {}\n", "15 16 {}\n", "15 18 {}\n", "15 19 {}\n", "16 18 {}\n", "18 19 {}\n"], "opt_value": 83, "opt_count": 1, "feasible_count": 184756, "mean_value": 70.97368421052632, "std": 3.0841030106261313, "level": 95, "gammas": [3.1415928207154216, 3.1415927953696428, 3.1415927721225825, 3.1415927506158434, 3.1415927571486044, 3.1415927582356575, 3.141592758115071, 3.1415927528725254, 3.141592757148532, 3.1415927546598024, 3.1415927497368985, 3.1415927512633397, 3.141592742337372, 3.141592753153753, 3.141592742534635, 3.1415927410733118, 3.141592741873855, 3.141592739897701, 3.1415927401562134, 3.1415927303113484, 3.1415927326601025, 3.1415927240962467, 3.1415927347480626, 3.1415927199399385, 3.1415927395330736, 3.141592720891025, 3.141592689977272, 3.141592662931324, 3.1415925842381625, 3.141592574075885, 3.1415925489534056, 3.141592373635681, 3.141592103745336, 3.141591928419539, 3.1415918786953587, 3.1415915819267375, 3.141590898306323, 3.141590475835996, 3.141590517501421, 3.1415897029391178, 3.141587346151673, 3.141584961600695, 3.141582837304134, 3.1415811857808347, 3.141578993846311, 3.141577968087668, 3.1415774841530215, 3.141574542241697, 3.141568451099555, 3.1415624608165773, 3.141548828393265, 3.1415407033851546, 3.14154727418091, 3.141550421908158, 3.1415284242673547, 3.141516200436609, 3.1415296495669387, 3.1415351729482532, 3.1415222933895843, 3.1415040926442943, 3.1415030951930736, 3.141504379406972, 3.1414321755222585, 3.1413754200797386, 3.141296833025605, 3.141223658541186, 3.1412410903871497, 3.141251702693253, 3.141233348779841, 3.1411859905267243, 3.141163131441314, 3.1411198999012253, 3.141228916721132, 3.1412675479923555, 3.1413515852143723, 3.1412648635311373, 3.1412506285378106, 3.1412769617154366, 3.140946059884082, 3.1404959125872427, 3.140953768554671, 3.1410795186189144, 3.1401783811888833, 3.1391594914469083, 3.1399200005936754, 3.139937837600477, 3.140396648605994, 3.1400317459243126, 3.139831688645183, 3.137749067159033, 3.1389797497362033, 3.13450137734201, 3.1359937821516186, 3.118986823486701, 3.1348695208216366], "betas": [3.1415924994538216, 3.1415925281172936, 3.141592545752935, 3.141592556288889, 3.141592559167311, 3.1415925541151593, 3.1415925480478033, 3.1415925476288584, 3.141592550020163, 3.141592552773188, 3.141592553132362, 3.1415925549458787, 3.1415925644595686, 3.1415925676643153, 3.141592566717614, 3.1415925729641527, 3.1415925759335255, 3.14159257338947, 3.141592567016282, 3.1415925634531, 3.141592561536157, 3.141592558736837, 3.141592551152142, 3.1415925479060407, 3.141592541643752, 3.141592524671625, 3.1415924973734373, 3.141592434650108, 3.141592387506795, 3.1415923829876307, 3.1415923112553465, 3.1415920773632147, 3.1415918315906906, 3.1415917482843585, 3.141591639364699, 3.1415911109222234, 3.1415904645232513, 3.141590336208215, 3.141590171038544, 3.141588457497191, 3.1415859376724393, 3.141583658728069, 3.141581815089791, 3.141579918856271, 3.1415780104893662, 3.1415776530934028, 3.1415762873853823, 3.1415713637361993, 3.141565592347042, 3.1415564291811955, 3.1415424033010773, 3.141542833982176, 3.141550893060002, 3.141542076571481, 3.141517445920165, 3.141522390411481, 3.1415339695013555, 3.141531391068744, 3.1415113296710055, 3.141501207834418, 3.141507444140043, 3.1414775596854203, 3.1413939076283373, 3.141349618282834, 3.1412417331818188, 3.1412341990404933, 3.1412409829504853, 3.1412580256937424, 3.1411962291029734, 3.141189914831773, 3.141119162460187, 3.1411766600849305, 3.1412454780233254, 3.141319700552631, 3.1413183070796853, 3.141243330990818, 3.1412642679976486, 3.141201763104616, 3.1406142986483148, 3.140689840811543, 3.1410861390801106, 3.1408426870698904, 3.1393958859062874, 3.139542606148569, 3.1399062558775306, 3.1402310993040734, 3.1401683496260437, 3.140298612547755, 3.1384738457648735, 3.1384978550158307, 3.1363536402948657, 3.1374337453981527, 3.1253805753531134, 3.1250484844775177, 3.1401548891185382], "predicted_p_opt": 0.19745502175842733, "predicted_tts": 5.064444505358954, "p_opt": 0.1847962481167805, "tts": 5.41136527494897, "approx": 0.8818801663207766, "opt_gap": -0.11811983367922341, "th": -82.9990005493164}