{"edges": [[0, 2], [0, 3], [0, 7], [0, 14], [1, 2], [1, 4], [1, 11], [2, 4], [2, 6], [2, 8], [2, 13], [3, 4], [3, 5], [3, 6], [3, 7], [3, 10], [4, 6], [5, 10], [5, 12], [6, 11], [7, 9], [7, 11], [7, 12], [9, 12], [9, 13], [10, 11], [11, 12], [11, 13], [13, 14]], "num_nodes": 15, "num_colors": 3, "opt_value": 29, "opt_count": 84, "feasible_count": 14348907, "mean_value": 19.333333333333332, "std": 2.5385910352879697, "level": 39, "gammas": [3.1415928394506327, 3.14159268406551, 3.141592699628979, 3.1415927462813142, 3.1415927650658735, 3.1415927653327627, 3.1415927279242877, 3.1415927090890565, 3.141592702587172, 3.141592722112769, 3.1415927398370846, 3.1415927470135814, 3.1415927487695154, 3.141592723965422, 3.1415926494660225, 3.1415925534465754, 3.141592461039381, 3.141592407528754, 3.1415923536662804, 3.141592015329686, 3.141591541979048, 3.1415909935590536, 3.1415904413774354, 3.1415889683941383, 3.1415865913475582, 3.141585827217046, 3.141585447322342, 3.141578106576862, 3.141552560367372, 3.1415390502251292, 3.1414432185961645, 3.141432862681418, 3.1412297957096307, 3.141241418541113, 3.1408854204824075, 3.140819346980683, 3.1394546977916917, 3.136719097876802, 3.140435711464448], "betas": [3.141592565052756, 3.141592622337222, 3.1415925847253163, 3.1415925464281544, 3.141592537094069, 3.1415925564134883, 3.1415925848418054, 3.1415926003952004, 3.1415925984162447, 3.141592576565264, 3.1415925459876997, 3.1415925229341735, 3.1415925129605533, 3.141592509573644, 3.141592481073807, 3.1415924155017, 3.141592336503743, 3.1415922508555223, 3.1415919976399014, 3.141591498978582, 3.1415910766832074, 3.141590622408754, 3.1415900699065333, 3.1415876743225186, 3.1415859617109927, 3.1415844314942096, 3.1415837104342956, 3.141564071509649, 3.1415534118102473, 3.1414975820966324, 3.1414221279036836, 3.141355720287955, 3.1411879489782812, 3.141255483630236, 3.140446231548233, 3.141085714986134, 3.137073535166753, 3.138521764626798, 3.1413488651479957], "predicted_p_opt": 0.03653546573268612, "predicted_tts": 27.3706651864399, "p_opt": 0.03609274594538504, "tts": 27.706398441204332, "approx": 0.6786956514452914, "opt_gap": -0.3213043485547086, "th": -28.999000549316406}