{"N": 20, "edgelist": ["0 1 {}\n", "0 2 {}\n", "0 4 {}\n", "0 5 {}\n", "0 6 {}\n", "0 9 {}\n", "0 10 {}\n", "0 14 {}\n", "0 16 {}\n", "0 17 {}\n", "0 18 {}\n", "1 2 {}\n", "1 3 {}\n", "1 4 {}\n", "1 5 {}\n", "1 6 {}\n", "1 8 {}\n", "1 9 {}\n", "1 10 {}\n", "1 11 {}\n", "1 13 {}\n", "1 14 {}\n", "1 16 {}\n", "1 18 {}\n", "1 19 {}\n", "2 3 {}\n", "2 8 {}\n", "2 9 {}\n", "2 10 {}\n", "2 13 {}\n", "2 14 {}\n", "2 16 {}\n", "2 17 {}\n", "2 18 {}\n", "2 19 {}\n", "3 5 {}\n", "3 6 {}\n", "3 8 {}\n", "3 9 {}\n", "3 17 {}\n", "3 19 {}\n", "4 6 {}\n", "4 9 {}\n", "4 10 {}\n", "4 11 {}\n", "4 14 {}\n", "4 15 {}\n", "4 16 {}\n", "4 17 {}\n", "4 19 {}\n", "5 6 {}\n", "5 11 {}\n", "5 12 {}\n", "5 13 {}\n", "5 18 {}\n", "6 10 {}\n", "6 11 {}\n", "6 12 {}\n", "6 16 {}\n", "6 18 {}\n", "6 19 {}\n", "7 13 {}\n", "7 14 {}\n", "8 12 {}\n", "8 13 {}\n", "8 16 {}\n", "8 17 {}\n", "9 11 {}\n", "9 16 {}\n", "9 18 {}\n", "9 19 {}\n", "10 13 {}\n", "10 16 {}\n", "10 17 {}\n", "10 19 {}\n", "11 12 {}\n", "11 13 {}\n", "11 18 {}\n", "11 19 {}\n", "12 13 {}\n", "12 14 {}\n", "12 15 {}\n", "12 18 {}\n", "13 18 {}\n", "14 16 {}\n", "14 19 {}\n", "15 19 {}\n", "16 19 {}\n", "18 19 {}\n"], "opt_value": 81, "opt_count": 3, "feasible_count": 184756, "mean_value": 67.92105263157895, "std": 3.7161212018317706, "level": 31, "gammas": [-0.11576896905899048, -0.20101431012153625, -0.2139924317598343, -0.21544119715690613, -0.21488124132156372, -0.21431559324264526, -0.21411696076393127, -0.21448802947998047, -0.2154097557067871, -0.2168678194284439, -0.21884971857070923, -0.2216607630252838, -0.22580784559249878, -0.2321549952030182, -0.12610964477062225, 0.24073868989944458, 0.22235342860221863, 0.22139181196689606, 0.21926704049110413, 0.21762286126613617, 0.2166614830493927, 0.21609380841255188, 0.2158462256193161, 0.21581625938415527, 0.2160092145204544, 0.2165299504995346, 0.21724805235862732, 0.21801474690437317, 0.21851249039173126, 0.22941915690898895, 0.20852671563625336], "betas": [2.791062593460083, 2.703523874282837, 2.688650608062744, 2.6970033645629883, 2.71097993850708, 2.722154378890991, 2.732327461242676, 2.741102457046509, 2.749525308609009, 2.7611453533172607, 2.782245635986328, 2.842015504837036, 3.0343031883239746, 4.057345867156982, 1.0897908210754395, -3.3083279132843018, -2.890166997909546, -2.786736011505127, -2.7623112201690674, -2.759072780609131, -2.7607882022857666, -2.76078200340271, -2.7596986293792725, -2.759550094604492, -2.76479434967041, -2.7802226543426514, -2.8080191612243652, -2.8485000133514404, -2.898848295211792, -2.7564785480499268, -2.885097026824951], "predicted_p_opt": 0.06444716274437637, "predicted_tts": 15.516586881666246, "p_opt": 0.040493354201316833, "tts": 24.695410388292316, "approx": 0.8565503358840942, "opt_gap": -0.14344966411590576}