{"N": 24, "edgelist": ["0 1 {}\n", "0 5 {}\n", "0 9 {}\n", "0 14 {}\n", "0 15 {}\n", "0 17 {}\n", "0 18 {}\n", "0 22 {}\n", "0 23 {}\n", "1 2 {}\n", "1 3 {}\n", "1 4 {}\n", "1 5 {}\n", "1 6 {}\n", "1 7 {}\n", "1 10 {}\n", "1 12 {}\n", "1 13 {}\n", "1 14 {}\n", "1 19 {}\n", "2 4 {}\n", "2 6 {}\n", "2 8 {}\n", "2 11 {}\n", "2 14 {}\n", "2 16 {}\n", "2 18 {}\n", "2 19 {}\n", "2 22 {}\n", "3 4 {}\n", "3 5 {}\n", "3 6 {}\n", "3 7 {}\n", "3 9 {}\n", "3 13 {}\n", "3 17 {}\n", "3 19 {}\n", "3 23 {}\n", "4 5 {}\n", "4 6 {}\n", "4 7 {}\n", "4 10 {}\n", "4 11 {}\n", "4 12 {}\n", "4 14 {}\n", "4 17 {}\n", "4 18 {}\n", "4 19 {}\n", "4 23 {}\n", "5 7 {}\n", "5 8 {}\n", "5 9 {}\n", "5 10 {}\n", "5 11 {}\n", "5 13 {}\n", "5 14 {}\n", "5 15 {}\n", "5 16 {}\n", "5 18 {}\n", "5 20 {}\n", "5 21 {}\n", "5 22 {}\n", "5 23 {}\n", "6 7 {}\n", "6 11 {}\n", "6 13 {}\n", "6 14 {}\n", "6 15 {}\n", "6 19 {}\n", "6 20 {}\n", "6 22 {}\n", "7 11 {}\n", "7 14 {}\n", "7 16 {}\n", "7 17 {}\n", "7 18 {}\n", "7 20 {}\n", "7 21 {}\n", "7 23 {}\n", "8 10 {}\n", "8 11 {}\n", "8 13 {}\n", "8 14 {}\n", "8 15 {}\n", "8 16 {}\n", "8 17 {}\n", "8 19 {}\n", "8 20 {}\n", "8 21 {}\n", "8 22 {}\n", "8 23 {}\n", "9 10 {}\n", "9 11 {}\n", "9 13 {}\n", "9 14 {}\n", "9 16 {}\n", "9 18 {}\n", "9 22 {}\n", "9 23 {}\n", "10 13 {}\n", "10 14 {}\n", "10 17 {}\n", "10 19 {}\n", "10 20 {}\n", "10 21 {}\n", "10 22 {}\n", "10 23 {}\n", "11 12 {}\n", "11 13 {}\n", "11 14 {}\n", "11 17 {}\n", "11 18 {}\n", "11 19 {}\n", "11 20 {}\n", "11 21 {}\n", "11 22 {}\n", "11 23 {}\n", "12 14 {}\n", "12 15 {}\n", "12 16 {}\n", "12 18 {}\n", "12 19 {}\n", "12 20 {}\n", "12 21 {}\n", "12 22 {}\n", "13 15 {}\n", "13 19 {}\n", "13 20 {}\n", "13 22 {}\n", "14 15 {}\n", "14 18 {}\n", "14 19 {}\n", "14 21 {}\n", "14 22 {}\n", "14 23 {}\n", "15 18 {}\n", "15 19 {}\n", "15 22 {}\n", "15 23 {}\n", "16 18 {}\n", "16 20 {}\n", "16 22 {}\n", "17 18 {}\n", "17 20 {}\n", "18 20 {}\n", "18 21 {}\n", "18 23 {}\n", "19 20 {}\n", "19 22 {}\n", "19 23 {}\n", "20 21 {}\n", "20 23 {}\n", "21 22 {}\n", "21 23 {}\n", "22 23 {}\n"], "opt_value": 134, "opt_count": 6, "feasible_count": 2704156, "mean_value": 117.93478260869566, "std": 3.976495552393698, "level": 99, "gammas": [-0.0951869934797287, -0.16726239025592804, -0.18126589059829712, -0.18281129002571106, -0.18255586922168732, -0.18082381784915924, -0.17915378510951996, -0.17748530209064484, -0.17593418061733246, -0.17280253767967224, -0.1663092076778412, -0.15714910626411438, -0.15463216602802277, -0.1586410403251648, -0.15776419639587402, -0.1708260029554367, -0.14890116453170776, -0.14979088306427002, -0.15149511396884918, -0.1510118544101715, -0.14883294701576233, -0.14845041930675507, -0.14797236025333405, -0.14677919447422028, -0.14604918658733368, -0.14530517160892487, -0.14440496265888214, -0.14370538294315338, -0.14290975034236908, -0.14218437671661377, -0.14155390858650208, -0.14067842066287994, -0.14026124775409698, -0.13940437138080597, -0.13862988352775574, -0.13962596654891968, -0.1350407749414444, -0.13299132883548737, -0.15340471267700195, -0.13826580345630646, -0.13750994205474854, -0.13380010426044464, -0.13449518382549286, -0.13671927154064178, -0.13720352947711945, -0.13931964337825775, -0.1402873545885086, -0.14013780653476715, -0.1407843977212906, -0.1414681375026703, -0.14068137109279633, -0.14245957136154175, -0.1432938426733017, -0.14112673699855804, -0.1489189714193344, -0.1549755036830902, -0.10870153456926346, 0.08444173634052277, 0.1224747747182846, 0.14696447551250458, 0.15964658558368683, 0.1610078662633896, 0.15787804126739502, 0.15725474059581757, 0.15782369673252106, 0.15806369483470917, 0.15854786336421967, 0.15830102562904358, 0.1589285135269165, 0.1588943749666214, 0.15868379175662994, 0.15955471992492676, 0.16439202427864075, 0.16286040842533112, 0.16615131497383118, 0.16435787081718445, 0.1654728502035141, 0.1668519228696823, 0.1677064746618271, 0.16878128051757812, 0.17015410959720612, 0.1713383048772812, 0.17249195277690887, 0.17360638082027435, 0.17471185326576233, 0.17581717669963837, 0.1768977791070938, 0.17807640135288239, 0.17917071282863617, 0.17978163063526154, 0.1804359257221222, 0.18125152587890625, 0.17765754461288452, 0.18966607749462128, 0.18175777792930603, 0.1798713505268097, 0.18225885927677155, 0.18369442224502563, 0.1786072701215744], "betas": [2.86934232711792, 2.8449132442474365, 2.8523635864257812, 2.8554694652557373, 2.8448452949523926, 2.822662353515625, 2.7964928150177, 2.7736895084381104, 2.7564773559570312, 2.7219133377075195, 2.628230094909668, 2.509174346923828, 2.4722249507904053, 2.4044458866119385, 2.28430438041687, 2.4391098022460938, 2.3740296363830566, 2.3421854972839355, 2.361724376678467, 2.3283278942108154, 2.307183265686035, 2.3000662326812744, 2.280730962753296, 2.263449192047119, 2.251450538635254, 2.2361977100372314, 2.2230563163757324, 2.211496353149414, 2.1983654499053955, 2.188776731491089, 2.1777429580688477, 2.16641902923584, 2.1611132621765137, 2.145453929901123, 2.1442160606384277, 2.130572557449341, 2.126727342605591, 2.1252315044403076, 2.0654489994049072, 2.102579355239868, 2.104936122894287, 2.117448568344116, 2.142031192779541, 2.141680955886841, 2.149806022644043, 2.152676820755005, 2.1532068252563477, 2.150529384613037, 2.161830425262451, 2.1530280113220215, 2.1557533740997314, 2.1837010383605957, 2.1837544441223145, 2.166708469390869, 2.3199942111968994, 2.3274524211883545, -1.7942267656326294, -2.692990779876709, -2.424403429031372, -2.464923143386841, -2.437559127807617, -2.4317097663879395, -2.418452262878418, -2.4283835887908936, -2.453735589981079, -2.456141710281372, -2.4678432941436768, -2.4774093627929688, -2.488189697265625, -2.503558397293091, -2.496769905090332, -2.5064356327056885, -2.5249550342559814, -2.5377182960510254, -2.5651891231536865, -2.580207586288452, -2.607926368713379, -2.622471570968628, -2.640639543533325, -2.661414623260498, -2.6815669536590576, -2.7004239559173584, -2.7206783294677734, -2.7416908740997314, -2.762416362762451, -2.781810998916626, -2.801776170730591, -2.8209517002105713, -2.8391611576080322, -2.852792501449585, -2.852700710296631, -2.910163164138794, -2.868108034133911, -2.857510805130005, -2.886554718017578, -2.9174420833587646, -2.9246535301208496, -2.922863006591797, -2.9387454986572266], "predicted_p_opt": 0.08786697217172382, "predicted_tts": 11.380840551164534, "p_opt": 0.060667372646346335, "tts": 16.48332466661097, "approx": 0.8928656597851101, "opt_gap": -0.10713434021488988}