{"edges": [[0, 4], [0, 9], [0, 12], [0, 14], [1, 2], [1, 5], [2, 3], [2, 5], [2, 11], [3, 4], [3, 5], [5, 9], [6, 12], [6, 14], [7, 12], [7, 13], [8, 9], [8, 11], [9, 10], [9, 11], [9, 13], [10, 14], [11, 14], [12, 13], [12, 15], [13, 14], [13, 15]], "num_nodes": 16, "num_colors": 3, "opt_value": 27, "opt_count": 552, "feasible_count": 43046721, "mean_value": 18.0, "std": 2.449489742783178, "level": 69, "gammas": [3.141592806555996, 3.141592766786982, 3.1415927371715546, 3.141592731754013, 3.1415927399997177, 3.141592758691736, 3.1415927730990134, 3.1415927823865166, 3.1415927917940767, 3.141592795161003, 3.1415927912006816, 3.1415927874084018, 3.1415927772886905, 3.141592770045815, 3.141592767999157, 3.1415927530189958, 3.141592745899562, 3.141592749399577, 3.1415927528383834, 3.1415927573982443, 3.1415927771287806, 3.1415927667388397, 3.141592752581978, 3.141592699652287, 3.1415926331335586, 3.1415925448554156, 3.1415923809405544, 3.1415919934937953, 3.1415914364873507, 3.1415909617973026, 3.1415905870217546, 3.1415900408034116, 3.1415888189525916, 3.141587661946843, 3.141586459104873, 3.141585466365469, 3.141584366378928, 3.1415828162098465, 3.1415789604397464, 3.141571727074147, 3.141554891007723, 3.1415495602661525, 3.1415536438489413, 3.141552687163216, 3.1415328974949412, 3.141527608840828, 3.1415281638080677, 3.1415066854614193, 3.1414290253142365, 3.1413892318308014, 3.141395718892681, 3.1413914904723064, 3.1411528251479433, 3.1410027504599993, 3.1409268758928643, 3.140849534481512, 3.1409522562913588, 3.140891243249561, 3.1410906421801346, 3.141007658464361, 3.1401917397148065, 3.1393296780814817, 3.140201106458984, 3.139265718913859, 3.1392720178408524, 3.135003574175447, 3.1374028481746112, 3.13171024852356, 3.1384673369720733], "betas": [3.1415925175992534, 3.1415925577332797, 3.141592573409499, 3.141592569891437, 3.141592557962563, 3.141592543553457, 3.1415925273774223, 3.141592519298684, 3.1415925148104744, 3.1415925111341254, 3.1415925187282396, 3.1415925268073615, 3.1415925334111208, 3.14159254354649, 3.1415925454631726, 3.1415925471528445, 3.141592551764534, 3.1415925480940223, 3.1415925350076304, 3.141592522517574, 3.141592508872241, 3.1415924818728773, 3.1415924330658616, 3.1415923596450632, 3.1415922725831393, 3.1415921610681923, 3.141591930145369, 3.141591446067917, 3.1415909473176296, 3.14159055391753, 3.141590229940087, 3.1415893306757363, 3.141588084402444, 3.1415869000152634, 3.141585765572712, 3.1415846525225204, 3.1415835161214036, 3.1415806840616987, 3.1415759867543187, 3.141563299173429, 3.1415492294371417, 3.1415514299204057, 3.1415543036125784, 3.1415446988031177, 3.141525833735591, 3.1415311444650755, 3.141520585778946, 3.1414758916655403, 3.1413933330874517, 3.141396356245878, 3.1413960087915798, 3.1413135421595575, 3.141018196905964, 3.141011560369425, 3.1408254344146096, 3.1409536369143347, 3.1408686872414573, 3.1410354017566315, 3.1410257116938487, 3.1408222916334982, 3.1394294366352127, 3.139962398895642, 3.13962372919137, 3.1397010929949305, 3.136630669152935, 3.136804161614778, 3.133968538448919, 3.1342683496282264, 3.1408674719848317], "predicted_p_opt": 0.24775852265263132, "predicted_tts": 4.036188096754376, "p_opt": 0.22796198877331483, "tts": 4.386696244321675, "approx": 0.742650684999965, "opt_gap": -0.257349315000035, "th": -26.999000549316406}