{"edges": [[0, 1], [0, 2], [0, 7], [0, 8], [0, 9], [0, 12], [0, 15], [1, 2], [1, 5], [1, 10], [1, 14], [2, 9], [2, 10], [2, 13], [3, 9], [3, 12], [3, 13], [4, 6], [4, 10], [4, 12], [5, 9], [5, 11], [5, 15], [6, 7], [6, 8], [6, 9], [6, 14], [7, 9], [7, 10], [9, 15], [10, 11], [13, 14]], "num_nodes": 16, "num_colors": 3, "opt_value": 32, "opt_count": 96, "feasible_count": 43046721, "mean_value": 21.333333333333332, "std": 2.6666666666666665, "level": 69, "gammas": [3.141592639169873, 3.1415926183709146, 3.1415926084884855, 3.141592599030539, 3.141592597977801, 3.1415926045280242, 3.14159260765537, 3.141592610619234, 3.141592619337348, 3.141592623189752, 3.1415926271636243, 3.1415926307684354, 3.141592635580873, 3.1415926359522475, 3.1415926419121423, 3.1415926498996605, 3.1415926450408853, 3.1415926404425525, 3.141592640836361, 3.141592631639597, 3.141592606074115, 3.1415926028017704, 3.1415925844076296, 3.14159255215118, 3.1415925091782855, 3.14159242576149, 3.1415922516868453, 3.1415920501492804, 3.1415917603239385, 3.1415912274822935, 3.141590459257043, 3.141589358476931, 3.1415880273579786, 3.1415881528761296, 3.1415894003914704, 3.1415883178500166, 3.141583871414644, 3.141582819691435, 3.141587051764484, 3.141583338561295, 3.1415603014851468, 3.141551540900241, 3.141566863441408, 3.1415763904093064, 3.141560479297396, 3.1415350153089263, 3.141494624786807, 3.1414798687853325, 3.1414638139623943, 3.141448238108995, 3.1414401730433044, 3.1414206394276474, 3.141474035175461, 3.1414982996276324, 3.1414040782209205, 3.1412944424040914, 3.1412751190769543, 3.141236740467341, 3.1409179843926514, 3.1406249269933904, 3.1411159737023575, 3.1414801578625977, 3.140282010093994, 3.138732844523486, 3.1403855849075977, 3.1399985823792465, 3.140168839981217, 3.134423267411885, 3.138778983180282], "betas": [3.1415926710051045, 3.1415926909806937, 3.1415927064389115, 3.141592710907258, 3.1415927081677393, 3.1415927053469113, 3.141592700002164, 3.1415926974919275, 3.1415926915713914, 3.14159268392032, 3.141592676448343, 3.1415926715105176, 3.1415926677309094, 3.141592662982332, 3.1415926641702647, 3.1415926612702365, 3.141592659030903, 3.1415926602404323, 3.1415926605814466, 3.1415926511962526, 3.1415926408365196, 3.1415926363981614, 3.141592622086863, 3.141592593653612, 3.1415925333513397, 3.1415924006123803, 3.14159221157284, 3.141591960282394, 3.1415915820768086, 3.141590905963516, 3.14159002290746, 3.141588677569558, 3.141587879549788, 3.141588848997179, 3.1415894482374958, 3.141586235166131, 3.141582562299046, 3.141584697747401, 3.1415876805555865, 3.1415730500151358, 3.141551814190612, 3.1415580533329113, 3.1415741408899027, 3.141571343262877, 3.1415483848352954, 3.1415163849342633, 3.1414813246339555, 3.14147754059768, 3.1414494670501987, 3.1414513426292885, 3.141421088375913, 3.1414451777278893, 3.1414924912379605, 3.141474413014137, 3.1413249083454216, 3.141297628114084, 3.141246476990557, 3.1411556232254756, 3.1406504125872026, 3.140862989572621, 3.1413045324715614, 3.1412859777144577, 3.1390603447881893, 3.139490898900887, 3.140320705611311, 3.1406065359140607, 3.13700310442258, 3.1356288418599103, 3.140874792076543], "predicted_p_opt": 0.04308843872219675, "predicted_tts": 23.208081556337664, "p_opt": 0.042473136400306755, "tts": 23.544293752527718, "approx": 0.6808236260068057, "opt_gap": -0.3191763739931943, "th": -31.999000549316406}