{"edges": [[0, 1], [0, 4], [0, 7], [0, 11], [0, 13], [0, 14], [1, 2], [1, 3], [1, 6], [1, 7], [1, 8], [1, 10], [1, 11], [1, 14], [2, 6], [2, 11], [2, 13], [3, 7], [3, 12], [4, 6], [4, 11], [5, 7], [5, 11], [7, 13], [8, 9], [8, 12], [10, 14], [11, 12], [11, 13]], "num_nodes": 15, "num_colors": 3, "opt_value": 29, "opt_count": 48, "feasible_count": 14348907, "mean_value": 19.333333333333332, "std": 2.5385910352879693, "level": 38, "gammas": [3.1415926495642075, 3.1415926588375354, 3.1415926688832925, 3.1415926643846257, 3.1415926201852398, 3.141592430312536, 3.141591911342284, 3.141590665908424, 3.141588092064745, 3.1415833082047726, 3.1415740971739945, 3.1415598825521815, 3.1415454709607533, 3.141535626129271, 3.1415327184140756, 3.141534231064769, 3.1415306026109686, 3.1415233606475668, 3.1415241038637873, 3.141535871375884, 3.1415539973671103, 3.141571822164204, 3.141583412987958, 3.1415884604495368, 3.14159047797062, 3.141591610181974, 3.1415922343642837, 3.141592583568621, 3.141594246900337, 3.1415952088058336, 3.1415910520968446, 3.1415815232480546, 3.1415092558485536, 3.1414412911924705, 3.141485941165955, 3.1413495820250077, 3.140195817156009, 3.1390677170361547], "betas": [3.1415926494953847, 3.141592643464137, 3.141592638267138, 3.1415926203181805, 3.141592529954947, 3.141592209686382, 3.1415913841243968, 3.1415895465074093, 3.1415860481396534, 3.141579377162769, 3.14156737823186, 3.1415522973826504, 3.1415397903602913, 3.14153322110349, 3.141533517225273, 3.1415334476965397, 3.1415266933673904, 3.1415222747618468, 3.1415288261770815, 3.1415444814392495, 3.1415633261694977, 3.1415785064029653, 3.1415865288352878, 3.1415897543127422, 3.1415914273580285, 3.1415924377708913, 3.14159263242148, 3.141592816983943, 3.141593874488125, 3.14159048936731, 3.1415879220381324, 3.1415591457188063, 3.1414961701543676, 3.141442450511425, 3.1412721433097457, 3.1414666533319062, 3.138668196257205, 3.140576404195311], "predicted_p_opt": 0.01983370580072754, "predicted_tts": 50.41922120087705, "p_opt": 0.00821946532000746, "tts": 121.66241489769949, "approx": 0.9354172549597348, "opt_gap": -0.06458274504026518, "th": -26.99035341982094}