{"edges": [[0, 15], [1, 5], [1, 12], [1, 14], [1, 16], [2, 7], [2, 10], [3, 5], [3, 10], [3, 13], [3, 15], [4, 5], [4, 6], [4, 7], [4, 11], [5, 13], [5, 14], [5, 15], [6, 7], [6, 9], [6, 12], [6, 14], [6, 15], [7, 13], [7, 15], [8, 13], [8, 15], [9, 15], [9, 16], [10, 14], [11, 16], [12, 15], [15, 16]], "num_nodes": 17, "num_colors": 3, "opt_value": 33, "opt_count": 48, "feasible_count": 129140163, "mean_value": 22.0, "std": 2.70801280154532, "level": 53, "gammas": [3.141592779764258, 3.1415926602151676, 3.1415926336122624, 3.1415926380211725, 3.1415926686834625, 3.141592692857372, 3.141592702765787, 3.1415927153032124, 3.141592693626767, 3.1415926728009684, 3.14159265589079, 3.141592637995089, 3.141592635611045, 3.1415926422615708, 3.141592647583363, 3.141592661309853, 3.1415926829615204, 3.1415926877465346, 3.141592679241955, 3.1415926642772227, 3.1415926024153693, 3.141592504256338, 3.141592355433072, 3.1415921149424433, 3.141591850325556, 3.141591692692117, 3.1415916358585467, 3.1415914267399594, 3.1415909575586634, 3.141589051276276, 3.141586153809982, 3.141584040850266, 3.1415790914159802, 3.1415767288870824, 3.141578296589637, 3.14157740269033, 3.141567316144758, 3.141556724974628, 3.141511981802824, 3.141506457678037, 3.1414907948248025, 3.1414578820151173, 3.1413012460988763, 3.1412603490508397, 3.141270504315113, 3.141236788479026, 3.141172729865444, 3.140864398204354, 3.1403408374256654, 3.1393586489759593, 3.1394566412605553, 3.1361434972655173, 3.140161436832966], "betas": [3.141592594735182, 3.14159266815444, 3.1415926788491415, 3.1415926571100674, 3.1415926312780766, 3.1415926079132412, 3.14159259605724, 3.141592602224354, 3.14159262060337, 3.141592640966078, 3.1415926590828716, 3.14159267297002, 3.1415926745462883, 3.141592663133089, 3.141592645286578, 3.1415926275488224, 3.141592607668998, 3.141592586738528, 3.141592570578713, 3.1415925456674136, 3.1415925090986603, 3.141592453791071, 3.141592324588146, 3.1415920881945487, 3.1415918739647117, 3.1415917419443073, 3.1415915684122813, 3.141591128471592, 3.1415901096775674, 3.141587216202838, 3.1415850935469773, 3.1415817333307228, 3.1415773949936665, 3.141577453266995, 3.1415795100392927, 3.14157253996035, 3.14156400376775, 3.1415362745404902, 3.1415000100879884, 3.1415062602793875, 3.141476417962474, 3.1414026352782787, 3.1412388013664816, 3.1412986522575164, 3.1411933853260954, 3.1413164296033473, 3.140929772096603, 3.1408847967448303, 3.1393064015127106, 3.140299345510269, 3.1369602570672956, 3.1379435107781672, 3.1412831437662105], "predicted_p_opt": 0.0042554693074067125, "predicted_tts": 234.99170779107348, "p_opt": 0.004249436293100014, "tts": 235.3253304735363, "approx": 0.6680829691504727, "opt_gap": -0.3319170308495273, "th": -32.999000549316406}