{"edges": [[0, 1], [0, 7], [0, 9], [1, 9], [2, 5], [2, 6], [2, 7], [2, 8], [2, 9], [2, 10], [3, 5], [3, 6], [3, 9], [4, 8], [4, 9], [5, 9], [5, 11], [6, 8], [7, 10], [7, 11], [9, 10], [10, 11]], "num_nodes": 12, "num_colors": 3, "distribution": [[0, 3], [3, 42], [4, 60], [5, 198], [6, 486], [7, 990], [10, 10950], [9, 5292], [11, 22410], [12, 40224], [8, 2328], [13, 64092], [14, 88038], [15, 98874], [16, 89568], [17, 62382], [18, 31848], [19, 10722], [20, 2508], [21, 378], [2, 12], [22, 36]], "opt_value": 22, "opt_count": 36, "feasible_count": 531441, "mean_value": 14.666666666666666, "std": 2.211083193570267, "level": 7, "gammas": [0.15964698791503906, 0.3105698823928833, 0.3500014543533325, 0.369286447763443, 0.3874977231025696, 0.41380932927131653, 0.4620876610279083], "betas": [2.116877794265747, 1.6611006259918213, 1.4652786254882812, 1.35780930519104, 1.277205228805542, 1.186912178993225, 1.0097894668579102], "predicted_p_opt": 0.015241579027587259, "predicted_tts": 65.61, "p_opt": 0.0009120555478148162, "tts": 1096.4244473879787, "approx": 0.8445532321929932}