{"edges": [[0, 2], [0, 3], [0, 8], [0, 9], [0, 11], [1, 8], [1, 9], [1, 10], [2, 5], [2, 8], [2, 10], [3, 7], [3, 11], [4, 11], [5, 7], [5, 11], [6, 7], [8, 9], [9, 10], [9, 11]], "num_nodes": 12, "num_colors": 3, "opt_value": 20, "opt_count": 24, "feasible_count": 531441, "mean_value": 13.333333333333334, "std": 2.1081851067789197, "level": 7, "gammas": [0.17118164896965027, 0.3329920768737793, 0.3735243082046509, 0.39165475964546204, 0.4095228612422943, 0.43348678946495056, 0.4781738519668579], "betas": [-2.131943702697754, -1.6788002252578735, -1.4770383834838867, -1.3674026727676392, -1.2881734371185303, -1.199249505996704, -1.0288068056106567], "predicted_p_opt": 0.010161052685058172, "predicted_tts": 98.415, "p_opt": 0.0006531578837893903, "tts": 1531.023393912594, "approx": 0.8548984527587891, "opt_gap": -0.14510154724121094}