{"edges": [[0, 13], [1, 3], [1, 5], [1, 9], [1, 13], [2, 3], [2, 5], [2, 8], [2, 9], [2, 10], [3, 5], [3, 12], [3, 14], [4, 10], [4, 14], [6, 10], [6, 11], [6, 15], [7, 10], [7, 15], [8, 14], [9, 12], [10, 15], [11, 12], [13, 14]], "num_nodes": 16, "num_colors": 3, "opt_value": 25, "opt_count": 1116, "feasible_count": 43046721, "mean_value": 16.666666666666668, "std": 2.3570226039551585, "level": 7, "gammas": [3.142093582265523, 3.1406102948583188, 3.1408189880478563, 3.1397821839030757, 3.137534970957911, 3.1395518255914494, 1.9864772540746105], "betas": [3.1389635202608264, 3.1399854225210926, 3.14072132007597, 3.1406003348271683, 3.1395375705743813, 3.1291297299042022, 0.8860425615995394], "predicted_p_opt": 0.005833196911792654, "predicted_tts": 171.4325806451613, "p_opt": 0.002024732157102593, "tts": 493.8924867134068, "approx": 0.8903165502168126, "opt_gap": -0.10968344978318745, "th": -21.986729737112704}