{"N": 18, "edgelist": ["0 1 {}\n", "0 2 {}\n", "0 3 {}\n", "0 6 {}\n", "0 8 {}\n", "0 10 {}\n", "0 11 {}\n", "0 13 {}\n", "0 15 {}\n", "0 16 {}\n", "1 3 {}\n", "1 5 {}\n", "1 6 {}\n", "1 9 {}\n", "1 12 {}\n", "1 13 {}\n", "1 16 {}\n", "1 17 {}\n", "2 3 {}\n", "2 5 {}\n", "2 6 {}\n", "2 13 {}\n", "2 14 {}\n", "2 16 {}\n", "3 5 {}\n", "3 9 {}\n", "3 11 {}\n", "3 12 {}\n", "3 15 {}\n", "4 12 {}\n", "4 13 {}\n", "4 14 {}\n", "4 16 {}\n", "4 17 {}\n", "5 6 {}\n", "5 7 {}\n", "5 9 {}\n", "5 10 {}\n", "5 11 {}\n", "5 13 {}\n", "5 16 {}\n", "5 17 {}\n", "6 7 {}\n", "6 8 {}\n", "6 11 {}\n", "6 15 {}\n", "7 8 {}\n", "7 10 {}\n", "7 11 {}\n", "7 13 {}\n", "7 15 {}\n", "7 17 {}\n", "8 11 {}\n", "8 12 {}\n", "8 17 {}\n", "9 12 {}\n", "9 13 {}\n", "9 14 {}\n", "9 15 {}\n", "9 17 {}\n", "10 14 {}\n", "10 17 {}\n", "11 12 {}\n", "11 15 {}\n", "11 16 {}\n", "11 17 {}\n", "12 13 {}\n", "12 15 {}\n", "12 17 {}\n", "13 15 {}\n", "14 16 {}\n", "14 17 {}\n"], "opt_value": 64, "opt_count": 4, "feasible_count": 48620, "mean_value": 55.05882352941177, "std": 2.4294900998622575, "level": 29, "gammas": [3.1415925340786757, 3.1415926305479904, 3.1415925963447386, 3.14159254990692, 3.141592536480678, 3.141592567951924, 3.1415925504970845, 3.1415925195182615, 3.1415924891208813, 3.1415924691518486, 3.14159247859452, 3.1415924533743684, 3.141592403689155, 3.1415923347528096, 3.1415921314929283, 3.141591504671255, 3.1415915211802967, 3.141587835765341, 3.141580787082753, 3.141579098170401, 3.141577604995112, 3.14157588678525, 3.141513203192058, 3.1415005860227954, 3.141435942953448, 3.1416835738434385, 3.1399216941254364, 3.138448261354848, 3.140947034294715], "betas": [3.141592700985834, 3.14159269160645, 3.1415927404580652, 3.1415927622852204, 3.1415927522507743, 3.1415927462512645, 3.1415927639198022, 3.141592799281449, 3.141592809076511, 3.1415927554076974, 3.141592640117846, 3.1415925271843332, 3.141592552246637, 3.141592719852663, 3.1415924243138114, 3.14159175811128, 3.141590121257917, 3.1415828921481572, 3.141580894229621, 3.141580810650338, 3.141582467926511, 3.1415369378822025, 3.141493835132865, 3.141545228615287, 3.14138143518204, 3.141456870550872, 3.1383764981388236, 3.1397626166092136, 3.141464610717452], "predicted_p_opt": 0.28638420403126286, "predicted_tts": 3.491812697500718, "p_opt": 0.2600748447074317, "tts": 3.8450469945485843, "approx": 0.8966196427240636, "opt_gap": -0.10338035727593642, "th": -63.999000549316406}