{
  "locs": [
    [
      0.89,
      0.58
    ],
    [
      0.4,
      0.52
    ],
    [
      0.78,
      0.76
    ],
    [
      0.15,
      0.57
    ],
    [
      0.64,
      0.36
    ],
    [
      0.67,
      0.69
    ],
    [
      0.47,
      0.6
    ],
    [
      0.44,
      0.53
    ],
    [
      0.5,
      0.19
    ]
  ],
  "opt_value": 2.0028579235076904,
  "opt_count": 2,
  "feasible_count": 40320,
  "mean_value": 3.256287097930908,
  "std": 0.33654138445854187,
  "level": 5,
  "gammas": [
    -1.751594066619873,
    -2.491844654083252,
    -2.478517770767212,
    -2.420814037322998,
    -2.2922792434692383
  ],
  "betas": [
    2.9541618824005127,
    3.0089311599731445,
    2.99282169342041,
    2.9470083713531494,
    2.894587278366089
  ],
  "predicted_p_opt": 0.006001984126984127,
  "predicted_tts": 166.61157024793388,
  "p_opt": 0.0041193608194589615,
  "tts": 242.7561080049648,
  "approx": 1.559095859527588,
  "opt_gap": 0.5590958595275879
}
