{"locs": [[0.96, 0.74], [0.67, 0.63], [0.88, 0.07], [0.56, 0.12], [0.51, 0.67], [0.84, 0.5], [0.61, 0.87], [0.25, 0.22], [0.82, 0.96]], "opt_value": 2.7710609436035156, "opt_count": 2.0, "feasible_count": 40320.0, "mean_value": 4.61890983581543, "std": 0.5023741126060486, "level": 5, "gammas": [-1.1831599473953247, -1.6916391849517822, -1.6847317218780518, -1.638174295425415, -1.5526087284088135], "betas": [2.9539945125579834, 3.005378246307373, 2.9912264347076416, 2.9480550289154053, 2.88851261138916], "predicted_p_opt": 0.006001984126984127, "predicted_tts": 166.61157024793388, "p_opt": 0.0041061691008508205, "tts": 243.53600045180667, "approx": 1.5970666408538818, "opt_gap": 0.5970666408538818}