{"edges": [[0, 7], [0, 8], [0, 11], [0, 14], [0, 15], [0, 16], [1, 3], [1, 5], [1, 8], [1, 16], [2, 4], [2, 9], [2, 10], [2, 11], [3, 8], [3, 11], [3, 14], [4, 8], [5, 8], [5, 9], [6, 7], [6, 9], [6, 11], [6, 12], [8, 9], [8, 15], [8, 16], [9, 13], [9, 15], [10, 15], [11, 12], [11, 13], [11, 15], [14, 16]], "num_nodes": 17, "num_colors": 3, "opt_value": 34, "opt_count": 12, "feasible_count": 129140163, "mean_value": 22.666666666666668, "std": 2.748737083745107, "level": 19, "gammas": [3.1415929059959797, 3.1415908366693683, 3.1415934134413654, 3.141595572675503, 3.1415952192571344, 3.1415936519089276, 3.1415934241835792, 3.1415952376206957, 3.141596486545157, 3.1415928307197727, 3.141590973562579, 3.141582842973298, 3.1415676540391138, 3.1415527802455343, 3.141502999880476, 3.141648980282307, 3.1411753115263155, 3.141186397428233, 3.141555534893306], "betas": [3.1415943646783244, 3.1415934058301938, 3.1415905482003814, 3.1415896097198885, 3.141590892417111, 3.1415920193082574, 3.1415910119021184, 3.1415891296085303, 3.141588667872421, 3.1415912577223493, 3.1415915916428405, 3.1415569041537497, 3.141551296296905, 3.1415620084357276, 3.1415067368659937, 3.1415398127586873, 3.141003073624355, 3.141419637666422, 3.14158084701588], "predicted_p_opt": 0.00014133480689504783, "predicted_tts": 7075.397928994083, "p_opt": 0.00014132831681184737, "tts": 7075.722845629838, "approx": 0.6667152611891018, "opt_gap": -0.33328473881089815, "th": -33.999000549316406}