{"N": 18, "edgelist": ["0 4 {}\n", "0 6 {}\n", "0 8 {}\n", "0 9 {}\n", "0 11 {}\n", "0 13 {}\n", "0 15 {}\n", "1 8 {}\n", "1 9 {}\n", "1 14 {}\n", "1 17 {}\n", "2 3 {}\n", "2 4 {}\n", "2 8 {}\n", "2 9 {}\n", "2 10 {}\n", "2 12 {}\n", "2 13 {}\n", "2 14 {}\n", "2 15 {}\n", "2 16 {}\n", "3 4 {}\n", "3 8 {}\n", "3 9 {}\n", "3 14 {}\n", "3 16 {}\n", "4 5 {}\n", "4 6 {}\n", "4 9 {}\n", "4 12 {}\n", "4 14 {}\n", "4 17 {}\n", "5 6 {}\n", "5 8 {}\n", "5 11 {}\n", "5 12 {}\n", "5 13 {}\n", "5 14 {}\n", "5 15 {}\n", "6 8 {}\n", "6 10 {}\n", "6 14 {}\n", "6 15 {}\n", "7 8 {}\n", "7 9 {}\n", "7 11 {}\n", "7 12 {}\n", "7 13 {}\n", "8 9 {}\n", "8 13 {}\n", "8 14 {}\n", "8 16 {}\n", "8 17 {}\n", "9 11 {}\n", "9 12 {}\n", "9 13 {}\n", "9 14 {}\n", "10 12 {}\n", "10 13 {}\n", "10 17 {}\n", "11 12 {}\n", "11 14 {}\n", "11 15 {}\n", "11 16 {}\n", "12 13 {}\n", "12 14 {}\n", "12 16 {}\n", "12 17 {}\n", "13 17 {}\n", "14 15 {}\n", "14 16 {}\n", "15 17 {}\n", "16 17 {}\n"], "opt_value": 67, "opt_count": 1, "feasible_count": 48620, "mean_value": 55.8235294117647, "std": 2.9552603969601106, "level": 39, "gammas": [3.1415926556716176, 3.141592672484498, 3.1415926461001975, 3.1415921570934473, 3.1415890834719513, 3.1415773742754145, 3.1415466164971053, 3.1414886712735415, 3.141409844259127, 3.1413450904193323, 3.141311792743802, 3.1412448582719925, 3.141064668333133, 3.1408740441083642, 3.1409159049369575, 3.1408704685535063, 3.1406815527523366, 3.140668370340038, 3.140700375563328, 3.1407324349060177, 3.1408635433055387, 3.140919027443715, 3.1408811746311547, 3.1410474546252343, 3.14123999171341, 3.1413541362057984, 3.141416057109476, 3.1414711239875337, 3.141528425817469, 3.1415665203656844, 3.1415845675924743, 3.1415911153311438, 3.141594099212928, 3.141588168067368, 3.1415640187160365, 3.141620961562908, 3.1411844217588, 3.140860742002877, 3.1409666308916364], "betas": [3.1415926468136233, 3.141592619969138, 3.141592447485497, 3.1415911112600847, 3.1415848001275255, 3.1415649921669635, 3.1415210738663863, 3.14145033389945, 3.1413727538199794, 3.141326974122505, 3.1412881526066228, 3.141170890020923, 3.1409493945607005, 3.1408719687009574, 3.140930844072158, 3.14076454805298, 3.1406553197481997, 3.1406882415710675, 3.140709219368348, 3.1407868142301134, 3.1409191487920203, 3.1408852899645723, 3.1409422305654746, 3.141153963046308, 3.141305286897142, 3.1413891237998546, 3.1414421574466016, 3.141501084476277, 3.141550294178715, 3.1415773964352747, 3.1415886948036094, 3.141591446504184, 3.141591478144555, 3.1415892261981333, 3.1415835664359135, 3.1414453695915974, 3.1410480170745063, 3.1407305637921934, 3.1413547251338167], "predicted_p_opt": 0.1283628136569313, "predicted_tts": 7.790418202211184, "p_opt": 0.055413118651501496, "tts": 18.04626818225297, "approx": 0.9855123970457711, "opt_gap": -0.014487602954228906, "th": -65.98882551343662}