{"edges": [[6, 12], [6, 3], [6, 0], [12, 8], [12, 15], [5, 7], [5, 4], [5, 1], [7, 2], [7, 4], [14, 16], [14, 0], [14, 3], [16, 13], [16, 10], [8, 15], [8, 17], [9, 17], [9, 15], [9, 2], [17, 1], [0, 11], [11, 10], [11, 13], [4, 1], [3, 2], [10, 13]], "num_nodes": 18, "opt_value": 23, "opt_count": 8, "feasible_count": 262144, "mean_value": 13.5, "std": 2.598076211353316, "level": 2, "gammas": [-0.21756327329752653, 5.889951901692488], "betas": [1.855088950229752, 1.2364454084029166], "predicted_p_opt": 0.000762939453125, "predicted_tts": 1310.72, "p_opt": 0.0001719374610233969, "tts": 5816.0682032167615, "approx": 0.7212244763469018, "opt_gap": -0.2787755236530982}