{"edges": [[3, 10], [3, 1], [3, 8], [10, 9], [10, 4], [0, 2], [0, 7], [0, 6], [2, 14], [2, 12], [8, 9], [8, 5], [9, 5], [1, 13], [1, 16], [14, 15], [14, 7], [6, 11], [6, 5], [11, 13], [11, 12], [15, 17], [15, 12], [17, 4], [17, 16], [7, 13], [4, 16]], "num_nodes": 18, "opt_value": 23, "opt_count": 24, "feasible_count": 262144, "mean_value": 13.5, "std": 2.598076211353316, "level": 2, "gammas": [0.22289631024613096, 0.3966056343651753], "betas": [-1.9170977231221267, 4.975644139995598], "predicted_p_opt": 0.002288818359375, "predicted_tts": 436.9066666666667, "p_opt": 0.0005325290797685951, "tts": 1877.8317241089248, "approx": 0.7283165091160555, "opt_gap": -0.2716834908839445}