{"edges": [[0, 2], [0, 4], [1, 2], [1, 7], [2, 4], [2, 11], [2, 12], [3, 4], [3, 5], [3, 10], [4, 7], [5, 7], [6, 9], [6, 12], [6, 13], [6, 14], [8, 13], [9, 11], [9, 12], [9, 13], [9, 14], [10, 13], [10, 14], [11, 12]], "num_nodes": 15, "num_colors": 3, "distribution": [[0, 3], [3, 102], [4, 312], [7, 9174], [8, 23190], [11, 266658], [6, 3336], [10, 127728], [5, 1020], [9, 56742], [12, 524922], [13, 942912], [14, 1511766], [1, 6], [15, 2124432], [16, 2529636], [17, 2450712], [18, 1898136], [2, 18], [19, 1139646], [20, 517944], [21, 175032], [22, 40116], [23, 5100], [24, 264]], "opt_value": 24, "opt_count": 264, "feasible_count": 14348907, "mean_value": 16.0, "std": 2.309401076758503, "level": 10, "gammas": [0.2167850136756897, 0.3280733823776245, 0.3331716060638428, 0.33177298307418823, 0.3314169943332672, 0.33262330293655396, 0.33501166105270386, 0.3383118212223053, 0.34219250082969666, 0.34143978357315063], "betas": [2.6117160320281982, 2.5101821422576904, 2.508554697036743, 2.5317306518554688, 2.5584609508514404, -3.696387767791748, 2.6175014972686768, 2.657458782196045, -3.560026168823242, 2.85526442527771], "predicted_p_opt": 0.008113788736661267, "predicted_tts": 123.24698515769943, "p_opt": 0.005271246120790115, "tts": 189.70846306264076}