{"edges": [[0, 1], [0, 6], [0, 10], [0, 11], [1, 3], [1, 4], [2, 4], [2, 13], [2, 14], [3, 8], [3, 13], [4, 6], [4, 7], [5, 7], [5, 9], [5, 10], [5, 14], [6, 7], [6, 10], [6, 13], [7, 10], [7, 12], [8, 9], [8, 11], [8, 12], [9, 12]], "num_nodes": 15, "num_colors": 3, "distribution": [[0, 3], [2, 12], [3, 42], [5, 330], [6, 906], [8, 7092], [4, 108], [7, 2628], [10, 45702], [9, 17880], [12, 230838], [11, 104544], [14, 837810], [13, 463398], [15, 1359768], [16, 1910550], [17, 2324808], [18, 2382048], [19, 2031498], [20, 1410720], [21, 777120], [22, 324768], [23, 95394], [24, 18738], [25, 2130], [26, 72]], "opt_value": 26, "opt_count": 72, "feasible_count": 14348907, "mean_value": 17.333333333333332, "std": 2.4037008503093262, "level": 10, "gammas": [0.20720568299293518, 0.3132232427597046, 0.31651657819747925, 0.31401440501213074, 0.3132365345954895, 0.3141820728778839, 0.3162546753883362, 0.3191797733306885, 0.3221421539783478, 0.3191390037536621], "betas": [2.6673097610473633, 2.580284595489502, 2.582636594772339, 2.609363079071045, 2.6376469135284424, -3.6207454204559326, 2.687495231628418, 2.7214064598083496, -3.506927251815796, -3.40138578414917], "predicted_p_opt": 0.002212851473634891, "predicted_tts": 451.90561224489795, "p_opt": 0.0015145225916057825, "tts": 660.2740728612991}