{"N": 18, "edgelist": ["0 2 {}\n", "0 4 {}\n", "0 5 {}\n", "0 9 {}\n", "0 10 {}\n", "0 12 {}\n", "1 2 {}\n", "1 6 {}\n", "1 9 {}\n", "1 10 {}\n", "1 11 {}\n", "1 17 {}\n", "2 3 {}\n", "2 4 {}\n", "2 6 {}\n", "2 8 {}\n", "2 9 {}\n", "2 12 {}\n", "2 13 {}\n", "2 15 {}\n", "2 16 {}\n", "3 4 {}\n", "3 6 {}\n", "3 8 {}\n", "3 9 {}\n", "3 10 {}\n", "3 11 {}\n", "3 12 {}\n", "3 13 {}\n", "3 14 {}\n", "3 16 {}\n", "4 6 {}\n", "4 9 {}\n", "4 10 {}\n", "4 13 {}\n", "4 15 {}\n", "5 6 {}\n", "5 8 {}\n", "5 12 {}\n", "5 13 {}\n", "5 14 {}\n", "6 8 {}\n", "6 10 {}\n", "6 11 {}\n", "6 13 {}\n", "6 14 {}\n", "6 17 {}\n", "7 9 {}\n", "7 10 {}\n", "7 13 {}\n", "7 16 {}\n", "8 10 {}\n", "8 12 {}\n", "8 13 {}\n", "9 11 {}\n", "9 12 {}\n", "9 13 {}\n", "9 14 {}\n", "9 15 {}\n", "9 17 {}\n", "10 15 {}\n", "11 13 {}\n", "11 14 {}\n", "11 15 {}\n", "11 16 {}\n", "11 17 {}\n", "12 13 {}\n", "12 16 {}\n", "13 16 {}\n", "14 17 {}\n", "15 17 {}\n", "16 17 {}\n"], "opt_value": 66, "opt_count": 2, "feasible_count": 48620, "mean_value": 55.05882352941177, "std": 2.893615451407259, "level": 23, "gammas": [2.4649441242218018, 2.458714723587036, 2.4605329036712646, 2.4701430797576904, 2.4873173236846924, 2.5100486278533936, 2.534151315689087, 2.5567774772644043, 2.576134443283081, 2.5906877517700195, 2.599268913269043, 2.601154327392578, 2.5962026119232178, 2.584855079650879, 2.5680441856384277, 2.547078847885132, 2.5234830379486084, 2.499255418777466, 2.477829933166504, 2.461984634399414, 2.45391583442688, 2.453777313232422, 2.4616482257843018], "betas": [2.460405111312866, 2.4584672451019287, 2.4648654460906982, 2.479428768157959, 2.5006051063537598, 2.524617910385132, 2.5478949546813965, 2.5686023235321045, 2.5852181911468506, 2.596461296081543, 2.601331949234009, 2.5993800163269043, 2.59072208404541, 2.5760319232940674, 2.5564792156219482, 2.533545732498169, 2.5090761184692383, 2.4859566688537598, 2.468045473098755, 2.456925630569458, 2.4529826641082764, 2.456780433654785, 2.4683375358581543], "predicted_p_opt": 0.09086795557383792, "predicted_tts": 11.00497962879131, "p_opt": 0.0333333545509684, "tts": 29.999980904140596, "approx": 0.9732332783313125, "opt_gap": -0.026766721668687543, "th": -63.93187576227058}