{"N": 20, "edgelist": ["0 1 {}\n", "0 2 {}\n", "0 3 {}\n", "0 5 {}\n", "0 7 {}\n", "0 8 {}\n", "0 9 {}\n", "0 10 {}\n", "0 12 {}\n", "0 14 {}\n", "0 16 {}\n", "0 17 {}\n", "0 19 {}\n", "1 2 {}\n", "1 4 {}\n", "1 7 {}\n", "1 9 {}\n", "1 12 {}\n", "1 13 {}\n", "1 14 {}\n", "1 18 {}\n", "2 3 {}\n", "2 4 {}\n", "2 8 {}\n", "2 10 {}\n", "2 11 {}\n", "2 13 {}\n", "2 14 {}\n", "2 15 {}\n", "2 18 {}\n", "2 19 {}\n", "3 4 {}\n", "3 5 {}\n", "3 6 {}\n", "3 8 {}\n", "3 9 {}\n", "3 16 {}\n", "3 19 {}\n", "4 5 {}\n", "4 6 {}\n", "4 7 {}\n", "4 9 {}\n", "4 10 {}\n", "4 14 {}\n", "4 16 {}\n", "4 17 {}\n", "4 19 {}\n", "5 6 {}\n", "5 8 {}\n", "5 9 {}\n", "5 12 {}\n", "5 13 {}\n", "5 19 {}\n", "6 8 {}\n", "6 14 {}\n", "6 15 {}\n", "6 18 {}\n", "7 8 {}\n", "7 9 {}\n", "7 10 {}\n", "7 11 {}\n", "7 13 {}\n", "7 14 {}\n", "7 18 {}\n", "8 11 {}\n", "8 12 {}\n", "8 13 {}\n", "8 15 {}\n", "8 16 {}\n", "8 17 {}\n", "8 18 {}\n", "9 11 {}\n", "9 12 {}\n", "9 14 {}\n", "9 15 {}\n", "9 17 {}\n", "9 18 {}\n", "9 19 {}\n", "10 11 {}\n", "10 16 {}\n", "10 18 {}\n", "10 19 {}\n", "11 12 {}\n", "11 14 {}\n", "11 15 {}\n", "11 16 {}\n", "11 17 {}\n", "11 18 {}\n", "11 19 {}\n", "12 14 {}\n", "12 16 {}\n", "12 17 {}\n", "12 18 {}\n", "13 14 {}\n", "13 15 {}\n", "13 19 {}\n", "14 17 {}\n", "14 19 {}\n", "15 16 {}\n", "15 17 {}\n", "15 19 {}\n", "17 19 {}\n"], "opt_value": 89, "opt_count": 2, "feasible_count": 184756, "mean_value": 77.84210526315789, "std": 2.797028148893009, "level": 39, "gammas": [3.141592242923203, 3.1415922860756873, 3.1415923035823465, 3.1415923166573276, 3.141592323324154, 3.1415923328357858, 3.1415923307636864, 3.141592332034624, 3.141592337952948, 3.1415923530070717, 3.141592372594736, 3.141592390247374, 3.141592381140867, 3.14159236786145, 3.141592329948411, 3.141592253789134, 3.141592198196632, 3.141592189280796, 3.1415921375165747, 3.141591673622261, 3.14159102485509, 3.1415907009404043, 3.141590720436153, 3.141588830345242, 3.1415852000016513, 3.1415853433844085, 3.1415881917460324, 3.1415790608570098, 3.141539295782173, 3.1415364251981335, 3.141505834773503, 3.141515419772411, 3.1414007751269377, 3.1413782206919505, 3.140875265088831, 3.140479226500587, 3.1407182452622466, 3.137487665159051, 3.1401957934735023], "betas": [3.141593048814868, 3.141593013441644, 3.1415929922236954, 3.1415929801746483, 3.1415929743780127, 3.1415929748553073, 3.1415929785825445, 3.141592975389618, 3.141592959652267, 3.1415929365192525, 3.141592910220605, 3.1415928870539895, 3.1415928673866627, 3.141592842037567, 3.141592797122854, 3.141592742742953, 3.141592726624291, 3.141592740620403, 3.1415924930458017, 3.1415918195993613, 3.141591287745539, 3.141591167592067, 3.141590723469392, 3.141587332645665, 3.1415855914727615, 3.141587082143675, 3.1415887187788347, 3.141559398899357, 3.141533308922169, 3.1415275541135874, 3.1414952030348493, 3.141506799813576, 3.141350977468468, 3.1412547206033596, 3.140400333394455, 3.1411378390289078, 3.138731766183272, 3.1384311789951616, 3.141256935444074], "predicted_p_opt": 0.06755937560891122, "predicted_tts": 14.801794584201248, "p_opt": 0.06605183747998077, "tts": 15.139624242899885, "approx": 0.8829100802232662, "opt_gap": -0.11708991977673378, "th": -88.9990005493164}