{"edges": [[0, 6], [0, 10], [0, 12], [0, 15], [1, 6], [1, 11], [2, 3], [2, 6], [2, 9], [2, 13], [2, 15], [3, 11], [3, 13], [4, 7], [4, 8], [5, 8], [6, 10], [7, 8], [7, 10], [7, 12], [7, 14], [7, 15], [8, 11], [8, 13], [9, 14], [10, 11], [10, 15], [11, 12], [11, 15], [12, 13], [13, 15], [14, 15]], "num_nodes": 16, "num_colors": 3, "opt_value": 32, "opt_count": 108, "feasible_count": 43046721, "mean_value": 21.333333333333332, "std": 2.6666666666666665, "level": 3, "gammas": [0.21887442469596863, 0.2763725817203522, 0.2656218409538269], "betas": [-2.728403091430664, -2.800478219985962, -2.932547092437744], "predicted_p_opt": 0.00012293619297971617, "predicted_tts": 8134.301020408162, "p_opt": 8.817485650070012e-05, "tts": 11341.10153036722, "approx": 0.6612370014190674, "opt_gap": -0.3387629985809326}