{"edges": [[0, 1], [0, 10], [0, 11], [1, 11], [2, 4], [2, 5], [2, 6], [2, 11], [3, 4], [3, 5], [3, 8], [4, 7], [4, 9], [4, 10], [5, 6], [5, 7], [5, 10], [5, 11], [6, 8], [6, 9], [8, 9], [9, 10], [9, 11]], "num_nodes": 12, "num_colors": 3, "opt_value": 23, "opt_count": 48, "feasible_count": 531441, "mean_value": 15.333333333333334, "std": 2.260776661041756, "level": 49, "gammas": [-0.18765389919281006, -0.3023935854434967, -0.3121733069419861, -0.31117698550224304, -0.3073403835296631, -0.300472617149353, -0.28670454025268555, -0.26241999864578247, -0.24783048033714294, -0.2655661404132843, -0.2875189781188965, -0.30002307891845703, -0.3053218424320221, -0.30526432394981384, -0.3010415732860565, -0.29188764095306396, -0.2763836979866028, -0.25652435421943665, -0.26255980134010315, -0.3072584271430969, -0.28611889481544495, -0.3238883912563324, -0.32737913727760315, -0.32413697242736816, -0.3232998847961426, -0.32213762402534485, -0.31826600432395935, -0.31205496191978455, -0.3077768087387085, -0.31193721294403076, -0.32062917947769165, -0.32139837741851807, -0.3215431272983551, -0.3205310106277466, -0.3220880627632141, -0.32263439893722534, -0.32285434007644653, -0.3269922137260437, -0.3285910487174988, -0.33148714900016785, -0.3295007646083832, -0.3293558955192566, -0.3316982388496399, -0.33492937684059143, -0.3388505280017853, -0.34392425417900085, -0.3502613604068756, -0.3568387031555176, -0.3580303192138672], "betas": [2.5532617568969727, 2.371063470840454, 2.2928073406219482, 2.247018575668335, 2.196650743484497, 2.1191208362579346, 1.981111764907837, 1.8122767210006714, 1.8244112730026245, 1.9870615005493164, 2.1102097034454346, 2.1809470653533936, 2.2068378925323486, 2.1970436573028564, 2.1536619663238525, 2.0587687492370605, 1.9354469776153564, 1.8986802101135254, 1.8510783910751343, 1.954298734664917, 2.247041940689087, 2.477414846420288, 2.465162754058838, 2.4298667907714844, 2.396176815032959, 2.3573927879333496, 2.3066484928131104, 2.258941888809204, 2.253648042678833, 2.3018038272857666, 2.3336286544799805, 2.310277223587036, 2.359529733657837, 2.357623815536499, 2.357541799545288, 2.365583658218384, 2.37195086479187, 2.3582687377929688, 2.400406837463379, 2.4239068031311035, 2.4320878982543945, 2.450883626937866, 2.4731292724609375, 2.4973673820495605, 2.5295798778533936, 2.5749711990356445, 2.6359970569610596, 2.716939926147461, 2.8493146896362305], "predicted_p_opt": 0.8852309099222679, "predicted_tts": 1.1296487603305785, "p_opt": 0.456207374585861, "tts": 2.191985609412357, "approx": 0.8016416409418158, "opt_gap": -0.19835835905818422}