{"edges": [[0, 1], [0, 3], [0, 4], [0, 5], [0, 6], [0, 11], [1, 3], [1, 5], [1, 6], [1, 7], [1, 12], [2, 5], [2, 7], [2, 11], [2, 12], [3, 12], [3, 13], [4, 7], [5, 9], [5, 10], [5, 12], [6, 7], [6, 9], [6, 13], [7, 9], [7, 11], [8, 10], [8, 13], [10, 13], [12, 13]], "num_nodes": 14, "num_colors": 3, "distribution": [[0, 3], [5, 102], [8, 912], [9, 1908], [3, 24], [11, 7680], [12, 15204], [6, 216], [7, 414], [10, 3618], [14, 58812], [13, 30360], [15, 109722], [17, 329754], [16, 196746], [2, 12], [4, 36], [18, 493248], [19, 658080], [20, 753084], [21, 744054], [22, 610818], [23, 412434], [24, 223188], [25, 95376], [26, 29226], [27, 6744], [28, 1062], [29, 120], [30, 12]], "opt_value": 30, "opt_count": 12, "feasible_count": 4782969, "mean_value": 20.0, "std": 2.581988897471611, "level": 7, "gammas": [0.22526200115680695, 0.29046764969825745, 0.2899914085865021, 0.8315034508705139, 0.3571128845214844, 0.9019827842712402, 0.9830527901649475], "betas": [2.670600175857544, 2.7068655490875244, 2.82222056388855, 2.109511613845825, 2.745435953140259, 2.120793342590332, 2.5964953899383545], "predicted_p_opt": 0.0005645029269476762, "predicted_tts": 1771.47, "p_opt": 0.00010657203578116503, "tts": 9383.324552919301}