{"edges": [[0, 2], [0, 5], [0, 8], [1, 4], [1, 5], [1, 6], [1, 8], [1, 9], [1, 10], [2, 3], [2, 6], [2, 7], [2, 12], [3, 9], [3, 11], [3, 13], [4, 10], [4, 12], [6, 12], [7, 8], [8, 11], [8, 12], [9, 13], [11, 12], [12, 13]], "num_nodes": 14, "num_colors": 3, "opt_value": 25, "opt_count": 204, "feasible_count": 4782969, "mean_value": 16.666666666666668, "std": 2.3570226039551585, "level": 5, "gammas": [3.141611903775319, 3.141398572060651, 3.141745210372823, 3.14179124013117, 3.141578064282653], "betas": [3.141584152119909, 3.141331675045657, 3.1418963505674666, 3.1415484293159976, 3.1414842239311036], "predicted_p_opt": 0.005160811203250533, "predicted_tts": 193.76798736023335, "p_opt": 0.005152012572162134, "tts": 194.0989052323551, "approx": 0.6683698571663936, "opt_gap": -0.33163014283360637, "th": -24.999000549316406}