{"edges": [[0, 5], [0, 12], [1, 7], [1, 8], [1, 9], [1, 10], [2, 4], [2, 11], [2, 13], [3, 6], [3, 7], [3, 8], [3, 11], [4, 7], [4, 10], [4, 11], [4, 13], [5, 6], [5, 7], [5, 8], [6, 12], [7, 9], [7, 11], [8, 10], [9, 10], [9, 12], [10, 13], [12, 13]], "num_nodes": 14, "num_colors": 3, "opt_value": 28, "opt_count": 30, "feasible_count": 4782969, "mean_value": 18.666666666666668, "std": 2.4944382578492945, "level": 5, "gammas": [3.1416167553867025, 3.1414470434137947, 3.1416676551984, 3.141832558840399, 3.1415750188909697], "betas": [3.1415237870192922, 3.141425750515137, 3.141853957140009, 3.141715112250842, 3.141533494802739], "predicted_p_opt": 0.0007589428240074314, "predicted_tts": 1317.6223140495867, "p_opt": 0.000758752457902118, "tts": 1317.9528970026795, "approx": 0.6669174923488587, "opt_gap": -0.33308250765114134, "th": -27.999000549316406}