{"edges": [[0, 1], [0, 4], [0, 8], [1, 5], [2, 3], [2, 6], [2, 7], [2, 9], [3, 5], [3, 10], [4, 5], [4, 6], [4, 8], [4, 10], [5, 7], [5, 8], [6, 8], [7, 9], [8, 10]], "num_nodes": 11, "num_colors": 3, "opt_value": 19, "opt_count": 24, "feasible_count": 177147, "mean_value": 12.666666666666666, "std": 2.054804667656325, "level": 67, "gammas": [0.21957523131558235, 0.34731724365520084, 0.35975950066919854, 0.36009401712836264, 0.3553930019865446, 0.3506643418508877, 0.34757979174873893, 0.3454402546545288, 0.3431471263599027, 0.33981316154420804, 0.3364421339777958, 0.33369084029609136, 0.33178789973742717, 0.32109141138708314, 0.2953623466421729, 0.27233241508815315, 0.28330581700072843, 0.2953195107163831, 0.3526379538855528, 0.3115627255574099, 0.30890813562943303, 0.33097873578591175, 0.3466857203462165, 0.35840085721479376, 0.36408198794165436, 0.3641887224212466, 0.36140907591739435, 0.35805691328200673, 0.35726197828569245, 0.35871726027468753, 0.3604467733896592, 0.36054240586699215, 0.3618649732627984, 0.35984157274628653, 0.358123304177138, 0.36228609700634523, 0.3694237651846793, 0.37158737654117285, 0.3699434942948855, 0.3660228335332837, 0.35784295321644716, 0.34535075043787067, 0.3358513898401811, 0.3408271601805386, 0.35692295916517264, 0.37040379318756705, 0.3759674577301581, 0.37433277549182414, 0.3672467986355604, 0.3576470870553849, 0.35581706653561174, 0.36368866552065576, 0.359283673688667, 0.3602107904412675, 0.3631727838125555, 0.37411365460810686, 0.38359731398204183, 0.3914867030055991, 0.3975860735144116, 0.4021014509776528, 0.4059402918053237, 0.40891667820000954, 0.4105017224337799, 0.41225238540031006, 0.4156257257153713, 0.4208750261016566, 0.4240725873786397], "betas": [-2.459364327784811, -2.271386922747416, -2.182954204491916, -2.13064410783013, -2.0898636390166274, -2.0577167153928833, -2.0350994011825927, -2.0169349808684682, -1.9924432297747359, -1.9659177202143905, -1.9430494407377874, -1.9197117342472863, -1.8767783425233255, -1.7930514847852421, -1.594216910434936, -1.3409049862017421, -1.4881416058586356, -2.0168088627812653, -1.9966067326315406, -1.8445578762811934, -1.93704817924816, -2.0406048211751853, -2.1102109522211916, -2.1512279133656618, -2.1585523744773267, -2.1442118209816265, -2.11976188999464, -2.104783244375872, -2.101511132640931, -2.1042711759980395, -2.111183911452347, -2.0951795865018976, -2.0610364718485537, -2.0831762823910807, -2.1113419787157595, -2.1766588020263855, -2.2103009513846943, -2.2183680216089723, -2.2002202788089145, -2.156652237601983, -2.087172098999718, -2.008892437684725, -1.980905067276876, -2.044104082275098, -2.1405855823369015, -2.202359265360038, -2.214937336668032, -2.183951425623386, -2.1245781435002904, -2.084321501731569, -2.1101593748915066, -2.13558623621064, -2.078584107764906, -2.1510760596440512, -2.206544639914356, -2.262345551988662, -2.3196740414759267, -2.3647375878113657, -2.404787205196039, -2.436518536766397, -2.458302346546632, -2.4738199972649992, -2.4860715204805617, -2.506737508384786, -2.5512597873127083, -2.6264497257255286, -2.789989116288131], "predicted_p_opt": 2.4691358024691357, "predicted_tts": 0.405, "p_opt": 0.8445031132298524, "tts": 1.1841282575921366, "approx": 0.9422006511295719, "opt_gap": -0.05779934887042815}