{"edges": [[0, 2], [0, 3], [0, 7], [0, 14], [1, 2], [1, 4], [1, 11], [2, 4], [2, 6], [2, 8], [2, 13], [3, 4], [3, 5], [3, 6], [3, 7], [3, 10], [4, 6], [5, 10], [5, 12], [6, 11], [7, 9], [7, 11], [7, 12], [9, 12], [9, 13], [10, 11], [11, 12], [11, 13], [13, 14]], "num_nodes": 15, "num_colors": 3, "opt_value": 29, "opt_count": 84, "feasible_count": 14348907, "mean_value": 19.333333333333332, "std": 2.5385910352879697, "level": 42, "gammas": [-0.34414728040269565, -0.2004437419736927, -0.07992583656138022, -0.3367139818530384, -0.2765294166091731, -0.201026759320097, -0.1982785851619649, -0.2701502912558774, -0.22737309818236182, -0.22317816613712715, -0.2357574753886822, -0.23259863990591045, -0.2713048102747094, -0.2629281375767265, -0.2130083002202528, -0.16192487324787153, -0.366373636278639, -0.3567654764314033, -0.3063423409890929, -0.32423004807910144, -0.4224757582477384, -0.47353312191921737, -0.11045865555454944, -0.3465687496429088, -0.28874974780082036, -0.3319976300020523, -0.3280310120876866, 5.977506682602351, 5.921077569159734, 5.972056253470439, 5.898991270222564, 5.9578050166681695, 5.854702632567886, 6.063659809718572, 0.4522971420977368, 0.3460350319469844, 0.361519241963597, 0.3395692779323473, 0.3431405699384619, 0.338176489122305, 0.34341967770242326, 0.3564179858336168], "betas": [1.9221090848729532, 1.6917426643783393, 1.5966442286302032, 1.4463591041966384, 2.076120337561858, 1.2443099680547525, 1.3302790161799736, 1.5795515286259227, 1.6487726505986418, 1.4033029115361653, 1.3036014239108866, 2.078790038253411, 1.7575177102518418, 1.362495551025654, 3.079969615842467, 0.9920945124053925, 0.43866003832537825, 0.8962512760545899, 1.2784839182263508, 1.0764305678882333, 0.44420521976611, 1.1961646948789086, 3.8926590250593924, 2.0434090082722, 2.912664204279602, 1.8151723915969573, 2.3220248672414425, 2.229789061600424, 2.194227676570712, 2.495579176368438, 2.172294366792137, 3.2646694268052374, 2.335547871229882, 1.7980843487896208, -2.9214619415895697, 3.7287418203536293, 3.912585607038467, 3.9756081749000467, 4.042248527549951, 4.043363565669325, 4.075882981899459, 4.109495158159936], "predicted_p_opt": 0.04229590448944996, "predicted_tts": 23.642951062778053, "p_opt": 0.0004532393188421408, "tts": 2206.339914539257, "approx": 0.9098875158856988, "opt_gap": -0.09011248411430117}