{"edges": [[4, 15], [4, 8], [4, 17], [15, 10], [15, 2], [11, 14], [11, 0], [11, 10], [14, 2], [14, 5], [1, 3], [1, 17], [1, 13], [3, 12], [3, 2], [0, 16], [0, 6], [10, 9], [7, 13], [7, 9], [7, 12], [13, 8], [8, 16], [12, 5], [17, 5], [9, 6], [16, 6]], "num_nodes": 18, "opt_value": 23, "opt_count": 8, "feasible_count": 262144, "mean_value": 13.5, "std": 2.598076211353316, "level": 22, "gammas": [0.15084605617963975, 0.27575607596799456, 0.2646658945967061, 0.27905016957086154, 0.286283464966139, 0.2697084695844653, 0.26085044538736524, 0.2753968039682908, 0.2867900974602081, 0.2898239436732575, 0.2874374322834352, 0.2869103019795744, 0.2949298705340339, 0.3069912752582257, 0.31766611718259447, 0.32661137979010163, 0.3359492463944941, 0.34824736944279255, 0.3511194316591255, 0.45106973012306706, 0.496854177903414, 0.45890611472231124], "betas": [-2.8150107343209694, -2.4486027321205897, -2.1831875078620118, -2.1043732785597324, -1.7621213485054055, -1.7034291383119389, -1.7225678643352154, -1.7883752618451212, -1.809343326388901, -1.7833476220983344, -1.7387908893934974, -1.7320799437554846, -1.7643836029450344, -1.7926511467020827, -1.802244600476562, -1.791226297044345, -1.775441978729782, -1.7907102309303036, -1.5343731599821415, 4.403125239718928, 4.174606224112612, 3.89081364790296], "predicted_p_opt": 0.061798095703125, "predicted_tts": 16.18172839506173, "p_opt": 0.0011474565392390087, "tts": 871.4927021664788, "approx": 0.8844717338863716, "opt_gap": -0.11552826611362843}