{"edges": [[0, 3], [0, 4], [1, 6], [1, 8], [1, 10], [2, 6], [2, 9], [3, 4], [3, 5], [3, 7], [3, 8], [3, 10], [4, 5], [4, 7], [5, 8], [5, 9], [6, 9], [7, 9]], "num_nodes": 11, "num_colors": 3, "opt_value": 18, "opt_count": 48, "feasible_count": 177147, "mean_value": 12.0, "std": 2.0, "level": 27, "gammas": [-0.3147093653678894, -0.4105130136013031, -0.4182303547859192, -0.4286196827888489, -0.43190470337867737, -0.437162846326828, -0.4421817362308502, -0.449846476316452, -0.4594668447971344, -0.4739820659160614, -0.48876336216926575, -0.5443397760391235, -0.32824137806892395, 0.6080538630485535, 0.5060095191001892, 0.477303683757782, 0.46372100710868835, 0.45422354340553284, 0.4455620050430298, 0.43860456347465515, 0.4332233965396881, 0.43077585101127625, 0.4287988841533661, 0.4229315519332886, 0.45800846815109253, 0.42623865604400635, 0.4501053988933563], "betas": [2.354389190673828, 2.505929470062256, 2.4672114849090576, 2.4733073711395264, 2.4909520149230957, 2.5290558338165283, 2.58040452003479, 2.641127586364746, 2.7403955459594727, 2.876734733581543, 3.1531131267547607, 3.561917543411255, 1.6585558652877808, -3.3740670680999756, -2.9821512699127197, -2.829446792602539, -2.692270517349243, -2.6084539890289307, -2.5469086170196533, -2.4977498054504395, -2.4737448692321777, -2.4635438919067383, -2.4950478076934814, -2.4698410034179688, -2.382223129272461, -2.649783134460449, -2.8184635639190674], "predicted_p_opt": 0.8196582499280258, "predicted_tts": 1.2200206611570248, "p_opt": 0.35924962162971497, "tts": 2.783579828041456, "approx": 0.7872985601425171, "opt_gap": -0.2127014398574829}