{"edges": [[15, 21], [15, 10], [15, 11], [21, 4], [21, 17], [18, 23], [18, 22], [18, 7], [23, 20], [23, 9], [20, 22], [20, 12], [4, 17], [4, 2], [17, 19], [0, 8], [0, 19], [0, 25], [8, 10], [8, 13], [11, 14], [11, 16], [14, 1], [14, 3], [10, 6], [9, 5], [9, 24], [16, 25], [16, 1], [25, 13], [22, 24], [5, 6], [5, 3], [6, 19], [2, 3], [2, 12], [1, 7], [7, 12], [13, 24]], "num_nodes": 26, "opt_value": 34, "opt_count": 16, "feasible_count": 67108864, "mean_value": 19.5, "std": 3.122498999199199, "level": 33, "gammas": [3.1415929958692073, 3.1415928871592387, 3.141592669540861, 3.141591888818079, 3.1415888055380985, 3.1415802210391894, 3.141563152082084, 3.141537268415298, 3.1415060024497756, 3.14147529949387, 3.1414506860943017, 3.1414347987172624, 3.1414266435122644, 3.141422823851883, 3.1414197700566118, 3.141414872246633, 3.141407116007085, 3.141397296522471, 3.14138827087292, 3.141384973671952, 3.141392946044669, 3.141415191306736, 3.1414495140568226, 3.141488992800873, 3.141525363634062, 3.1415535794638387, 3.141574745300388, 3.1415956583984097, 3.1416205346297095, 3.1416176670367464, 3.141435348154915, 3.1413580237923213, 3.13768122217015], "betas": [3.1415923756727966, 3.141592464275795, 3.1415923363551976, 3.1415908974401274, 3.1415855828515338, 3.141573018694274, 3.1415512823812084, 3.141521984998189, 3.141490157487971, 3.141461939875535, 3.1414416739664324, 3.141430127041289, 3.141424847105569, 3.141422061344975, 3.141418508151113, 3.1414122397162205, 3.1414030377216524, 3.1413926368073484, 3.141385043620567, 3.1413859795297294, 3.141400542266263, 3.1414298863824652, 3.1414697998455394, 3.141512397056774, 3.141549325839274, 3.1415742240712805, 3.1415825379731306, 3.14157207860641, 3.141556331227167, 3.141620376961614, 3.1419470760250188, 3.138672703485231, 3.1395213770460395], "predicted_p_opt": 0.001070261001586914, "predicted_tts": 934.351525952328, "p_opt": 0.00047701594039726273, "tts": 2096.3660022916465, "approx": 0.8897934239793132, "opt_gap": -0.11020657602068684, "th": -29.975867397363647}