{"edges": [[7, 17], [7, 22], [7, 0], [17, 14], [17, 19], [6, 21], [6, 3], [6, 2], [21, 3], [21, 16], [4, 9], [4, 5], [4, 20], [9, 15], [9, 18], [12, 22], [12, 25], [12, 10], [22, 24], [3, 13], [13, 20], [13, 8], [8, 25], [8, 10], [25, 19], [10, 23], [2, 14], [2, 16], [14, 15], [11, 20], [11, 16], [11, 1], [15, 23], [23, 1], [18, 19], [18, 0], [5, 1], [5, 24], [0, 24]], "num_nodes": 26, "opt_value": 35, "opt_count": 8, "feasible_count": 67108864, "mean_value": 19.5, "std": 3.122498999199199, "level": 33, "gammas": [3.1415443420410156, 3.141462564468384, 3.141294479370117, 3.141003370285034, 3.140561103820801, 3.139967203140259, 3.139256477355957, 3.138523817062378, 3.137880802154541, 3.1374173164367676, 3.1371684074401855, 3.13712477684021, 3.1372311115264893, 3.1374125480651855, 3.1375913619995117, 3.1377079486846924, 3.1377296447753906, 3.1376399993896484, 3.137448310852051, 3.1371824741363525, 3.136904239654541, 3.136709451675415, 3.1366961002349854, 3.1369335651397705, 3.1374285221099854, 3.138122081756592, 3.1389048099517822, 3.139664888381958, 3.140320062637329, 3.1408307552337646, 3.141186475753784, 3.141402006149292, 3.141514301300049], "betas": [3.141507148742676, 3.141387701034546, 3.1411631107330322, 3.140798568725586, 3.140279531478882, 3.139619827270508, 3.138885498046875, 3.1381852626800537, 3.1376230716705322, 3.137263536453247, 3.137120246887207, 3.1371610164642334, 3.1373133659362793, 3.137502431869507, 3.13765549659729, 3.137728214263916, 3.137695074081421, 3.1375539302825928, 3.1373183727264404, 3.1370368003845215, 3.136786460876465, 3.136669158935547, 3.136775255203247, 3.1371445655822754, 3.137749433517456, 3.1385037899017334, 3.139289617538452, 3.140004873275757, 3.1405911445617676, 3.1410253047943115, 3.1413090229034424, 3.141467571258545, 3.141545534133911], "predicted_p_opt": 0.000535130500793457, "predicted_tts": 1868.703051904656, "p_opt": 0.00022398172099292505, "tts": 4464.650041829026, "approx": 0.8673848546182675, "opt_gap": -0.13261514538173247, "th": -29.992415857244588}