{"edges": [[0, 4], [0, 12], [0, 15], [1, 6], [1, 8], [1, 14], [2, 8], [2, 13], [3, 8], [3, 11], [3, 14], [4, 10], [5, 10], [5, 12], [5, 15], [6, 7], [6, 14], [7, 11], [7, 13], [7, 14], [8, 13], [9, 15], [10, 11], [11, 13], [11, 15]], "num_nodes": 16, "num_colors": 3, "opt_value": 25, "opt_count": 720, "feasible_count": 43046721, "mean_value": 16.666666666666668, "std": 2.3570226039551585, "level": 11, "gammas": [-0.2732515037059784, -0.37176451086997986, -0.21238550543785095, 0.3968055844306946, 0.35364776849746704, 0.37893858551979065, 0.3219250738620758, 0.32611605525016785, 0.3298504948616028, 0.3335278630256653, 0.3308173716068268], "betas": [2.928685426712036, 3.8238558769226074, 1.2284269332885742, -3.3610665798187256, -3.2570743560791016, -2.390880584716797, -2.623455286026001, -2.6828997135162354, -2.7170703411102295, -2.766747236251831, -2.868131399154663], "predicted_p_opt": 0.008848060692009503, "predicted_tts": 113.01911625708884, "p_opt": 0.00479626702144742, "tts": 208.49548107482545, "approx": 0.675896167755127, "opt_gap": -0.32410383224487305}