{"edges": [[0, 3], [0, 5], [0, 11], [1, 10], [1, 13], [1, 15], [2, 5], [2, 9], [3, 6], [3, 12], [3, 13], [3, 15], [3, 16], [4, 6], [4, 7], [4, 8], [4, 9], [4, 10], [4, 14], [4, 15], [5, 8], [5, 12], [5, 13], [5, 15], [5, 16], [6, 7], [6, 8], [6, 11], [6, 15], [7, 10], [9, 11], [9, 13], [10, 11], [10, 13], [10, 15], [11, 15], [14, 15]], "num_nodes": 17, "num_colors": 3, "opt_value": 37, "opt_count": 60, "feasible_count": 129140163, "mean_value": 24.666666666666668, "std": 2.8674417556808756, "level": 15, "gammas": [2.9282026290893555, 2.9325242042541504, 2.956697702407837, 2.9856085777282715, 3.005127191543579, 3.0087599754333496, 2.9963834285736084, 2.971494674682617, 2.941657304763794, 2.9204845428466797, 2.922992706298828, 2.6021272484279097, 2.6021272484279097, 2.6021272484279097, 2.6021272484279097], "betas": [2.9283604621887207, 2.9457409381866455, 2.9732658863067627, 2.9971916675567627, 3.009002923965454, 3.004939556121826, 2.9848172664642334, 2.954413652420044, 2.927570104598999, 2.9177184104919434, 2.931948661804199, 0.0, 0.0, 0.0, 0.0], "predicted_p_opt": 0.00044649161547054885, "predicted_tts": 2239.683714880333, "p_opt": 9.884836304815924e-05, "tts": 10116.505414589383, "approx": 0.8737797100014435, "opt_gap": -0.1262202899985565, "th": -31.937319707442867}