{"edges": [[0, 2], [0, 4], [0, 7], [0, 12], [0, 16], [1, 10], [1, 13], [1, 14], [1, 15], [2, 11], [3, 5], [3, 13], [3, 15], [4, 6], [4, 9], [4, 13], [4, 14], [4, 16], [5, 9], [5, 13], [5, 14], [5, 15], [6, 10], [7, 14], [7, 15], [8, 13], [8, 16], [9, 10], [9, 12], [9, 13], [10, 13], [10, 16], [11, 12], [11, 15], [12, 15], [12, 16]], "num_nodes": 17, "num_colors": 3, "opt_value": 36, "opt_count": 72, "feasible_count": 129140163, "mean_value": 24.0, "std": 2.8284271247461903, "level": 18, "gammas": [0.09952951841842994, 0.20416929300432723, 0.23135339047602307, 0.23955153466759915, 0.24315276734925917, 0.24550520243416205, 0.24766782161678028, 0.2500988433716553, 0.2530298080574631, 0.2565469897921679, 0.2607629054495495, 0.26585918047795587, 0.27210494096102017, 0.2798807759965836, 0.2897291102550407, 0.30289376419846725, 0.322597925432378, 0.3578627839786312], "betas": [-2.3875579186849643, -1.9957091049331253, -1.810944881197529, -1.7176307394766976, -1.6657315452664903, -1.6340867103780852, -1.612935777316577, -1.5974314970568138, -1.5844633564621093, -1.5719026362377155, -1.5584081536128633, -1.5428842796079663, -1.524048086782245, -1.4994763205475674, -1.4646694465130117, -1.4120026670181005, -1.3236890469199316, 5.160501915704702], "predicted_p_opt": 0.0007632637106087593, "predicted_tts": 1310.1631665449233, "p_opt": 8.99633427286292e-06, "tts": 111156.38544206387, "approx": 0.8543215488866349, "opt_gap": -0.14567845111336508}