{"N": 18, "edgelist": ["0 1 {}\n", "0 2 {}\n", "0 4 {}\n", "0 5 {}\n", "0 6 {}\n", "0 8 {}\n", "0 11 {}\n", "1 2 {}\n", "1 4 {}\n", "1 7 {}\n", "1 10 {}\n", "1 11 {}\n", "1 12 {}\n", "1 15 {}\n", "1 17 {}\n", "2 5 {}\n", "2 6 {}\n", "2 9 {}\n", "2 10 {}\n", "2 11 {}\n", "2 12 {}\n", "2 13 {}\n", "2 14 {}\n", "2 15 {}\n", "3 4 {}\n", "3 8 {}\n", "3 10 {}\n", "3 11 {}\n", "3 14 {}\n", "3 15 {}\n", "3 17 {}\n", "4 8 {}\n", "4 10 {}\n", "4 11 {}\n", "4 13 {}\n", "4 14 {}\n", "4 15 {}\n", "4 16 {}\n", "4 17 {}\n", "5 7 {}\n", "5 8 {}\n", "5 9 {}\n", "5 11 {}\n", "5 12 {}\n", "5 13 {}\n", "5 14 {}\n", "5 15 {}\n", "5 16 {}\n", "5 17 {}\n", "6 7 {}\n", "6 11 {}\n", "6 13 {}\n", "6 15 {}\n", "7 8 {}\n", "7 11 {}\n", "7 12 {}\n", "7 13 {}\n", "7 15 {}\n", "7 17 {}\n", "8 11 {}\n", "8 13 {}\n", "8 14 {}\n", "8 17 {}\n", "9 12 {}\n", "9 14 {}\n", "10 16 {}\n", "11 12 {}\n", "11 14 {}\n", "11 17 {}\n", "12 14 {}\n", "12 15 {}\n", "13 14 {}\n", "13 16 {}\n", "13 17 {}\n", "14 15 {}\n", "15 16 {}\n", "15 17 {}\n"], "opt_value": 69, "opt_count": 7, "feasible_count": 48620, "mean_value": 58.88235294117647, "std": 3.0045524858351884, "level": 17, "gammas": [0.11229930073022842, 0.23837605118751526, 0.2779732346534729, 0.2891703248023987, 0.2882424294948578, 0.2796541154384613, 0.2696307897567749, 0.2691184878349304, 0.27665185928344727, 0.2809261679649353, 0.2813549339771271, 0.2859004735946655, 0.2975844740867615, 0.31232917308807373, 0.32680997252464294, 0.3416159451007843, 0.36038851737976074], "betas": [-2.7067415714263916, -2.488039493560791, -2.357954502105713, -2.2424824237823486, -2.110481023788452, -1.9657275676727295, -1.8654747009277344, -1.8501408100128174, -1.8478082418441772, -1.8064342737197876, -1.7623560428619385, -1.7577173709869385, -1.7722232341766357, -1.7653710842132568, -1.7088432312011719, -1.571090579032898, -1.262547254562378], "predicted_p_opt": 0.17636774989716167, "predicted_tts": 5.669970845481049, "p_opt": 0.005470034666359425, "tts": 182.8141978971312, "approx": 0.9624662399291992, "opt_gap": -0.03753376007080078}