{"N": 18, "edgelist": ["0 1 {}\n", "0 4 {}\n", "0 7 {}\n", "0 8 {}\n", "0 10 {}\n", "0 11 {}\n", "0 13 {}\n", "0 15 {}\n", "1 2 {}\n", "1 3 {}\n", "1 6 {}\n", "1 7 {}\n", "1 9 {}\n", "1 10 {}\n", "1 11 {}\n", "1 12 {}\n", "1 13 {}\n", "1 14 {}\n", "2 3 {}\n", "2 5 {}\n", "2 6 {}\n", "2 10 {}\n", "2 12 {}\n", "2 17 {}\n", "3 4 {}\n", "3 6 {}\n", "3 9 {}\n", "3 10 {}\n", "3 12 {}\n", "3 17 {}\n", "4 5 {}\n", "4 6 {}\n", "4 7 {}\n", "4 10 {}\n", "4 11 {}\n", "4 12 {}\n", "4 14 {}\n", "4 15 {}\n", "4 17 {}\n", "5 7 {}\n", "5 11 {}\n", "5 12 {}\n", "5 16 {}\n", "6 7 {}\n", "6 14 {}\n", "6 16 {}\n", "6 17 {}\n", "7 9 {}\n", "7 13 {}\n", "7 16 {}\n", "8 12 {}\n", "8 14 {}\n", "8 15 {}\n", "8 16 {}\n", "8 17 {}\n", "9 10 {}\n", "9 11 {}\n", "9 12 {}\n", "9 14 {}\n", "9 15 {}\n", "9 17 {}\n", "10 11 {}\n", "10 14 {}\n", "10 15 {}\n", "10 16 {}\n", "11 13 {}\n", "11 15 {}\n", "11 17 {}\n", "12 15 {}\n", "13 14 {}\n", "13 17 {}\n", "15 17 {}\n", "16 17 {}\n"], "opt_value": 64, "opt_count": 4, "feasible_count": 48620, "mean_value": 55.8235294117647, "std": 2.3498509118577027, "level": 17, "gammas": [0.20347873634460734, 0.35356736241211956, 0.37380753678377016, 0.38202729401638397, 0.37888693729604256, 0.38289928290348063, 0.3846344849658825, 0.38709914161737985, 0.3899078589112258, 0.3919995955572042, 0.3957161117400656, 0.39951935584651627, 0.40396191343860954, 0.42074951456832826, 0.4303852782522567, 0.4372388558994, 0.4304634640689556], "betas": [-2.674545415991871, -2.4018380704063405, -2.1514601198082626, -2.2249987073584623, -2.2046443128245654, -2.1893558713974697, -2.175074209865608, -2.1601642737889173, -2.1418446181832986, -2.124763673640404, -2.1043575906201286, -2.084241501358048, -2.0631873475798925, -1.9524965098721472, -2.8204199413481827, 3.655397775149333, 3.829397051744887], "predicted_p_opt": 0.10078157136980666, "predicted_tts": 9.922448979591838, "p_opt": 0.0012640247965495144, "tts": 791.1237206182672, "approx": 0.9690630281376167, "opt_gap": -0.03093697186238331}