{"edges": [[0, 3], [0, 9], [0, 13], [0, 14], [1, 4], [1, 14], [1, 15], [2, 4], [2, 7], [2, 8], [2, 9], [2, 10], [2, 12], [3, 12], [4, 7], [4, 12], [4, 13], [5, 8], [5, 9], [5, 11], [6, 9], [6, 10], [7, 10], [7, 11], [7, 15], [8, 10], [8, 15], [10, 12], [12, 14]], "num_nodes": 16, "num_colors": 3, "opt_value": 29, "opt_count": 240, "feasible_count": 43046721, "mean_value": 19.333333333333332, "std": 2.5385910352879693, "level": 79, "gammas": [0.1541406810283661, 0.2497735470533371, 0.2607397437095642, 0.2614687979221344, 0.2616631090641022, 0.259710431098938, 0.2570103704929352, 0.254324734210968, 0.2530505359172821, 0.2535851299762726, 0.25316235423088074, 0.24562764167785645, 0.22819983959197998, 0.22857727110385895, 0.228314608335495, 0.2104375809431076, 0.2373727709054947, 0.22618260979652405, 0.20126652717590332, 0.20609082281589508, 0.20991992950439453, 0.20718449354171753, 0.19863681495189667, 0.20258906483650208, 0.22480317950248718, 0.2024129331111908, 0.21026316285133362, 0.18973705172538757, 0.21114911139011383, 0.20517638325691223, 0.20691166818141937, 0.21011292934417725, 0.21216048300266266, 0.21196100115776062, 0.2121029496192932, 0.21257825195789337, 0.21124456822872162, 0.21065326035022736, 0.2127676010131836, 0.21468684077262878, 0.21530377864837646, 0.2225991189479828, 0.22680187225341797, 0.09767144918441772, 0.11524683237075806, -0.13628406822681427, -0.20560766756534576, -0.24854452908039093, -0.26310300827026367, -0.26431894302368164, -0.2630377411842346, -0.26228567957878113, -0.26122796535491943, -0.26104629039764404, -0.26037681102752686, -0.2604498267173767, -0.26354166865348816, -0.2654510736465454, -0.2632748782634735, -0.25655800104141235, -0.25842761993408203, -0.26388490200042725, -0.26291313767433167, -0.26473915576934814, -0.265985906124115, -0.26465874910354614, -0.2605704069137573, -0.2982334792613983, -0.2621026337146759, -0.26837795972824097, -0.27545273303985596, -0.2785857021808624, -0.281830757856369, -0.28355398774147034, -0.2847939133644104, -0.28660205006599426, -0.28909000754356384, -0.29188773036003113, -0.2892390191555023], "betas": [-2.6264309883117676, -2.444880247116089, -2.422538995742798, -2.4037270545959473, -2.399813175201416, -2.3854265213012695, -2.3606960773468018, -2.349414825439453, -2.355719566345215, -2.3777942657470703, -2.385932445526123, -2.2962124347686768, -2.1624488830566406, -2.2004785537719727, -1.9871087074279785, -1.9288580417633057, -1.8481031656265259, -2.020075798034668, -1.9330675601959229, -1.927849531173706, -1.92853581905365, -1.890965223312378, -1.9304877519607544, -1.8728885650634766, -1.7246936559677124, -1.9211020469665527, -1.779795527458191, -1.9413814544677734, -1.952829360961914, -1.921303629875183, -1.9415686130523682, -1.9470304250717163, -1.9447517395019531, -1.9398258924484253, -1.9363350868225098, -1.92854905128479, -1.9231809377670288, -1.9316154718399048, -1.9403153657913208, -1.934624195098877, -1.9662418365478516, -2.054212808609009, -1.8945232629776, -0.45777902007102966, 1.7883479595184326, 2.7001826763153076, 2.3738372325897217, 2.426121234893799, 2.4050381183624268, 2.421804666519165, 2.433408498764038, 2.4420056343078613, 2.447950839996338, 2.4472970962524414, 2.446413993835449, 2.4578170776367188, 2.4878649711608887, 2.4857358932495117, 2.4434170722961426, 2.3789210319519043, 2.4082257747650146, 2.4420034885406494, 2.4791436195373535, 2.49373722076416, 2.4954073429107666, 2.56382155418396, 2.5835044384002686, 2.4230401515960693, 2.5454936027526855, 2.640937089920044, 2.658198833465576, 2.667965888977051, 2.673248529434204, 2.682203769683838, 2.6998395919799805, 2.72395920753479, 2.758096933364868, 2.814096212387085, 2.9137659072875977], "predicted_p_opt": 0.14095010860409088, "predicted_tts": 7.094708971164116, "p_opt": 0.08500722370871648, "tts": 11.763706146039702, "approx": 0.691431906554804, "opt_gap": -0.308568093445196}