{"edges": [[6, 12], [6, 5], [6, 13], [12, 8], [12, 2], [4, 9], [4, 8], [4, 10], [9, 11], [9, 1], [3, 7], [3, 15], [3, 11], [7, 0], [7, 14], [5, 13], [5, 14], [13, 2], [0, 2], [0, 14], [8, 15], [11, 10], [15, 1], [1, 10]], "num_nodes": 16, "opt_value": 21, "opt_count": 2, "feasible_count": 65536, "mean_value": 12.0, "std": 2.449489742783178, "level": 19, "gammas": [3.1415808581172526, 3.141471716568899, 3.1414622596471706, 3.1415339876291815, 3.1416119942271585, 3.141637474292105, 3.141598648655621, 3.141534409192897, 3.141502492245488, 3.1415331709300345, 3.1416023966738886, 3.141661701283131, 3.141628459672589, 3.1419827263785334, 1.7157157171965574, 4.116569684014212, 4.116569684014212, 4.116569684014212, 4.116569684014212], "betas": [3.141523452944208, 3.1414429703123496, 3.1414904037785236, 3.141570575777891, 3.141629494362337, 3.1416253341255906, 3.1415750415571906, 3.141527196347281, 3.141519120517909, 3.1415470773252534, 3.141598045162845, 3.141702551816982, 3.1417989549863, 3.1394810710416485, 0.30958494135383247, 0.0, 0.0, 0.0, 0.0], "predicted_p_opt": 0.046417236328125, "predicted_tts": 21.54372123602893, "p_opt": 0.010638299984674129, "tts": 93.9999813354231, "approx": 0.9138806882650913, "opt_gap": -0.08611931173490872, "th": -18.98540266523024}