{"locs": [[0.55, 0.61], [0.28, 0.54], [0.9, 0.76], [0.63, 0.58], [0.75, 0.93], [0.32, 0.68], [0.11, 0.36], [0.7, 0.63], [0.9, 0.19]], "opt_value": 2.714008092880249, "opt_count": 2.0, "feasible_count": 40320.0, "mean_value": 4.06331205368042, "std": 0.39725199341773987, "level": 9, "gammas": [3.14125759975722, 3.1416993217755116, 3.141631424908693, 3.1415861353128482, 3.1414845931472137, 3.1416011965254764, 3.141221682874163, 3.142117470427939, 3.1417871852312707], "betas": [3.1415954886278787, 3.1415004874523964, 3.141587720062464, 3.141635409630249, 3.1417432558504017, 3.141302132717737, 3.1417841312808763, 3.141850336297782, 3.141415284076323], "predicted_p_opt": 0.01790674603174603, "predicted_tts": 55.844875346260395, "p_opt": 0.01780040872264872, "tts": 56.17848531352144, "approx": 1.4883371591567993, "opt_gap": 0.4883371591567993, "th": 2.715008020401001}