{"edges": [[0, 4], [0, 7], [0, 9], [1, 2], [1, 3], [1, 8], [1, 10], [2, 5], [2, 6], [2, 7], [2, 8], [2, 10], [3, 7], [3, 9], [4, 5], [4, 7], [4, 10], [5, 8], [5, 9], [5, 10], [6, 10], [7, 8], [7, 9], [7, 10], [9, 10]], "num_nodes": 11, "num_colors": 3, "opt_value": 25, "opt_count": 6, "feasible_count": 177147, "mean_value": 16.666666666666668, "std": 2.3570226039551585, "level": 67, "gammas": [3.1415925878812483, 3.141592625932911, 3.1415926372404175, 3.1415926624815924, 3.141592680081027, 3.141592689531637, 3.1415926928330378, 3.1415926838794492, 3.141592663573026, 3.1415926545419857, 3.1415926414231907, 3.1415926383399704, 3.1415926345741645, 3.1415926404187644, 3.1415926487835004, 3.141592661952665, 3.1415926708262005, 3.1415926757582744, 3.141592678796413, 3.1415926573408157, 3.1415926080274597, 3.1415925697479117, 3.1415925188940146, 3.1415924938295263, 3.1415924575787892, 3.14159238691182, 3.1415922166420005, 3.1415914212846285, 3.1415901694976403, 3.1415889860311146, 3.1415877182577745, 3.1415861291933393, 3.1415837467307473, 3.141581464670202, 3.1415754708681245, 3.141572672134234, 3.1415724784525176, 3.141570744993843, 3.1415657951755698, 3.1415654201804135, 3.1415748412307796, 3.1415656871111444, 3.1415005754311216, 3.1414638240673898, 3.141441205668767, 3.1414337989809393, 3.141462352273748, 3.141455633974376, 3.141269143655762, 3.1411752162375777, 3.141201854506791, 3.141085127294936, 3.1410486270620934, 3.140876341661036, 3.1407511881655727, 3.140557784776335, 3.140790302585184, 3.1406535926227837, 3.1405440105202604, 3.139914146376548, 3.1390598625336095, 3.135168459268434, 3.13832203671166, 3.137036033747034, 3.1395700984329444, 3.127130891633977, 3.1334704000751157], "betas": [3.141592703012004, 3.141592677776595, 3.1415926548674267, 3.1415926363220312, 3.141592618808441, 3.141592611107631, 3.1415926226650965, 3.1415926357108868, 3.141592647399166, 3.1415926619730334, 3.1415926711971855, 3.141592669043637, 3.141592663626579, 3.1415926607907836, 3.1415926536516428, 3.141592637321888, 3.141592624905055, 3.1415926139690384, 3.141592592288138, 3.141592561962342, 3.141592534353203, 3.1415924996122735, 3.14159247661535, 3.1415924650657217, 3.141592422239989, 3.1415923463865876, 3.141591939902759, 3.1415908012509037, 3.141589599317184, 3.1415883377725087, 3.141587067548196, 3.141584872608375, 3.141582831205723, 3.141578765455854, 3.141573164492968, 3.1415727987668207, 3.1415717425339467, 3.141568781877152, 3.1415640290274474, 3.1415698184926564, 3.14157622305605, 3.1415376341833983, 3.1414735449625213, 3.14145680498462, 3.1414281713634176, 3.1414500693728957, 3.1414679281412963, 3.1413895580594677, 3.141173909634668, 3.1412224278203666, 3.141120643328875, 3.141099866505379, 3.140931978564122, 3.1408663085350996, 3.14056611536346, 3.1407225978004614, 3.1406740382637244, 3.14078078264551, 3.1399982211817186, 3.1401260066899987, 3.136540939208861, 3.1363452808034302, 3.1384548360786844, 3.137970031631518, 3.134836550829349, 3.1267822581161795, 3.139260831094307], "predicted_p_opt": 0.6172839506172839, "predicted_tts": 1.62, "p_opt": 0.500280107887698, "tts": 1.998880195781197, "approx": 0.8334211872257152, "opt_gap": -0.16657881277428477, "th": -24.999000549316406}