{"edges": [[0, 3], [0, 4], [0, 5], [0, 6], [0, 7], [0, 9], [1, 3], [1, 7], [1, 12], [2, 5], [2, 8], [2, 11], [3, 8], [3, 10], [4, 6], [4, 8], [4, 10], [5, 10], [8, 9], [8, 10], [8, 11], [8, 12], [9, 11], [10, 11]], "num_nodes": 13, "num_colors": 3, "opt_value": 24, "opt_count": 30, "feasible_count": 1594323, "mean_value": 16.0, "std": 2.309401076758503, "level": 93, "gammas": [3.1415919982194245, 3.14159211224788, 3.141592198137585, 3.1415922454822636, 3.141592274170637, 3.141592282183316, 3.1415923001986283, 3.1415923011802893, 3.1415922915751584, 3.1415922879287126, 3.141592289677344, 3.1415922811809933, 3.141592270876922, 3.14159227058386, 3.141592262476265, 3.1415922712112248, 3.141592286009899, 3.1415922729061645, 3.1415922815837205, 3.1415922879996976, 3.1415923129348973, 3.141592311715853, 3.141592311927037, 3.141592325776053, 3.1415923022466212, 3.1415922759157144, 3.141592230800016, 3.1415921778823646, 3.141592092629433, 3.141592005410344, 3.141591828625119, 3.1415914330611643, 3.141590893287293, 3.141590767664906, 3.1415909777039936, 3.141590609962428, 3.141589599681231, 3.141588327234014, 3.141586419038253, 3.141583525712948, 3.141579138684911, 3.1415757259871584, 3.141572799786248, 3.141571335086034, 3.1415688837733806, 3.141566641675124, 3.1415657303668465, 3.1415641918082247, 3.1415558644516306, 3.14154199403941, 3.1415141159032163, 3.1414924311256835, 3.14146279388977, 3.1414389756778385, 3.141425753755495, 3.141418399171304, 3.141409273279886, 3.141400405272264, 3.1413969243750484, 3.141396219283063, 3.1413529807008187, 3.1412858385544857, 3.1413149883066644, 3.1413224476036374, 3.1413639324498037, 3.141382296275665, 3.1412510588017453, 3.1410772016128568, 3.1412781210949183, 3.141462832964716, 3.1410081675420023, 3.14054287095698, 3.1407237392464538, 3.1406655798652943, 3.1406889881984283, 3.140497372866463, 3.1404863959226033, 3.140422092269294, 3.139961750695035, 3.138934452770477, 3.1391351094316877, 3.1381720930960872, 3.138826703427012, 3.1376974138259945, 3.139058777587602, 3.135970162201309, 3.1369472015233697, 3.1331744976147435, 3.1369414964281, 3.130394499582636, 3.1372115835038343, 3.1272255269974587, 3.1371847898254717], "betas": [3.141593178732731, 3.1415931464184097, 3.141593080064105, 3.1415930475320737, 3.141593024875248, 3.14159301350662, 3.1415930084083774, 3.1415930038899127, 3.141593009873814, 3.141593023153423, 3.141593034039202, 3.141593033737847, 3.141593032730231, 3.1415930388052775, 3.1415930449753273, 3.1415930474047036, 3.1415930373458827, 3.141593021376693, 3.1415930112528265, 3.141593002846374, 3.141592988592899, 3.1415929738757202, 3.141592959069732, 3.141592934065408, 3.14159289648122, 3.1415928482236657, 3.1415927896342533, 3.1415927245413067, 3.141592648359257, 3.1415925281618073, 3.1415922750360505, 3.141591763602322, 3.141591381190815, 3.1415915217285844, 3.141591552380162, 3.141590774337796, 3.141589656506487, 3.141588065501406, 3.1415857948546657, 3.141581977222606, 3.141577827092485, 3.141574757363514, 3.1415724039663413, 3.1415709026548924, 3.141567920698971, 3.141566621261139, 3.141565779526128, 3.1415614320823626, 3.1415504023185283, 3.141529996731123, 3.1415020331662338, 3.141481027607668, 3.141447580306398, 3.141434632213356, 3.1414197062318854, 3.1414183620573337, 3.1414015362818954, 3.141402963536301, 3.1413935600937037, 3.141390425709472, 3.1413058887563983, 3.141300537842216, 3.141316665577656, 3.14134366609628, 3.1413770076430607, 3.1413508903240404, 3.141126086002591, 3.1411453703143106, 3.1414068847984, 3.141340945883819, 3.140658276956198, 3.140649611810045, 3.1406814245144967, 3.1407258060542182, 3.14054932296446, 3.1405525948512505, 3.140357802446249, 3.14046373746816, 3.13915641744515, 3.139256794188863, 3.138394076077096, 3.138714190269755, 3.138034034953835, 3.138684827442961, 3.1375106944384994, 3.136521546770624, 3.1347352291894546, 3.135082479771215, 3.1340102735909903, 3.133694916500909, 3.132230400894226, 3.1306466877618266, 3.140692730899386], "predicted_p_opt": 0.658003428414443, "predicted_tts": 1.5197489204724184, "p_opt": 0.5257667728575075, "tts": 1.9019840195778566, "approx": 0.8419195008439612, "opt_gap": -0.15808049915603883, "th": -23.999000549316406}