{"locs": [[0.8, 0.17], [0.07, 0.06], [0.82, 0.47], [0.68, 0.05], [0.53, 0.39], [0.32, 0.56], [0.33, 0.26]], "opt_value": 2.2796618938446045, "opt_count": 2.0, "feasible_count": 720.0, "mean_value": 3.1898417472839355, "std": 0.3239451050758362, "level": 1, "gammas": [-2.396970272064209], "betas": [2.5847954750061035], "predicted_p_opt": 0.025, "predicted_tts": 40.0, "p_opt": 0.014455434866249561, "tts": 69.17813329398982, "approx": 1.3293025493621826, "opt_gap": 0.3293025493621826}