{"edges": [[6, 12], [6, 18], [6, 0], [12, 15], [12, 0], [18, 20], [18, 17], [20, 4], [20, 21], [26, 27], [26, 11], [26, 21], [27, 25], [27, 9], [16, 17], [16, 0], [16, 24], [17, 9], [3, 10], [3, 13], [3, 5], [10, 15], [10, 8], [13, 14], [13, 2], [9, 23], [2, 11], [2, 21], [11, 19], [15, 25], [14, 1], [14, 5], [23, 4], [23, 1], [7, 19], [7, 24], [7, 8], [19, 8], [4, 5], [22, 25], [22, 24], [22, 1]], "num_nodes": 28, "opt_value": 37, "opt_count": 2, "feasible_count": 268435456, "mean_value": 21.0, "std": 3.24037034920393, "level": 21, "gammas": [0.0957198515534401, 0.19899982213974, 0.22821655869483948, 0.2367309182882309, 0.23951506614685059, 0.2407880574464798, 0.2418103665113449, 0.24303355813026428, 0.24450120329856873, 0.24615100026130676, 0.24797122180461884, 0.25006213784217834, 0.2526305615901947, 0.2558414936065674, 0.2598593831062317, 0.26479560136795044, 0.27089691162109375, 0.2787167429924011, 0.28929832577705383, 0.30480995774269104, 0.33154043555259705], "betas": [-2.6440677642822266, -2.394120693206787, -2.267266273498535, -2.1943469047546387, -2.1486973762512207, -2.1181116104125977, -2.0960206985473633, -2.078340768814087, -2.0619311332702637, -2.044736862182617, -2.0260684490203857, -2.0061073303222656, -1.9851958751678467, -1.962927222251892, -1.9376431703567505, -1.9066052436828613, -1.8663290739059448, -1.8109272718429565, -1.728177785873413, -1.5888177156448364, -1.3076379299163818], "predicted_p_opt": 1.3776123523712158e-05, "predicted_tts": 72589.36073553273, "p_opt": 9.106882004061845e-08, "tts": 10980706.673853694, "approx": 0.8014253973960876, "opt_gap": -0.19857460260391235}