{"N": 18, "edgelist": ["0 1 {}\n", "0 3 {}\n", "0 12 {}\n", "0 13 {}\n", "0 14 {}\n", "0 16 {}\n", "1 2 {}\n", "1 5 {}\n", "1 8 {}\n", "1 10 {}\n", "1 11 {}\n", "1 13 {}\n", "1 15 {}\n", "1 16 {}\n", "2 3 {}\n", "2 5 {}\n", "2 9 {}\n", "2 11 {}\n", "2 12 {}\n", "2 13 {}\n", "2 14 {}\n", "2 15 {}\n", "2 17 {}\n", "3 6 {}\n", "3 7 {}\n", "3 8 {}\n", "3 12 {}\n", "3 13 {}\n", "3 14 {}\n", "3 15 {}\n", "3 16 {}\n", "3 17 {}\n", "4 7 {}\n", "4 8 {}\n", "4 9 {}\n", "4 10 {}\n", "4 11 {}\n", "4 14 {}\n", "5 6 {}\n", "5 11 {}\n", "5 13 {}\n", "5 15 {}\n", "5 16 {}\n", "6 7 {}\n", "6 9 {}\n", "6 10 {}\n", "6 13 {}\n", "6 14 {}\n", "6 15 {}\n", "6 17 {}\n", "7 14 {}\n", "7 15 {}\n", "7 17 {}\n", "8 9 {}\n", "8 10 {}\n", "8 11 {}\n", "8 15 {}\n", "9 10 {}\n", "9 12 {}\n", "9 15 {}\n", "9 17 {}\n", "10 11 {}\n", "10 17 {}\n", "11 13 {}\n", "11 15 {}\n", "11 16 {}\n", "11 17 {}\n", "12 13 {}\n", "12 15 {}\n", "12 16 {}\n", "13 15 {}\n", "13 16 {}\n", "13 17 {}\n", "14 15 {}\n", "14 17 {}\n", "15 16 {}\n"], "opt_value": 66, "opt_count": 25, "feasible_count": 48620, "mean_value": 58.11764705882353, "std": 2.608410670959177, "level": 2, "gammas": [3.1409807205200195, 3.139004945755005], "betas": [3.1408329010009766, 3.1376781463623047], "predicted_p_opt": 0.012854792266556973, "predicted_tts": 77.792, "p_opt": 0.005487169153238218, "tts": 182.24333387095535, "approx": 0.9482876577475549, "opt_gap": -0.05171234225244514, "th": -61.95296265287511}