{"N": 22, "edgelist": ["0 2 {}\n", "0 4 {}\n", "0 7 {}\n", "0 11 {}\n", "0 12 {}\n", "0 13 {}\n", "0 16 {}\n", "0 17 {}\n", "0 20 {}\n", "1 3 {}\n", "1 7 {}\n", "1 8 {}\n", "1 9 {}\n", "1 12 {}\n", "1 13 {}\n", "1 15 {}\n", "1 17 {}\n", "1 18 {}\n", "1 19 {}\n", "1 21 {}\n", "2 4 {}\n", "2 7 {}\n", "2 8 {}\n", "2 10 {}\n", "2 14 {}\n", "2 15 {}\n", "2 19 {}\n", "2 20 {}\n", "2 21 {}\n", "3 4 {}\n", "3 6 {}\n", "3 7 {}\n", "3 8 {}\n", "3 10 {}\n", "3 11 {}\n", "3 12 {}\n", "3 13 {}\n", "3 15 {}\n", "3 16 {}\n", "3 17 {}\n", "3 20 {}\n", "3 21 {}\n", "4 6 {}\n", "4 7 {}\n", "4 8 {}\n", "4 9 {}\n", "4 13 {}\n", "4 15 {}\n", "4 16 {}\n", "4 19 {}\n", "4 21 {}\n", "5 6 {}\n", "5 7 {}\n", "5 9 {}\n", "5 10 {}\n", "5 12 {}\n", "5 13 {}\n", "5 14 {}\n", "5 15 {}\n", "5 16 {}\n", "5 19 {}\n", "6 7 {}\n", "6 8 {}\n", "6 9 {}\n", "6 10 {}\n", "6 11 {}\n", "6 13 {}\n", "6 18 {}\n", "7 8 {}\n", "7 13 {}\n", "7 15 {}\n", "7 16 {}\n", "7 17 {}\n", "7 20 {}\n", "7 21 {}\n", "8 9 {}\n", "8 12 {}\n", "8 13 {}\n", "8 15 {}\n", "8 19 {}\n", "8 21 {}\n", "9 12 {}\n", "9 14 {}\n", "9 15 {}\n", "9 16 {}\n", "9 17 {}\n", "9 20 {}\n", "9 21 {}\n", "10 12 {}\n", "10 13 {}\n", "10 14 {}\n", "10 16 {}\n", "10 17 {}\n", "10 18 {}\n", "10 19 {}\n", "11 13 {}\n", "11 14 {}\n", "11 15 {}\n", "11 16 {}\n", "11 19 {}\n", "12 14 {}\n", "12 15 {}\n", "12 16 {}\n", "12 17 {}\n", "12 18 {}\n", "12 19 {}\n", "13 14 {}\n", "13 15 {}\n", "13 16 {}\n", "13 21 {}\n", "14 16 {}\n", "14 17 {}\n", "14 18 {}\n", "14 19 {}\n", "14 20 {}\n", "15 16 {}\n", "15 17 {}\n", "15 21 {}\n", "16 17 {}\n", "16 20 {}\n", "17 19 {}\n", "18 19 {}\n", "18 20 {}\n", "18 21 {}\n", "19 20 {}\n", "19 21 {}\n", "20 21 {}\n"], "opt_value": 110, "opt_count": 2, "feasible_count": 705432, "mean_value": 96.76190476190476, "std": 2.9572479892845815, "level": 83, "gammas": [3.141592577673442, 3.141592595604427, 3.1415926220953416, 3.141592634770038, 3.1415926348989234, 3.141592643238868, 3.14159263424689, 3.141592630900597, 3.141592625515523, 3.1415926123620435, 3.1415926007014248, 3.1415926056138908, 3.141592596295546, 3.1415926028800287, 3.141592599613449, 3.1415926009115616, 3.1415925987484483, 3.141592600793759, 3.1415926005759456, 3.141592601423399, 3.141592605991736, 3.141592603335487, 3.1415925995971876, 3.1415925787641514, 3.1415925432995766, 3.1415925126568798, 3.141592446540065, 3.141592363554111, 3.1415922721116187, 3.14159216330919, 3.141592042040527, 3.141591819157978, 3.141591435842916, 3.1415909289698694, 3.141590396550402, 3.141589896227465, 3.1415891342711593, 3.1415874056246884, 3.141584588372417, 3.1415845905826645, 3.1415876115001047, 3.1415889954007157, 3.1415871715148227, 3.141585411610051, 3.141585844396087, 3.1415803534133317, 3.141560851101334, 3.1415484268195337, 3.1415453513708154, 3.1415455422854777, 3.1415420843058977, 3.1415392143193457, 3.1415291364836126, 3.141510738112292, 3.141466376529911, 3.1414461930661663, 3.1414355335630755, 3.141428009201281, 3.141461918709896, 3.1414540773853865, 3.1413525741890225, 3.141319402976165, 3.141366973274173, 3.1413459610514276, 3.1411073275418064, 3.140932436811849, 3.1410508387016027, 3.141025470816395, 3.140906557523685, 3.140723465462398, 3.14106464129939, 3.1410735558005944, 3.1410297458639675, 3.140600201334136, 3.1397181751702945, 3.1386441871744863, 3.139920779080017, 3.139728506311683, 3.1405291646656024, 3.139190334791664, 3.139649525686769, 3.1317115131942126, 3.137771271538537], "betas": [3.1415927186662356, 3.1415927001958623, 3.1415926793320263, 3.1415926710590982, 3.1415926695030234, 3.14159266884303, 3.1415926723639815, 3.1415926787305373, 3.141592687971993, 3.1415926987072127, 3.14159270444062, 3.1415927069008855, 3.141592708160477, 3.1415927066790714, 3.1415927070906378, 3.1415927095055545, 3.141592708588264, 3.141592708066056, 3.1415927034940707, 3.1415926987096703, 3.141592696185657, 3.141592693383565, 3.14159268128393, 3.1415926559527785, 3.1415926280621704, 3.1415925749635707, 3.1415925041191235, 3.141592423299043, 3.141592317725785, 3.141592202704471, 3.1415920496330485, 3.141591740763121, 3.141591288417488, 3.1415907418002806, 3.1415902415119334, 3.141589647913219, 3.1415885593771096, 3.141586031633667, 3.1415841090672827, 3.141586116525737, 3.141588844000311, 3.1415884723424043, 3.1415861433110543, 3.141585650308216, 3.1415850405348293, 3.1415716184853197, 3.141552803695767, 3.1415466627862387, 3.1415453120018584, 3.141544702149116, 3.141540366182367, 3.141535918368209, 3.141521415427124, 3.1414916616247597, 3.1414490861443602, 3.1414459641454466, 3.1414242340980194, 3.141446078820326, 3.1414669164831963, 3.141413957992475, 3.1413113291130372, 3.1413523606947367, 3.1413632146239414, 3.1412692383428897, 3.1409543006200398, 3.1410094482579782, 3.1410305316936054, 3.1410170019078505, 3.140746063492538, 3.1408966873843545, 3.1410823885591874, 3.1411207290184042, 3.140762638459135, 3.140404732220164, 3.1388175658736346, 3.13935761312112, 3.1398392392852403, 3.140122180602842, 3.1398631978678195, 3.1401217650748694, 3.135277220533153, 3.1334204097008915, 3.140627786353626], "predicted_p_opt": 0.07906927953367582, "predicted_tts": 12.647136863996558, "p_opt": 0.07700722168016344, "tts": 12.985795074562384, "approx": 0.8889210576031424, "opt_gap": -0.11107894239685756, "th": -109.9990005493164}