{"edges": [[0, 2], [0, 4], [0, 7], [0, 12], [0, 14], [0, 15], [0, 16], [1, 6], [2, 9], [2, 12], [3, 7], [3, 8], [3, 12], [3, 13], [3, 16], [4, 6], [4, 10], [4, 12], [5, 11], [5, 16], [6, 7], [6, 8], [6, 12], [6, 13], [6, 14], [7, 12], [8, 10], [8, 11], [8, 16], [9, 11], [9, 12], [9, 14], [9, 15], [12, 14], [14, 16], [15, 16]], "num_nodes": 17, "num_colors": 3, "opt_value": 36, "opt_count": 96, "feasible_count": 129140163, "mean_value": 24.0, "std": 2.8284271247461903, "level": 15, "gammas": [3.141592567521232, 3.1415891628362655, 3.141593620971997, 3.1415956063821957, 3.1415891593699743, 3.1415866765644123, 3.141596677075756, 3.1415927899342266, 3.141579756296173, 3.1415816251473188, 3.141549345027027, 3.141543055541978, 3.141170198680095, 3.1415077942533096, 3.141591207451869], "betas": [3.141595095864107, 3.141594596321491, 3.1415895466213195, 3.1415923047708585, 3.141598965492029, 3.1415947865446228, 3.1415853970520335, 3.1415973782522717, 3.1415986949725125, 3.141522099175283, 3.1416463823060714, 3.141274786272402, 3.141333261056504, 3.1415833624395617, 3.141592006078652], "predicted_p_opt": 0.0007143865847528782, "predicted_tts": 1399.8023218002081, "p_opt": 0.0007142166431171624, "tts": 1400.135392582775, "approx": 0.666904438040466, "opt_gap": -0.33309556195953405, "th": -35.999000549316406}