{"N": 22, "edgelist": ["0 6 {}\n", "0 10 {}\n", "0 11 {}\n", "0 17 {}\n", "0 18 {}\n", "1 3 {}\n", "1 4 {}\n", "1 6 {}\n", "1 7 {}\n", "1 12 {}\n", "1 15 {}\n", "1 16 {}\n", "1 17 {}\n", "1 18 {}\n", "1 20 {}\n", "1 21 {}\n", "2 3 {}\n", "2 4 {}\n", "2 9 {}\n", "2 12 {}\n", "2 13 {}\n", "2 15 {}\n", "2 16 {}\n", "2 18 {}\n", "2 20 {}\n", "3 9 {}\n", "3 10 {}\n", "3 14 {}\n", "3 15 {}\n", "3 21 {}\n", "4 7 {}\n", "4 9 {}\n", "4 11 {}\n", "4 12 {}\n", "4 14 {}\n", "4 16 {}\n", "4 19 {}\n", "4 21 {}\n", "5 6 {}\n", "5 14 {}\n", "5 16 {}\n", "5 17 {}\n", "5 18 {}\n", "5 19 {}\n", "5 20 {}\n", "6 9 {}\n", "6 10 {}\n", "6 11 {}\n", "6 14 {}\n", "6 17 {}\n", "6 19 {}\n", "7 9 {}\n", "7 11 {}\n", "7 15 {}\n", "7 17 {}\n", "7 19 {}\n", "7 20 {}\n", "7 21 {}\n", "8 9 {}\n", "8 11 {}\n", "8 12 {}\n", "8 15 {}\n", "8 17 {}\n", "9 10 {}\n", "9 11 {}\n", "9 15 {}\n", "9 18 {}\n", "9 20 {}\n", "10 11 {}\n", "10 12 {}\n", "10 13 {}\n", "10 15 {}\n", "10 16 {}\n", "10 20 {}\n", "10 21 {}\n", "11 12 {}\n", "11 13 {}\n", "11 14 {}\n", "11 15 {}\n", "11 16 {}\n", "11 18 {}\n", "11 20 {}\n", "12 16 {}\n", "12 17 {}\n", "12 18 {}\n", "12 20 {}\n", "13 14 {}\n", "13 16 {}\n", "13 18 {}\n", "13 19 {}\n", "13 20 {}\n", "14 15 {}\n", "14 19 {}\n", "14 21 {}\n", "15 17 {}\n", "15 19 {}\n", "15 20 {}\n", "16 17 {}\n", "16 20 {}\n", "17 18 {}\n", "17 20 {}\n", "18 19 {}\n", "18 21 {}\n", "19 20 {}\n", "19 21 {}\n"], "opt_value": 94, "opt_count": 2, "feasible_count": 705432, "mean_value": 80.0, "std": 3.276712087636501, "level": 7, "gammas": [0.15569625794887543, 0.22255060076713562, 0.219257190823555, 0.21504470705986023, 0.21386776864528656, 0.21351788938045502, 0.2069336473941803], "betas": [-2.9347434043884277, -2.9559340476989746, -2.9658329486846924, -2.9660027027130127, -2.9656784534454346, -2.9655966758728027, -2.9621329307556152], "predicted_p_opt": 0.0006379069846562107, "predicted_tts": 1567.6266666666666, "p_opt": 0.0004956831689924002, "tts": 2017.4177025876222, "approx": 0.8562748432159424, "opt_gap": -0.14372515678405762}