{"edges": [[15, 21], [15, 10], [15, 11], [21, 4], [21, 17], [18, 23], [18, 22], [18, 7], [23, 20], [23, 9], [20, 22], [20, 12], [4, 17], [4, 2], [17, 19], [0, 8], [0, 19], [0, 25], [8, 10], [8, 13], [11, 14], [11, 16], [14, 1], [14, 3], [10, 6], [9, 5], [9, 24], [16, 25], [16, 1], [25, 13], [22, 24], [5, 6], [5, 3], [6, 19], [2, 3], [2, 12], [1, 7], [7, 12], [13, 24]], "num_nodes": 26, "opt_value": 34, "opt_count": 16, "feasible_count": 67108864, "mean_value": 19.5, "std": 3.122498999199199, "level": 36, "gammas": [-0.14275589633541957, -0.2411382866326121, -0.2529063317591641, -0.25534107379333587, -0.25354477126373093, -0.2502837287384106, -0.2509389788471209, -0.2645882624495638, -0.2873660594978913, -0.14644320881989945, 0.27964675871954264, 0.2765474688653836, 0.26290271717253705, 0.25520951616962895, 0.2530113775406198, 0.2511080049980304, 0.26505214184485093, 0.26294674237506044, 0.27292556745943225, 0.2998142957976214, 0.26109628970929843, 0.26123589900521793, 0.2632713024952633, 0.2655233091497831, 0.2678413337145837, 0.2704620037765682, 0.27372054045536454, 0.2779301595170729, 0.28366880988648585, 0.28820982199646, 0.2763381917806763, 0.40603290201140463, 0.4488249663313743, 0.38670861259264083, 0.30723733785929014, 0.28134210139646576], "betas": [2.7170664782588236, 2.5491701927729005, 2.4448897856345484, 2.4083880675538603, 2.4181237229230392, 2.519762790589702, 2.7545138268303915, 3.090284134050304, 4.164764587222393, 1.0702912598835643, -3.3398724499007195, -3.102778045050915, -2.9005581887327807, -2.491229426582551, -2.32372321932156, -2.3030858812792383, -2.4818769208996647, -2.587172672557603, -2.7145212021588856, -1.9930960114159928, -2.0660293261082794, -2.093772097532263, -2.097132960652931, 4.195893056343437, 4.212329825488746, 4.232021729396723, 4.2521191635483255, 4.270979533203206, 4.285712733831378, 4.185620295155832, 4.737008194173083, 4.245244559030473, 3.9695500126542322, 3.6100155324311434, 3.5468209273094713, 3.603214706657595], "predicted_p_opt": 0.0012705326080322266, "predicted_tts": 787.071495590167, "p_opt": 1.864607339232056e-05, "tts": 53630.59443989173, "approx": 0.8515418769984239, "opt_gap": -0.14845812300157613}