{"N": 26, "edgelist": ["0 1 {}\n", "0 3 {}\n", "0 12 {}\n", "0 13 {}\n", "0 14 {}\n", "0 16 {}\n", "0 21 {}\n", "0 23 {}\n", "0 25 {}\n", "1 2 {}\n", "1 5 {}\n", "1 8 {}\n", "1 10 {}\n", "1 11 {}\n", "1 13 {}\n", "1 15 {}\n", "1 16 {}\n", "1 18 {}\n", "1 19 {}\n", "1 23 {}\n", "1 24 {}\n", "2 3 {}\n", "2 5 {}\n", "2 9 {}\n", "2 11 {}\n", "2 12 {}\n", "2 13 {}\n", "2 14 {}\n", "2 15 {}\n", "2 17 {}\n", "2 19 {}\n", "2 21 {}\n", "2 22 {}\n", "3 6 {}\n", "3 7 {}\n", "3 8 {}\n", "3 12 {}\n", "3 13 {}\n", "3 14 {}\n", "3 15 {}\n", "3 16 {}\n", "3 17 {}\n", "3 19 {}\n", "3 20 {}\n", "3 21 {}\n", "3 22 {}\n", "3 25 {}\n", "4 7 {}\n", "4 8 {}\n", "4 9 {}\n", "4 10 {}\n", "4 11 {}\n", "4 14 {}\n", "4 21 {}\n", "4 22 {}\n", "4 23 {}\n", "4 25 {}\n", "5 6 {}\n", "5 11 {}\n", "5 13 {}\n", "5 15 {}\n", "5 16 {}\n", "5 21 {}\n", "6 7 {}\n", "6 9 {}\n", "6 10 {}\n", "6 13 {}\n", "6 14 {}\n", "6 15 {}\n", "6 17 {}\n", "6 18 {}\n", "6 20 {}\n", "6 22 {}\n", "6 24 {}\n", "7 14 {}\n", "7 15 {}\n", "7 17 {}\n", "7 18 {}\n", "7 20 {}\n", "7 21 {}\n", "7 22 {}\n", "7 23 {}\n", "7 25 {}\n", "8 9 {}\n", "8 10 {}\n", "8 11 {}\n", "8 15 {}\n", "8 24 {}\n", "9 10 {}\n", "9 12 {}\n", "9 15 {}\n", "9 17 {}\n", "9 18 {}\n", "9 19 {}\n", "9 20 {}\n", "9 22 {}\n", "9 24 {}\n", "10 11 {}\n", "10 17 {}\n", "10 18 {}\n", "10 19 {}\n", "10 23 {}\n", "10 24 {}\n", "10 25 {}\n", "11 13 {}\n", "11 15 {}\n", "11 16 {}\n", "11 17 {}\n", "11 18 {}\n", "11 19 {}\n", "11 20 {}\n", "11 24 {}\n", "12 13 {}\n", "12 15 {}\n", "12 16 {}\n", "12 18 {}\n", "12 20 {}\n", "12 21 {}\n", "12 23 {}\n", "12 24 {}\n", "12 25 {}\n", "13 15 {}\n", "13 16 {}\n", "13 17 {}\n", "13 22 {}\n", "13 23 {}\n", "14 15 {}\n", "14 17 {}\n", "14 20 {}\n", "14 23 {}\n", "14 25 {}\n", "15 16 {}\n", "15 18 {}\n", "15 19 {}\n", "15 20 {}\n", "15 22 {}\n", "15 25 {}\n", "16 18 {}\n", "16 20 {}\n", "16 21 {}\n", "16 23 {}\n", "17 20 {}\n", "17 22 {}\n", "17 23 {}\n", "17 24 {}\n", "17 25 {}\n", "18 19 {}\n", "18 21 {}\n", "18 24 {}\n", "18 25 {}\n", "19 20 {}\n", "19 21 {}\n", "19 22 {}\n", "19 23 {}\n", "20 21 {}\n", "20 23 {}\n", "21 22 {}\n", "21 24 {}\n", "21 25 {}\n", "22 23 {}\n", "22 24 {}\n", "22 25 {}\n", "23 24 {}\n", "23 25 {}\n"], "opt_value": 142, "opt_count": 3, "feasible_count": 10400600, "mean_value": 124.64, "std": 3.620108093509868, "level": 21, "gammas": [0.1107952892780304, 0.17952923476696014, 0.18096864223480225, 0.1763027459383011, 0.1736615002155304, 0.17319662868976593, 0.17354080080986023, 0.17381493747234344, 0.1738530993461609, 0.17379404604434967, 0.1737743765115738, 0.1737811416387558, 0.17378951609134674, 0.17378634214401245, 0.17377999424934387, 0.17378206551074982, 0.17377285659313202, 0.173850879073143, 0.17414283752441406, 0.17426808178424835, 0.1690928339958191], "betas": [-2.9955434799194336, -3.0003812313079834, -3.006727457046509, -3.0026543140411377, -2.9972894191741943, -2.9968175888061523, -2.998957395553589, -2.999958038330078, -2.999032497406006, -2.9982283115386963, -2.9985344409942627, -2.999208450317383, -2.9993045330047607, -2.9991371631622314, -2.999030590057373, -2.9992501735687256, -2.9997408390045166, -3.0001163482666016, -3.0003061294555664, -2.999175548553467, -3.001260280609131], "predicted_p_opt": 0.0005333346153106552, "predicted_tts": 1874.9954930593112, "p_opt": 0.0004506117256823927, "tts": 2219.205455618427, "approx": 0.8800420761108398, "opt_gap": -0.11995792388916016}