{"edges": [[0, 2], [0, 4], [0, 5], [0, 6], [0, 12], [1, 4], [1, 11], [1, 12], [2, 6], [2, 7], [2, 10], [2, 12], [3, 9], [5, 6], [6, 11], [7, 8], [8, 10], [8, 13], [9, 10], [10, 12]], "num_nodes": 14, "num_colors": 3, "opt_value": 20, "opt_count": 432, "feasible_count": 4782969, "mean_value": 13.333333333333334, "std": 2.1081851067789197, "level": 37, "gammas": [3.141592582234036, 3.141592591316836, 3.1415926049330865, 3.141592578716752, 3.141592528789013, 3.1415925003555976, 3.1415925139411787, 3.141592557674533, 3.1415926057128054, 3.141592619937678, 3.141592616352953, 3.1415925638388553, 3.1415924823660553, 3.141592412612808, 3.1415923459066435, 3.1415922479066047, 3.141592221777428, 3.1415920967339104, 3.1415914642881497, 3.1415907492473347, 3.1415907687522933, 3.1415893454020587, 3.141586702477758, 3.1415833967737656, 3.141576113320183, 3.141569322908693, 3.1415334292044457, 3.1415304631143033, 3.141448504323549, 3.1414320301161505, 3.141200479477188, 3.141176783767226, 3.1406740661877466, 3.1401829959765193, 3.1386984997163947, 3.134412358096938, 3.139728040328385], "betas": [3.141592728037851, 3.1415927087585773, 3.1415927213424233, 3.1415927597352407, 3.1415927981511933, 3.1415928071381285, 3.1415927742942564, 3.141592724024229, 3.1415926820976643, 3.14159266981483, 3.1415926953112367, 3.14159273921195, 3.1415927631501526, 3.141592730632586, 3.1415925800737274, 3.1415923424173355, 3.1415921762153878, 3.1415917479898696, 3.1415910579564716, 3.141590960587611, 3.1415909982038257, 3.1415882512835056, 3.141585809218804, 3.1415783054835567, 3.1415741943401585, 3.1415533218797957, 3.1415333404491386, 3.14150323269804, 3.141415365774724, 3.141363581766811, 3.1411139517368287, 3.1412176027917194, 3.1398624286813193, 3.1407049644116554, 3.13525239393848, 3.136859732119834, 3.1411802071489507], "predicted_p_opt": 0.5080526342529086, "predicted_tts": 1.9683000000000002, "p_opt": 0.4276455216786099, "tts": 2.3383852964828518, "approx": 0.8091979872691037, "opt_gap": -0.19080201273089625, "th": -19.999000549316406}