{"N": 18, "edgelist": ["0 2 {}\n", "0 5 {}\n", "0 6 {}\n", "0 10 {}\n", "0 15 {}\n", "0 17 {}\n", "1 2 {}\n", "1 3 {}\n", "1 4 {}\n", "1 7 {}\n", "1 11 {}\n", "1 13 {}\n", "2 5 {}\n", "2 6 {}\n", "2 7 {}\n", "2 9 {}\n", "2 10 {}\n", "2 11 {}\n", "2 12 {}\n", "2 15 {}\n", "2 17 {}\n", "3 6 {}\n", "3 7 {}\n", "3 12 {}\n", "3 14 {}\n", "3 15 {}\n", "3 17 {}\n", "4 5 {}\n", "4 8 {}\n", "4 11 {}\n", "4 17 {}\n", "5 6 {}\n", "5 7 {}\n", "5 9 {}\n", "5 10 {}\n", "5 11 {}\n", "5 12 {}\n", "5 13 {}\n", "5 14 {}\n", "5 15 {}\n", "6 7 {}\n", "6 9 {}\n", "6 11 {}\n", "6 12 {}\n", "6 13 {}\n", "6 14 {}\n", "6 15 {}\n", "6 16 {}\n", "6 17 {}\n", "7 9 {}\n", "7 10 {}\n", "7 11 {}\n", "7 12 {}\n", "7 16 {}\n", "7 17 {}\n", "8 9 {}\n", "8 12 {}\n", "8 13 {}\n", "8 14 {}\n", "8 15 {}\n", "8 16 {}\n", "9 10 {}\n", "9 11 {}\n", "9 14 {}\n", "9 15 {}\n", "9 17 {}\n", "10 13 {}\n", "10 14 {}\n", "10 15 {}\n", "10 16 {}\n", "11 12 {}\n", "11 16 {}\n", "12 13 {}\n", "12 14 {}\n", "13 14 {}\n", "13 16 {}\n", "13 17 {}\n", "14 16 {}\n", "14 17 {}\n", "15 17 {}\n"], "opt_value": 71, "opt_count": 1, "feasible_count": 48620, "mean_value": 61.1764705882353, "std": 2.7830430682479896, "level": 41, "gammas": [-0.2688584916937887, -0.29754440808805555, -0.25099124554997504, -0.23757815636922516, -0.21474998934635128, -0.20727094346919936, -0.226079073225216, -0.20970454653343204, -0.21916104403818212, -0.22993136331317743, -0.21283397184204397, -0.23041591734456204, -0.2645659283400653, -0.28396394264050945, -0.29250077841462235, -0.3031421647424863, -0.30687035198831375, -0.331525203981939, -0.3367136940288149, -0.3260397531765025, -0.3351583358210256, -0.514751126983468, -0.19493883508456417, -0.2434707102914313, -0.28242237458793457, -0.26869447302414434, -0.2663122084515161, -0.23711015482223055, -0.25057700899335833, -0.2723837955546354, -0.28823239085254676, -0.2959199886116727, -0.3049854155424197, 5.974663159206403, 5.9682147319168495, 5.917309411348679, 6.041585882367255, 0.29500011132151577, 2.811226595858765, 2.8002225051107565, 0.4178547335322928], "betas": [1.5563326849589318, 2.123305855344064, 2.06705690523667, 1.6437724897540704, 1.5439456803233602, 1.7722104277050044, 1.5041959486181937, 1.4399067286307548, 1.6712441625923489, 1.613129504201212, 1.520151944391385, 1.7513939945600272, 1.9408935148311857, 2.015480440580744, 2.033881883998603, 2.0725471868340577, 2.212627627859338, 2.1560330689873606, 1.97199215068325, 2.0644928996364045, 1.3405694999353626, 2.1734736318055123, 2.5795203901688377, 2.39192356036077, 2.270361235583043, 2.0886181168768045, 1.9734014404274378, 1.8467952531337408, 1.9400699190922572, 2.0754343419231147, 2.159187048890476, 2.210412728424952, 2.224255354037888, 2.2416294396181473, 2.295608223299302, 2.4566641626090076, 2.349422543158084, -2.2398492780521826, -2.919704037543521, -3.013936961298165, 0.8970322137735375], "predicted_p_opt": 0.14169066227889757, "predicted_tts": 7.0576281027725365, "p_opt": 0.001924895231469043, "tts": 519.5087938561826, "approx": 0.9730912944490026, "opt_gap": -0.026908705550997447}