{"N": 18, "edgelist": ["0 1 {}\n", "0 2 {}\n", "0 3 {}\n", "0 4 {}\n", "0 5 {}\n", "0 12 {}\n", "0 13 {}\n", "0 14 {}\n", "0 15 {}\n", "1 2 {}\n", "1 4 {}\n", "1 5 {}\n", "1 6 {}\n", "1 8 {}\n", "1 10 {}\n", "1 14 {}\n", "1 17 {}\n", "2 3 {}\n", "2 4 {}\n", "2 6 {}\n", "2 7 {}\n", "2 8 {}\n", "2 9 {}\n", "2 11 {}\n", "2 13 {}\n", "3 4 {}\n", "3 9 {}\n", "3 11 {}\n", "3 14 {}\n", "3 15 {}\n", "4 6 {}\n", "4 8 {}\n", "4 9 {}\n", "4 10 {}\n", "4 11 {}\n", "4 12 {}\n", "4 14 {}\n", "4 17 {}\n", "5 8 {}\n", "5 10 {}\n", "5 11 {}\n", "5 13 {}\n", "5 15 {}\n", "5 17 {}\n", "6 7 {}\n", "6 9 {}\n", "6 11 {}\n", "6 14 {}\n", "6 16 {}\n", "6 17 {}\n", "7 13 {}\n", "7 14 {}\n", "7 15 {}\n", "8 9 {}\n", "8 10 {}\n", "8 11 {}\n", "8 12 {}\n", "8 14 {}\n", "8 15 {}\n", "8 16 {}\n", "9 11 {}\n", "9 13 {}\n", "9 15 {}\n", "9 16 {}\n", "9 17 {}\n", "10 13 {}\n", "11 12 {}\n", "11 14 {}\n", "11 17 {}\n", "12 14 {}\n", "14 15 {}\n", "14 17 {}\n", "15 16 {}\n", "15 17 {}\n"], "opt_value": 67, "opt_count": 1, "feasible_count": 48620, "mean_value": 56.588235294117645, "std": 2.9487549422328336, "level": 41, "gammas": [-0.4069062403085104, -0.27930731951874654, -0.2730328762003195, -0.25592089726711453, -0.25134798154981086, -0.2506519445552273, -0.25473881693234296, -0.2529792240656864, -0.24765862751311374, -0.229782129285569, -0.2365639598229925, -0.2475103822756182, -0.2649799379502259, -0.2776892089995923, -0.2792993311211762, -0.2790104123891, -0.28599011372851074, -0.31675387680622186, -0.3417358983630245, -0.2926468430597798, -0.6309546702195508, -0.13546231192064698, -0.26623673517153934, -0.27779959043164343, -0.2751516240163831, -0.2700283164588596, -0.26876399783294397, 6.017372080490699, 6.020002453308121, 6.033408585834013, 6.039360417591229, 6.045366261097154, 6.027687325365774, 6.021446259376601, 6.0120497742927315, 6.00782050317267, 5.991758536876019, 5.988841510996578, 5.975878839556719, 0.13615160914302338, 4.922733107446532], "betas": [2.2839698207697654, 2.478722315272998, 2.251982348336513, 2.156523132361967, 2.121272310101023, 2.088990263089251, 2.063145985258152, 2.07614982641346, 1.9395421669833068, 1.874411166910513, 1.89423700578659, 2.0356751421580523, 2.053942570837159, 2.1613603481877184, 2.0717693996778497, 2.0280303769163064, 1.990683698919368, 2.2580293730149092, 1.9200071966477439, 1.690811581191757, 1.0704974029835976, 2.8663968583705506, 3.0292082063478762, 2.760273283197688, 2.4909599193195784, 2.3576186295771016, 2.3010940175130075, 2.2508750638680155, 2.122880076547602, 2.0081419445243194, 1.9385850733027696, 1.9617802219700753, 2.0379831127471797, 2.115271206820043, 2.0668880917895134, 2.175372983403639, 2.251911157003778, 2.2198402552696983, -2.508720824267322, -2.404391266390397, 1.4774829921199275], "predicted_p_opt": 0.14169066227889757, "predicted_tts": 7.0576281027725365, "p_opt": 0.0025217600304942565, "tts": 396.5484375624763, "approx": 0.9736601099531187, "opt_gap": -0.02633989004688131}