{"edges": [[0, 1], [0, 5], [0, 9], [0, 10], [1, 2], [1, 3], [1, 6], [1, 7], [1, 9], [2, 4], [2, 7], [3, 5], [3, 6], [3, 8], [3, 9], [3, 10], [4, 9], [5, 6], [5, 10], [6, 7], [6, 8], [7, 8], [7, 9], [7, 10], [8, 9]], "num_nodes": 11, "num_colors": 3, "opt_value": 25, "opt_count": 12, "feasible_count": 177147, "mean_value": 16.666666666666668, "std": 2.3570226039551585, "level": 39, "gammas": [-0.1265513300895691, -0.2265399545431137, -0.2430427372455597, -0.24095146358013153, -0.23779486119747162, -0.24962352216243744, -0.26439622044563293, -0.2682981789112091, -0.25527051091194153, -0.23553508520126343, -0.25835928320884705, -0.24608269333839417, -0.21962174773216248, -0.2006988674402237, -0.21931378543376923, -0.22436363995075226, -0.20107783377170563, -0.17337274551391602, -0.20150108635425568, -0.20375920832157135, -0.1919437199831009, -0.20641770958900452, -0.2043841928243637, -0.22521638870239258, -0.22564823925495148, -0.1905893087387085, -0.13472534716129303, -0.1720816195011139, -0.2105918526649475, -0.20891432464122772, -0.22813163697719574, -0.22631414234638214, -0.23980526626110077, -0.27310240268707275, -0.29285550117492676, -0.30217230319976807, -0.30575916171073914, -0.3394707441329956, -1.274530291557312], "betas": [1.9598357677459717, 1.6860231161117554, 1.5684999227523804, 1.4450078010559082, 1.404251217842102, 1.452020525932312, 1.4946777820587158, 1.4714215993881226, 1.3406386375427246, 1.306504249572754, 1.3684570789337158, 1.220463514328003, 1.038306713104248, 1.1351174116134644, 1.2228426933288574, 1.0819975137710571, 1.064223289489746, 1.0775278806686401, 1.1253931522369385, 0.9895158410072327, 1.0423789024353027, 1.043402910232544, 0.9996573328971863, 0.9815918207168579, 0.9696267247200012, 0.9955289363861084, 1.0605500936508179, 0.978383481502533, 1.2870042324066162, 1.2349152565002441, 1.356278419494629, 1.376266360282898, 1.5597269535064697, 1.6772459745407104, 1.6993824243545532, 1.7467491626739502, 1.8256474733352661, 1.8063563108444214, 1.5845781564712524], "predicted_p_opt": 0.42276753204965367, "predicted_tts": 2.3653661272232016, "p_opt": 0.00331325177103281, "tts": 301.81829486754606, "approx": 0.9202529788017273, "opt_gap": -0.0797470211982727}