{"edges": [[7, 17], [7, 6], [7, 24], [17, 20], [17, 3], [4, 12], [4, 15], [4, 8], [12, 3], [12, 18], [15, 19], [15, 2], [5, 10], [5, 19], [5, 2], [10, 2], [10, 13], [14, 22], [14, 11], [14, 8], [22, 24], [22, 1], [19, 23], [8, 18], [18, 11], [1, 6], [1, 13], [6, 20], [11, 21], [0, 23], [0, 25], [0, 21], [23, 24], [20, 21], [16, 25], [16, 9], [16, 13], [25, 9], [3, 9]], "num_nodes": 26, "opt_value": 35, "opt_count": 2, "feasible_count": 67108864, "mean_value": 19.5, "std": 3.122498999199199, "level": 16, "gammas": [0.10310276986960455, 0.21243539344902485, 0.24257820005162994, 0.2517151981731973, 0.25547583951822445, 0.2579583296212515, 0.2603366399088464, 0.26287638302348704, 0.26562023529535406, 0.26877128595430966, 0.2727279369741357, 0.2779532031256923, 0.2850013429940719, 0.2949188419111423, 0.30982394770970456, 0.3353506138224165], "betas": [-2.5951495529162694, -2.3289139326289146, -2.200582184463836, -2.130756597762831, -2.088373971448574, -2.058659970800842, -2.033300968052608, -2.0067857929971176, -1.9762205663003203, -1.940777758100765, -1.8997767046106275, -1.8505205914579113, -1.787422261837493, -1.69872685816488, -1.55548977908386, 5.023156721743497], "predicted_p_opt": 3.2454729080200195e-05, "predicted_tts": 30812.15059687787, "p_opt": 3.0668065672467897e-07, "tts": 3260720.811934823, "approx": 0.7842312637486417, "opt_gap": -0.21576873625135828}