{"N": 18, "edgelist": ["0 3 {}\n", "0 6 {}\n", "0 7 {}\n", "0 8 {}\n", "0 12 {}\n", "0 13 {}\n", "0 14 {}\n", "1 6 {}\n", "1 7 {}\n", "1 9 {}\n", "1 11 {}\n", "1 13 {}\n", "1 15 {}\n", "2 4 {}\n", "2 5 {}\n", "2 7 {}\n", "2 8 {}\n", "2 12 {}\n", "2 14 {}\n", "2 17 {}\n", "3 5 {}\n", "3 6 {}\n", "3 7 {}\n", "3 9 {}\n", "3 11 {}\n", "3 12 {}\n", "3 13 {}\n", "3 14 {}\n", "4 6 {}\n", "4 7 {}\n", "4 8 {}\n", "4 10 {}\n", "4 11 {}\n", "4 12 {}\n", "4 14 {}\n", "4 16 {}\n", "5 6 {}\n", "5 8 {}\n", "5 9 {}\n", "5 10 {}\n", "5 11 {}\n", "5 12 {}\n", "5 15 {}\n", "5 16 {}\n", "5 17 {}\n", "6 7 {}\n", "6 8 {}\n", "6 11 {}\n", "6 13 {}\n", "6 16 {}\n", "7 9 {}\n", "7 13 {}\n", "7 14 {}\n", "7 15 {}\n", "7 16 {}\n", "8 10 {}\n", "8 11 {}\n", "8 12 {}\n", "8 13 {}\n", "9 10 {}\n", "9 12 {}\n", "9 13 {}\n", "9 14 {}\n", "10 11 {}\n", "10 12 {}\n", "10 13 {}\n", "10 16 {}\n", "10 17 {}\n", "11 12 {}\n", "12 14 {}\n", "12 15 {}\n", "12 16 {}\n", "12 17 {}\n", "13 14 {}\n", "13 15 {}\n"], "opt_value": 68, "opt_count": 13, "feasible_count": 48620, "mean_value": 57.35294117647059, "std": 2.8520617201181535, "level": 21, "gammas": [0.1644433351194407, 0.2762502265105513, 0.29218478242760887, 0.2946951183300091, 0.2963256476564952, 0.2937581657565217, 0.29315202521713896, 0.2943277898736018, 0.29580332480452237, 0.296276425449372, 0.2943715640949478, 0.2809941789650902, 0.1793353491353382, -0.1560174165750393, -0.274299037186255, -0.2878764595861913, -0.2875039799865471, -0.28562840574244813, -0.28392315930410883, -0.2815353685580862, -0.2716267399883082], "betas": [-3.049018128145474, -3.0860032245520745, -3.102755053502949, -3.1008949246443014, -3.0460261383448817, -3.084396137898382, -3.098425517138962, -3.109423280482807, -3.1215521153725594, -3.119134801404919, -3.0947688124181885, -3.077090348100053, -3.272735359884437, 3.004992579338259, 3.044024612675523, 3.025844042360866, 2.999651509792922, 2.973926637134894, 2.9550878960704874, 2.9260549270440355, 2.8824704183471273], "predicted_p_opt": 0.4943850267379679, "predicted_tts": 2.022714981070849, "p_opt": 0.24807189535491886, "tts": 4.0310894491667035, "approx": 0.9237740111048275, "opt_gap": -0.07622598889517251}