{"edges": [[20, 23], [20, 26], [20, 2], [23, 25], [23, 14], [26, 6], [26, 1], [5, 13], [5, 0], [5, 12], [13, 3], [13, 21], [4, 15], [4, 18], [4, 19], [15, 0], [15, 11], [3, 1], [3, 27], [12, 22], [12, 8], [22, 9], [22, 1], [14, 25], [14, 17], [25, 6], [18, 10], [18, 27], [0, 16], [8, 24], [8, 7], [9, 11], [9, 24], [11, 17], [10, 17], [10, 19], [24, 16], [2, 6], [2, 21], [7, 19], [7, 27], [16, 21]], "num_nodes": 28, "opt_value": 38, "opt_count": 2, "feasible_count": 268435456, "mean_value": 21.0, "std": 3.24037034920393, "level": 10, "gammas": [0.11242784295856298, 0.22297233865580876, 0.24983159609855612, 0.2579197145966864, 0.2625316720517526, 0.267556948598198, 0.27441579516977743, 0.2842305107483439, 0.299030609383395, 0.323920172346765], "betas": [-2.5087552984763097, -2.2108800931253776, -2.063461013949349, -1.9765718842657258, -1.9144592003341647, -1.858679269125757, -1.7957578984010638, -1.710067364020146, -1.5696635352568438, 5.012565307403873], "predicted_p_opt": 3.285706043243408e-06, "predicted_tts": 304348.589569161, "p_opt": 5.149583965621298e-08, "tts": 19419044.464096818, "approx": 0.7494073110561043, "opt_gap": -0.25059268894389575}