{"edges": [[4, 9], [4, 18], [4, 1], [9, 10], [9, 16], [3, 7], [3, 6], [3, 17], [7, 5], [7, 15], [5, 19], [5, 8], [18, 19], [18, 12], [19, 6], [0, 8], [0, 11], [0, 12], [8, 13], [11, 14], [11, 17], [14, 13], [14, 1], [17, 10], [10, 15], [15, 16], [13, 2], [6, 16], [12, 2], [1, 2]], "num_nodes": 20, "opt_value": 27, "opt_count": 4, "feasible_count": 1048576, "mean_value": 15.0, "std": 2.7386127875258306, "level": 39, "gammas": [-0.3221321972618438, -0.2385572827933113, -0.22916029950099812, -0.24487134257123783, -0.22032746575641435, -0.22806198135566152, -0.22998120223512, -0.2478411572470007, -0.26404744962891114, -0.27068237895889724, -0.27971505147035897, -0.2797834266513829, -0.28105652826056177, -0.28155754304613045, -0.29145751210585447, -0.3110942863372084, -0.32687990529777095, -0.3115890001135279, -0.3231077187236996, -0.2857115996771555, -0.710972293079507, -0.12095401234786776, -0.21481999273852612, -0.2616247603400796, -0.28089300930374406, 6.002642479237319, 5.999734232427031, 6.000056339813242, 5.99508251971668, 5.997157941989632, 5.994385216648503, 5.993552115299333, 5.989923080049161, 5.983751518023595, 5.973705226269292, 5.956184579779548, 5.948474203470809, 4.925754583791903, 5.858502558006465], "betas": [1.4808453865646947, 2.6117627613107213, 1.8444708516763342, 1.914648265652957, 1.8499840724140189, 1.753677402379989, 1.9227204178249684, 1.9616395090539767, 2.1058259456682134, 2.1023134754470787, 2.129956385252696, 2.0982502078209087, 2.057690266416765, 2.043094983974667, 2.0938891305511906, 2.150727332135703, 2.048726566911024, 1.8408119940962744, 2.009646612024894, 1.4738892805570676, 2.0408061802144455, 2.581163371022442, 2.5172426195763777, 2.546373844978455, 2.360981243277872, 2.391390116667344, 2.292242131362493, 2.3375475457293167, 2.2573058770283523, 2.2716745016636666, 2.228348172372727, 2.2280657676170854, 2.2351177530536344, 2.2726116232415436, 2.3572324487758074, 2.5130086904897073, 2.4757029257522833, 1.837838883087268, 2.127978087751718], "predicted_p_opt": 0.023807525634765625, "predicted_tts": 42.0035250761096, "p_opt": 0.00013683940999646197, "tts": 7307.836244148198, "approx": 0.860991504887477, "opt_gap": -0.139008495112523}