{"edges": [[6, 15], [6, 11], [6, 9], [15, 8], [15, 12], [3, 7], [3, 10], [3, 0], [7, 10], [7, 9], [10, 1], [0, 5], [0, 4], [5, 9], [5, 14], [8, 12], [8, 13], [12, 1], [11, 14], [11, 4], [14, 13], [1, 2], [13, 2], [4, 2]], "num_nodes": 16, "opt_value": 20, "opt_count": 12, "feasible_count": 65536, "mean_value": 12.0, "std": 2.449489742783178, "level": 15, "gammas": [0.13477720320224762, 0.274833619594574, 0.3070564270019531, 0.3110455870628357, 0.31019389629364014, 0.3077634572982788, 0.31083944439888, 0.31709393858909607, 0.32027703523635864, 0.3253485858440399, 0.3352884352207184, 0.3465670943260193, 0.36458081007003784, 0.39053457975387573, 0.4236912429332733], "betas": [-2.5257062911987305, -2.184126615524292, -1.9765509366989136, -1.8476539850234985, -1.7577742338180542, -1.7039196491241455, -1.6907410621643066, -1.667837381362915, -1.6270771026611328, -1.6036086082458496, -1.586484670639038, -1.5602130889892578, -1.5352970361709595, -1.4405001401901245, -1.1786141395568848], "predicted_p_opt": 0.17596435546875, "predicted_tts": 5.682969129379119, "p_opt": 0.007648763246834278, "tts": 130.74009061711863, "approx": 0.8916398882865906, "opt_gap": -0.10836011171340942}