{"edges": [[6, 12], [6, 13], [6, 9], [12, 8], [12, 9], [5, 7], [5, 2], [5, 14], [7, 10], [7, 9], [8, 1], [8, 3], [2, 11], [2, 14], [11, 10], [11, 1], [1, 3], [3, 15], [14, 4], [10, 4], [4, 0], [15, 0], [15, 13], [0, 13]], "num_nodes": 16, "opt_value": 19, "opt_count": 36, "feasible_count": 65536, "mean_value": 12.0, "std": 2.449489742783178, "level": 15, "gammas": [0.13290350139141083, 0.27541404962539673, 0.311708003282547, 0.31805989146232605, 0.3163281977176666, 0.3122212886810303, 0.3152603209018707, 0.3222496807575226, 0.3273364007472992, 0.334575891494751, 0.34495532512664795, 0.35501253604888916, 0.37068310379981995, 0.3943130373954773, 0.4283686876296997], "betas": [-2.4799180030822754, -2.114225149154663, -1.8989508152008057, -1.7566355466842651, -1.6479870080947876, -1.584445595741272, -1.5690629482269287, -1.5521899461746216, -1.527600884437561, -1.515108585357666, -1.4978761672973633, -1.464263677597046, -1.4287282228469849, -1.3335518836975098, -1.0753635168075562], "predicted_p_opt": 0.52789306640625, "predicted_tts": 1.894323043126373, "p_opt": 0.036919403821229935, "tts": 27.086027847095554, "approx": 0.9223825335502625, "opt_gap": -0.07761746644973755}