{"edges": [[7, 17], [7, 13], [7, 14], [17, 21], [17, 16], [4, 6], [4, 21], [4, 1], [6, 16], [6, 19], [3, 10], [3, 19], [3, 15], [10, 20], [10, 8], [21, 12], [19, 18], [9, 14], [9, 16], [9, 22], [14, 15], [0, 23], [0, 20], [0, 22], [23, 2], [23, 8], [20, 5], [2, 1], [2, 18], [13, 11], [13, 1], [18, 15], [12, 5], [12, 11], [5, 11], [8, 22]], "num_nodes": 24, "opt_value": 32, "opt_count": 2, "feasible_count": 16777216, "mean_value": 18.0, "std": 3.0, "level": 22, "gammas": [0.12215720809853152, 0.2245461235826259, 0.24318724620688534, 0.2473995856418081, 0.24677056553604518, 0.24577007791304115, 0.2458879257996268, 0.2472027774343164, 0.24896504615221426, 0.25048441277310446, 0.251678045004884, 0.2533444971961003, 0.25649558871623684, 0.26137232855971315, 0.26734745193405046, 0.2737709789936111, 0.28065564468548987, 0.2882653937996056, 0.2970188484335886, 0.3072643866973217, 0.325653334854354, 0.3252416900328171], "betas": [-2.4274833647160743, -2.270653134368629, -2.1636092591534886, -2.088374461464845, -2.0332625561713376, -1.997020622261232, -1.9766484933742032, -1.9650723344979635, -1.9538014745747079, -1.938089492425527, -1.920314788266986, -1.9076210532839448, -1.9044143289823057, -1.9073490938867168, -1.9090490565468239, -1.9043705924873686, -1.8916629928823923, -1.8689921095806303, -1.8310523347420242, -1.7617792715557365, -1.6511419539463026, 4.125425025882377], "predicted_p_opt": 0.00024139881134033203, "predicted_tts": 4142.522469135803, "p_opt": 1.452340707740526e-06, "tts": 688543.6693127927, "approx": 0.8189868738385442, "opt_gap": -0.18101312616145582}