{"locs": [[0.42, 0.07], [0.56, 0.78], [0.64, 0.23], [0.75, 0.88], [0.51, 0.28], [0.02, 0.65], [0.23, 0.24], [0.89, 0.31], [0.23, 0.27], [0.07, 0.92], [0.37, 0.42], [0.56, 0.48], [0.54, 0.09]], "opt_value": 3.437676, "opt_count": 2.0, "feasible_count": 479001600.0, "mean_value": 6.438457146870222, "std": 0.5913318942466727, "level": 9, "gammas": [3.140979148295446, 3.141884450201548, 3.1416525522428578, 3.141196755731039, 3.1417810464638145, 3.141776084986773, 3.1400769077977384, 3.1394404695257445, 3.1453239688678774], "betas": [3.1415908138291844, 3.141311061890595, 3.141774965013741, 3.1417488960700157, 3.141616431783786, 3.1431235111929308, 3.1379639079284782, 3.145495676335208, 3.1458765640883954], "predicted_p_opt": 1.5073018545240768e-06, "predicted_tts": 663437.1191135735, "p_opt": 1.5072960381341374e-06, "tts": 663439.6792005685, "approx": 1.872908791902996, "opt_gap": 0.8729087919029961, "th": 3.438676}