{"edges": [[0, 1], [0, 2], [0, 6], [0, 8], [0, 10], [0, 12], [1, 3], [1, 5], [1, 15], [2, 3], [2, 5], [2, 10], [2, 11], [2, 14], [3, 4], [3, 6], [3, 7], [3, 10], [4, 6], [4, 12], [5, 6], [5, 10], [5, 12], [6, 7], [6, 10], [7, 12], [7, 15], [8, 12], [8, 13], [8, 14], [9, 11], [11, 12], [11, 13], [12, 15]], "num_nodes": 16, "num_colors": 3, "opt_value": 34, "opt_count": 72, "feasible_count": 43046721, "mean_value": 22.666666666666668, "std": 2.748737083745107, "level": 48, "gammas": [-0.12302891177904937, -0.18133651648358656, -0.22584765786260874, -0.24803069800302457, -0.20345082049460694, -0.2187388856053778, -0.24093528390573205, -0.21434138595285493, -0.450781067443618, -0.2686575789329697, -0.08085300235626545, -0.21643995224279303, -0.3050374567939483, -0.2655801281749549, -0.06225388728149995, -0.2830799002439753, -0.29744568219286105, -0.14378408672972676, -0.17562833699520075, -0.31284856486322593, -0.26732628348694015, -0.10602189794998322, -0.260617508873094, -0.29425805918375814, -0.25698501571331445, -0.14488541442489972, -0.22712264404528812, -0.2566057046012803, -0.3089959100824185, 5.957943997798009, 5.854174906588174, 5.609329927172272, 5.881997170339482, 5.955585799966715, 5.966747280691182, 5.981115266004624, 5.979588014216578, 5.965543435771695, 5.992326387671703, 5.954722037473846, 5.9793459956704, 5.980633972373699, 5.926641938105572, 6.020723569700232, 5.967117332351241, 5.983463309690119, 5.986746565648824, 6.038156813685759], "betas": [2.014544665846563, 1.7561023911940965, 1.9729842664863322, 1.8474639702337494, 1.5204609093517996, 1.9558387126466614, 1.497766826003068, 1.9070968963982937, 2.5221322009422487, 2.4113765329925707, 1.1952231046202328, 2.4896065018952735, 2.368304007246353, 1.1272372624897127, 1.3979455323873362, 2.3091990830116753, 2.0478179580079092, 0.6095969303852571, 2.091606265986229, 2.2606073079556235, 1.5109921213103281, 1.0727618396779683, 2.0069700720891017, 1.934658270670617, 1.5679424565006708, 1.1961149120111698, 1.7377393432288413, 2.196499523210708, 2.2221645337717417, 2.041173368243452, 1.6207312101831746, 2.2612375007268644, 2.504436942570914, 2.5289417747537253, 2.4840940232626694, 2.4259988371309684, 2.4399781959786533, 2.4029270049687064, 2.399040118980313, 2.3965695371102633, 2.5472893651950135, 2.11897142406559, 2.154622004127348, 2.4319156449392367, 2.3826905402137677, 2.1528887274401383, 2.289768783974757, 2.1781307190354413], "predicted_p_opt": 0.015737505302668698, "predicted_tts": 63.54247263258582, "p_opt": 7.666266111518935e-05, "tts": 13044.159770262237, "approx": 0.9021434122396466, "opt_gap": -0.09785658776035344}