{"edges": [[8, 15], [8, 14], [8, 7], [15, 3], [15, 13], [0, 11], [0, 1], [0, 12], [11, 13], [11, 5], [6, 14], [6, 2], [6, 9], [14, 7], [3, 9], [3, 12], [9, 2], [12, 5], [5, 1], [1, 10], [2, 4], [4, 7], [4, 10], [13, 10]], "num_nodes": 16, "opt_value": 21, "opt_count": 4, "feasible_count": 65536, "mean_value": 12.0, "std": 2.449489742783178, "level": 11, "gammas": [0.1462913304567337, 0.28903859853744507, 0.3179776668548584, 0.3118991255760193, 0.28804343938827515, 0.28748151659965515, 0.323387086391449, 0.35083818435668945, 0.3697216808795929, 0.3919287323951721, 0.4276079833507538], "betas": [-2.4865305423736572, -2.15820574760437, -1.951741099357605, -1.7383368015289307, -1.5564831495285034, -1.6135588884353638, -1.7178999185562134, -1.715835690498352, -1.6464126110076904, -1.5124833583831787, -1.2242109775543213], "predicted_p_opt": 0.03228759765625, "predicted_tts": 30.97164461247637, "p_opt": 0.0012326757423579693, "tts": 811.2433510593087, "approx": 0.840114414691925, "opt_gap": -0.15988558530807495}