{"edges": [[6, 15], [6, 3], [6, 7], [15, 1], [15, 9], [3, 4], [3, 1], [4, 5], [4, 13], [5, 10], [5, 1], [10, 9], [10, 11], [9, 11], [11, 14], [0, 8], [0, 7], [0, 12], [8, 2], [8, 14], [14, 13], [2, 13], [2, 12], [7, 12]], "num_nodes": 16, "opt_value": 22, "opt_count": 2, "feasible_count": 65536, "mean_value": 12.0, "std": 2.449489742783178, "level": 11, "gammas": [0.1456165462732315, 0.28785043954849243, 0.3164162337779999, 0.3091597855091095, 0.2866121530532837, 0.2903742492198944, 0.32563090324401855, 0.35153454542160034, 0.369493693113327, 0.3898959457874298, 0.4237087070941925], "betas": [-2.4883289337158203, -2.161276340484619, -1.948647379875183, -1.7281595468521118, -1.5631422996520996, -1.6290736198425293, -1.7258795499801636, -1.7274205684661865, -1.6654385328292847, -1.5342713594436646, -1.2496527433395386], "predicted_p_opt": 0.016143798828125, "predicted_tts": 61.94328922495274, "p_opt": 0.0004035109013784677, "tts": 2478.247791035671, "approx": 0.8038713932037354, "opt_gap": -0.19612860679626465}