{"edges": [[6, 21], [6, 1], [6, 14], [21, 12], [21, 7], [18, 20], [18, 16], [18, 11], [20, 2], [20, 17], [4, 9], [4, 8], [4, 10], [9, 3], [9, 0], [5, 13], [5, 10], [5, 14], [13, 14], [13, 17], [10, 12], [1, 3], [1, 7], [0, 8], [0, 19], [8, 19], [3, 15], [12, 11], [2, 11], [2, 7], [17, 15], [16, 19], [16, 15]], "num_nodes": 22, "opt_value": 29, "opt_count": 8, "feasible_count": 4194304, "mean_value": 16.5, "std": 2.8722813232690143, "level": 48, "gammas": [-0.3288048756983994, -0.2775536794323711, -0.24084222952753195, -0.24815542170140226, -0.234208230180701, -0.24413855382828675, -0.25031840999734134, -0.24067828679457226, -0.28011655421460746, -0.2167119957026228, -0.3322961534982273, -0.24316070916455496, -0.24480656885774266, -0.25045935702332567, -0.24264569986568255, -0.2515665418711278, -0.27644127846653677, -0.3070065301197853, -0.3444920722510332, -0.3666302543998902, -0.6410924359482219, -0.14877827193786208, -0.23994756488537836, -0.3025631781402795, -0.27661104936500486, 6.0179610002846795, 6.026513363466395, 6.016228334527547, 5.637023538535975, 6.073733694730291, 0.608917757731585, 6.030121977332713, 6.068365872912453, 5.986760384475972, 6.002730394608973, 6.017709339355267, 6.0132184044603845, 6.007948499571872, 6.002002416100691, 5.987536388092326, 5.980862853504444, 5.979315351554852, 5.531937384314325, 0.3191444492421776, 5.514961154219142, 0.4310775875895895, 5.92255336142093, 5.905564597976114], "betas": [2.4699805817097773, 2.6035794497455442, 2.1426308221715185, 2.039293488031244, 2.0381815059713775, 2.03551233096991, 1.9823326956231315, 1.901952565332162, 3.675675452246392, 1.645681254089914, 1.694321602422278, 2.234558424359972, 1.930729181560477, 1.86227088745395, 1.8751467325786397, 1.955318997593593, 2.124288098005387, 2.2181630663503378, 2.3096914527051604, 2.2178083623221787, 1.0583045320252045, 3.0754741371377867, 3.362753653897948, 2.747822218802312, 2.441605731604341, 2.305329791566702, 2.1786762289042634, 2.2147189585838842, 2.462225759513707, 1.9974061756434935, 1.8339167606824014, 2.1750304028616303, 2.7450832170623256, 2.0451532717754644, 2.0372744227342516, 2.1358440070525013, 2.141094375348743, 2.159469670849053, 2.2112017923669267, 2.3568883143634913, 2.6206927136407034, 2.7032001959668155, 2.2007703489900625, 2.2574951536519134, 2.123197811304722, 2.146275712977896, 2.125675914930626, 1.8693867578623928], "predicted_p_opt": 0.017946243286132812, "predicted_tts": 55.72196832819641, "p_opt": 8.987364969026781e-05, "tts": 11126.731844609705, "approx": 0.8703485392939736, "opt_gap": -0.1296514607060264}