{"edges": [[0, 4], [0, 6], [0, 7], [1, 7], [1, 11], [1, 12], [2, 12], [3, 5], [3, 6], [3, 9], [4, 7], [4, 11], [4, 12], [5, 6], [5, 10], [6, 8], [7, 8], [7, 12], [10, 11], [10, 12]], "num_nodes": 13, "num_colors": 3, "opt_value": 20, "opt_count": 312, "feasible_count": 1594323, "mean_value": 13.333333333333334, "std": 2.1081851067789197, "level": 34, "gammas": [0.14428204550779083, 0.2821070993432123, 0.29789562349220877, 0.31412250440400574, 0.32304644465934185, 0.2854139739035826, 0.3241097205288314, 0.3316042379167909, 0.26717345797008685, 0.29632866739072183, 0.37670218869677796, 0.4169781434042493, 0.44696941929392414, 0.34605581057596146, -0.5487920120919516, -0.3967466809638944, -0.3929091595802001, -0.4006479443229838, -0.4544003576269422, -0.4411058152482659, -0.5198737335271058, -0.46770299396753995, -1.5080791478921376, -0.6028680298735528, -0.252345002663822, -0.46818848229082344, -0.4395114942273094, -0.43648762475182046, -0.4270303671768501, -0.4788416351047592, -0.43429555019073557, 5.758945635914417, 5.834630483762663, 5.6202300610172395], "betas": [-2.0914386292798324, -1.6546440626272294, -1.583342691895543, -1.7142105986994938, -1.5691335487071594, -1.5127609243251856, -1.752976091465627, -1.5917363247915817, -1.3743057706390527, -1.8561151636238473, -2.2378955609280675, -2.585597797752483, -3.2516606806967485, -2.114343758014756, 2.9766734612595065, 2.431235637789762, 2.2841440332455525, 2.389099869786828, 2.589218007594473, 2.569105674238348, -3.484522381064685, -3.6868294706730893, 0.7596503026069364, 1.0372971076876303, 3.738077840155461, 3.0796824232438, 2.7317338629409558, 2.576696064890006, 2.6174952541120535, 2.533576367187315, 2.7200827410779174, 2.574460392789884, 3.3063208405761597, 2.1430888996108464], "predicted_p_opt": 0.9317007908686007, "predicted_tts": 1.0733059473607678, "p_opt": 0.0911540869934126, "tts": 10.970435149794948, "approx": 0.9535963966915769, "opt_gap": -0.04640360330842308}