{"edges": [[7, 17], [7, 16], [7, 18], [17, 9], [17, 4], [3, 10], [3, 18], [3, 8], [10, 21], [10, 2], [5, 13], [5, 1], [5, 8], [13, 16], [13, 18], [4, 15], [4, 11], [15, 19], [15, 0], [8, 9], [9, 14], [14, 6], [14, 21], [21, 2], [1, 12], [1, 20], [12, 20], [12, 0], [6, 11], [6, 19], [11, 19], [2, 20], [16, 0]], "num_nodes": 22, "opt_value": 29, "opt_count": 6, "feasible_count": 4194304, "mean_value": 16.5, "std": 2.8722813232690143, "level": 9, "gammas": [3.140213966369629, 3.1404576301574707, 3.140965223312378, 3.141211986541748, 3.141234874725342, 3.141066312789917, 3.140650987625122, 3.1401708126068115, 3.140108823776245], "betas": [3.140331268310547, 3.1407179832458496, 3.1410884857177734, 3.141237497329712, 3.1411986351013184, 3.1409244537353516, 3.1403565406799316, 3.1400153636932373, 3.1402387619018555], "predicted_p_opt": 0.0005164146423339844, "predicted_tts": 1936.4284395198522, "p_opt": 0.0002571782327047118, "tts": 3888.353961698559, "approx": 0.8333037518550312, "opt_gap": -0.16669624814496875, "th": -23.914294717210897}