{"edges": [[0, 2], [0, 6], [1, 4], [1, 5], [1, 6], [1, 9], [1, 10], [2, 4], [2, 5], [3, 6], [5, 6], [5, 7], [5, 8], [6, 7], [6, 9], [7, 9], [7, 10], [9, 10]], "num_nodes": 11, "num_colors": 3, "opt_value": 18, "opt_count": 96, "feasible_count": 177147, "mean_value": 12.0, "std": 2.0, "level": 48, "gammas": [-0.5484907974588733, -0.4042857245115895, -0.33420766636125876, -0.3124263391068919, -0.2523145258481342, -0.256809928279874, -0.3248195577675244, -0.3489154467849618, -0.37070246521302214, -0.35767185962479237, -0.2282802584164657, -0.8507119381434441, 0.44713209162960416, -0.9218091673094887, -0.8529977844743643, 6.062581431338139, 5.903526328215804, 5.774928369032903, 5.869563889214129, 5.906070881097686, 5.906608448017506, 5.9844601998905125, 5.9834680662616, 5.915406835861086, 5.889035973280248, 5.740356749998339, 5.556626936182859, 5.71014193416805, 5.6351155449460535, 5.500713123171216, 5.613897903781588, 5.836108219525806, 5.876311298538173, 5.8447054600128086, 5.824326695719712, 5.934910055302882, 5.805440728115472, 5.814486715453784, 5.9292290069328395, 5.789385672430987, 5.732740802994785, 5.568069892246611, 5.590695337296775, 5.694867160764564, 5.783338590877279, 5.824505173935225, 5.860848629385758, 5.828763638582578], "betas": [1.7506830246149427, 2.328957660536935, 2.1658588639537903, 1.9427670519388431, 1.6522365589105628, 1.3973748099956034, 1.690480959904462, 1.897908172701802, 1.9406268237328475, 1.6207629115001148, 1.12641214716379, 0.3859017925930062, 1.8235111843943197, 0.6965916269379189, 1.5200271159331749, 2.9042039748750237, 2.0646680090090266, 2.942491104418505, 2.8401338103012583, 2.3450921084568117, 1.9266353424931073, 1.5060980288311079, 1.636558615806951, 1.970070543470509, 2.409144291314566, 4.3067353718640735, 2.4104809460048866, 1.8134382499993162, 1.9141110483152308, 2.1776644712003916, 2.675334819738386, 2.6752913424560982, 2.441036529522025, 1.9746255714451975, 2.150771602562597, 2.524318397696523, 2.479549620893574, 1.383332486966907, 2.405950463241876, 2.5879242567621237, 2.232357441643922, 1.9467654932665115, 2.047192753637573, 2.2265477825629274, 2.152148830865004, 2.277959488779136, 2.4247473863480384, 2.4579137945753744], "predicted_p_opt": 5.098951718064658, "predicted_tts": 0.19611874269316612, "p_opt": 0.37432932889101117, "tts": 2.6714444282594743, "approx": 0.964450750984277, "opt_gap": -0.03554924901572298}