{"edges": [[0, 2], [0, 4], [0, 11], [1, 2], [1, 3], [1, 7], [1, 10], [2, 13], [3, 5], [3, 15], [4, 5], [4, 14], [5, 12], [6, 9], [6, 10], [6, 11], [6, 14], [7, 11], [7, 13], [7, 14], [7, 15], [8, 11], [8, 12], [8, 14], [9, 11], [9, 13], [12, 13], [12, 14], [13, 15]], "num_nodes": 16, "num_colors": 3, "opt_value": 29, "opt_count": 210, "feasible_count": 43046721, "mean_value": 19.333333333333332, "std": 2.5385910352879693, "level": 3, "gammas": [3.1418026039139253, 3.1413956430241665, 3.1413498713825967], "betas": [3.1415856591094573, 3.1413581432704567, 3.1413781092089166], "predicted_p_opt": 0.00023904259746055918, "predicted_tts": 4183.354810495627, "p_opt": 0.00023902399332348197, "tts": 4183.68041674651, "approx": 0.6667450421639083, "opt_gap": -0.3332549578360917, "th": -28.999000549316406}