{"edges": [[0, 3], [0, 5], [0, 9], [0, 10], [1, 7], [1, 14], [2, 5], [2, 10], [2, 14], [3, 7], [3, 8], [3, 9], [3, 15], [4, 15], [5, 7], [5, 8], [5, 13], [6, 10], [6, 12], [6, 14], [6, 15], [7, 9], [7, 10], [7, 12], [7, 14], [8, 10], [8, 13], [8, 14], [9, 11], [9, 14], [9, 15], [10, 13], [13, 15], [14, 15]], "num_nodes": 16, "num_colors": 3, "opt_value": 34, "opt_count": 48, "feasible_count": 43046721, "mean_value": 22.666666666666668, "std": 2.748737083745107, "level": 57, "gammas": [-0.13270704448223114, -0.21918922662734985, -0.21742673218250275, -0.1878114640712738, -0.1955338418483734, -0.2075946182012558, -0.1996612548828125, -0.1915014386177063, -0.1999547928571701, -0.19727832078933716, -0.20052479207515717, -0.20251844823360443, -0.19832922518253326, -0.19432996213436127, -0.19755786657333374, -0.20349229872226715, -0.20470957458019257, -0.19942182302474976, -0.19248329102993011, -0.19303222000598907, -0.20020166039466858, -0.2054961919784546, -0.20506009459495544, -0.1990758329629898, -0.19167037308216095, -0.19103766977787018, -0.1992873251438141, -0.19984324276447296, -0.2065109759569168, -0.21486350893974304, -0.19837769865989685, -0.18948771059513092, -0.20485369861125946, -0.20503349602222443, -0.1892409771680832, 0.12307669967412949, 0.24723432958126068, 0.24477270245552063, 0.23523487150669098, 0.22907422482967377, 0.23203402757644653, 0.2303137630224228, 0.23177330195903778, 0.23305687308311462, 0.23415322601795197, 0.23529469966888428, 0.2364758998155594, 0.23766155540943146, 0.23893481492996216, 0.24019645154476166, 0.24154257774353027, 0.24297800660133362, 0.24463827908039093, 0.24658876657485962, 0.24899514019489288, 0.2518046796321869, 0.2501637935638428], "betas": [2.709005355834961, 2.5151190757751465, 2.241832733154297, 1.9605170488357544, 2.1325302124023438, 1.9854652881622314, 2.2248287200927734, 2.1922409534454346, 2.142793893814087, 2.184678792953491, 2.2160799503326416, 2.1979970932006836, 2.144768476486206, 2.137813091278076, 2.194129228591919, 2.2343854904174805, 2.2110798358917236, 2.1390256881713867, 2.1006505489349365, 2.150155544281006, 2.2206194400787354, 2.2460343837738037, 2.209507703781128, 2.136155605316162, 2.098057985305786, 2.1193766593933105, 2.2122244834899902, 2.3258702754974365, 2.112506151199341, 2.198629140853882, 2.0261619091033936, 2.172849416732788, 2.330756664276123, 2.517849922180176, -2.1409683227539062, -3.218636989593506, -2.709556818008423, -2.597470998764038, -2.4778833389282227, -2.4683239459991455, -2.545118808746338, -2.573455810546875, -2.5832762718200684, -2.594651460647583, -2.6089141368865967, -2.6208603382110596, -2.632688283920288, -2.646951675415039, -2.6637377738952637, -2.6816999912261963, -2.698509931564331, -2.7174265384674072, -2.7399680614471436, -2.766242504119873, -2.7971484661102295, -2.854218006134033, -2.9398000240325928], "predicted_p_opt": 0.014746767820015837, "predicted_tts": 67.81146975425331, "p_opt": 0.010054101404375853, "tts": 99.46189716813174, "approx": 0.6460915929881492, "opt_gap": -0.3539084070118508}