{"edges": [[0, 8], [0, 11], [0, 12], [1, 4], [1, 6], [1, 7], [1, 10], [1, 13], [2, 7], [2, 8], [2, 9], [2, 10], [3, 7], [3, 11], [3, 12], [4, 10], [5, 11], [5, 13], [6, 10], [6, 11], [6, 13], [7, 10], [8, 13], [11, 12], [11, 13]], "num_nodes": 14, "num_colors": 3, "opt_value": 25, "opt_count": 12, "feasible_count": 4782969, "mean_value": 16.666666666666668, "std": 2.3570226039551585, "level": 30, "gammas": [0.17929493597041846, 0.21718646218007587, 0.27689348041867595, 0.3122934905448027, 0.21656102887558087, 0.3927676115296542, 0.1347292648272659, 0.29407874381932775, 0.3243929127901831, 0.17167872669280762, 0.34068327250111635, 0.34226279713643587, 0.2202844907216397, 0.31029902445821317, 0.327942133908996, 0.2754986645065404, 0.31980197252018, 0.31794407988537765, 0.312060072580761, 0.35020024060625077, 0.3442307179855338, 0.5004426123479482, 0.5641938418260546, 0.5881853297279955, 0.4706788504742417, 0.4188685783168435, 0.42663188500899196, 0.414913976151153, 0.43329207429415145, 0.42540926666280154], "betas": [-2.294227522554576, -1.3391761728494331, -1.9942095841525995, -0.9633981430263086, -1.9778930592940402, -1.9427667934407034, -1.3317655706833533, -2.2090142768190013, -1.2964775172311716, -1.2524230240183474, -1.8396418819411449, -1.424336027906828, -1.1210344832164718, -1.615771413763676, -1.305287459053695, -1.3057054095598413, -1.1920990693756772, -1.302278282949168, -1.2426808860974248, -1.062186003528058, -1.5938332697784185, -1.8142790683875532, -2.003355345810985, 3.8434242436569472, 3.8555292948755615, 3.932724301567249, 4.005270055991435, 3.986064399911608, 3.965875476331551, 3.805490142634711], "predicted_p_opt": 0.009335623960765793, "predicted_tts": 107.11656812684761, "p_opt": 5.9311126061992864e-05, "tts": 16860.243033571565, "approx": 0.891660279887035, "opt_gap": -0.108339720112965}