{"edges": [[6, 15], [6, 11], [6, 9], [15, 11], [15, 2], [4, 9], [4, 14], [4, 0], [9, 3], [12, 13], [12, 5], [12, 2], [13, 7], [13, 8], [0, 8], [0, 7], [8, 5], [11, 1], [7, 10], [10, 14], [10, 1], [3, 5], [3, 14], [1, 2]], "num_nodes": 16, "opt_value": 22, "opt_count": 2, "feasible_count": 65536, "mean_value": 12.0, "std": 2.449489742783178, "level": 4, "gammas": [0.19070222742051107, 0.350731259045749, 0.3896539827330699, 0.42361846820168847], "betas": [-2.2141411598193237, -1.8181399522659658, -1.5767430704461918, 5.021447899948514], "predicted_p_opt": 0.002471923828125, "predicted_tts": 404.5432098765432, "p_opt": 0.00020730212250837478, "tts": 4823.877285480283, "approx": 0.7385196215145701, "opt_gap": -0.26148037848542993}