{"edges": [[6, 15], [6, 13], [6, 2], [15, 12], [15, 11], [3, 10], [3, 16], [3, 2], [10, 14], [10, 17], [16, 5], [16, 9], [5, 7], [5, 0], [7, 2], [7, 1], [0, 13], [0, 9], [9, 11], [11, 12], [1, 12], [1, 17], [4, 8], [4, 14], [4, 17], [8, 14], [8, 13]], "num_nodes": 18, "opt_value": 24, "opt_count": 2, "feasible_count": 262144, "mean_value": 13.5, "std": 2.598076211353316, "level": 3, "gammas": [0.1989649087190628, 0.36124399304389954, 0.4075619578361511], "betas": [-2.10667085647583, -1.6445525884628296, -1.255921721458435], "predicted_p_opt": 0.00037384033203125, "predicted_tts": 2674.938775510204, "p_opt": 3.687626667669974e-05, "tts": 27117.712559331547, "approx": 0.7268787026405334, "opt_gap": -0.27312129735946655}