{"N": 26, "edgelist": ["0 1 {}\n", "0 4 {}\n", "0 6 {}\n", "0 7 {}\n", "0 8 {}\n", "0 9 {}\n", "0 10 {}\n", "0 11 {}\n", "0 14 {}\n", "0 16 {}\n", "0 19 {}\n", "0 23 {}\n", "0 24 {}\n", "0 25 {}\n", "1 3 {}\n", "1 5 {}\n", "1 9 {}\n", "1 10 {}\n", "1 11 {}\n", "1 12 {}\n", "1 16 {}\n", "1 17 {}\n", "1 20 {}\n", "1 21 {}\n", "1 22 {}\n", "1 24 {}\n", "1 25 {}\n", "2 3 {}\n", "2 8 {}\n", "2 12 {}\n", "2 14 {}\n", "2 17 {}\n", "2 18 {}\n", "2 20 {}\n", "2 22 {}\n", "3 5 {}\n", "3 8 {}\n", "3 9 {}\n", "3 10 {}\n", "3 12 {}\n", "3 16 {}\n", "3 18 {}\n", "3 19 {}\n", "3 20 {}\n", "3 21 {}\n", "3 23 {}\n", "3 24 {}\n", "4 5 {}\n", "4 6 {}\n", "4 7 {}\n", "4 9 {}\n", "4 12 {}\n", "4 13 {}\n", "4 14 {}\n", "4 17 {}\n", "4 18 {}\n", "4 19 {}\n", "4 21 {}\n", "4 22 {}\n", "4 23 {}\n", "4 24 {}\n", "4 25 {}\n", "5 6 {}\n", "5 7 {}\n", "5 11 {}\n", "5 12 {}\n", "5 14 {}\n", "5 15 {}\n", "5 16 {}\n", "5 17 {}\n", "5 19 {}\n", "5 21 {}\n", "6 10 {}\n", "6 17 {}\n", "6 19 {}\n", "6 20 {}\n", "6 22 {}\n", "6 23 {}\n", "6 24 {}\n", "6 25 {}\n", "7 14 {}\n", "7 17 {}\n", "7 19 {}\n", "7 20 {}\n", "7 21 {}\n", "7 23 {}\n", "7 24 {}\n", "7 25 {}\n", "8 11 {}\n", "8 12 {}\n", "8 13 {}\n", "8 14 {}\n", "8 16 {}\n", "8 19 {}\n", "8 22 {}\n", "8 25 {}\n", "9 11 {}\n", "9 12 {}\n", "9 13 {}\n", "9 16 {}\n", "9 18 {}\n", "9 19 {}\n", "9 22 {}\n", "9 23 {}\n", "9 24 {}\n", "9 25 {}\n", "10 13 {}\n", "10 15 {}\n", "10 16 {}\n", "10 20 {}\n", "10 22 {}\n", "10 23 {}\n", "11 13 {}\n", "11 14 {}\n", "11 15 {}\n", "11 16 {}\n", "11 17 {}\n", "11 18 {}\n", "11 20 {}\n", "11 21 {}\n", "11 23 {}\n", "12 14 {}\n", "12 16 {}\n", "12 18 {}\n", "12 19 {}\n", "12 20 {}\n", "12 21 {}\n", "12 23 {}\n", "12 25 {}\n", "13 14 {}\n", "13 18 {}\n", "13 24 {}\n", "14 20 {}\n", "15 16 {}\n", "15 17 {}\n", "15 19 {}\n", "15 20 {}\n", "15 22 {}\n", "16 17 {}\n", "16 18 {}\n", "16 21 {}\n", "16 22 {}\n", "16 23 {}\n", "16 24 {}\n", "17 18 {}\n", "17 20 {}\n", "17 22 {}\n", "17 25 {}\n", "18 20 {}\n", "18 21 {}\n", "18 25 {}\n", "19 21 {}\n", "19 22 {}\n", "20 21 {}\n", "20 22 {}\n", "20 24 {}\n", "20 25 {}\n", "23 24 {}\n", "24 25 {}\n"], "opt_value": 137, "opt_count": 3, "feasible_count": 10400600, "mean_value": 120.84, "std": 3.7585334790371996, "level": 32, "gammas": [0.07970849301220669, 0.1601319517730963, 0.18830939898347454, 0.18957370067997126, 0.18266697432942858, 0.1714331464025434, 0.16616446953557015, 0.16772827001795973, 0.16717424437883496, 0.16513145819645228, 0.16592239576754333, 0.16765936601104744, 0.16824734651553597, 0.16890041288361748, 0.17043320722239863, 0.17223167471520864, 0.17386769938497476, 0.17552487491832816, 0.17749607662952166, 0.17978449374687946, 0.18223373515799035, 0.1848734394003371, 0.18785203669636655, 0.19108975206325265, 0.19506003688569185, 0.20118105068861974, 0.2102913213483715, 0.22168661037793536, 0.23464474213066963, 0.2500813752216699, 0.2581280355399574, 0.35108923706368206], "betas": [-2.8020129233686033, -2.433167927395891, -2.2535537096216443, -2.0981094884514055, -1.924468419455922, -1.7877119039676899, -1.7526306882649867, -1.745275021769283, -1.709997239863249, -1.6885287149169068, -1.6930138217507755, -1.6920673011141754, -1.6837030087893956, -1.6816516931044458, -1.6851373052430698, -1.6872557182608825, -1.687090766123757, -1.687347709125524, -1.689263850474042, -1.691228288702568, -1.6918156132902211, -1.6916357542504474, -1.6899305082316163, -1.6860050597147096, -1.6871502911277791, -1.7013607333244167, -1.7225625644398563, -1.7330596671629863, -1.7150099261000598, -1.674829272040649, -1.5236669460314693, 4.691732877642792], "predicted_p_opt": 0.0012186796915562563, "predicted_tts": 820.5601577909271, "p_opt": 6.316313422209922e-06, "tts": 158320.19932445415, "approx": 0.9605441345215255, "opt_gap": -0.03945586547847446}