{"edges": [[0, 4], [0, 5], [0, 6], [1, 4], [1, 11], [2, 12], [3, 4], [3, 6], [3, 11], [3, 13], [4, 5], [6, 9], [6, 12], [7, 10], [8, 9], [8, 13], [9, 13], [10, 12]], "num_nodes": 14, "num_colors": 3, "opt_value": 18, "opt_count": 2592, "feasible_count": 4782969, "mean_value": 12.0, "std": 2.0, "level": 41, "gammas": [-0.43852499127388, 0.7506546974182129, -0.5547310709953308, -0.5362831354141235, -0.3800647258758545, -0.378066748380661, -0.3621757924556732, -0.32954856753349304, -0.2982598543167114, -0.3238094747066498, -0.3641444742679596, -0.37056639790534973, -0.3351251482963562, -0.33698907494544983, -0.3165012300014496, -0.5529196262359619, -0.31527525186538696, -0.41956135630607605, -0.32769301533699036, -0.2746996581554413, -0.3238176703453064, -0.3848873972892761, -0.3982999920845032, -0.40189701318740845, -0.4140092134475708, -0.4271722137928009, -0.4120637774467468, -0.47974079847335815, -1.4436360597610474, -0.40667715668678284, -0.3827490508556366, -0.40939509868621826, -0.39832884073257446, -0.4088572561740875, -0.4201291501522064, -0.4209724962711334, -0.40879517793655396, -0.43542563915252686, -0.4223436117172241, -0.39075568318367004, -0.8076388835906982], "betas": [-2.656348705291748, -1.4541443586349487, 4.972875595092773, 2.1197307109832764, 2.0880911350250244, 1.9871830940246582, 1.827162504196167, 1.603513240814209, 1.5491806268692017, 1.7505464553833008, 1.8884341716766357, 1.8014965057373047, 1.6874176263809204, 1.7344425916671753, 1.8194717168807983, 3.296537160873413, 2.5160751342773438, 2.0825486183166504, 1.6781563758850098, 1.7441883087158203, 2.007338523864746, 2.120149612426758, 2.162355422973633, 2.1792502403259277, 2.1093497276306152, 2.1750729084014893, 2.1626334190368652, 2.0322797298431396, 2.5771021842956543, 2.4226648807525635, 2.4913625717163086, 2.355128288269043, 2.3406529426574707, 2.3126394748687744, 2.2426071166992188, 2.2783138751983643, 2.159529209136963, 2.000966787338257, 2.177562713623047, 2.7843246459960938, 1.4764409065246582], "predicted_p_opt": 3.73330623719284, "predicted_tts": 0.2678590869502105, "p_opt": 0.6745085120201111, "tts": 1.4825609791121273, "approx": 0.97943115234375, "opt_gap": -0.02056884765625}