{"edges": [[0, 6], [0, 8], [0, 9], [0, 12], [1, 2], [1, 4], [1, 7], [1, 9], [1, 11], [2, 3], [2, 5], [3, 5], [3, 6], [3, 9], [3, 11], [5, 6], [5, 8], [5, 10], [5, 11], [8, 9], [8, 12]], "num_nodes": 13, "num_colors": 3, "opt_value": 21, "opt_count": 144, "feasible_count": 1594323, "mean_value": 14.0, "std": 2.160246899469287, "level": 10, "gammas": [0.15005925733915607, 0.2988609658394083, 0.3379783976452088, 0.3546090249521871, 0.36559086511902605, 0.3750585783706028, 0.38528308878710243, 0.3992109561803103, 0.4225415855739876, 0.46636805926099373], "betas": [-2.240351315537624, -1.820302302396607, -1.641879442055877, -1.5552086678088386, -1.5011280127927047, -1.4562605423978294, -1.4080581598311244, -1.3487807661285935, -1.2623118886500466, 5.204454222610696], "predicted_p_opt": 0.039831326525428035, "predicted_tts": 25.105867346938776, "p_opt": 0.0019548002959208365, "tts": 511.5612076009717, "approx": 0.8756030237961203, "opt_gap": -0.12439697620387968}