{"edges": [[0, 1], [0, 2], [0, 5], [0, 6], [0, 9], [1, 8], [2, 3], [2, 5], [2, 9], [4, 6], [4, 10], [4, 11], [4, 13], [5, 12], [6, 8], [6, 12], [7, 12], [7, 13], [8, 11], [8, 13], [9, 12], [12, 13]], "num_nodes": 14, "num_colors": 3, "opt_value": 22, "opt_count": 888, "feasible_count": 4782969, "mean_value": 14.666666666666666, "std": 2.211083193570267, "level": 51, "gammas": [0.19662819802761078, 0.31748443841934204, 0.32893747091293335, 0.3279913067817688, 0.3241638243198395, 0.3201640248298645, 0.31700485944747925, 0.315203994512558, 0.31325337290763855, 0.3070337176322937, 0.29132479429244995, 0.26920440793037415, 0.26428285241127014, 0.2791709005832672, 0.29361313581466675, 0.3001747727394104, 0.293195903301239, 0.2818138301372528, 0.27882498502731323, 0.25697439908981323, 0.3040754199028015, 0.25903400778770447, 0.25782474875450134, 0.288777619600296, 0.30581381916999817, 0.3171272277832031, 0.326048880815506, 0.3319997787475586, 0.3342483937740326, 0.3327946066856384, 0.32794690132141113, 0.3219449818134308, 0.3215673267841339, 0.3293286859989166, 0.3314608335494995, 0.3292475938796997, 0.3301283121109009, 0.3342877924442291, 0.3315389156341553, 0.3351612687110901, 0.34346529841423035, 0.34840643405914307, 0.3513634204864502, 0.3542812466621399, 0.35727402567863464, 0.3600673973560333, 0.3626552224159241, 0.3652718961238861, 0.36853423714637756, 0.37288719415664673, 0.37202295660972595], "betas": [-2.5880630016326904, -2.422149896621704, -2.343588352203369, -2.2913036346435547, -2.2461235523223877, -2.2085788249969482, -2.1816513538360596, -2.16190767288208, -2.1290791034698486, -2.050471067428589, -1.9077740907669067, -1.7905369997024536, -1.831559658050537, -1.9313722848892212, -1.9953334331512451, -2.0111773014068604, -1.9755851030349731, -1.698903203010559, -1.565563440322876, -2.0078344345092773, -2.001929521560669, -1.790482997894287, -1.9525493383407593, -2.1001429557800293, -2.1814053058624268, -2.2444534301757812, -2.2935972213745117, -2.3195319175720215, -2.318633556365967, -2.291686534881592, -2.2463767528533936, -2.2153820991516113, -2.2364845275878906, -2.2677001953125, -2.2381179332733154, -2.2816381454467773, -2.252185583114624, -2.2791342735290527, -2.3072311878204346, -2.389772415161133, -2.454392433166504, -2.483199119567871, -2.499424695968628, -2.514986991882324, -2.5316073894500732, -2.5494532585144043, -2.5694782733917236, -2.5945756435394287, -2.63362717628479, -2.696805953979492, -2.80550479888916], "predicted_p_opt": 1.9696535770982417, "predicted_tts": 0.5077034924452212, "p_opt": 0.7733581172785692, "tts": 1.2930620079594934, "approx": 0.9216834649952187, "opt_gap": -0.0783165350047813}