{"edges": [[0, 1], [0, 6], [1, 2], [1, 7], [1, 11], [2, 4], [2, 9], [2, 12], [3, 5], [3, 9], [3, 10], [3, 11], [4, 7], [4, 8], [4, 9], [4, 12], [5, 6], [5, 12], [6, 10], [6, 11], [7, 10], [7, 11], [8, 9], [8, 10], [8, 12], [9, 11], [10, 12], [10, 13], [11, 13], [12, 13]], "num_nodes": 14, "num_colors": 3, "opt_value": 30, "opt_count": 18, "feasible_count": 4782969, "mean_value": 20.0, "std": 2.581988897471611, "level": 51, "gammas": [0.1516663134098053, 0.2494545578956604, 0.25932884216308594, 0.25901612639427185, 0.25687557458877563, 0.2540307343006134, 0.2500285506248474, 0.24499543011188507, 0.23879528045654297, 0.22658778727054596, 0.20924848318099976, 0.22005856037139893, 0.23180745542049408, 0.2121298760175705, 0.23623064160346985, 0.22030635178089142, 0.22212326526641846, 0.22639961540699005, 0.22598755359649658, 0.22626663744449615, 0.22592492401599884, 0.2257584035396576, 0.2239779531955719, 0.21437695622444153, 0.22829659283161163, 0.2278633862733841, 0.22723302245140076, 0.19650079309940338, 0.220538929104805, 0.24143770337104797, 0.24707311391830444, 0.2476215958595276, 0.2457960993051529, 0.2438868284225464, 0.24634695053100586, 0.2561967074871063, 0.2697070240974426, 0.28156778216362, 0.2600850760936737, -0.1382228136062622, -0.28725653886795044, -0.28167402744293213, -0.2762402594089508, -0.27301961183547974, -0.27193331718444824, -0.2718670070171356, -0.2722896337509155, -0.27360999584198, -0.27638426423072815, -0.2806297540664673, -0.2807771563529968], "betas": [-2.658601760864258, -2.5143580436706543, -2.4643616676330566, -2.4509565830230713, -2.438856363296509, -2.41538667678833, -2.3789985179901123, -2.3365862369537354, -2.273338794708252, -2.137167453765869, -2.0732367038726807, -2.2360551357269287, -2.0998904705047607, -2.0113210678100586, -2.0750410556793213, -2.235835552215576, -2.16892147064209, -2.1659371852874756, -2.173931360244751, -2.1735734939575195, -2.1684226989746094, -2.1567060947418213, -2.2106666564941406, -2.1536269187927246, -1.9188413619995117, -2.1847245693206787, -2.0186216831207275, -2.0290019512176514, -2.3031134605407715, -2.39617657661438, -2.405414581298828, -2.386939525604248, -2.358590841293335, -2.3452694416046143, -2.384413719177246, -2.484945058822632, -2.6459386348724365, -2.925274133682251, 1.7973953485488892, 3.1874797344207764, 2.7245545387268066, 2.651491641998291, 2.646848678588867, 2.6514053344726562, 2.655764579772949, 2.6631901264190674, 2.677774429321289, 2.702960252761841, 2.742011070251465, 2.803569793701172, 2.9155077934265137], "predicted_p_opt": 0.039925410346585984, "predicted_tts": 25.046705627297577, "p_opt": 0.026473524153641324, "tts": 37.77358821577422, "approx": 0.6722768438281167, "opt_gap": -0.3277231561718833}