{"N": 22, "edgelist": ["0 1 {}\n", "0 2 {}\n", "0 7 {}\n", "0 8 {}\n", "0 11 {}\n", "0 15 {}\n", "0 19 {}\n", "0 20 {}\n", "1 2 {}\n", "1 4 {}\n", "1 5 {}\n", "1 6 {}\n", "1 8 {}\n", "1 10 {}\n", "1 11 {}\n", "1 12 {}\n", "1 13 {}\n", "1 14 {}\n", "1 15 {}\n", "1 17 {}\n", "1 19 {}\n", "1 21 {}\n", "2 3 {}\n", "2 4 {}\n", "2 5 {}\n", "2 7 {}\n", "2 8 {}\n", "2 12 {}\n", "2 14 {}\n", "2 15 {}\n", "2 17 {}\n", "2 19 {}\n", "3 4 {}\n", "3 6 {}\n", "3 11 {}\n", "3 12 {}\n", "3 13 {}\n", "3 18 {}\n", "4 5 {}\n", "4 7 {}\n", "4 9 {}\n", "4 11 {}\n", "4 13 {}\n", "4 14 {}\n", "4 16 {}\n", "4 19 {}\n", "5 7 {}\n", "5 8 {}\n", "5 10 {}\n", "5 11 {}\n", "5 13 {}\n", "5 14 {}\n", "5 21 {}\n", "6 7 {}\n", "6 8 {}\n", "6 9 {}\n", "6 10 {}\n", "6 11 {}\n", "6 13 {}\n", "6 16 {}\n", "6 17 {}\n", "6 20 {}\n", "6 21 {}\n", "7 8 {}\n", "7 11 {}\n", "7 14 {}\n", "7 15 {}\n", "7 21 {}\n", "8 9 {}\n", "8 11 {}\n", "8 12 {}\n", "8 14 {}\n", "8 15 {}\n", "8 16 {}\n", "8 17 {}\n", "8 18 {}\n", "8 19 {}\n", "8 21 {}\n", "9 10 {}\n", "9 14 {}\n", "9 15 {}\n", "9 16 {}\n", "9 21 {}\n", "10 11 {}\n", "10 14 {}\n", "10 16 {}\n", "10 17 {}\n", "10 18 {}\n", "10 19 {}\n", "11 12 {}\n", "11 13 {}\n", "11 14 {}\n", "11 17 {}\n", "11 20 {}\n", "12 14 {}\n", "12 15 {}\n", "12 16 {}\n", "12 17 {}\n", "12 19 {}\n", "13 19 {}\n", "14 15 {}\n", "14 17 {}\n", "14 19 {}\n", "15 16 {}\n", "15 17 {}\n", "15 20 {}\n", "16 17 {}\n", "16 18 {}\n", "16 19 {}\n", "16 21 {}\n", "17 19 {}\n", "17 20 {}\n", "19 20 {}\n", "20 21 {}\n"], "opt_value": 101, "opt_count": 5, "feasible_count": 705432, "mean_value": 86.85714285714286, "std": 3.8684046120784377, "level": 22, "gammas": [0.07981974000979451, 0.17141987476097714, 0.20145195469003552, 0.21222644445802344, 0.21686879451736765, 0.21923838762192657, 0.22076074131021595, 0.22205889187183583, 0.22326328206610632, 0.22442259357983402, 0.22544902987471166, 0.22641231212191482, 0.22744905695281414, 0.22856650660622924, 0.23000713505844148, 0.2320102477363217, 0.2347575627053283, 0.23838932593173964, 0.24321587263782546, 0.24985124685237814, 0.25986620193091836, 0.27700393887042457], "betas": [-2.6451468414211834, -2.3909689187125447, -2.2667872920526455, -2.1991507485298336, -2.158318999967158, -2.1323354862133783, -2.1149174408581497, -2.101982765871719, -2.0897908002672825, -2.0755991896223622, -2.05790003497159, -2.036443080604885, -2.009994146772323, -1.9791025779645097, -1.9452070970081388, -1.9074832404947022, -1.8645833202273454, -1.8110944668900475, -1.7408280851116638, -1.6428451937094941, -1.4888362707444984, 5.095046943074397], "predicted_p_opt": 0.01435290715476474, "predicted_tts": 69.6722962962963, "p_opt": 0.00019638769257588744, "tts": 5091.968783194413, "approx": 0.9569302787421864, "opt_gap": -0.04306972125781361}