{"N": 24, "edgelist": ["0 1 {}\n", "0 2 {}\n", "0 4 {}\n", "0 5 {}\n", "0 6 {}\n", "0 9 {}\n", "0 10 {}\n", "0 14 {}\n", "0 16 {}\n", "0 17 {}\n", "0 18 {}\n", "0 22 {}\n", "1 2 {}\n", "1 3 {}\n", "1 4 {}\n", "1 5 {}\n", "1 6 {}\n", "1 8 {}\n", "1 9 {}\n", "1 10 {}\n", "1 11 {}\n", "1 13 {}\n", "1 14 {}\n", "1 16 {}\n", "1 18 {}\n", "1 19 {}\n", "1 20 {}\n", "1 21 {}\n", "1 22 {}\n", "1 23 {}\n", "2 3 {}\n", "2 8 {}\n", "2 9 {}\n", "2 10 {}\n", "2 13 {}\n", "2 14 {}\n", "2 16 {}\n", "2 17 {}\n", "2 18 {}\n", "2 19 {}\n", "2 20 {}\n", "2 22 {}\n", "2 23 {}\n", "3 5 {}\n", "3 6 {}\n", "3 8 {}\n", "3 9 {}\n", "3 17 {}\n", "3 19 {}\n", "3 20 {}\n", "3 23 {}\n", "4 6 {}\n", "4 9 {}\n", "4 10 {}\n", "4 11 {}\n", "4 14 {}\n", "4 15 {}\n", "4 16 {}\n", "4 17 {}\n", "4 19 {}\n", "4 20 {}\n", "4 23 {}\n", "5 6 {}\n", "5 11 {}\n", "5 12 {}\n", "5 13 {}\n", "5 18 {}\n", "5 22 {}\n", "6 10 {}\n", "6 11 {}\n", "6 12 {}\n", "6 16 {}\n", "6 18 {}\n", "6 19 {}\n", "6 20 {}\n", "6 22 {}\n", "7 13 {}\n", "7 14 {}\n", "7 22 {}\n", "7 23 {}\n", "8 12 {}\n", "8 13 {}\n", "8 16 {}\n", "8 17 {}\n", "8 20 {}\n", "8 21 {}\n", "8 22 {}\n", "9 11 {}\n", "9 16 {}\n", "9 18 {}\n", "9 19 {}\n", "9 21 {}\n", "9 23 {}\n", "10 13 {}\n", "10 16 {}\n", "10 17 {}\n", "10 19 {}\n", "10 21 {}\n", "10 22 {}\n", "11 12 {}\n", "11 13 {}\n", "11 18 {}\n", "11 19 {}\n", "11 21 {}\n", "12 13 {}\n", "12 14 {}\n", "12 15 {}\n", "12 18 {}\n", "12 21 {}\n", "12 22 {}\n", "13 18 {}\n", "13 21 {}\n", "14 16 {}\n", "14 19 {}\n", "14 20 {}\n", "14 21 {}\n", "14 23 {}\n", "15 19 {}\n", "15 21 {}\n", "15 22 {}\n", "16 19 {}\n", "16 22 {}\n", "16 23 {}\n", "17 20 {}\n", "18 19 {}\n", "18 20 {}\n", "18 21 {}\n", "18 22 {}\n", "18 23 {}\n", "19 21 {}\n", "19 23 {}\n", "20 22 {}\n", "21 22 {}\n", "22 23 {}\n"], "opt_value": 119, "opt_count": 1, "feasible_count": 2704156, "mean_value": 101.95652173913044, "std": 4.396282769274016, "level": 25, "gammas": [2.2808607891253656, 2.2580712335957576, 2.2468684813552846, 2.252913466785273, 2.275483972243662, 2.3067143164260764, 2.337940267965459, 2.3645053718777684, 2.383472170622532, 2.392602817763715, 2.39069897284428, 2.377868041671601, 2.3553343165895027, 2.3248008227225108, 2.287388566253874, 2.2443576158747067, 2.196145406466064, 2.1391198851597344, 2.0929824898595903, 2.0851403657592766, 2.493671277196346, 2.0268661651107345, 2.6021272484279097, 2.6021272484279097, 2.6021272484279097], "betas": [2.2417524192006786, 2.2338247248672163, 2.2395251284880735, 2.2601602806578516, 2.2915803817670324, 2.324098611951831, 2.352649064365495, 2.3746584662395156, 2.387679748761136, 2.3900360201795023, 2.381421898024498, 2.363094922415953, 2.3375721431156657, 2.3082862281996475, 2.279932372777285, 2.259622178073176, 2.253154339916774, 2.259401716902466, 2.275304835067502, 2.30087951661921, 0.10612523684050425, 2.192728565483028, 0.0, 0.0, 0.0], "predicted_p_opt": 0.0009618527925164081, "predicted_tts": 1039.6601307189542, "p_opt": 0.00020554989093365982, "tts": 4864.998932656914, "approx": 0.9619442845626404, "opt_gap": -0.03805571543735964, "th": -113.95766704397371}