{"edges": [[15, 27], [15, 23], [15, 13], [27, 7], [27, 18], [12, 19], [12, 25], [12, 18], [19, 6], [19, 4], [5, 7], [5, 2], [5, 6], [7, 8], [20, 26], [20, 25], [20, 24], [26, 25], [26, 17], [22, 23], [22, 3], [22, 16], [23, 1], [14, 16], [14, 2], [14, 21], [16, 21], [8, 9], [8, 4], [9, 11], [9, 3], [3, 11], [11, 13], [17, 18], [17, 2], [1, 21], [1, 0], [6, 10], [4, 10], [0, 10], [0, 24], [13, 24]], "num_nodes": 28, "opt_value": 37, "opt_count": 6, "feasible_count": 268435456, "mean_value": 21.0, "std": 3.24037034920393, "level": 45, "gammas": [2.8610787391662598, 2.8112945556640625, 2.762521266937256, 2.7111215591430664, 2.662132740020752, 2.6172735691070557, 2.57737398147583, 2.543038845062256, 2.514918327331543, 2.494062900543213, 2.4816458225250244, 2.4784114360809326, 2.484534740447998, 2.499645233154297, 2.522768497467041, 2.552234172821045, 2.5856785774230957, 2.6202776432037354, 2.653099536895752, 2.6814260482788086, 2.7031056880950928, 2.7167110443115234, 2.721365213394165, 2.7166082859039307, 2.702371835708618, 2.679175615310669, 2.6484720706939697, 2.6128768920898438, 2.575867176055908, 2.540982484817505, 2.5111935138702393, 2.4885811805725098, 2.4743573665618896, 2.4690053462982178, 2.472386121749878, 2.4838829040527344, 2.502704381942749, 2.528228282928467, 2.5599966049194336, 2.5975918769836426, 2.640529155731201, 2.687869071960449, 2.7354774475097656, 2.7841384410858154, 2.835345506668091], "betas": [2.83664870262146, 2.786914587020874, 2.7368738651275635, 2.6862573623657227, 2.639103889465332, 2.5965797901153564, 2.559393882751465, 2.528146982192993, 2.5036239624023438, 2.4869186878204346, 2.479037046432495, 2.480461597442627, 2.4911043643951416, 2.510305643081665, 2.536766767501831, 2.568483829498291, 2.6028404235839844, 2.636932134628296, 2.667853593826294, 2.6931090354919434, 2.7109196186065674, 2.7201638221740723, 2.720179319381714, 2.710696220397949, 2.6918962001800537, 2.6647238731384277, 2.631209373474121, 2.5944478511810303, 2.558035135269165, 2.525306463241577, 2.498833417892456, 2.480257749557495, 2.4704177379608154, 2.4694859981536865, 2.4770777225494385, 2.4924278259277344, 2.5147311687469482, 2.543440341949463, 2.5781471729278564, 2.618410348892212, 2.6636688709259033, 2.7122802734375, 2.7592313289642334, 2.8088881969451904, 2.860499858856201], "predicted_p_opt": 0.00018509477376937866, "predicted_tts": 5402.637684659662, "p_opt": 6.969124966816126e-05, "tts": 14349.003709383249, "approx": 0.8738341110652833, "opt_gap": -0.1261658889347167, "th": -31.920724541619023}