{"edges": [[0, 1], [0, 4], [0, 7], [0, 11], [0, 13], [0, 14], [1, 2], [1, 3], [1, 6], [1, 7], [1, 8], [1, 10], [1, 11], [1, 14], [2, 6], [2, 11], [2, 13], [3, 7], [3, 12], [4, 6], [4, 11], [5, 7], [5, 11], [7, 13], [8, 9], [8, 12], [10, 14], [11, 12], [11, 13]], "num_nodes": 15, "num_colors": 3, "opt_value": 29, "opt_count": 48, "feasible_count": 14348907, "mean_value": 19.333333333333332, "std": 2.5385910352879693, "level": 31, "gammas": [-0.20794483835250266, -0.27100026756740836, -0.18694585960294843, -0.25917742521397724, -0.29548236777190123, -0.2524948151026493, -0.21277509424932106, -0.2830745576638596, -0.271247804426735, -0.23383779109624156, -0.27029500788275673, -0.2576383129810227, -0.26841927379383124, -0.2640752115796027, -0.26317173705361946, -0.26537762755298744, -0.2671987073893479, -0.2688795259833606, -0.27010499261791887, -0.27238488615334616, -0.2918644595180439, -0.3116115738254605, -0.22243368875526445, -0.3572300237979497, -0.33807755365364267, 5.92782434504335, 5.935739434252668, 5.938368588811837, 5.916017697193906, 5.922310592335046, 5.90191546143211], "betas": [2.1837755797900056, 1.5757740789506005, 1.291111325580509, 1.8340091267464889, 1.7621790264521278, 1.3124230949978086, 1.4773384130054705, 1.6961535532357694, 1.4285102737332107, 1.4140200829235232, 1.5008572234505682, 1.412784038587623, 1.4028121684441726, 1.4501682655776897, 1.456612685854625, 1.451339200868242, 1.4479103512543576, 1.4449612083162608, 1.4331696340565563, 1.3427695199045806, 1.1636386203303788, 1.5039428043863572, 2.156337669557155, 2.4500974409179705, 2.382431572803822, 2.300189346470994, 2.2694687228851995, 2.301299675621466, 2.338287193565248, 2.4205510628287112, 2.4985021134771896], "predicted_p_opt": 0.013277108841809345, "predicted_tts": 75.31760204081633, "p_opt": 4.68356381968972e-05, "tts": 21351.262382632565, "approx": 0.8978403759338123, "opt_gap": -0.10215962406618773}