{"edges": [[0, 3], [0, 6], [0, 7], [0, 8], [0, 14], [0, 15], [1, 5], [1, 7], [1, 11], [1, 15], [2, 3], [2, 5], [2, 11], [3, 5], [3, 7], [3, 13], [4, 7], [4, 14], [5, 7], [7, 11], [7, 14], [8, 15], [9, 10], [9, 14], [11, 12], [11, 13], [12, 13], [14, 15]], "num_nodes": 16, "num_colors": 3, "opt_value": 28, "opt_count": 48, "feasible_count": 43046721, "mean_value": 18.666666666666668, "std": 2.494438257849294, "level": 25, "gammas": [3.1415935912454676, 3.1415907518743365, 3.1415911732870203, 3.1415919839331177, 3.141592048174575, 3.1415915242232257, 3.1415910410380623, 3.141591098267862, 3.1415916549688245, 3.1415921540370473, 3.141592049679976, 3.1415910277526304, 3.1415899650510672, 3.141588623882496, 3.1415883234166557, 3.1415829705459517, 3.1415656305097874, 3.141563926056024, 3.1415613245717324, 3.1415590616324964, 3.1412054235589792, 3.141383265178817, 3.1406533993805335, 3.1403317676070825, 3.141374238273621], "betas": [3.141593799077106, 3.1415945183841263, 3.1415936675875127, 3.141593190984131, 3.141593484360133, 3.141594070512512, 3.1415943213924176, 3.141593969471886, 3.14159324943759, 3.1415927389295404, 3.141592697633483, 3.1415928199913865, 3.141592521943141, 3.141589930699914, 3.141587825468944, 3.141576963344539, 3.141569588179533, 3.1415536801401482, 3.141576930984538, 3.141440385684886, 3.141163762250102, 3.141298575959124, 3.1401439334293784, 3.1409249492051727, 3.1415535502518224], "predicted_p_opt": 0.0029002905935622833, "predicted_tts": 344.7930363321799, "p_opt": 0.002897489124975321, "tts": 345.12640319522075, "approx": 0.6676320809706661, "opt_gap": -0.33236791902933394, "th": -27.999000549316406}