{"edges": [[0, 2], [0, 5], [0, 6], [0, 7], [1, 3], [1, 8], [1, 9], [2, 3], [2, 7], [2, 9], [2, 10], [2, 11], [3, 7], [3, 9], [3, 10], [3, 12], [4, 5], [4, 9], [4, 10], [6, 7], [6, 8], [6, 9], [8, 11], [9, 11], [10, 11], [10, 12], [11, 12]], "num_nodes": 13, "num_colors": 3, "opt_value": 27, "opt_count": 18, "feasible_count": 1594323, "mean_value": 18.0, "std": 2.449489742783178, "level": 87, "gammas": [0.15407730638980865, 0.24779252707958221, 0.25845083594322205, 0.258448988199234, 0.2574343681335449, 0.25699326395988464, 0.2540287375450134, 0.24946287274360657, 0.2468612641096115, 0.2479463517665863, 0.25078773498535156, 0.2537205219268799, 0.2545718848705292, 0.25107285380363464, 0.24294650554656982, 0.23337705433368683, 0.2162756770849228, 0.21744990348815918, 0.2354542464017868, 0.19852374494075775, 0.22725212574005127, 0.215640127658844, 0.19010335206985474, 0.20903365314006805, 0.2223152369260788, 0.18715323507785797, 0.21625179052352905, 0.19395218789577484, 0.2010055035352707, 0.20904627442359924, 0.2115032821893692, 0.21169449388980865, 0.21249864995479584, 0.2142523229122162, 0.21289700269699097, 0.2114875167608261, 0.21308723092079163, 0.21442221105098724, 0.21281413733959198, 0.21152740716934204, 0.21181252598762512, 0.21146260201931, 0.21112269163131714, 0.21617497503757477, 0.2218416929244995, 0.22273392975330353, 0.21341648697853088, 0.19379693269729614, -0.1359662115573883, -0.16259141266345978, -0.24416092038154602, -0.2528553009033203, -0.25263625383377075, -0.2532714307308197, -0.2551427483558655, -0.2573552131652832, -0.2581746578216553, -0.2575429081916809, -0.25675877928733826, -0.255038321018219, -0.2537141442298889, -0.25526073575019836, -0.25906461477279663, -0.2620851695537567, -0.2626481354236603, -0.26262184977531433, -0.2581029236316681, -0.2544272840023041, -0.26105713844299316, -0.2527553141117096, -0.2744026482105255, -0.280788391828537, -0.27052995562553406, -0.2592412531375885, -0.2746327221393585, -0.2832450866699219, -0.2860763967037201, -0.286459356546402, -0.2856306731700897, -0.2854306399822235, -0.28685158491134644, -0.28938034176826477, -0.29284006357192993, -0.2967841625213623, -0.3010086119174957, -0.3061113655567169, -0.3063136339187622], "betas": [-2.4646084308624268, -2.2821829319000244, -2.2087929248809814, -2.201101064682007, -2.1967146396636963, -2.181306838989258, -2.1510086059570312, -2.1171727180480957, -2.111536741256714, -2.1364684104919434, -2.16629695892334, -2.1837406158447266, -2.1819634437561035, -2.14866042137146, -2.0985348224639893, -2.042130470275879, -1.9132055044174194, -1.9950872659683228, -1.8147141933441162, -1.6911708116531372, -1.603827953338623, -1.8278688192367554, -1.792596459388733, -1.6242254972457886, -1.656801462173462, -1.7012525796890259, -1.777414083480835, -1.7153315544128418, -1.8199533224105835, -1.827221393585205, -1.8255019187927246, -1.8122637271881104, -1.814327359199524, -1.8093897104263306, -1.796099305152893, -1.8004839420318604, -1.8106693029403687, -1.8038601875305176, -1.79414963722229, -1.7914427518844604, -1.7875680923461914, -1.788259506225586, -1.8054832220077515, -1.8194122314453125, -1.818463683128357, -1.8790262937545776, -1.718871831893921, 1.4583653211593628, 2.265984296798706, 2.1750547885894775, 2.2145626544952393, 2.1666259765625, 2.1606831550598145, 2.1631433963775635, 2.1832849979400635, 2.20133638381958, 2.2125184535980225, 2.2139995098114014, 2.2077372074127197, 2.200604200363159, 2.205270528793335, 2.2268054485321045, 2.2614023685455322, 2.2831478118896484, 2.274611234664917, 2.2476699352264404, 2.1816422939300537, 2.210937023162842, 2.24552845954895, 2.347846508026123, 2.158831834793091, 2.331177234649658, 2.29426646232605, 2.4364871978759766, 2.5041775703430176, 2.5099055767059326, 2.5017106533050537, 2.4922924041748047, 2.4893486499786377, 2.4974870681762695, 2.5174243450164795, 2.547034740447998, 2.5830230712890625, 2.624903440475464, 2.6769144535064697, 2.7523505687713623, 2.894845485687256], "predicted_p_opt": 0.3457580427554517, "predicted_tts": 2.892195918367347, "p_opt": 0.18853617845695486, "tts": 5.30402179668828, "approx": 0.709008792869091, "opt_gap": -0.290991207130909}