{"edges": [[12, 13], [12, 8], [12, 14], [13, 9], [13, 1], [3, 10], [3, 6], [3, 17], [10, 15], [10, 7], [5, 7], [5, 19], [5, 17], [7, 0], [8, 18], [8, 4], [19, 2], [19, 15], [1, 6], [1, 2], [6, 14], [9, 17], [9, 18], [11, 14], [11, 16], [11, 18], [15, 0], [4, 2], [4, 16], [0, 16]], "num_nodes": 20, "opt_value": 26, "opt_count": 10, "feasible_count": 1048576, "mean_value": 15.0, "std": 2.7386127875258306, "level": 45, "gammas": [0.3100296866653554, 0.36780160479919066, 0.247324197649387, 0.2824421646684664, 0.22664165931584387, 0.247967609077692, 0.23394387552239768, 0.1982321278523768, 0.23522186651271468, 0.24735505572997896, 0.2660463205296185, 0.27246274009924604, 0.2856176962429413, 0.29469110082940664, 0.304239443856424, 0.3110630105648912, 0.3037878420741598, 0.29160986863252336, 0.3147591006361515, 0.6059084877168898, 0.2500004133191958, 0.30962964733031895, 0.3941011914405981, 0.2618505603195248, 0.3098884670999468, 0.28303896119921323, 0.30074065176816367, 0.27594866917540506, 0.2705134202709261, 0.2671056826333257, 0.24770649281798565, 0.250197049674717, 0.2693438314955366, 0.2900849005407378, 0.30805085650915964, 0.3226162407107949, 0.3357039436749366, 0.9813556846784749, 0.4393028649956599, 0.44551442122415763, 0.40164194026483574, 0.36017347409852096, 0.3313222622720352, 0.32207034169798154, 0.31380013653969], "betas": [-3.0116066949649203, -3.835515331119037, -2.0744191620019423, -2.2637957783534794, -2.1296571570210787, -1.7589792671279503, -1.7408319463943742, -1.7118421004519524, -1.7633767122181292, -1.9652127665141939, -2.0853128707815243, -2.1629698146718255, -2.175421321134418, -2.2220588397540455, -2.23749547088291, -2.1830745415239776, -2.050280570432647, -1.9687481329245708, -2.0777744653922205, 0.16837487321324388, -3.6564380806902657, -4.746486967676253, -3.0809055064292643, -2.904622560631867, -2.5169804457680525, -2.578511763831557, -2.2476285166469787, -2.2319235239538693, -2.0555859655856543, -1.9610754817206901, -1.9142838230820585, -1.9912169676577027, -2.136275497003905, -2.2579071092458296, -2.3934304190870193, -2.4495714545373914, -2.508640619864815, 3.9830244102358643, 3.857883347384811, 3.6736495776616525, 3.595773169175045, 3.5472172435502083, 3.5832692142419575, 3.5798113175571813, 3.6528770182842405], "predicted_p_opt": 0.07897377014160156, "predicted_tts": 12.662432073421085, "p_opt": 0.0007434736858690048, "tts": 1345.0375164672519, "approx": 0.8964688494043936, "opt_gap": -0.10353115059560636}