{"edges": [[6, 12], [6, 18], [6, 0], [12, 15], [12, 0], [18, 20], [18, 17], [20, 4], [20, 21], [26, 27], [26, 11], [26, 21], [27, 25], [27, 9], [16, 17], [16, 0], [16, 24], [17, 9], [3, 10], [3, 13], [3, 5], [10, 15], [10, 8], [13, 14], [13, 2], [9, 23], [2, 11], [2, 21], [11, 19], [15, 25], [14, 1], [14, 5], [23, 4], [23, 1], [7, 19], [7, 24], [7, 8], [19, 8], [4, 5], [22, 25], [22, 24], [22, 1]], "num_nodes": 28, "opt_value": 37, "opt_count": 2, "feasible_count": 268435456, "mean_value": 21.0, "std": 3.24037034920393, "level": 15, "gammas": [0.10154207795858383, 0.20718872547149658, 0.23399581015110016, 0.23923447728157043, 0.23790061473846436, 0.23473013937473297, 0.23278434574604034, 0.2335936725139618, 0.2367272675037384, 0.24217712879180908, 0.25075265765190125, 0.26235726475715637, 0.27655643224716187, 0.2944692075252533, 0.32106801867485046], "betas": [-2.5686938762664795, -2.2804298400878906, -2.1215250492095947, -2.0080971717834473, -1.9118801355361938, -1.8323085308074951, -1.7774847745895386, -1.7423115968704224, -1.716172695159912, -1.699605941772461, -1.6900830268859863, -1.6719298362731934, -1.623238444328308, -1.509562611579895, -1.2308430671691895], "predicted_p_opt": 7.160007953643799e-06, "predicted_tts": 139664.64932362124, "p_opt": 8.003614482277044e-08, "tts": 12494354.921946442, "approx": 0.7864440083503723, "opt_gap": -0.21355599164962769}