{"edges": [[26, 27], [26, 22], [26, 0], [27, 6], [27, 22], [12, 16], [12, 25], [12, 21], [16, 6], [16, 8], [6, 14], [14, 19], [14, 20], [19, 21], [19, 1], [22, 20], [5, 10], [5, 21], [5, 24], [10, 23], [10, 1], [25, 23], [25, 13], [23, 15], [9, 17], [9, 13], [9, 18], [17, 4], [17, 8], [8, 24], [24, 3], [0, 20], [0, 15], [15, 3], [4, 2], [4, 7], [3, 2], [2, 7], [13, 18], [7, 11], [1, 11], [11, 18]], "num_nodes": 28, "opt_value": 37, "opt_count": 4, "feasible_count": 268435456, "mean_value": 21.0, "std": 3.24037034920393, "level": 15, "gammas": [0.1012367382645607, 0.2070976346731186, 0.2345103770494461, 0.24060483276844025, 0.24036265909671783, 0.23818321526050568, 0.23653224110603333, 0.23700205981731415, 0.23988552391529083, 0.24533654749393463, 0.2536967694759369, 0.2647247910499573, 0.2782464027404785, 0.2956228256225586, 0.3218005895614624], "betas": [-2.555216073989868, -2.2589528560638428, -2.098972797393799, -1.9899832010269165, -1.9008593559265137, -1.8256229162216187, -1.7690600156784058, -1.7305853366851807, -1.7039605379104614, -1.6871392726898193, -1.6747115850448608, -1.6522659063339233, -1.6000025272369385, -1.4858239889144897, -1.211294174194336], "predicted_p_opt": 1.4320015907287598e-05, "predicted_tts": 69832.32466181062, "p_opt": 1.5374372708265582e-07, "tts": 6504330.41383457, "approx": 0.7834886908531189, "opt_gap": -0.2165113091468811}