{"N": 22, "edgelist": ["0 3 {}\n", "0 6 {}\n", "0 7 {}\n", "0 8 {}\n", "0 12 {}\n", "0 13 {}\n", "0 14 {}\n", "0 20 {}\n", "0 21 {}\n", "1 6 {}\n", "1 7 {}\n", "1 9 {}\n", "1 11 {}\n", "1 13 {}\n", "1 15 {}\n", "2 4 {}\n", "2 5 {}\n", "2 7 {}\n", "2 8 {}\n", "2 12 {}\n", "2 14 {}\n", "2 17 {}\n", "2 18 {}\n", "2 19 {}\n", "2 21 {}\n", "3 5 {}\n", "3 6 {}\n", "3 7 {}\n", "3 9 {}\n", "3 11 {}\n", "3 12 {}\n", "3 13 {}\n", "3 14 {}\n", "4 6 {}\n", "4 7 {}\n", "4 8 {}\n", "4 10 {}\n", "4 11 {}\n", "4 12 {}\n", "4 14 {}\n", "4 16 {}\n", "4 18 {}\n", "4 20 {}\n", "5 6 {}\n", "5 8 {}\n", "5 9 {}\n", "5 10 {}\n", "5 11 {}\n", "5 12 {}\n", "5 15 {}\n", "5 16 {}\n", "5 17 {}\n", "5 18 {}\n", "5 20 {}\n", "5 21 {}\n", "6 7 {}\n", "6 8 {}\n", "6 11 {}\n", "6 13 {}\n", "6 16 {}\n", "6 20 {}\n", "7 9 {}\n", "7 13 {}\n", "7 14 {}\n", "7 15 {}\n", "7 16 {}\n", "7 19 {}\n", "7 21 {}\n", "8 10 {}\n", "8 11 {}\n", "8 12 {}\n", "8 13 {}\n", "8 19 {}\n", "8 21 {}\n", "9 10 {}\n", "9 12 {}\n", "9 13 {}\n", "9 14 {}\n", "9 19 {}\n", "9 21 {}\n", "10 11 {}\n", "10 12 {}\n", "10 13 {}\n", "10 16 {}\n", "10 17 {}\n", "10 20 {}\n", "10 21 {}\n", "11 12 {}\n", "11 18 {}\n", "11 19 {}\n", "12 14 {}\n", "12 15 {}\n", "12 16 {}\n", "12 17 {}\n", "12 18 {}\n", "12 19 {}\n", "13 14 {}\n", "13 15 {}\n", "13 18 {}\n", "13 20 {}\n", "13 21 {}\n", "14 18 {}\n", "14 19 {}\n", "15 18 {}\n", "15 21 {}\n", "16 18 {}\n", "17 19 {}\n", "17 20 {}\n", "17 21 {}\n", "18 19 {}\n", "19 20 {}\n", "20 21 {}\n"], "opt_value": 100, "opt_count": 4, "feasible_count": 705432, "mean_value": 85.33333333333333, "std": 3.279451734033649, "level": 12, "gammas": [-0.11458298408228151, -0.2303798630718572, -0.26005993946540906, -0.26734573249824395, -0.26794831814787134, -0.2670799892303616, -0.26777204718588926, -0.2720116099068014, -0.2795352645774757, -0.2896514445170086, -0.3027394575070623, 5.959819452156244], "betas": [2.76639459209756, 2.608176019400134, 2.5181988826315465, 2.441752009655272, 2.3662457263043546, 2.295089904415353, 2.2387970808526454, 2.194775427885243, 2.14341735962578, 2.0538575103422496, 1.8780277647616632, 1.4778517415457282], "predicted_p_opt": 0.003543927692534504, "predicted_tts": 282.1728, "p_opt": 6.654677831145726e-05, "tts": 15027.023476925126, "approx": 0.9402184372307343, "opt_gap": -0.05978156276926572}