{"edges": [[0, 8], [0, 10], [0, 11], [0, 13], [1, 2], [1, 10], [1, 12], [1, 14], [2, 6], [2, 10], [3, 7], [3, 13], [4, 6], [5, 6], [7, 9], [7, 12], [8, 10], [8, 11], [8, 12], [9, 11], [10, 14], [12, 13]], "num_nodes": 15, "num_colors": 3, "opt_value": 22, "opt_count": 720, "feasible_count": 14348907, "mean_value": 14.666666666666666, "std": 2.2110831935702664, "level": 6, "gammas": [0.177347155661138, 0.34131795262809433, 0.38161738836292414, 0.40225841237624765, 0.4259927223617349, 0.46548304456415024], "betas": [-2.1762745100817953, -1.7441163073765849, -1.5412496379235556, -1.418037000261392, -1.2961324492909945, 5.202906909666864], "predicted_p_opt": 0.008480088413702869, "predicted_tts": 117.92329881656805, "p_opt": 0.0006083911492135953, "tts": 1643.6794014715651, "approx": 0.8456417694950609, "opt_gap": -0.15435823050493913}