{"edges": [[7, 23], [7, 19], [7, 6], [23, 20], [23, 3], [20, 0], [20, 22], [14, 16], [14, 6], [14, 12], [16, 13], [16, 10], [5, 10], [5, 11], [5, 17], [10, 21], [4, 18], [4, 2], [4, 0], [18, 8], [18, 15], [3, 22], [3, 1], [22, 2], [8, 0], [8, 2], [9, 11], [9, 12], [9, 21], [11, 21], [1, 15], [1, 19], [13, 17], [13, 6], [17, 19], [15, 12]], "num_nodes": 24, "opt_value": 32, "opt_count": 8, "feasible_count": 16777216, "mean_value": 18.0, "std": 3.0, "level": 10, "gammas": [0.12012364229876521, 0.23764032363030826, 0.2661786148763933, 0.2751543883288103, 0.2804259935825715, 0.28597523998875, 0.2933039836664621, 0.3036306249478435, 0.31938862488294206, 0.3467284131679562], "betas": [-2.497951759300444, -2.2016596161854554, -2.0605925841789254, -1.980107779018476, -1.9220988522143798, -1.8678186253854483, -1.8040811361188536, -1.7165731907918986, -1.5761138658033789, 4.999649495043565], "predicted_p_opt": 0.00021028518676757812, "predicted_tts": 4755.446712018141, "p_opt": 4.362180930861478e-06, "tts": 229243.12765782324, "approx": 0.7805440242656525, "opt_gap": -0.2194559757343475}