{"edges": [[20, 23], [20, 0], [20, 12], [23, 11], [23, 8], [12, 13], [12, 8], [13, 7], [13, 9], [14, 16], [14, 4], [14, 3], [16, 5], [16, 10], [5, 7], [5, 21], [7, 15], [3, 22], [3, 18], [22, 0], [22, 19], [8, 15], [1, 6], [1, 15], [1, 17], [6, 11], [6, 17], [11, 17], [10, 21], [10, 9], [21, 18], [0, 19], [4, 2], [4, 19], [18, 2], [9, 2]], "num_nodes": 24, "opt_value": 32, "opt_count": 2, "feasible_count": 16777216, "mean_value": 18.0, "std": 3.0, "level": 14, "gammas": [0.10933167370109025, 0.22287077256090113, 0.2524852838758671, 0.26095389721156037, 0.2647790887253508, 0.2681055895919679, 0.27177318017221425, 0.27594941988612676, 0.2808854844604768, 0.2870483140313309, 0.2952036783037332, 0.30623623474650785, 0.3223080139793509, 0.34933641509252333], "betas": [-2.5302605829497575, -2.226722367575583, -2.0762721067592302, -1.9940992909858593, -1.946473196519475, -1.9155248110681227, -1.8894415209339095, -1.8621115904306398, -1.8298092826471217, -1.7896767061337662, -1.7356071976029506, -1.654733140804381, -1.518540396601758, 5.051787760012441], "predicted_p_opt": 0.00010025501251220703, "predicted_tts": 9974.563614744351, "p_opt": 1.298293083590579e-06, "tts": 770242.1068395318, "approx": 0.790277096013744, "opt_gap": -0.20972290398625604}