{"N": 20, "edgelist": ["0 2 {}\n", "0 3 {}\n", "0 5 {}\n", "0 6 {}\n", "0 13 {}\n", "0 16 {}\n", "0 17 {}\n", "0 19 {}\n", "1 8 {}\n", "1 12 {}\n", "1 15 {}\n", "1 16 {}\n", "1 17 {}\n", "1 19 {}\n", "2 4 {}\n", "2 7 {}\n", "2 9 {}\n", "2 11 {}\n", "2 15 {}\n", "2 16 {}\n", "2 18 {}\n", "3 4 {}\n", "3 5 {}\n", "3 6 {}\n", "3 7 {}\n", "3 8 {}\n", "3 12 {}\n", "3 13 {}\n", "3 17 {}\n", "3 19 {}\n", "4 5 {}\n", "4 6 {}\n", "4 7 {}\n", "4 8 {}\n", "4 9 {}\n", "4 11 {}\n", "4 12 {}\n", "4 15 {}\n", "4 16 {}\n", "4 18 {}\n", "4 19 {}\n", "5 10 {}\n", "5 11 {}\n", "5 12 {}\n", "5 13 {}\n", "5 14 {}\n", "5 15 {}\n", "5 17 {}\n", "5 19 {}\n", "6 9 {}\n", "6 10 {}\n", "6 12 {}\n", "6 13 {}\n", "6 14 {}\n", "6 15 {}\n", "6 16 {}\n", "6 17 {}\n", "6 19 {}\n", "7 8 {}\n", "7 11 {}\n", "7 15 {}\n", "7 16 {}\n", "7 17 {}\n", "8 11 {}\n", "8 12 {}\n", "8 13 {}\n", "8 18 {}\n", "9 13 {}\n", "9 17 {}\n", "10 11 {}\n", "10 15 {}\n", "10 16 {}\n", "10 18 {}\n", "10 19 {}\n", "11 14 {}\n", "11 15 {}\n", "11 16 {}\n", "11 17 {}\n", "11 18 {}\n", "12 14 {}\n", "12 15 {}\n", "12 16 {}\n", "12 18 {}\n", "13 16 {}\n", "13 19 {}\n", "14 16 {}\n", "15 16 {}\n", "15 17 {}\n", "15 18 {}\n", "15 19 {}\n", "16 17 {}\n", "16 18 {}\n", "17 19 {}\n", "18 19 {}\n"], "opt_value": 84, "opt_count": 10, "feasible_count": 184756, "mean_value": 71.73684210526316, "std": 3.377503235852808, "level": 73, "gammas": [3.141593052504797, 3.141592894233952, 3.141592796088673, 3.141592728130324, 3.1415926907862364, 3.141592677864372, 3.1415926917972925, 3.141592710595451, 3.1415927359783162, 3.141592744763867, 3.141592763257995, 3.1415927645374775, 3.141592755061828, 3.141592752651059, 3.1415927449234013, 3.1415927290396235, 3.141592715350753, 3.1415927024770713, 3.141592673110247, 3.141592652706917, 3.141592620250544, 3.141592616402947, 3.1415925504526476, 3.141592435441223, 3.1415922662442024, 3.1415920175773815, 3.1415916799040624, 3.141591074418111, 3.1415901903999117, 3.141590087797159, 3.1415905807335256, 3.141588827051761, 3.1415847548121256, 3.14158094993398, 3.141573178809729, 3.1415660406710186, 3.141556403838462, 3.141552711280984, 3.141555702264945, 3.1415517551438863, 3.1415175582197574, 3.141499989829914, 3.141530191190176, 3.1415420558166667, 3.141394048714486, 3.141297512388095, 3.141406308512404, 3.141466660810528, 3.141375011910233, 3.1412753678619967, 3.14115025741981, 3.1410120273245212, 3.1407631337322375, 3.1402707749954044, 3.1406987028134004, 3.140979117022944, 3.1402604094662445, 3.1389442302182786, 3.139704265439625, 3.1392184690631595, 3.140024667251904, 3.139728846604342, 3.139222645408323, 3.1360421872021793, 3.1367439982205214, 3.1353626075694283, 3.1382437358441178, 3.1294860736510435, 3.1332525039947057, 3.1188382723467836, 3.1282802050644407, 3.1325926507247495, 3.1329875751695826], "betas": [3.141592360152748, 3.141592470914142, 3.1415925553996535, 3.1415926060127086, 3.141592624691787, 3.1415926260207283, 3.14159261464073, 3.141592597072404, 3.141592575288922, 3.14159255462083, 3.1415925470294135, 3.141592540467204, 3.1415925404721268, 3.141592551849731, 3.141592560492718, 3.1415925675537624, 3.1415925801069493, 3.141592584691067, 3.1415925776988036, 3.14159256856853, 3.1415925580724218, 3.1415925238246842, 3.1415924316443014, 3.141592268428004, 3.141592049266392, 3.141591731699839, 3.141591292593956, 3.14159044604273, 3.141589818070902, 3.141590208094289, 3.141590022075858, 3.141586613420617, 3.141582969549439, 3.141577344097241, 3.1415693850693294, 3.1415615362681315, 3.1415529846849632, 3.1415541863191927, 3.1415561182670215, 3.141538086467485, 3.1415017011150455, 3.1415114085785856, 3.1415472926282324, 3.141488478139389, 3.141312257697242, 3.141344495371512, 3.1414490344910675, 3.1414436287717966, 3.141303740604324, 3.141245686568698, 3.1410416785868325, 3.140978804275735, 3.1404245667278046, 3.1404345790562105, 3.140874733769684, 3.1408734616037504, 3.1393578850246353, 3.1392999861281083, 3.139522995350431, 3.13949791529281, 3.1400011925679947, 3.13976388240164, 3.1374481363768236, 3.1363548025234493, 3.135763695633431, 3.1372215354243327, 3.134403116754739, 3.1305324349952146, 3.128036253737871, 3.1185535098778745, 3.135124727413406, 3.129535771139739, 3.1384935555617393], "predicted_p_opt": 1.1695966572127563, "predicted_tts": 0.8549956036836504, "p_opt": 0.7790841858799398, "tts": 1.2835583344186945, "approx": 0.9677468881929228, "opt_gap": -0.03225311180707724, "th": -83.9990005493164}