{"N": 20, "edgelist": ["0 2 {}\n", "0 4 {}\n", "0 7 {}\n", "0 11 {}\n", "0 12 {}\n", "0 13 {}\n", "0 16 {}\n", "0 17 {}\n", "1 3 {}\n", "1 7 {}\n", "1 8 {}\n", "1 9 {}\n", "1 12 {}\n", "1 13 {}\n", "1 15 {}\n", "1 17 {}\n", "1 18 {}\n", "1 19 {}\n", "2 4 {}\n", "2 7 {}\n", "2 8 {}\n", "2 10 {}\n", "2 14 {}\n", "2 15 {}\n", "2 19 {}\n", "3 4 {}\n", "3 6 {}\n", "3 7 {}\n", "3 8 {}\n", "3 10 {}\n", "3 11 {}\n", "3 12 {}\n", "3 13 {}\n", "3 15 {}\n", "3 16 {}\n", "3 17 {}\n", "4 6 {}\n", "4 7 {}\n", "4 8 {}\n", "4 9 {}\n", "4 13 {}\n", "4 15 {}\n", "4 16 {}\n", "4 19 {}\n", "5 6 {}\n", "5 7 {}\n", "5 9 {}\n", "5 10 {}\n", "5 12 {}\n", "5 13 {}\n", "5 14 {}\n", "5 15 {}\n", "5 16 {}\n", "5 19 {}\n", "6 7 {}\n", "6 8 {}\n", "6 9 {}\n", "6 10 {}\n", "6 11 {}\n", "6 13 {}\n", "6 18 {}\n", "7 8 {}\n", "7 13 {}\n", "7 15 {}\n", "7 16 {}\n", "7 17 {}\n", "8 9 {}\n", "8 12 {}\n", "8 13 {}\n", "8 15 {}\n", "8 19 {}\n", "9 12 {}\n", "9 14 {}\n", "9 15 {}\n", "9 16 {}\n", "9 17 {}\n", "10 12 {}\n", "10 13 {}\n", "10 14 {}\n", "10 16 {}\n", "10 17 {}\n", "10 18 {}\n", "10 19 {}\n", "11 13 {}\n", "11 14 {}\n", "11 15 {}\n", "11 16 {}\n", "11 19 {}\n", "12 14 {}\n", "12 15 {}\n", "12 16 {}\n", "12 17 {}\n", "12 18 {}\n", "12 19 {}\n", "13 14 {}\n", "13 15 {}\n", "13 16 {}\n", "14 16 {}\n", "14 17 {}\n", "14 18 {}\n", "14 19 {}\n", "15 16 {}\n", "15 17 {}\n", "16 17 {}\n", "17 19 {}\n", "18 19 {}\n"], "opt_value": 92, "opt_count": 1, "feasible_count": 184756, "mean_value": 80.89473684210526, "std": 2.7655672821409047, "level": 73, "gammas": [3.141592520183611, 3.1415925069094253, 3.141592516070233, 3.141592522366709, 3.1415925497946993, 3.1415925619930603, 3.1415925664262474, 3.1415925687849104, 3.141592566365318, 3.1415925705262056, 3.1415925600522145, 3.141592567194305, 3.1415925493372616, 3.141592561040592, 3.141592572358751, 3.1415925672615916, 3.141592574852497, 3.141592575238435, 3.1415925822633435, 3.1415925752744673, 3.141592563389135, 3.1415925510602305, 3.141592555062905, 3.141592524724361, 3.1415925155565727, 3.1415924618531563, 3.1415923893648214, 3.141592317863704, 3.1415922050140006, 3.1415920998335274, 3.141591936505582, 3.1415916966952486, 3.1415913173048966, 3.141589789422251, 3.1415869142679567, 3.1415864903137707, 3.1415888671558663, 3.141587376397434, 3.141580457937347, 3.141578256388007, 3.1415805274041206, 3.141580480677045, 3.141574512109666, 3.141563465501159, 3.1415435390081727, 3.14153592650905, 3.1415332994258938, 3.141534779697915, 3.1415368176109904, 3.14153476049527, 3.1415167943197306, 3.141499221743249, 3.1414445173373906, 3.1413909768223034, 3.141269623648055, 3.141209456781003, 3.1413302149763997, 3.141350235150284, 3.1412263657909434, 3.141128905397571, 3.1408891680443167, 3.140700419831574, 3.1407510122229323, 3.140654655607754, 3.1410044577032967, 3.140854348377104, 3.140364711261342, 3.1389817471589185, 3.1387779397783846, 3.1351690174622706, 3.138346385615929, 3.126379589450255, 3.1349155237696227], "betas": [3.141592789179433, 3.1415927927978897, 3.141592790256753, 3.1415927720313337, 3.1415927536090678, 3.1415927430950896, 3.1415927372586756, 3.141592733728868, 3.141592734578932, 3.141592742892688, 3.141592749048945, 3.141592748720658, 3.1415927467745557, 3.1415927472106664, 3.141592745016707, 3.1415927406746835, 3.141592731696642, 3.1415927228014184, 3.141592711040145, 3.141592699857926, 3.1415926967166365, 3.141592695173457, 3.1415926902347318, 3.1415926823117832, 3.141592654236644, 3.1415925925237955, 3.141592524239507, 3.1415924305577274, 3.1415923277263635, 3.1415921955794057, 3.141591986873848, 3.141591713396947, 3.1415909672556026, 3.1415884865207775, 3.1415863238704635, 3.1415877869124147, 3.141589202075244, 3.141584159651516, 3.1415785136129704, 3.1415794542805955, 3.141581303373719, 3.1415782326072783, 3.1415701946045136, 3.1415539179019185, 3.1415374830859624, 3.1415354621523224, 3.141532605247056, 3.141537278391047, 3.1415359314109548, 3.141528844011408, 3.1415069353558915, 3.1414798465747285, 3.1414129056156743, 3.1413487778623397, 3.1412026119749545, 3.141275408988662, 3.141349158422797, 3.1413161627241073, 3.1411467266455033, 3.141075523222311, 3.1407047113265247, 3.1407893133556497, 3.140614524259283, 3.140886019915735, 3.140896810749938, 3.140925720585487, 3.139269205438376, 3.13941762006542, 3.1363982559971393, 3.1375289895234735, 3.1324852991306282, 3.128155500894174, 3.1398068150518186], "predicted_p_opt": 0.11695966572127563, "predicted_tts": 8.549956036836504, "p_opt": 0.11247041596782839, "tts": 8.891227007518538, "approx": 0.8928663321362306, "opt_gap": -0.10713366786376943, "th": -91.9990005493164}