{"edges": [[0, 2], [0, 3], [0, 6], [0, 9], [1, 2], [1, 3], [1, 6], [1, 9], [1, 10], [2, 6], [2, 8], [3, 8], [4, 5], [4, 6], [4, 7], [5, 6], [5, 8]], "num_nodes": 11, "num_colors": 3, "opt_value": 17, "opt_count": 192, "feasible_count": 177147, "mean_value": 11.333333333333334, "std": 1.9436506316151, "level": 33, "gammas": [-0.22683283452277428, -0.36127829519007065, -0.33695971067661445, -0.3366894010166387, -0.3527770556715429, -0.31862001542664486, -0.3792336272327313, -0.3408545954861537, -0.3456374069998222, -0.3668246025526187, -0.36859361281218705, -0.33522506194809326, -0.3560367248619538, -0.33304388820222297, -0.4078007526267619, -0.3776868995025164, -0.2921273622848285, -0.3750845068440977, -0.46380729186534014, -0.44563038018013873, 0.5442511226197037, 1.4338453122546615, 1.5572180696537539, 1.268725131731357, 0.8446238959890924, 0.3232334620379605, 0.5483567489471921, 0.522845050535341, 0.49365291809686707, 0.45893210765538284, 0.49031460089822715, 0.46872804269346097, 0.46723483357111706], "betas": [2.460072722932635, 2.1225420500481476, 1.8664764959053801, 1.9550292847824908, 1.694137253711028, 1.8449292837255111, 1.4638296253661165, 1.9855883601618824, 1.6431550676851516, 1.6365331518595574, 1.8504689125373037, 1.792889591083997, 1.5258594965819234, 1.7390908988217078, 1.7809426907360877, 2.0076633591474935, 1.58591389912824, 2.2683710235254866, 2.9592483840130233, 2.979310581894815, -2.9571166930651036, -2.62817448137046, -3.1655821953493053, 1.4270284438460947, -1.3504734446666593, -3.6827393993477417, -3.808086762171548, -2.5308879015947383, -2.3358390687449075, -2.8069995129530176, -2.357084892636989, -2.4572404903896365, -2.768022640568555], "predicted_p_opt": 4.865382987010788, "predicted_tts": 0.2055336656270884, "p_opt": 0.9029774238218549, "tts": 1.1074473997007552, "approx": 0.9711068028695531, "opt_gap": -0.028893197130446913}