{"edges": [[0, 1], [0, 5], [0, 7], [0, 8], [0, 10], [1, 3], [1, 6], [1, 7], [1, 9], [1, 10], [2, 3], [2, 9], [3, 5], [3, 12], [4, 7], [4, 8], [5, 7], [6, 8], [6, 10], [6, 12], [9, 11]], "num_nodes": 13, "num_colors": 3, "opt_value": 21, "opt_count": 324, "feasible_count": 1594323, "mean_value": 14.0, "std": 2.160246899469287, "level": 59, "gammas": [0.1991768330335617, 0.31736254692077637, 0.32839304208755493, 0.3278261125087738, 0.32477375864982605, 0.3182610869407654, 0.3082449734210968, 0.3004041910171509, 0.30101773142814636, 0.3085575997829437, 0.3151926100254059, 0.31475624442100525, 0.3036867380142212, 0.2850753962993622, 0.27455729246139526, 0.27643564343452454, 0.2694469094276428, 0.26450449228286743, 0.28553470969200134, 0.2667323052883148, 0.30643022060394287, 0.25166019797325134, 0.2567053437232971, 0.29012519121170044, 0.30158159136772156, 0.3081934154033661, 0.3125608563423157, 0.31752076745033264, 0.32230934500694275, 0.324968159198761, 0.3235194683074951, 0.3172040283679962, 0.3073190748691559, 0.2989606261253357, 0.3011549711227417, 0.31307482719421387, 0.32022202014923096, 0.3147003650665283, 0.2984016537666321, 0.29685643315315247, 0.30473706126213074, 0.31940126419067383, 0.329396516084671, 0.34157368540763855, 0.3386908769607544, 0.3426459729671478, 0.3469977378845215, 0.3507460951805115, 0.35391145944595337, 0.35663703083992004, 0.3592957854270935, 0.3614586889743805, 0.3636981248855591, 0.36718234419822693, 0.37157729268074036, 0.3754521310329437, 0.37949755787849426, 0.38465064764022827, 0.3816377520561218], "betas": [-2.4947540760040283, -2.29184889793396, -2.208040237426758, -2.172010898590088, -2.12601375579834, -2.061830997467041, -1.9932998418807983, -1.959524154663086, -1.9818873405456543, -2.0264649391174316, -2.044787645339966, -2.0061452388763428, -1.9014859199523926, -1.7880936861038208, -1.7598530054092407, -1.7778887748718262, -1.6985567808151245, -1.5047639608383179, -1.5908517837524414, -1.9393335580825806, -1.8748159408569336, -1.6590211391448975, -1.8576750755310059, -1.9729431867599487, -2.0201501846313477, -2.0495963096618652, -2.071931838989258, -2.0977723598480225, -2.1229255199432373, -2.126699924468994, -2.0987164974212646, -2.0395889282226562, -1.9685375690460205, -1.9382702112197876, -1.9852522611618042, -2.0437071323394775, -2.0262839794158936, -1.9505174160003662, -1.9166734218597412, -1.9511469602584839, -2.050213575363159, -2.1525087356567383, -2.2071762084960938, -2.251396417617798, -2.280010223388672, -2.2933740615844727, -2.3188767433166504, -2.341571092605591, -2.361391067504883, -2.3780877590179443, -2.393359422683716, -2.4161338806152344, -2.4426822662353516, -2.467376947402954, -2.4943716526031494, -2.5378780364990234, -2.594879150390625, -2.6651928424835205, -2.755706310272217], "predicted_p_opt": 2.8778133414621756, "predicted_tts": 0.34748605324482734, "p_opt": 0.9106896028203441, "tts": 1.0980689764142115, "approx": 0.9678587721293216, "opt_gap": -0.03214122787067841}