{"N": 28, "edgelist": ["0 1 {}\n", "0 3 {}\n", "0 4 {}\n", "0 7 {}\n", "0 8 {}\n", "0 18 {}\n", "0 23 {}\n", "0 24 {}\n", "0 26 {}\n", "1 2 {}\n", "1 4 {}\n", "1 9 {}\n", "1 11 {}\n", "1 12 {}\n", "1 15 {}\n", "1 16 {}\n", "1 20 {}\n", "1 24 {}\n", "1 25 {}\n", "1 27 {}\n", "2 7 {}\n", "2 9 {}\n", "2 10 {}\n", "2 11 {}\n", "2 12 {}\n", "2 13 {}\n", "2 14 {}\n", "2 15 {}\n", "2 17 {}\n", "2 19 {}\n", "2 21 {}\n", "2 23 {}\n", "2 25 {}\n", "2 26 {}\n", "2 27 {}\n", "3 4 {}\n", "3 5 {}\n", "3 10 {}\n", "3 15 {}\n", "3 16 {}\n", "3 20 {}\n", "3 22 {}\n", "3 25 {}\n", "4 5 {}\n", "4 6 {}\n", "4 7 {}\n", "4 10 {}\n", "4 15 {}\n", "4 16 {}\n", "4 18 {}\n", "4 20 {}\n", "4 21 {}\n", "4 22 {}\n", "4 23 {}\n", "4 24 {}\n", "4 25 {}\n", "4 27 {}\n", "5 10 {}\n", "5 11 {}\n", "5 12 {}\n", "5 14 {}\n", "5 15 {}\n", "5 16 {}\n", "5 17 {}\n", "5 19 {}\n", "5 23 {}\n", "5 24 {}\n", "5 26 {}\n", "6 7 {}\n", "6 12 {}\n", "6 15 {}\n", "6 16 {}\n", "6 18 {}\n", "6 19 {}\n", "6 22 {}\n", "6 23 {}\n", "6 24 {}\n", "6 26 {}\n", "6 27 {}\n", "7 14 {}\n", "7 16 {}\n", "7 19 {}\n", "7 25 {}\n", "8 9 {}\n", "8 10 {}\n", "8 14 {}\n", "8 17 {}\n", "8 18 {}\n", "8 19 {}\n", "8 21 {}\n", "8 22 {}\n", "8 24 {}\n", "8 25 {}\n", "9 10 {}\n", "9 11 {}\n", "9 12 {}\n", "9 13 {}\n", "9 21 {}\n", "9 23 {}\n", "9 25 {}\n", "9 26 {}\n", "10 12 {}\n", "10 16 {}\n", "10 18 {}\n", "10 19 {}\n", "10 20 {}\n", "10 21 {}\n", "10 22 {}\n", "10 23 {}\n", "10 24 {}\n", "10 25 {}\n", "10 26 {}\n", "10 27 {}\n", "11 15 {}\n", "11 20 {}\n", "11 21 {}\n", "12 13 {}\n", "12 15 {}\n", "12 16 {}\n", "12 19 {}\n", "12 20 {}\n", "12 22 {}\n", "12 24 {}\n", "12 26 {}\n", "12 27 {}\n", "13 18 {}\n", "13 21 {}\n", "13 23 {}\n", "14 19 {}\n", "14 20 {}\n", "14 21 {}\n", "14 22 {}\n", "14 24 {}\n", "14 25 {}\n", "14 27 {}\n", "15 24 {}\n", "16 20 {}\n", "16 26 {}\n", "17 18 {}\n", "17 19 {}\n", "17 21 {}\n", "17 24 {}\n", "17 25 {}\n", "17 27 {}\n", "18 19 {}\n", "18 21 {}\n", "18 24 {}\n", "18 25 {}\n", "18 26 {}\n", "18 27 {}\n", "19 21 {}\n", "19 22 {}\n", "19 26 {}\n", "20 22 {}\n", "20 23 {}\n", "20 24 {}\n", "21 24 {}\n", "21 26 {}\n", "21 27 {}\n", "22 24 {}\n", "22 26 {}\n", "23 25 {}\n", "23 27 {}\n", "24 25 {}\n", "24 26 {}\n", "25 27 {}\n", "26 27 {}\n"], "opt_value": 147, "opt_count": 1, "feasible_count": 40116600, "mean_value": 126.79629629629629, "std": 4.6722967214154165, "level": 19, "gammas": [2.6534817218780518, 2.6462652683258057, 2.64994478225708, 2.665501117706299, 2.6912178993225098, 2.720135450363159, 2.7460625171661377, 2.7659995555877686, 2.7779462337493896, 2.7806808948516846, 2.77402400970459, 2.7588694095611572, 2.7369675636291504, 2.7105844020843506, 2.6829192638397217, 2.6589951515197754, 2.6449785232543945, 2.642476797103882, 2.651829242706299], "betas": [2.649334669113159, 2.647890090942383, 2.658259153366089, 2.680185556411743, 2.7083585262298584, 2.7354624271392822, 2.7579212188720703, 2.7735249996185303, 2.7806289196014404, 2.7783470153808594, 2.766866683959961, 2.747462034225464, 2.722217559814453, 2.6939868927001953, 2.667707920074463, 2.649533748626709, 2.6417183876037598, 2.644987106323242, 2.6597607135772705], "predicted_p_opt": 3.791447929286131e-05, "predicted_tts": 26375.147928994083, "p_opt": 1.4669995372973533e-05, "tts": 68166.34733520745, "approx": 0.9561878643622563, "opt_gap": -0.043812135637743665, "th": -139.92689470458436}