{"edges": [[0, 3], [0, 8], [0, 9], [0, 10], [1, 6], [1, 11], [1, 13], [2, 3], [2, 7], [2, 9], [2, 10], [2, 11], [2, 13], [3, 5], [3, 12], [4, 5], [4, 6], [4, 8], [4, 12], [5, 6], [5, 14], [6, 10], [6, 12], [6, 13], [7, 10], [8, 14], [12, 14], [13, 14]], "num_nodes": 15, "num_colors": 3, "opt_value": 28, "opt_count": 162, "feasible_count": 14348907, "mean_value": 18.666666666666668, "std": 2.494438257849294, "level": 27, "gammas": [-0.16497965157032013, -0.27695438265800476, -0.28991878032684326, -0.2911789119243622, -0.29127001762390137, -0.2917177677154541, -0.292794406414032, -0.29463791847229004, -0.2972874045372009, -0.3009868860244751, -0.30665260553359985, -0.3156680166721344, -0.3305128216743469, -0.18112942576408386, 0.3452838063240051, 0.31704697012901306, 0.31006622314453125, 0.30306676030158997, 0.2982589304447174, 0.29520753026008606, 0.29325413703918457, 0.2920498549938202, 0.2915181815624237, 0.2919061481952667, 0.29324355721473694, 0.29542776942253113, 0.292440265417099], "betas": [2.740809440612793, 2.614715814590454, 2.5885744094848633, 2.6010711193084717, 2.6247458457946777, 2.6472883224487305, 2.6681723594665527, 2.6872081756591797, 2.707770347595215, 2.7380595207214355, 2.8071393966674805, 3.0003764629364014, 3.955817222595215, 1.1561486721038818, -3.2836360931396484, -2.8842341899871826, -2.7631914615631104, -2.715397596359253, -2.690833806991577, -2.674874782562256, -2.6619551181793213, -2.6536030769348145, -2.6529927253723145, -2.665308713912964, -2.6965112686157227, -2.7566916942596436, -2.861362934112549], "predicted_p_opt": 0.03415242708033441, "predicted_tts": 29.280495867768593, "p_opt": 0.021706631407141685, "tts": 46.068870901405305, "approx": 0.7203289270401001, "opt_gap": -0.2796710729598999}