{"edges": [[6, 15], [6, 11], [6, 0], [15, 4], [15, 17], [18, 23], [18, 12], [18, 16], [23, 17], [23, 1], [12, 13], [12, 8], [13, 2], [13, 4], [14, 16], [14, 9], [14, 8], [16, 9], [4, 5], [3, 19], [3, 5], [3, 11], [19, 22], [19, 1], [9, 21], [8, 21], [5, 22], [22, 2], [21, 20], [11, 20], [20, 10], [7, 10], [7, 0], [7, 2], [10, 0], [17, 1]], "num_nodes": 24, "opt_value": 32, "opt_count": 2, "feasible_count": 16777216, "mean_value": 18.0, "std": 3.0, "level": 32, "gammas": [-0.14057009031994858, -0.2451014359418151, -0.18923656314383838, -0.24642487890352596, -0.26159023645121066, -0.22334624564019967, -0.19240725612100942, -0.22317224357785714, -0.2243217785224001, -0.19207182787028315, -0.22692676988713048, -0.24014845336171559, -0.24529206451503216, -0.24336375653200498, -0.24943869187810558, -0.25224130286186575, -0.2536732927545238, -0.25436104263807696, -0.25531264960896305, -0.2573786109647913, -0.2608720434038748, -0.2656759025929068, -0.26699603979437636, -0.28186009406466156, -0.3182876953053196, 5.891357239944586, 5.861324347320539, 5.904066850953945, 5.958619787831289, 5.977336493138421, 5.982061526506856, 5.982424917524907], "betas": [2.752051699581271, 2.057039814420487, 1.770614885954376, 2.5636060469482147, 2.4766557969442538, 1.8629718889493976, 1.700704513438594, 1.8510476214771163, 1.5867561214981563, 1.5437220383904835, 1.7734080447173342, 1.7138038159076219, 1.8599905238226553, 1.8979871100534311, 1.90056324523385, 1.8975488622237624, 1.882522601596018, 1.8629686392067106, 1.846230201142279, 1.8370249565760706, 1.8345408830526206, 1.8470767329908802, 1.8858581538584418, 1.5437841796964882, 2.0289159989642287, 2.1518255694431847, 2.3583728353873887, 2.5417413719077744, 2.55365301636936, 2.536166375597414, 2.5329298178813526, 2.491929981078044], "predicted_p_opt": 0.0005036592483520508, "predicted_tts": 1985.469349112426, "p_opt": 1.0570840846415676e-06, "tts": 945998.5393111623, "approx": 0.826857559210284, "opt_gap": -0.17314244078971597}