{"N": 26, "edgelist": ["0 1 {}\n", "0 4 {}\n", "0 5 {}\n", "0 8 {}\n", "0 9 {}\n", "0 12 {}\n", "0 13 {}\n", "0 14 {}\n", "0 15 {}\n", "0 16 {}\n", "0 21 {}\n", "0 22 {}\n", "0 23 {}\n", "0 24 {}\n", "0 25 {}\n", "1 2 {}\n", "1 4 {}\n", "1 5 {}\n", "1 7 {}\n", "1 12 {}\n", "1 14 {}\n", "1 16 {}\n", "1 18 {}\n", "1 19 {}\n", "1 21 {}\n", "1 22 {}\n", "1 25 {}\n", "2 3 {}\n", "2 4 {}\n", "2 7 {}\n", "2 11 {}\n", "2 12 {}\n", "2 13 {}\n", "2 15 {}\n", "2 17 {}\n", "2 20 {}\n", "2 23 {}\n", "2 24 {}\n", "3 4 {}\n", "3 5 {}\n", "3 7 {}\n", "3 8 {}\n", "3 11 {}\n", "3 19 {}\n", "3 21 {}\n", "3 22 {}\n", "3 24 {}\n", "3 25 {}\n", "4 11 {}\n", "4 12 {}\n", "4 13 {}\n", "4 14 {}\n", "4 15 {}\n", "4 16 {}\n", "4 17 {}\n", "4 18 {}\n", "4 19 {}\n", "4 20 {}\n", "4 24 {}\n", "4 25 {}\n", "5 6 {}\n", "5 7 {}\n", "5 8 {}\n", "5 9 {}\n", "5 10 {}\n", "5 11 {}\n", "5 17 {}\n", "5 18 {}\n", "5 19 {}\n", "5 20 {}\n", "5 22 {}\n", "5 23 {}\n", "5 24 {}\n", "6 7 {}\n", "6 8 {}\n", "6 9 {}\n", "6 10 {}\n", "6 11 {}\n", "6 12 {}\n", "6 13 {}\n", "6 16 {}\n", "6 19 {}\n", "6 20 {}\n", "6 21 {}\n", "6 22 {}\n", "6 23 {}\n", "6 24 {}\n", "6 25 {}\n", "7 8 {}\n", "7 10 {}\n", "7 13 {}\n", "7 14 {}\n", "7 16 {}\n", "7 17 {}\n", "7 19 {}\n", "7 21 {}\n", "7 22 {}\n", "7 24 {}\n", "8 9 {}\n", "8 10 {}\n", "8 11 {}\n", "8 12 {}\n", "8 13 {}\n", "8 14 {}\n", "8 16 {}\n", "8 17 {}\n", "8 20 {}\n", "8 22 {}\n", "8 24 {}\n", "9 12 {}\n", "9 14 {}\n", "9 16 {}\n", "9 17 {}\n", "9 19 {}\n", "9 21 {}\n", "9 25 {}\n", "10 14 {}\n", "10 17 {}\n", "10 18 {}\n", "10 24 {}\n", "10 25 {}\n", "11 13 {}\n", "11 14 {}\n", "11 16 {}\n", "11 18 {}\n", "11 21 {}\n", "11 23 {}\n", "12 15 {}\n", "12 16 {}\n", "12 17 {}\n", "12 18 {}\n", "12 20 {}\n", "12 21 {}\n", "12 22 {}\n", "12 24 {}\n", "13 15 {}\n", "13 16 {}\n", "13 20 {}\n", "13 21 {}\n", "13 22 {}\n", "13 23 {}\n", "13 24 {}\n", "13 25 {}\n", "14 15 {}\n", "14 17 {}\n", "14 18 {}\n", "14 19 {}\n", "14 21 {}\n", "14 24 {}\n", "14 25 {}\n", "15 16 {}\n", "15 17 {}\n", "15 19 {}\n", "15 21 {}\n", "15 23 {}\n", "15 25 {}\n", "16 19 {}\n", "16 23 {}\n", "16 25 {}\n", "17 18 {}\n", "17 20 {}\n", "17 22 {}\n", "17 23 {}\n", "18 24 {}\n", "18 25 {}\n", "19 23 {}\n", "20 21 {}\n", "20 24 {}\n", "21 23 {}\n", "21 25 {}\n", "22 23 {}\n", "22 24 {}\n"], "opt_value": 148, "opt_count": 1, "feasible_count": 10400600, "mean_value": 130.72, "std": 3.534653294602383, "level": 49, "gammas": [2.326251983642578, 2.3152315616607666, 2.30667781829834, 2.3007993698120117, 2.297417163848877, 2.296668767929077, 2.298410177230835, 2.3023858070373535, 2.308216094970703, 2.3154213428497314, 2.3236629962921143, 2.332834482192993, 2.3428077697753906, 2.3532891273498535, 2.3639302253723145, 2.37436580657959, 2.3843064308166504, 2.393533229827881, 2.4018523693084717, 2.409116506576538, 2.415191173553467, 2.419968843460083, 2.4233486652374268, 2.425278425216675, 2.425722122192383, 2.4246745109558105, 2.42215633392334, 2.418210029602051, 2.412897825241089, 2.406331777572632, 2.398611307144165, 2.3898684978485107, 2.380284547805786, 2.370002031326294, 2.3593122959136963, 2.3485240936279297, 2.3380608558654785, 2.3282389640808105, 2.319185256958008, 2.310969352722168, 2.3038554191589355, 2.298322916030884, 2.294719696044922, 2.2933452129364014, 2.2944560050964355, 2.2980704307556152, 2.3037543296813965, 2.312267541885376, 2.3231663703918457], "betas": [2.3198323249816895, 2.3098697662353516, 2.3028690814971924, 2.298100233078003, 2.296034574508667, 2.2966296672821045, 2.299546003341675, 2.304612874984741, 2.311432361602783, 2.319383144378662, 2.3282573223114014, 2.338027238845825, 2.3483519554138184, 2.3590729236602783, 2.3696746826171875, 2.379950523376465, 2.38948917388916, 2.3982605934143066, 2.4060213565826416, 2.4126319885253906, 2.4179890155792236, 2.422018527984619, 2.424591064453125, 2.4257023334503174, 2.425304889678955, 2.423445224761963, 2.4201250076293945, 2.415398597717285, 2.4093804359436035, 2.402153491973877, 2.393857002258301, 2.3846309185028076, 2.374655246734619, 2.3641648292541504, 2.3534300327301025, 2.342841148376465, 2.3327713012695312, 2.3234963417053223, 2.3150858879089355, 2.3075995445251465, 2.30136775970459, 2.296828508377075, 2.2943482398986816, 2.294203758239746, 2.296534299850464, 2.3012046813964844, 2.3083624839782715, 2.3179872035980225, 2.3297557830810547], "predicted_p_opt": 0.0009423494798377017, "predicted_tts": 1061.1774308744007, "p_opt": 0.00032467500618455793, "tts": 3080.0030213337736, "approx": 0.9756955865306154, "opt_gap": -0.02430441346938461, "th": -143.9620777967981}