{"edges": [[4, 9], [4, 5], [4, 14], [9, 1], [9, 15], [12, 16], [12, 17], [12, 0], [16, 0], [16, 6], [5, 10], [5, 6], [10, 11], [10, 8], [1, 3], [1, 14], [3, 8], [3, 17], [2, 11], [2, 17], [2, 15], [11, 13], [7, 13], [7, 8], [7, 14], [13, 6], [0, 15]], "num_nodes": 18, "opt_value": 23, "opt_count": 24, "feasible_count": 262144, "mean_value": 13.5, "std": 2.598076211353316, "level": 45, "gammas": [0.36858930932522327, 0.3062393186777596, 0.2543979968295959, 0.24482205931238457, 0.2563032651192954, 0.2605176996087287, 0.24284740895729479, 0.25234765025978795, 0.25543548482021416, 0.23952620417738135, 0.24956531387048855, 0.28097402532269156, 0.30073821622198244, 0.3131809543504311, 0.3390088016247292, 0.3454423216676437, 0.3312142686952238, 0.3286786803338745, 0.9007374300493385, 0.15022574495320667, 0.18860538291429513, 0.32525642720852505, 0.3093434466970159, 0.3000103752987875, 0.2937787053943218, 0.28689668956711945, 0.28343510842165875, 0.2929228712726212, 0.3082080323714716, 0.32473426542699974, 0.34074022209494154, 0.3599908948652643, 0.3635307729011926, 0.3810300616822399, 1.149970185680412, 0.44146562637134706, 0.46662735384314974, 0.4536227118534367, 0.38252038206173017, 0.35126314436228345, 0.33936989722860383, 0.33285419149533346, 0.33061188275961506, 0.33344205624915274, 0.3341551905857303], "betas": [-2.1859177434926123, -2.761856203168687, -2.1498390064483015, -2.2583561340613403, -2.0908269037664957, -1.9033371677464472, -1.8726103988304288, -1.8992779945124019, -1.7806824463607775, -1.7159951403452323, -1.858008094099253, -2.00291540755147, -2.050495521335572, -2.1511772641940423, -2.3374958784817914, -2.2640989480911125, -2.1194333122312603, -2.296392592926087, -1.652200307066676, -2.1377026725068067, -2.5113191653093603, 3.3676533270698106, 3.2978661329178394, 3.6397571665712465, 3.938183605426258, 4.102042112028316, 4.070207001742374, 4.007053399131031, 3.921750944812784, 3.8351612964940363, 3.8019458258229477, 3.8286400068766717, 3.456003923074496, 3.544084072928548, 4.105417301889016, -2.341528730598881, 3.7749707144606113, 3.614776838406535, 3.5601779312769346, 3.586768071668091, 3.633467872826958, 3.685710503713642, 3.702141790996661, 3.6778413867173554, 3.7025606797107313], "predicted_p_opt": 0.758148193359375, "predicted_tts": 1.3190033409813628, "p_opt": 0.029347654728731878, "tts": 34.0742730294214, "approx": 0.9290719728524862, "opt_gap": -0.07092802714751378}