{"edges": [[7, 17], [7, 13], [7, 2], [17, 0], [17, 6], [4, 12], [4, 14], [4, 16], [12, 15], [12, 5], [3, 10], [3, 11], [3, 2], [10, 15], [10, 16], [14, 16], [14, 1], [5, 13], [5, 8], [13, 0], [8, 9], [8, 1], [9, 11], [9, 0], [11, 6], [15, 1], [6, 2]], "num_nodes": 18, "opt_value": 24, "opt_count": 2, "feasible_count": 262144, "mean_value": 13.5, "std": 2.598076211353316, "level": 45, "gammas": [-0.1572478632599192, -0.2998518307005984, -0.2658887913728691, -0.1978911394617516, -0.3620823012387841, -0.2919916132443591, -0.16061727258545902, -0.18018177508100283, -0.22198244169702522, -0.19866566662634383, -0.19061647159944878, -0.19088198355772248, -0.1938494848780405, -0.18616100279065798, -0.18199956497270423, -0.20113851867570942, -0.17376410998515168, -0.19441878672031648, -0.19971737465671735, -0.16772052090223785, -0.2112820001084366, -0.17421118263145285, -0.2044448848017189, -0.19510655824502207, -0.21624623246496685, -0.21928896741265688, -0.2391447372423621, -0.2987808343751229, -0.37289212807575917, -0.42357645130247884, -0.4593493652249608, -0.42519297893346425, -0.3253903758184785, -0.2846693152626703, -0.27335396461226563, -0.2863431310897229, -0.2925942565852514, -0.2953389801769501, -0.2968007505073933, -0.30149495674071963, -0.305892823406177, 5.969951912627088, 5.960427237238337, 5.948027420592438, 5.939257813933858], "betas": [2.885172504009865, 2.538472896238199, 1.3579410514661563, 1.9640796451724871, 2.6114569602756017, 2.3313464163498434, 1.737997902808106, 1.905777340015588, 1.7082640347352538, 1.526318599848302, 1.4539787293204576, 1.4652892927976355, 1.4391379190365077, 1.3280642631531354, 1.412248906618058, 1.4017405155378242, 1.241361236950952, 1.5058277469480235, 1.2227075341863165, 1.3544091280015378, 1.373335407801588, 1.2206162838626113, 1.4280090990488583, 1.2811735358864653, 1.574780218233047, 1.2952423347936812, 1.4631209325906611, 1.96861870203677, 2.3077921021935675, 2.2973055230419646, 2.384661869735044, 2.429698175720646, 2.293468466165871, 2.160182548119821, 2.1902479062575018, 2.258187590558351, 2.27894555405759, 2.2736343289119056, 2.280933538771289, 2.294314198354418, 2.319220160329856, 2.3626728236515477, 2.427940921667041, 2.4735962601701433, 2.488587077423544], "predicted_p_opt": 0.06317901611328125, "predicted_tts": 15.828040091776355, "p_opt": 0.0001976370011911405, "tts": 5059.781285756663, "approx": 0.8961988846453982, "opt_gap": -0.10380111535460179}