{"edges": [[7, 17], [7, 13], [7, 4], [17, 2], [17, 4], [6, 15], [6, 16], [6, 2], [15, 10], [15, 3], [14, 16], [14, 8], [14, 12], [16, 11], [8, 12], [8, 5], [12, 5], [1, 3], [1, 11], [1, 10], [3, 9], [0, 11], [0, 13], [0, 9], [10, 2], [13, 9], [4, 5]], "num_nodes": 18, "opt_value": 24, "opt_count": 2, "feasible_count": 262144, "mean_value": 13.5, "std": 2.598076211353316, "level": 45, "gammas": [-0.2630588412284851, -0.30024775862693787, -0.23375006020069122, -0.238259419798851, -0.20872282981872559, -0.21824292838573456, -0.22567163407802582, -0.20731192827224731, -0.20974893867969513, -0.2311370074748993, -0.2290133237838745, -0.23343579471111298, -0.25495055317878723, -0.2736191749572754, -0.28307676315307617, -0.2888737916946411, -0.30684900283813477, -0.3349240720272064, -0.370265394449234, -0.36376646161079407, -0.3582466244697571, -0.4577599763870239, -0.1708672195672989, -0.24219763278961182, -0.23843778669834137, -0.21015502512454987, -0.22875674068927765, -0.2590121626853943, -0.2577420473098755, -0.2404000610113144, -0.2312043309211731, -0.24899302423000336, -0.27211660146713257, -0.28886058926582336, -0.299989253282547, -0.30828753113746643, -0.3167935013771057, -0.3224237263202667, -0.3190164566040039, -0.35320791602134705, -0.41377928853034973, -0.4488959312438965, -0.4255269169807434, -0.4123310148715973, -0.3596348762512207], "betas": [1.327401041984558, 2.2345924377441406, 2.120807647705078, 1.5582503080368042, 1.387006402015686, 1.6238595247268677, 1.5980074405670166, 1.4610223770141602, 1.5770151615142822, 1.5966486930847168, 1.5744739770889282, 1.67342209815979, 1.806719183921814, 1.8811848163604736, 1.8958159685134888, 1.9144617319107056, 2.0065762996673584, 2.108269214630127, 2.1039373874664307, 2.01908540725708, 0.8546129465103149, 1.7927323579788208, 2.790592670440674, 2.209798574447632, 1.6195247173309326, 1.74609375, 1.8426859378814697, 1.885356068611145, 1.8187817335128784, 1.672921061515808, 1.7330498695373535, 1.8718148469924927, 1.9947222471237183, 2.0759215354919434, 2.1256296634674072, 2.1766366958618164, 2.3011276721954346, 2.54118013381958, 2.7855160236358643, 2.215999126434326, 1.815270185470581, 1.8467087745666504, 2.0773699283599854, 2.4744913578033447, 2.6548826694488525], "predicted_p_opt": 0.06317901611328125, "predicted_tts": 15.828040091776355, "p_opt": 0.00029670659569092095, "tts": 3370.3328962787846, "approx": 0.881568968296051, "opt_gap": -0.11843103170394897}