{"edges": [[0, 3], [0, 8], [1, 3], [1, 6], [1, 11], [2, 3], [2, 5], [2, 7], [2, 8], [3, 7], [3, 11], [4, 9], [4, 10], [4, 11], [5, 8], [6, 10], [6, 11], [7, 13], [8, 9], [10, 11], [11, 13], [12, 13]], "num_nodes": 14, "num_colors": 3, "opt_value": 22, "opt_count": 180, "feasible_count": 4782969, "mean_value": 14.666666666666666, "std": 2.211083193570267, "level": 43, "gammas": [3.141592795445568, 3.1415926630123616, 3.141592689569217, 3.1415927296583033, 3.1415927588696655, 3.1415927582488106, 3.1415927394536163, 3.1415927005766955, 3.141592667707596, 3.1415926700746604, 3.1415926802422147, 3.1415927144304288, 3.1415927332201234, 3.1415927586840398, 3.141592737561624, 3.1415926644912586, 3.14159255506846, 3.1415923592427646, 3.141592146517792, 3.1415920010053187, 3.1415919329289084, 3.141591246095299, 3.141589933637134, 3.141588826613734, 3.1415872645946012, 3.1415865609438427, 3.1415835551155564, 3.141575400772865, 3.141563132946626, 3.1415601465350176, 3.1415360986974554, 3.1415298044122744, 3.1415156672466282, 3.1415159920729288, 3.1414464375854636, 3.1414323283954904, 3.1411207983780747, 3.141046327961657, 3.1408814679862616, 3.1406879510551957, 3.1391506098564155, 3.1343977058474297, 3.1396615214745887], "betas": [3.1415926012449784, 3.1415926404569996, 3.1415925994791922, 3.14159255451358, 3.141592541526333, 3.1415925593806007, 3.141592589596346, 3.1415926218567134, 3.141592638488118, 3.1415926297325365, 3.141592601501636, 3.1415925655626076, 3.1415925386007406, 3.14159252660389, 3.1415925174496415, 3.1415925106548306, 3.1415924592012336, 3.141592305669327, 3.141592134731225, 3.1415919801799226, 3.1415915898947473, 3.141590287921285, 3.1415890990036104, 3.1415877151386313, 3.141586880495902, 3.141585639200858, 3.141580900907966, 3.141568420024918, 3.1415616627436496, 3.141549247184358, 3.1415281150629006, 3.1415278565290174, 3.1415152706590086, 3.1414941378217214, 3.141417840580731, 3.141336934116259, 3.1409967855445244, 3.1411594680856405, 3.140330766997932, 3.1411833560533755, 3.1355060375787205, 3.1367457058600454, 3.1411634970288334], "predicted_p_opt": 0.2848481769377974, "predicted_tts": 3.51064209274673, "p_opt": 0.25881143973416326, "tts": 3.863816842977051, "approx": 0.752927855920685, "opt_gap": -0.247072144079315, "th": -21.999000549316406}