{"N": 18, "edgelist": ["0 2 {}\n", "0 4 {}\n", "0 7 {}\n", "0 11 {}\n", "0 12 {}\n", "0 13 {}\n", "0 16 {}\n", "0 17 {}\n", "1 3 {}\n", "1 7 {}\n", "1 8 {}\n", "1 9 {}\n", "1 12 {}\n", "1 13 {}\n", "1 15 {}\n", "1 17 {}\n", "2 4 {}\n", "2 7 {}\n", "2 8 {}\n", "2 10 {}\n", "2 14 {}\n", "2 15 {}\n", "3 4 {}\n", "3 6 {}\n", "3 7 {}\n", "3 8 {}\n", "3 10 {}\n", "3 11 {}\n", "3 12 {}\n", "3 13 {}\n", "3 15 {}\n", "3 16 {}\n", "3 17 {}\n", "4 6 {}\n", "4 7 {}\n", "4 8 {}\n", "4 9 {}\n", "4 13 {}\n", "4 15 {}\n", "4 16 {}\n", "5 6 {}\n", "5 7 {}\n", "5 9 {}\n", "5 10 {}\n", "5 12 {}\n", "5 13 {}\n", "5 14 {}\n", "5 15 {}\n", "5 16 {}\n", "6 7 {}\n", "6 8 {}\n", "6 9 {}\n", "6 10 {}\n", "6 11 {}\n", "6 13 {}\n", "7 8 {}\n", "7 13 {}\n", "7 15 {}\n", "7 16 {}\n", "7 17 {}\n", "8 9 {}\n", "8 12 {}\n", "8 13 {}\n", "8 15 {}\n", "9 12 {}\n", "9 14 {}\n", "9 15 {}\n", "9 16 {}\n", "9 17 {}\n", "10 12 {}\n", "10 13 {}\n", "10 14 {}\n", "10 16 {}\n", "10 17 {}\n", "11 13 {}\n", "11 14 {}\n", "11 15 {}\n", "11 16 {}\n", "12 14 {}\n", "12 15 {}\n", "12 16 {}\n", "12 17 {}\n", "13 14 {}\n", "13 15 {}\n", "13 16 {}\n", "14 16 {}\n", "14 17 {}\n", "15 16 {}\n", "15 17 {}\n", "16 17 {}\n"], "opt_value": 78, "opt_count": 2, "feasible_count": 48620, "mean_value": 68.82352941176471, "std": 2.586964928879515, "level": 95, "gammas": [0.1726101040840149, 0.29029741883277893, 0.3062135875225067, 0.3064076900482178, 0.3097524642944336, 0.321277916431427, 0.3096693456172943, 0.3093053102493286, 0.30658140778541565, 0.3039226531982422, 0.30181899666786194, 0.30004239082336426, 0.29925042390823364, 0.2989773452281952, 0.2987661361694336, 0.2975921928882599, 0.2941257059574127, 0.28616371750831604, 0.27786776423454285, 0.28918641805648804, 0.275581032037735, 0.2559834122657776, 0.2590080201625824, 0.2580747604370117, 0.25457099080085754, 0.28917479515075684, 0.2703145444393158, 0.26437216997146606, 0.2633681297302246, 0.2640571892261505, 0.26420027017593384, 0.26358821988105774, 0.2629636228084564, 0.2625102698802948, 0.2621847093105316, 0.261848121881485, 0.2609434425830841, 0.26035648584365845, 0.2601848542690277, 0.25975489616394043, 0.2583262026309967, 0.261345237493515, 0.2592519223690033, 0.2594880759716034, 0.25412389636039734, 0.24009783565998077, 0.22615882754325867, 0.17350946366786957, -0.15735875070095062, -0.151412695646286, -0.2579338848590851, -0.28236931562423706, -0.2786305844783783, -0.2774607241153717, -0.27855950593948364, -0.2789040207862854, -0.2788335084915161, -0.27967914938926697, -0.2802853584289551, -0.2806393504142761, -0.2815210223197937, -0.2822710871696472, -0.28247934579849243, -0.2826997935771942, -0.2828381657600403, -0.2822189927101135, -0.28262293338775635, -0.2843095064163208, -0.28843924403190613, -0.3040095865726471, -0.2797325551509857, -0.27704671025276184, -0.28833240270614624, -0.29690614342689514, -0.3022792339324951, -0.3073834180831909, -0.3118421733379364, -0.31014925241470337, -0.31368932127952576, -0.3147014379501343, -0.3158428370952606, -0.31651440262794495, -0.3168684244155884, -0.31710097193717957, -0.3171176612377167, -0.3169635832309723, -0.3162821829319, -0.31421107053756714, -0.3219108581542969, -0.3186931610107422, -0.3150998055934906, -0.3146538734436035, -0.31560227274894714, -0.31539028882980347, -0.3070369362831116], "betas": [-2.9015376567840576, -2.8209049701690674, -2.74874210357666, -2.6964640617370605, -2.731081962585449, -2.7559876441955566, -2.7540578842163086, -2.729259729385376, -2.7104034423828125, -2.6869781017303467, -2.663435935974121, -2.6435420513153076, -2.6360883712768555, -2.6349575519561768, -2.6312949657440186, -2.6104724407196045, -2.56438946723938, -2.531013011932373, -2.2371444702148438, -2.489384889602661, -2.4195821285247803, -2.405625581741333, -2.444608449935913, -2.335707187652588, -2.2520086765289307, -2.210693120956421, -2.345970869064331, -2.2831599712371826, -2.2831177711486816, -2.287017583847046, -2.283264398574829, -2.2755722999572754, -2.268328905105591, -2.267113208770752, -2.2681851387023926, -2.266822099685669, -2.2600584030151367, -2.255343198776245, -2.255783796310425, -2.250549077987671, -2.237161159515381, -2.221630811691284, -2.2369019985198975, -2.2614550590515137, -2.2436490058898926, -2.1683647632598877, -1.5307968854904175, 1.5237743854522705, 2.504361152648926, 2.324660539627075, 2.4515109062194824, 2.454601764678955, 2.413717746734619, 2.4081215858459473, 2.423872947692871, 2.4348082542419434, 2.449709892272949, 2.4543964862823486, 2.456648111343384, 2.4590840339660645, 2.461657762527466, 2.465496778488159, 2.470503330230713, 2.4748029708862305, 2.4761579036712646, 2.475071430206299, 2.485880136489868, 2.5485737323760986, 2.3673229217529297, 2.4756011962890625, 2.5193967819213867, 2.620870590209961, 2.6782004833221436, 2.6980016231536865, 2.7197699546813965, 2.7461140155792236, 2.7568626403808594, 2.799027681350708, 2.8085718154907227, 2.821058511734009, 2.829385757446289, 2.8359999656677246, 2.8411426544189453, 2.8434462547302246, 2.843991994857788, 2.8393588066101074, 2.8465065956115723, 2.814511775970459, 2.8593437671661377, 2.8433525562286377, 2.8430938720703125, 2.8547301292419434, 2.858156681060791, 2.855867385864258, 2.872065305709839], "predicted_p_opt": 1.5006581653640476, "predicted_tts": 0.666374277020915, "p_opt": 0.7006789039332282, "tts": 1.4271872528008862, "approx": 0.9672754487302023, "opt_gap": -0.032724551269797675}