{
  "locs": [
    [
      0.15,
      0.04
    ],
    [
      0.83,
      0.58
    ],
    [
      0.57,
      0.99
    ],
    [
      0.5,
      0.77
    ],
    [
      0.79,
      0.88
    ],
    [
      0.71,
      0.91
    ],
    [
      0.32,
      0.33
    ],
    [
      0.49,
      0.56
    ],
    [
      0.49,
      0.45
    ],
    [
      0.34,
      0.02
    ]
  ],
  "opt_value": 2.5798470973968506,
  "opt_count": 2,
  "feasible_count": 362880,
  "mean_value": 5.098562240600586,
  "std": 0.6996741890907288,
  "level": 7,
  "gammas": [
    -0.820090115070343,
    -1.2287957668304443,
    -1.244873285293579,
    -1.2246779203414917,
    -1.2049087285995483,
    -1.1882562637329102,
    -1.136124610900879
  ],
  "betas": [
    2.989229202270508,
    3.027362823486328,
    3.0164942741394043,
    2.982452154159546,
    2.9564414024353027,
    2.927621364593506,
    2.87296199798584
  ],
  "predicted_p_opt": 0.001240079365079365,
  "predicted_tts": 806.4000000000001,
  "p_opt": 0.0008325850940309465,
  "tts": 1201.0784329064998,
  "approx": 1.8684180974960327,
  "opt_gap": 0.8684180974960327
}
