{"N": 22, "edgelist": ["0 1 {}\n", "0 4 {}\n", "0 6 {}\n", "0 7 {}\n", "0 12 {}\n", "0 13 {}\n", "0 16 {}\n", "0 17 {}\n", "0 19 {}\n", "0 21 {}\n", "1 2 {}\n", "1 3 {}\n", "1 4 {}\n", "1 5 {}\n", "1 7 {}\n", "1 10 {}\n", "1 13 {}\n", "1 15 {}\n", "1 16 {}\n", "1 17 {}\n", "1 19 {}\n", "1 20 {}\n", "2 3 {}\n", "2 4 {}\n", "2 6 {}\n", "2 8 {}\n", "2 9 {}\n", "2 10 {}\n", "2 12 {}\n", "2 13 {}\n", "2 14 {}\n", "2 17 {}\n", "2 19 {}\n", "3 5 {}\n", "3 8 {}\n", "3 9 {}\n", "3 12 {}\n", "3 17 {}\n", "3 18 {}\n", "3 20 {}\n", "4 6 {}\n", "4 9 {}\n", "4 11 {}\n", "4 12 {}\n", "4 13 {}\n", "4 14 {}\n", "4 15 {}\n", "4 16 {}\n", "4 17 {}\n", "4 18 {}\n", "4 19 {}\n", "4 20 {}\n", "5 6 {}\n", "5 7 {}\n", "5 8 {}\n", "5 11 {}\n", "5 14 {}\n", "5 16 {}\n", "5 18 {}\n", "5 20 {}\n", "5 21 {}\n", "6 7 {}\n", "6 8 {}\n", "6 11 {}\n", "6 14 {}\n", "6 15 {}\n", "7 8 {}\n", "7 11 {}\n", "7 12 {}\n", "7 15 {}\n", "7 16 {}\n", "7 18 {}\n", "8 9 {}\n", "8 11 {}\n", "8 12 {}\n", "8 14 {}\n", "8 16 {}\n", "8 20 {}\n", "9 10 {}\n", "9 12 {}\n", "9 13 {}\n", "9 17 {}\n", "9 21 {}\n", "10 11 {}\n", "10 14 {}\n", "10 15 {}\n", "10 16 {}\n", "10 17 {}\n", "10 19 {}\n", "10 21 {}\n", "11 12 {}\n", "11 14 {}\n", "11 15 {}\n", "11 16 {}\n", "11 18 {}\n", "11 20 {}\n", "11 21 {}\n", "12 14 {}\n", "12 16 {}\n", "12 18 {}\n", "13 14 {}\n", "13 15 {}\n", "13 16 {}\n", "13 18 {}\n", "13 20 {}\n", "14 15 {}\n", "14 20 {}\n", "14 21 {}\n", "15 16 {}\n", "15 17 {}\n", "15 21 {}\n", "16 17 {}\n", "16 18 {}\n", "16 20 {}\n", "17 18 {}\n", "17 20 {}\n", "19 20 {}\n", "20 21 {}\n"], "opt_value": 102, "opt_count": 4, "feasible_count": 705432, "mean_value": 89.9047619047619, "std": 3.0756464986102374, "level": 15, "gammas": [-0.15196426212787628, -0.24436937272548676, -0.25130337476730347, -0.24868746101856232, -0.24594581127166748, -0.2443968653678894, -0.24386420845985413, -0.24383822083473206, -0.2438870668411255, -0.24407295882701874, -0.2442367523908615, -0.24442113935947418, -0.2444908171892166, -0.24358166754245758, -0.2359454333782196], "betas": [2.905487298965454, 2.8946192264556885, 2.9096391201019287, 2.9209277629852295, 2.9231770038604736, 2.91960072517395, 2.91532564163208, 2.9133477210998535, 2.914081335067749, 2.9164490699768066, 2.917978286743164, 2.9174318313598633, 2.915160894393921, 2.915393590927124, 2.9287784099578857], "predicted_p_opt": 0.005449143220041053, "predicted_tts": 183.51508844953173, "p_opt": 0.004145462531596422, "tts": 241.22760545489695, "approx": 0.8864604830741882, "opt_gap": -0.11353951692581177}