{"edges": [[0, 2], [0, 4], [0, 5], [0, 6], [0, 10], [1, 7], [1, 9], [2, 11], [3, 6], [3, 8], [4, 6], [4, 7], [5, 7], [6, 9], [7, 8], [7, 11], [8, 9], [8, 10]], "num_nodes": 12, "num_colors": 3, "opt_value": 18, "opt_count": 246, "feasible_count": 531441, "mean_value": 12.0, "std": 2.0, "level": 31, "gammas": [-0.2030908465385437, -0.20139442384243011, -0.30630117654800415, -0.4150991439819336, -0.2032543420791626, -0.45034894347190857, -0.4413408041000366, -0.10857126861810684, -0.3177855610847473, -0.19941771030426025, -0.28147974610328674, -0.3588869571685791, -0.21652427315711975, -0.29934611916542053, -0.3999637961387634, -0.40764474868774414, -0.3787896931171417, -0.35272714495658875, -0.3607579469680786, -0.4970298707485199, -0.5690944790840149, -0.6223418712615967, -0.6136040091514587, -0.5257462859153748, -0.45132192969322205, -0.4314344525337219, -0.4260662794113159, -0.4361182153224945, -0.4488796889781952, -0.462127149105072, -0.4773685336112976], "betas": [2.301532506942749, 1.4801884889602661, 2.4032065868377686, 1.6768196821212769, 1.424414873123169, 2.5180583000183105, 1.684996485710144, 1.4241036176681519, 1.9149616956710815, 1.1583346128463745, 1.8362748622894287, 1.4944629669189453, 1.009569764137268, 1.751814365386963, 1.8925541639328003, 1.8059848546981812, 1.401145577430725, 1.4056775569915771, 1.8348357677459717, 1.9715161323547363, 2.1681528091430664, 2.288912296295166, 2.451320171356201, 2.3542263507843018, 2.2361695766448975, 2.143376350402832, 2.1103274822235107, 2.1292059421539307, 2.161914587020874, 2.3555479049682617, 2.424003839492798], "predicted_p_opt": 1.837219935985368, "predicted_tts": 0.5443006470881036, "p_opt": 0.1904582977294922, "tts": 5.250493215161985, "approx": 0.954425573348999, "opt_gap": -0.04557442665100098}