{"edges": [[7, 17], [7, 12], [7, 21], [17, 10], [17, 14], [18, 20], [18, 22], [18, 15], [20, 11], [20, 2], [14, 16], [14, 15], [16, 19], [16, 25], [3, 19], [3, 12], [3, 8], [19, 6], [22, 26], [22, 1], [26, 13], [26, 4], [23, 25], [23, 9], [23, 8], [25, 13], [0, 5], [0, 15], [0, 21], [5, 24], [5, 27], [9, 21], [9, 24], [11, 6], [11, 27], [10, 24], [10, 13], [6, 8], [2, 4], [2, 1], [12, 27], [4, 1]], "num_nodes": 28, "opt_value": 39, "opt_count": 2, "feasible_count": 268435456, "mean_value": 21.0, "std": 3.24037034920393, "level": 6, "gammas": [-0.13039213803315297, -0.2479942481628763, -0.27476876422495555, -0.28685175263601764, -0.3009624723542484, 5.9581452094398415], "betas": [2.3842858887903917, 2.046926399048429, 1.87133314743739, 1.7385808481758904, 1.5787797313327505, 1.2708719116790061], "predicted_p_opt": 1.259148120880127e-06, "predicted_tts": 794187.7396449704, "p_opt": 3.2336190326203055e-08, "tts": 30925102.490804795, "approx": 0.7050037231210567, "opt_gap": -0.29499627687894325}