{"N": 26, "edgelist": ["0 2 {}\n", "0 3 {}\n", "0 4 {}\n", "0 5 {}\n", "0 9 {}\n", "0 12 {}\n", "0 13 {}\n", "0 17 {}\n", "0 20 {}\n", "0 21 {}\n", "0 22 {}\n", "0 25 {}\n", "1 2 {}\n", "1 4 {}\n", "1 9 {}\n", "1 10 {}\n", "1 11 {}\n", "1 13 {}\n", "1 18 {}\n", "1 21 {}\n", "1 22 {}\n", "1 24 {}\n", "1 25 {}\n", "2 3 {}\n", "2 4 {}\n", "2 6 {}\n", "2 11 {}\n", "2 12 {}\n", "2 14 {}\n", "2 15 {}\n", "2 17 {}\n", "2 18 {}\n", "2 20 {}\n", "2 21 {}\n", "2 23 {}\n", "2 25 {}\n", "3 6 {}\n", "3 11 {}\n", "3 14 {}\n", "3 20 {}\n", "3 25 {}\n", "4 9 {}\n", "4 12 {}\n", "4 13 {}\n", "4 16 {}\n", "4 18 {}\n", "4 19 {}\n", "4 20 {}\n", "4 22 {}\n", "4 23 {}\n", "4 24 {}\n", "4 25 {}\n", "5 7 {}\n", "5 14 {}\n", "5 16 {}\n", "5 17 {}\n", "5 18 {}\n", "5 20 {}\n", "5 23 {}\n", "6 8 {}\n", "6 9 {}\n", "6 11 {}\n", "6 12 {}\n", "6 14 {}\n", "6 16 {}\n", "6 19 {}\n", "6 21 {}\n", "6 23 {}\n", "6 24 {}\n", "6 25 {}\n", "7 8 {}\n", "7 10 {}\n", "7 15 {}\n", "7 17 {}\n", "7 19 {}\n", "7 22 {}\n", "7 23 {}\n", "7 25 {}\n", "8 11 {}\n", "8 13 {}\n", "8 14 {}\n", "8 17 {}\n", "8 18 {}\n", "8 20 {}\n", "8 23 {}\n", "8 24 {}\n", "8 25 {}\n", "9 10 {}\n", "9 13 {}\n", "9 14 {}\n", "9 15 {}\n", "9 17 {}\n", "9 19 {}\n", "9 20 {}\n", "9 21 {}\n", "9 23 {}\n", "9 24 {}\n", "10 12 {}\n", "10 13 {}\n", "10 15 {}\n", "10 16 {}\n", "10 17 {}\n", "10 18 {}\n", "10 19 {}\n", "10 21 {}\n", "10 22 {}\n", "11 12 {}\n", "11 13 {}\n", "11 14 {}\n", "11 16 {}\n", "11 17 {}\n", "11 19 {}\n", "11 23 {}\n", "11 24 {}\n", "11 25 {}\n", "12 13 {}\n", "12 16 {}\n", "12 17 {}\n", "12 18 {}\n", "12 19 {}\n", "12 20 {}\n", "12 21 {}\n", "12 22 {}\n", "12 23 {}\n", "12 24 {}\n", "13 14 {}\n", "13 18 {}\n", "13 20 {}\n", "13 21 {}\n", "13 23 {}\n", "13 24 {}\n", "14 15 {}\n", "14 16 {}\n", "14 17 {}\n", "14 19 {}\n", "14 21 {}\n", "14 23 {}\n", "14 25 {}\n", "15 18 {}\n", "15 19 {}\n", "15 21 {}\n", "15 24 {}\n", "16 17 {}\n", "16 19 {}\n", "16 20 {}\n", "16 22 {}\n", "16 23 {}\n", "17 18 {}\n", "17 20 {}\n", "17 22 {}\n", "17 23 {}\n", "17 24 {}\n", "17 25 {}\n", "18 22 {}\n", "18 24 {}\n", "18 25 {}\n", "19 22 {}\n", "19 23 {}\n", "19 24 {}\n", "19 25 {}\n", "20 22 {}\n", "20 25 {}\n", "21 22 {}\n", "21 23 {}\n", "21 24 {}\n", "22 24 {}\n", "22 25 {}\n", "23 25 {}\n", "24 25 {}\n"], "opt_value": 144, "opt_count": 4, "feasible_count": 10400600, "mean_value": 128.44, "std": 4.02442110338758, "level": 20, "gammas": [3.1393799781799316, 3.1383397579193115, 3.137516498565674, 3.137180805206299, 3.1375391483306885, 3.1384665966033936, 3.1395273208618164, 3.140313148498535, 3.140730381011963, 3.140892744064331, 3.1408815383911133, 3.1406824588775635, 3.140185832977295, 3.1393096446990967, 3.1382334232330322, 3.1373674869537354, 3.1370127201080322, 3.137251853942871, 3.138002395629883, 3.139040946960449], "betas": [3.1388728618621826, 3.1379165649414062, 3.1373178958892822, 3.1373233795166016, 3.1379826068878174, 3.1390042304992676, 3.1399412155151367, 3.1405413150787354, 3.1408298015594482, 3.1409127712249756, 3.1408283710479736, 3.1405141353607178, 3.1398262977600098, 3.1387746334075928, 3.137723922729492, 3.1370861530303955, 3.1370291709899902, 3.137542724609375, 3.1384835243225098, 3.139575242996216], "predicted_p_opt": 0.0006465011633944196, "predicted_tts": 1546.7876264128495, "p_opt": 0.00032617848860467695, "tts": 3065.806099837515, "approx": 0.9716277089467754, "opt_gap": -0.028372291053224585, "th": -139.84703692633119}