{"edges": [[0, 2], [0, 3], [0, 5], [0, 10], [1, 6], [1, 9], [2, 4], [2, 10], [4, 6], [4, 7], [5, 6], [5, 7], [5, 9], [5, 11], [6, 9], [7, 8], [7, 10], [9, 10], [10, 11]], "num_nodes": 12, "num_colors": 3, "opt_value": 19, "opt_count": 240, "feasible_count": 531441, "mean_value": 12.666666666666666, "std": 2.0548046676563256, "level": 17, "gammas": [3.141594914476329, 3.141592714654262, 3.141593039860061, 3.141592828548015, 3.141593178239019, 3.141593528918956, 3.141592460955813, 3.141591306446947, 3.141593684996796, 3.1415870900123517, 3.141572230774593, 3.14158405821896, 3.141548490089299, 3.141545476176635, 3.141179148599594, 3.1413766473875966, 3.141573881363548], "betas": [3.141592422264854, 3.141592337518914, 3.1415923634738667, 3.1415923834886463, 3.1415918229513315, 3.141592144241736, 3.1415928608337986, 3.141591862939389, 3.1415890513284426, 3.141580813949286, 3.1415814973021874, 3.1415486229922887, 3.141597092115428, 3.1413399135844475, 3.141216616617628, 3.1415112561644496, 3.141589381403379], "predicted_p_opt": 0.5532128684087227, "predicted_tts": 1.8076224489795918, "p_opt": 0.45848851549837155, "tts": 2.1810797134427933, "approx": 0.8194146405368392, "opt_gap": -0.1805853594631608, "th": -18.999000549316406}