{"edges": [[18, 20], [18, 14], [18, 9], [20, 21], [20, 3], [4, 15], [4, 17], [4, 13], [15, 1], [15, 12], [17, 21], [17, 12], [21, 8], [5, 19], [5, 9], [5, 12], [19, 7], [19, 0], [8, 11], [8, 1], [2, 11], [2, 14], [2, 6], [11, 10], [14, 13], [13, 7], [1, 0], [7, 16], [16, 6], [16, 10], [3, 9], [3, 0], [10, 6]], "num_nodes": 22, "opt_value": 29, "opt_count": 22, "feasible_count": 4194304, "mean_value": 16.5, "std": 2.8722813232690143, "level": 13, "gammas": [0.11827833950519562, 0.23825888335704803, 0.26739394664764404, 0.27330467104911804, 0.27291837334632874, 0.2716044485569, 0.2731098532676697, 0.27929437160491943, 0.2885662913322449, 0.2996106743812561, 0.3134675621986389, 0.332597017288208, 0.3628048598766327], "betas": [-2.549847364425659, -2.2591567039489746, -2.1041250228881836, -1.9993383884429932, -1.915954828262329, -1.8521475791931152, -1.8159451484680176, -1.7976218461990356, -1.774746298789978, -1.7352415323257446, -1.6674293279647827, -1.5406601428985596, -1.2515411376953125], "predicted_p_opt": 0.0038237571716308594, "predicted_tts": 261.5228831525128, "p_opt": 6.746409781044349e-05, "tts": 14822.698775424806, "approx": 0.8117711544036865, "opt_gap": -0.18822884559631348}