{"edges": [[3, 4], [3, 6], [3, 20], [4, 18], [4, 8], [6, 21], [6, 2], [21, 14], [21, 11], [12, 16], [12, 20], [12, 11], [16, 15], [16, 10], [18, 19], [18, 7], [0, 8], [0, 11], [0, 10], [8, 2], [2, 5], [5, 1], [5, 14], [1, 9], [1, 13], [9, 20], [9, 13], [10, 15], [15, 17], [13, 17], [17, 19], [7, 19], [7, 14]], "num_nodes": 22, "opt_value": 28, "opt_count": 4, "feasible_count": 4194304, "mean_value": 16.5, "std": 2.8722813232690143, "level": 43, "gammas": [3.141584730017127, 3.141584851850979, 3.141584926995406, 3.141584981077358, 3.1415849894541816, 3.1415848136625213, 3.1415840856124655, 3.141582038421974, 3.1415774344340344, 3.1415689822147366, 3.1415555293799806, 3.141538841849877, 3.1415249289874705, 3.141513155709876, 3.141494680846059, 3.1414762234582003, 3.1414800203097006, 3.1414905038169993, 3.14146392998287, 3.1414238302061497, 3.141422933574543, 3.1414295994997885, 3.141433315367968, 3.141449148593011, 3.141454608294121, 3.1414531984329357, 3.1414747123615845, 3.1415134172482295, 3.141543817831876, 3.1415627842849188, 3.1415747683066035, 3.1415811165937937, 3.1415840844964684, 3.1415852357687015, 3.1415849715032356, 3.141582996316097, 3.1415796967351084, 3.1415846635479667, 3.1416158958915865, 3.141354809750414, 3.1411912659377172, 3.141799110406372, 3.139752685185667], "betas": [3.141600523517163, 3.1416004148487953, 3.14160034417739, 3.141600280274743, 3.1416001591356153, 3.1415997425976276, 3.141598477360156, 3.141595339806845, 3.1415890069424357, 3.1415781923703197, 3.141562574397207, 3.1415466843886333, 3.141534809839585, 3.1415206140388428, 3.1414995218953568, 3.1414906102822933, 3.1415032886950596, 3.1414986330278194, 3.1414565755802935, 3.1414347597521077, 3.1414437521395087, 3.141445729183688, 3.1414565638031364, 3.141470044872736, 3.14146850721274, 3.1414761798649615, 3.1415097972954253, 3.141546371422002, 3.1415702169108184, 3.141585142965936, 3.1415935641989905, 3.1415972518235318, 3.141598734265036, 3.1415995796589655, 3.141601002034871, 3.141603969396431, 3.1416056718707788, 3.141586356423096, 3.141610146153099, 3.1409555104768976, 3.1421535283335804, 3.1402078559311764, 3.140699810838917], "predicted_p_opt": 0.007218360900878906, "predicted_tts": 138.53560576033823, "p_opt": 0.003429339388703645, "tts": 291.60135135473394, "approx": 0.9269210768644467, "opt_gap": -0.07307892313555331, "th": -25.96227152981847}