{"edges": [[0, 2], [0, 4], [0, 8], [0, 12], [1, 3], [1, 6], [1, 9], [1, 11], [2, 3], [2, 4], [2, 5], [2, 7], [2, 10], [3, 7], [3, 8], [3, 10], [4, 8], [4, 10], [4, 11], [5, 6], [5, 10], [7, 9], [9, 12]], "num_nodes": 13, "num_colors": 3, "opt_value": 23, "opt_count": 18, "feasible_count": 1594323, "mean_value": 15.333333333333334, "std": 2.260776661041756, "level": 5, "gammas": [3.1413848493900516, 3.141486058862405, 3.1415383227993385, 3.1419950724124472, 3.141776901485182], "betas": [3.1415443416702997, 3.141561449205982, 3.1418407362474987, 3.141712186930325, 3.1414946504923544], "predicted_p_opt": 0.0013660970832133764, "predicted_tts": 732.0123966942149, "p_opt": 0.0013654804070766704, "tts": 732.3429869937717, "approx": 0.6671181133438376, "opt_gap": -0.33288188665616236, "th": -22.999000549316406}