{"edges": [[0, 3], [0, 4], [0, 5], [0, 12], [1, 6], [1, 8], [1, 9], [2, 4], [2, 10], [3, 4], [3, 9], [3, 10], [4, 6], [4, 7], [4, 10], [5, 6], [5, 8], [5, 10], [9, 10], [9, 11], [9, 12]], "num_nodes": 13, "num_colors": 3, "opt_value": 21, "opt_count": 96, "feasible_count": 1594323, "mean_value": 14.0, "std": 2.160246899469287, "level": 45, "gammas": [3.1415928766280254, 3.141592718597994, 3.141592669280891, 3.1415926857940826, 3.141592704042145, 3.141592722063359, 3.1415927349734383, 3.141592735727155, 3.1415927446807124, 3.1415927514180924, 3.1415927603255613, 3.1415927698192414, 3.141592763363267, 3.141592756311732, 3.141592730815865, 3.141592660211194, 3.1415925707897534, 3.141592491925112, 3.1415924171962177, 3.141592218284717, 3.1415919653723354, 3.1415917852287665, 3.1415916549849903, 3.1415906723058082, 3.141589106199456, 3.14158541130949, 3.1415795303357132, 3.1415737889030746, 3.1415601872390515, 3.1415573964381585, 3.14155103456857, 3.1415499118586934, 3.1415226587908016, 3.1415047571756243, 3.1414220853983723, 3.141405956940018, 3.141358986815986, 3.141360284072847, 3.140727381086732, 3.14028013796307, 3.140163055716948, 3.1389193408665443, 3.138422781425893, 3.130244242535932, 3.137968811417943], "betas": [3.141592531619635, 3.1415926224462427, 3.1415926339465177, 3.1415926151508033, 3.1415925940848113, 3.1415925772126676, 3.1415925692255753, 3.1415925662571462, 3.1415925607773865, 3.141592552530294, 3.1415925453166116, 3.141592535367015, 3.1415925286111186, 3.1415925387859205, 3.1415925398454503, 3.1415925112614214, 3.1415924723332918, 3.141592435515018, 3.1415923027204995, 3.1415919980705427, 3.141591695218283, 3.1415914937721574, 3.1415910698277805, 3.1415896605639024, 3.141587791389538, 3.141582224483812, 3.1415777367102455, 3.141567076788633, 3.14155733742797, 3.1415545054928558, 3.1415493273645785, 3.1415394522203663, 3.1415129658867382, 3.1414786373988948, 3.1413897499238073, 3.141407362433709, 3.1413171657788594, 3.1412388820631523, 3.14025922809848, 3.140564347823265, 3.1389101813418745, 3.140222551654655, 3.1330078088946585, 3.133207674007872, 3.1407260466054137], "predicted_p_opt": 0.49862919872572875, "predicted_tts": 2.005498279193334, "p_opt": 0.4210770285224299, "tts": 2.37486239396394, "approx": 0.8070141817556805, "opt_gap": -0.19298581824431948, "th": -20.999000549316406}