{"edges": [[6, 21], [6, 11], [6, 10], [21, 10], [21, 16], [7, 20], [7, 15], [7, 1], [20, 4], [20, 14], [4, 12], [4, 1], [12, 19], [12, 14], [19, 13], [19, 15], [8, 9], [8, 0], [8, 2], [9, 15], [9, 18], [0, 13], [0, 18], [5, 22], [5, 3], [5, 23], [22, 2], [22, 17], [1, 3], [3, 11], [2, 11], [10, 23], [13, 23], [16, 18], [16, 17], [14, 17]], "num_nodes": 24, "opt_value": 34, "opt_count": 2, "feasible_count": 16777216, "mean_value": 18.0, "std": 3.0, "level": 34, "gammas": [-0.18998912841819096, -0.2575937985672813, -0.24434515240699695, -0.2296725794875493, -0.2192829120901471, -0.2311834846888252, -0.24625960639757807, -0.2588972823742915, -0.2465510707200075, -0.24358433267821056, -0.2583133890832529, -0.24650137942809286, -0.24990444633174705, -0.2506670132106108, -0.2510939724601984, -0.25241698486449266, -0.2549598408620616, -0.25851255660259875, -0.262397248545419, -0.2661766372569456, -0.2690863266247883, -0.2636145080058489, -0.3165576677025005, -0.26157228179588654, -0.29189203795602564, 5.995024379919001, 6.003404807676676, 6.009283448803246, 5.4335580561520915, 6.011895213842533, 0.8475678836952383, 5.995722876291061, 5.984994970953533, 6.023967374714713], "betas": [2.538143190882128, 2.373006004208886, 2.167028409397283, 1.9808688344990317, 1.934317362032404, 2.0410325346338327, 2.028292106844948, 2.476083230554944, 1.9520027485313773, 1.913860602871677, 1.9830397869150118, 2.043635867232254, 2.018918743923478, 2.0067744178561315, 1.9975669744412927, 1.9952950417657376, 2.0022496117408157, 2.0124754619051943, 2.023280867455661, 2.027742104885555, 2.0396212856376343, 1.9176346855333348, 1.509400776898836, 2.8969646704046683, 3.0058894967805236, 2.7695724306887506, 2.604400084218003, 2.5259097436738216, 2.722295182837003, 3.061246492096842, 2.4742269370623187, 2.5577664829191664, 2.792335738330264, 2.3443985532341647], "predicted_p_opt": 0.0005675554275512695, "predicted_tts": 1761.9424490653223, "p_opt": 2.563965901787313e-07, "tts": 3900207.8744608527, "approx": 0.7974864985232268, "opt_gap": -0.20251350147677316}