{"locs": [[0.81, 0.25], [0.97, 0.21], [0.39, 0.23], [0.0, 0.14], [0.79, 0.88], [0.82, 0.26], [0.09, 0.33], [0.94, 0.05], [0.42, 0.03], [0.9, 0.51]], "opt_value": 3.213681936264038, "opt_count": 2.0, "feasible_count": 362880.0, "mean_value": 5.56005334854126, "std": 0.6571108102798462, "level": 5, "gammas": [-0.9156210755964892, -1.3136787505982104, -1.32172259081085, -1.293067758594616, -1.2237418455098226], "betas": [2.9463224146878306, 2.992845615382689, 2.9970445811979736, 2.9291114063386323, 2.8579889363836988], "predicted_p_opt": 0.0006668871252204586, "predicted_tts": 1499.5041322314048, "p_opt": 0.0004332738337440585, "tts": 2308.009212923565, "approx": 1.6250421664737744, "opt_gap": 0.6250421664737744}