{"edges": [[0, 7], [0, 10], [1, 3], [1, 12], [2, 4], [2, 12], [2, 13], [3, 7], [3, 13], [4, 5], [4, 7], [4, 11], [5, 6], [5, 8], [5, 13], [6, 8], [6, 13], [6, 14], [7, 9], [7, 11], [8, 9], [9, 10], [9, 11], [10, 14], [12, 14], [13, 14]], "num_nodes": 15, "num_colors": 3, "opt_value": 26, "opt_count": 78, "feasible_count": 14348907, "mean_value": 17.333333333333332, "std": 2.4037008503093262, "level": 49, "gammas": [-0.22438953816890717, -0.3096614480018616, -0.2088276594877243, -0.23538672924041748, -0.272365927696228, -0.23433855175971985, -0.23861560225486755, -0.22849300503730774, -0.21914954483509064, -0.23235821723937988, -0.2576695680618286, -0.2716887295246124, -0.2643018662929535, -0.2221473902463913, -0.23447155952453613, -0.3197609484195709, -0.3401874005794525, -0.20586585998535156, -0.3211233913898468, -0.37132251262664795, -0.1738630086183548, -0.37716206908226013, -0.3246854245662689, -0.08407987654209137, -0.217474564909935, -0.19262626767158508, -0.2242022454738617, -0.21611040830612183, -0.25790101289749146, -0.26014456152915955, -0.2523850202560425, -0.2681076228618622, -0.2569602429866791, -0.2660268545150757, -0.26443517208099365, -0.2757250964641571, -0.2886742949485779, -0.290307879447937, -0.29912078380584717, -0.3570330739021301, -0.4243800938129425, -0.44578903913497925, -0.4302135109901428, -0.447282612323761, -0.43959707021713257, -0.40284857153892517, -0.3887954354286194, -0.37839123606681824, -0.36642950773239136], "betas": [1.4449636936187744, 1.7145459651947021, 1.76290762424469, 1.707120656967163, 1.5143767595291138, 1.4510287046432495, 1.4492683410644531, 1.3134088516235352, 1.336390495300293, 1.4178370237350464, 1.523590326309204, 1.5857499837875366, 1.4463396072387695, 1.1945993900299072, 1.5215345621109009, 1.776410460472107, 1.4034823179244995, 1.0831568241119385, 1.8238699436187744, 1.5333205461502075, 0.5275158286094666, 1.1582820415496826, 1.6338664293289185, 1.8003244400024414, 1.639967679977417, 1.3679683208465576, 1.5505454540252686, 1.5848881006240845, 1.6556401252746582, 1.583224892616272, 1.5851502418518066, 1.5995069742202759, 1.5773730278015137, 1.5602360963821411, 1.6202126741409302, 1.7593311071395874, 1.9750487804412842, 2.265408754348755, 2.4411723613739014, 2.210970640182495, 1.9362304210662842, 1.9205507040023804, 2.0317184925079346, 2.1847455501556396, 2.377603769302368, 2.4707984924316406, 2.5135602951049805, 2.5443313121795654, 2.5159120559692383], "predicted_p_opt": 0.05327778624532168, "predicted_tts": 18.769548633184996, "p_opt": 0.0004043685330543667, "tts": 2472.991635740241, "approx": 0.9249807596206665, "opt_gap": -0.0750192403793335}