{"edges": [[0, 3], [0, 8], [0, 9], [0, 12], [0, 13], [1, 3], [1, 5], [1, 6], [1, 10], [2, 3], [2, 7], [4, 10], [4, 11], [5, 6], [5, 10], [6, 8], [7, 8], [7, 9], [7, 10], [8, 10], [9, 10], [9, 11], [10, 12], [12, 13]], "num_nodes": 14, "num_colors": 3, "opt_value": 24, "opt_count": 162, "feasible_count": 4782969, "mean_value": 16.0, "std": 2.309401076758503, "level": 17, "gammas": [0.1956539750099182, 0.3155355155467987, 0.32696864008903503, 0.32650619745254517, 0.32567498087882996, 0.3254484534263611, 0.32604923844337463, 0.3273317515850067, 0.32897937297821045, 0.3310648798942566, 0.33305561542510986, 0.33528581261634827, 0.3378767967224121, 0.341019868850708, 0.34570565819740295, 0.34766268730163574, 0.3542401194572449], "betas": [-2.66709303855896, -2.5045042037963867, -2.468080997467041, -2.4729669094085693, -2.487309455871582, -2.5029184818267822, -2.5193238258361816, -2.535048007965088, -2.5534043312072754, -2.5717217922210693, -2.591049909591675, -2.6128175258636475, -2.6370372772216797, -2.667168378829956, -2.7148003578186035, -2.851362466812134, -2.8091013431549072], "predicted_p_opt": 0.0414909651306542, "predicted_tts": 24.101632653061227, "p_opt": 0.026525743305683136, "tts": 37.69922631294371, "approx": 0.6209607124328613, "opt_gap": -0.37903928756713867}