{"N": 26, "edgelist": ["0 1 {}\n", "0 4 {}\n", "0 7 {}\n", "0 8 {}\n", "0 10 {}\n", "0 11 {}\n", "0 13 {}\n", "0 15 {}\n", "0 18 {}\n", "0 19 {}\n", "0 21 {}\n", "0 23 {}\n", "0 24 {}\n", "1 2 {}\n", "1 3 {}\n", "1 6 {}\n", "1 7 {}\n", "1 9 {}\n", "1 10 {}\n", "1 11 {}\n", "1 12 {}\n", "1 13 {}\n", "1 14 {}\n", "1 18 {}\n", "1 21 {}\n", "1 23 {}\n", "2 3 {}\n", "2 5 {}\n", "2 6 {}\n", "2 10 {}\n", "2 12 {}\n", "2 17 {}\n", "2 19 {}\n", "2 20 {}\n", "2 21 {}\n", "2 22 {}\n", "3 4 {}\n", "3 6 {}\n", "3 9 {}\n", "3 10 {}\n", "3 12 {}\n", "3 17 {}\n", "3 24 {}\n", "4 5 {}\n", "4 6 {}\n", "4 7 {}\n", "4 10 {}\n", "4 11 {}\n", "4 12 {}\n", "4 14 {}\n", "4 15 {}\n", "4 17 {}\n", "4 19 {}\n", "4 23 {}\n", "4 24 {}\n", "4 25 {}\n", "5 7 {}\n", "5 11 {}\n", "5 12 {}\n", "5 16 {}\n", "5 18 {}\n", "5 21 {}\n", "6 7 {}\n", "6 14 {}\n", "6 16 {}\n", "6 17 {}\n", "6 18 {}\n", "6 24 {}\n", "7 9 {}\n", "7 13 {}\n", "7 16 {}\n", "7 20 {}\n", "7 23 {}\n", "8 12 {}\n", "8 14 {}\n", "8 15 {}\n", "8 16 {}\n", "8 17 {}\n", "8 18 {}\n", "8 19 {}\n", "8 21 {}\n", "8 22 {}\n", "8 25 {}\n", "9 10 {}\n", "9 11 {}\n", "9 12 {}\n", "9 14 {}\n", "9 15 {}\n", "9 17 {}\n", "9 18 {}\n", "9 20 {}\n", "9 21 {}\n", "9 25 {}\n", "10 11 {}\n", "10 14 {}\n", "10 15 {}\n", "10 16 {}\n", "10 18 {}\n", "10 22 {}\n", "10 25 {}\n", "11 13 {}\n", "11 15 {}\n", "11 17 {}\n", "11 18 {}\n", "11 22 {}\n", "11 23 {}\n", "11 24 {}\n", "11 25 {}\n", "12 15 {}\n", "12 21 {}\n", "12 22 {}\n", "12 24 {}\n", "12 25 {}\n", "13 14 {}\n", "13 17 {}\n", "13 19 {}\n", "13 20 {}\n", "13 21 {}\n", "13 23 {}\n", "13 25 {}\n", "14 18 {}\n", "14 19 {}\n", "14 20 {}\n", "14 21 {}\n", "14 23 {}\n", "14 24 {}\n", "14 25 {}\n", "15 17 {}\n", "15 20 {}\n", "15 21 {}\n", "16 17 {}\n", "16 20 {}\n", "16 21 {}\n", "16 23 {}\n", "16 24 {}\n", "17 18 {}\n", "17 21 {}\n", "17 22 {}\n", "17 25 {}\n", "18 21 {}\n", "19 21 {}\n", "19 22 {}\n", "19 23 {}\n", "19 24 {}\n", "19 25 {}\n", "20 23 {}\n", "20 25 {}\n", "21 22 {}\n", "21 24 {}\n", "22 23 {}\n", "22 24 {}\n", "22 25 {}\n", "23 24 {}\n", "23 25 {}\n", "24 25 {}\n"], "opt_value": 132, "opt_count": 14, "feasible_count": 10400600, "mean_value": 117.8, "std": 3.4756294393965534, "level": 57, "gammas": [-0.10620823502540588, -0.1878022700548172, -0.19869326055049896, -0.19621436297893524, -0.19143755733966827, -0.18772770464420319, -0.18630370497703552, -0.18651656806468964, -0.1871107518672943, -0.18742400407791138, -0.18745723366737366, -0.18735210597515106, -0.18727190792560577, -0.18726879358291626, -0.18721972405910492, -0.18700291216373444, -0.18669550120830536, -0.18652379512786865, -0.18660306930541992, -0.18681266903877258, -0.1868715137243271, -0.18656142055988312, -0.185984805226326, -0.1859358698129654, -0.18743595480918884, -0.19048450887203217, -0.19329933822155, -0.192127525806427, -0.1767624020576477, -0.14489704370498657, 0.0942833423614502, 0.20507113635540009, 0.21113763749599457, 0.2103917896747589, 0.20843546092510223, 0.20689547061920166, 0.20601041615009308, 0.20564354956150055, 0.20558935403823853, 0.20572249591350555, 0.205919548869133, 0.20610764622688293, 0.20627358555793762, 0.20643171668052673, 0.2065594345331192, 0.20666100084781647, 0.2066904604434967, 0.2066892832517624, 0.20668870210647583, 0.20671150088310242, 0.20673680305480957, 0.20677907764911652, 0.20689569413661957, 0.2071600705385208, 0.20753201842308044, 0.20746365189552307, 0.20234790444374084], "betas": [2.8354568481445312, 2.749706983566284, 2.6864564418792725, 2.6297459602355957, 2.58443284034729, 2.5633788108825684, 2.5664544105529785, 2.5795915126800537, 2.590144395828247, 2.594186544418335, 2.593707323074341, 2.5918469429016113, 2.5905163288116455, 2.5900914669036865, 2.588136911392212, 2.584233045578003, 2.580615282058716, 2.580455780029297, 2.582974433898926, 2.5850188732147217, 2.5818819999694824, 2.571254253387451, 2.5587987899780273, 2.5571749210357666, 2.5750651359558105, 2.6050972938537598, 2.628512144088745, 2.640408754348755, 2.7085635662078857, -2.1017563343048096, -3.3903985023498535, -2.9503655433654785, -2.8921303749084473, -2.8753089904785156, -2.872899293899536, -2.874321222305298, -2.876312494277954, -2.878803253173828, -2.881988286972046, -2.885244369506836, -2.8881468772888184, -2.890476942062378, -2.8929855823516846, -2.8954079151153564, -2.8973658084869385, -2.898517370223999, -2.8988144397735596, -2.8988094329833984, -2.898876190185547, -2.8987483978271484, -2.898707628250122, -2.899311065673828, -2.9017140865325928, -2.9073948860168457, -2.9163689613342285, -2.9327571392059326, -2.9479594230651855], "predicted_p_opt": 0.01780185758513932, "predicted_tts": 56.17391304347826, "p_opt": 0.013117215399296901, "tts": 76.23569252766873, "approx": 0.9036171960986233, "opt_gap": -0.09638280390137666}