{"edges": [[0, 1], [0, 2], [0, 4], [0, 5], [1, 5], [1, 7], [1, 8], [2, 6], [2, 10], [3, 7], [3, 9], [4, 5], [4, 6], [4, 7], [4, 9], [4, 10], [5, 6], [6, 7], [6, 8], [6, 10], [8, 9], [9, 10]], "num_nodes": 11, "num_colors": 3, "opt_value": 22, "opt_count": 6, "feasible_count": 177147, "mean_value": 14.666666666666666, "std": 2.2110831935702664, "level": 13, "gammas": [0.21288475394248962, 0.3279394805431366, 0.33303895592689514, 0.3308984041213989, 0.3287157714366913, 0.33044594526290894, 0.334488183259964, 0.33899036049842834, 0.34461355209350586, 0.35044175386428833, 0.3572039306163788, 0.365833580493927, 0.36925360560417175], "betas": [-2.5114586353302, -2.3203039169311523, -2.2683465480804443, -2.2576019763946533, -2.2715296745300293, -2.3074724674224854, -2.3463871479034424, -2.392131805419922, -2.445817232131958, -2.5018646717071533, -2.5716588497161865, -2.6719164848327637, -2.828188896179199], "predicted_p_opt": 0.024691358024691357, "predicted_tts": 40.5, "p_opt": 0.014647855033506837, "tts": 68.26938126520974, "approx": 0.6305541002637347, "opt_gap": -0.3694458997362653}