{"edges": [[15, 21], [15, 20], [15, 9], [21, 3], [21, 0], [7, 17], [7, 1], [7, 11], [17, 12], [17, 5], [18, 20], [18, 8], [18, 10], [20, 6], [12, 16], [12, 2], [16, 8], [16, 10], [4, 6], [4, 11], [4, 13], [6, 14], [5, 13], [5, 19], [13, 2], [14, 19], [14, 3], [19, 0], [8, 3], [10, 9], [11, 1], [0, 1], [9, 2]], "num_nodes": 22, "opt_value": 29, "opt_count": 10, "feasible_count": 4194304, "mean_value": 16.5, "std": 2.8722813232690143, "level": 14, "gammas": [0.11616577625473663, 0.23641405836884388, 0.26683873447003037, 0.2734374397774048, 0.2733215166289162, 0.2717105650207511, 0.27270988754379444, 0.27884046313451183, 0.2880562828078251, 0.29754541903687176, 0.3074640579006695, 0.3199701351595818, 0.3377021374668855, 0.3661564359878472], "betas": [-2.5670891965875624, -2.2775319570666124, -2.121198740114959, -2.016986878844394, -1.9353098974774192, -1.874067181674946, -1.8461578665412266, -1.8443432301069196, -1.8403992478322024, -1.816793054328994, -1.7714492232195838, -1.6968595004703024, -1.5627643804776268, 5.01806027355051], "predicted_p_opt": 0.0020051002502441406, "predicted_tts": 498.7281807372176, "p_opt": 3.343335861357206e-05, "tts": 29910.246576126403, "approx": 0.8138312035312729, "opt_gap": -0.18616879646872708}