{"edges": [[0, 6], [0, 7], [0, 11], [1, 4], [1, 8], [1, 9], [2, 3], [2, 7], [2, 8], [2, 10], [3, 8], [4, 5], [4, 8], [4, 10], [4, 11], [5, 11], [6, 7], [6, 8], [6, 11], [7, 9], [9, 11]], "num_nodes": 12, "num_colors": 3, "opt_value": 21, "opt_count": 60, "feasible_count": 531441, "mean_value": 14.0, "std": 2.160246899469287, "level": 14, "gammas": [0.13472321680600727, 0.28214360699609065, 0.32209465108424074, 0.3317506277697768, 0.3345886284372073, 0.33443966441332434, 0.3342033784539383, 0.34128151756150304, 0.35186210591395267, 0.35901692056467815, 0.3675376280173772, 0.38361715637664195, 0.4094214867330673, 0.4550515972189378], "betas": [-2.3485859409361223, -1.9214389502108757, -1.7039054228719874, -1.5841551120785695, -1.5097687641702058, -1.4493883001804764, -1.4147055268680273, -1.4094735274420875, -1.3912813041061765, -1.3499425119204234, -1.3058871281052107, -1.2526546845227395, -1.1578237207367446, 5.3483632109972685], "predicted_p_opt": 0.09494939231259913, "predicted_tts": 10.53192627824019, "p_opt": 0.003237558281958226, "tts": 308.87474847098457, "approx": 0.8876004400443607, "opt_gap": -0.11239955995563933}