{"edges": [[0, 2], [0, 6], [0, 7], [0, 8], [1, 6], [2, 9], [3, 6], [3, 7], [3, 8], [3, 10], [3, 11], [4, 6], [4, 9], [5, 10], [5, 11], [6, 11], [7, 12], [8, 9], [10, 12], [11, 12]], "num_nodes": 13, "num_colors": 3, "opt_value": 20, "opt_count": 780, "feasible_count": 1594323, "mean_value": 13.333333333333334, "std": 2.1081851067789197, "level": 11, "gammas": [3.1414650124173247, 3.141592134464669, 3.1416407205932186, 3.141609247822038, 3.1415398587856296, 3.1415488547792076, 3.1416710588608843, 3.1416656709119253, 3.14117012097783, 3.141625295687728, 3.1416645342591245], "betas": [3.141650106622463, 3.1415567481293167, 3.141552910488072, 3.1416108207139604, 3.1416526464677, 3.1416175341178514, 3.1414746136861376, 3.141686532242188, 3.141115568101461, 3.1417172920317173, 3.1415565970255814], "predicted_p_opt": 0.25880577524127796, "predicted_tts": 3.863901410498764, "p_opt": 0.2372706541436091, "tts": 4.214596211273332, "approx": 0.7456324907596763, "opt_gap": -0.2543675092403237, "th": -19.999000549316406}