{"edges": [[0, 2], [0, 5], [0, 8], [0, 11], [1, 6], [1, 7], [1, 11], [2, 3], [2, 6], [3, 4], [3, 9], [3, 12], [4, 7], [4, 9], [4, 10], [5, 6], [5, 7], [5, 13], [6, 12], [7, 8], [7, 11], [8, 10], [9, 11], [10, 11], [10, 13], [11, 12]], "num_nodes": 14, "num_colors": 3, "opt_value": 26, "opt_count": 168, "feasible_count": 4782969, "mean_value": 17.333333333333332, "std": 2.4037008503093262, "level": 83, "gammas": [0.17885451018810272, 0.2774333357810974, 0.2848227620124817, 0.29171615839004517, 0.28944292664527893, 0.28960853815078735, 0.2892855107784271, 0.2882360816001892, 0.28734251856803894, 0.2848767340183258, 0.27831271290779114, 0.2711958587169647, 0.2645646333694458, 0.2591067850589752, 0.2536141276359558, 0.24480903148651123, 0.2356007695198059, 0.2403804212808609, 0.23317936062812805, 0.20026452839374542, 0.22043097019195557, 0.223824143409729, 0.21271589398384094, 0.2387729436159134, 0.19799543917179108, 0.2064495086669922, 0.20507165789604187, 0.2203795462846756, 0.2207181602716446, 0.2208317071199417, 0.22002218663692474, 0.22327759861946106, 0.2264232337474823, 0.2246841937303543, 0.22223258018493652, 0.22311002016067505, 0.22258327901363373, 0.22359363734722137, 0.226815328001976, 0.22663074731826782, 0.2229442447423935, 0.22244274616241455, 0.2266034185886383, 0.22628207504749298, 0.22886443138122559, 0.22066861391067505, 0.21443606913089752, 0.2202424854040146, 0.1710260510444641, -0.16464167833328247, -0.19392254948616028, -0.27320194244384766, -0.289702832698822, -0.2907559275627136, -0.2933531403541565, -0.29468634724617004, -0.2928500473499298, -0.28998351097106934, -0.29001739621162415, -0.288912832736969, -0.28889864683151245, -0.29025256633758545, -0.29319265484809875, -0.2924908995628357, -0.29161959886550903, -0.2900267243385315, -0.2949070334434509, -0.28945085406303406, -0.2937963008880615, -0.3136274218559265, -0.2714889943599701, -0.2817660868167877, -0.2949761152267456, -0.29964011907577515, -0.3034891188144684, -0.3068501055240631, -0.3088439106941223, -0.31149035692214966, -0.31456947326660156, -0.31760987639427185, -0.32076674699783325, -0.3237151503562927, -0.3212803602218628], "betas": [-2.5589206218719482, -2.4607300758361816, -2.416464328765869, -2.4170267581939697, -2.4119155406951904, -2.3932154178619385, -2.389641761779785, -2.392662525177002, -2.365833044052124, -2.321209192276001, -2.2618699073791504, -2.212684154510498, -2.17338228225708, -2.1267917156219482, -2.0727956295013428, -2.00789475440979, -1.9852304458618164, -2.035672187805176, -1.838592529296875, -1.783682107925415, -1.6582034826278687, -1.506699800491333, -1.603600263595581, -1.602262258529663, -1.7930575609207153, -1.6877481937408447, -1.8102843761444092, -1.8232887983322144, -1.8109604120254517, -1.7940118312835693, -1.8134132623672485, -1.8331267833709717, -1.8229261636734009, -1.8028427362442017, -1.8077049255371094, -1.8107218742370605, -1.8170948028564453, -1.8256975412368774, -1.824222207069397, -1.8151443004608154, -1.8083223104476929, -1.8228809833526611, -1.838871717453003, -1.8449122905731201, -1.8389651775360107, -1.817635416984558, -1.8495280742645264, -1.3399831056594849, 1.6563102006912231, 2.541044235229492, 2.3696775436401367, 2.38287353515625, 2.4078478813171387, 2.4196832180023193, 2.4329183101654053, 2.4351229667663574, 2.4336280822753906, 2.4247307777404785, 2.4126107692718506, 2.4068689346313477, 2.4072377681732178, 2.4250309467315674, 2.429845094680786, 2.410353660583496, 2.4516806602478027, 2.454317569732666, 2.4586057662963867, 2.4889698028564453, 2.2912120819091797, 2.264890432357788, 2.3716840744018555, 2.51275634765625, 2.5389044284820557, 2.560347557067871, 2.5760180950164795, 2.5877151489257812, 2.60563588142395, 2.6298270225524902, 2.658146858215332, 2.690809726715088, 2.73158597946167, 2.7874016761779785, 2.8780345916748047], "predicted_p_opt": 0.979590710288944, "predicted_tts": 1.0208345072045815, "p_opt": 0.4608431476016005, "tts": 2.1699357041639282, "approx": 0.817978400610931, "opt_gap": -0.18202159938906903}