{"N": 22, "edgelist": ["0 2 {}\n", "0 3 {}\n", "0 4 {}\n", "0 5 {}\n", "0 9 {}\n", "0 12 {}\n", "0 13 {}\n", "0 17 {}\n", "0 20 {}\n", "0 21 {}\n", "1 2 {}\n", "1 4 {}\n", "1 9 {}\n", "1 10 {}\n", "1 11 {}\n", "1 13 {}\n", "1 18 {}\n", "1 21 {}\n", "2 3 {}\n", "2 4 {}\n", "2 6 {}\n", "2 11 {}\n", "2 12 {}\n", "2 14 {}\n", "2 15 {}\n", "2 17 {}\n", "2 18 {}\n", "2 20 {}\n", "2 21 {}\n", "3 6 {}\n", "3 11 {}\n", "3 14 {}\n", "3 20 {}\n", "4 9 {}\n", "4 12 {}\n", "4 13 {}\n", "4 16 {}\n", "4 18 {}\n", "4 19 {}\n", "4 20 {}\n", "5 7 {}\n", "5 14 {}\n", "5 16 {}\n", "5 17 {}\n", "5 18 {}\n", "5 20 {}\n", "6 8 {}\n", "6 9 {}\n", "6 11 {}\n", "6 12 {}\n", "6 14 {}\n", "6 16 {}\n", "6 19 {}\n", "6 21 {}\n", "7 8 {}\n", "7 10 {}\n", "7 15 {}\n", "7 17 {}\n", "7 19 {}\n", "8 11 {}\n", "8 13 {}\n", "8 14 {}\n", "8 17 {}\n", "8 18 {}\n", "8 20 {}\n", "9 10 {}\n", "9 13 {}\n", "9 14 {}\n", "9 15 {}\n", "9 17 {}\n", "9 19 {}\n", "9 20 {}\n", "9 21 {}\n", "10 12 {}\n", "10 13 {}\n", "10 15 {}\n", "10 16 {}\n", "10 17 {}\n", "10 18 {}\n", "10 19 {}\n", "10 21 {}\n", "11 12 {}\n", "11 13 {}\n", "11 14 {}\n", "11 16 {}\n", "11 17 {}\n", "11 19 {}\n", "12 13 {}\n", "12 16 {}\n", "12 17 {}\n", "12 18 {}\n", "12 19 {}\n", "12 20 {}\n", "12 21 {}\n", "13 14 {}\n", "13 18 {}\n", "13 20 {}\n", "13 21 {}\n", "14 15 {}\n", "14 16 {}\n", "14 17 {}\n", "14 19 {}\n", "14 21 {}\n", "15 18 {}\n", "15 19 {}\n", "15 21 {}\n", "16 17 {}\n", "16 19 {}\n", "16 20 {}\n", "17 18 {}\n", "17 20 {}\n"], "opt_value": 96, "opt_count": 4, "feasible_count": 705432, "mean_value": 84.57142857142857, "std": 3.1884087866461885, "level": 23, "gammas": [0.15134957432746887, 0.246134951710701, 0.25702136754989624, 0.2584010660648346, 0.2591201663017273, 0.2607367932796478, 0.2635243833065033, 0.26767709851264954, 0.14006000757217407, -0.2639249563217163, -0.25518518686294556, -0.25732195377349854, -0.25776004791259766, -0.2584581971168518, -0.25902244448661804, -0.2586790919303894, -0.25663575530052185, -0.26449868083000183, -0.24995717406272888, -0.25209930539131165, -0.25311368703842163, -0.25257980823516846, -0.24550257623195648], "betas": [-2.856405735015869, -2.8198206424713135, -2.821368932723999, -2.8341541290283203, -2.8584916591644287, -2.9151456356048584, -3.0791103839874268, -3.9489920139312744, -1.2222951650619507, 3.254483222961426, 2.9105119705200195, 2.845726251602173, 2.852508783340454, 2.8852529525756836, 2.9345874786376953, 2.9961295127868652, 3.0313830375671387, 2.6239476203918457, 2.824707508087158, 2.8571817874908447, 2.8549726009368896, 2.8530056476593018, 2.879192590713501], "predicted_p_opt": 0.01252565803649395, "predicted_tts": 79.83612494341331, "p_opt": 0.007681305520236492, "tts": 130.1862030309155, "approx": 0.8940357565879822, "opt_gap": -0.10596424341201782}