{"edges": [[0, 10], [1, 6], [1, 7], [1, 10], [1, 15], [2, 7], [2, 14], [2, 15], [3, 10], [3, 12], [4, 8], [4, 10], [4, 13], [5, 10], [5, 12], [5, 14], [6, 10], [6, 12], [6, 16], [8, 12], [8, 13], [9, 14], [11, 13], [12, 14], [12, 15], [13, 14], [14, 16]], "num_nodes": 17, "num_colors": 3, "distribution": [[0, 3], [2, 54], [3, 180], [5, 1704], [6, 4626], [7, 12372], [9, 85554], [10, 218100], [4, 606], [8, 32586], [11, 534696], [12, 1247760], [13, 2709420], [14, 5327514], [15, 9284094], [16, 14163696], [17, 18705936], [1, 18], [18, 21124710], [19, 20161914], [20, 16074948], [21, 10558836], [22, 5596578], [23, 2336514], [24, 752256], [25, 177456], [26, 26208], [27, 1824]], "opt_value": 27, "opt_count": 1824, "feasible_count": 129140163, "mean_value": 18.0, "std": 2.449489742783178, "level": 7, "gammas": [0.2285967767238617, 0.31767478585243225, 0.3156385123729706, 0.31500738859176636, 0.31771621108055115, 0.9068011045455933, 0.3933835029602051], "betas": [2.705673933029175, 2.6870837211608887, 2.725978136062622, -3.50191068649292, 2.836902141571045, 1.9700413942337036, -3.610776424407959], "predicted_p_opt": 0.0031779424035572883, "predicted_tts": 314.66901315789477, "p_opt": 0.0012626033276319504, "tts": 792.0143865575972, "approx": 0.6756876707077026, "opt_gap": -0.32431232929229736}