{"edges": [[16, 20], [16, 4], [16, 10], [20, 18], [20, 6], [18, 17], [18, 14], [6, 24], [6, 25], [24, 5], [24, 11], [12, 13], [12, 23], [12, 2], [13, 14], [13, 10], [22, 23], [22, 9], [22, 8], [23, 3], [21, 25], [21, 7], [21, 9], [25, 2], [0, 5], [0, 14], [0, 4], [5, 19], [19, 7], [19, 9], [17, 8], [17, 1], [7, 15], [3, 15], [3, 11], [15, 11], [1, 2], [1, 8], [4, 10]], "num_nodes": 26, "opt_value": 34, "opt_count": 8, "feasible_count": 67108864, "mean_value": 19.5, "std": 3.122498999199199, "level": 11, "gammas": [3.14119553565979, 3.1412081718444824, 3.141334056854248, 3.1414451599121094, 3.1414923667907715, 3.1414973735809326, 3.141465187072754, 3.14137864112854, 3.1412456035614014, 3.141144037246704, 3.1411736011505127], "betas": [3.1411969661712646, 3.1412718296051025, 3.141390323638916, 3.141469717025757, 3.141498327255249, 3.1414906978607178, 3.1414380073547363, 3.1413164138793945, 3.141174554824829, 3.141124725341797, 3.1412274837493896], "predicted_p_opt": 6.306171417236328e-05, "predicted_tts": 15857.482041587902, "p_opt": 3.036734851452925e-05, "tts": 32930.10581814709, "approx": 0.8309719555473767, "opt_gap": -0.16902804445262332, "th": -27.903485971564493}