{"N": 22, "edgelist": ["0 2 {}\n", "0 5 {}\n", "0 6 {}\n", "0 9 {}\n", "0 17 {}\n", "0 18 {}\n", "0 19 {}\n", "0 20 {}\n", "0 21 {}\n", "1 2 {}\n", "1 3 {}\n", "1 5 {}\n", "1 8 {}\n", "1 9 {}\n", "1 11 {}\n", "1 13 {}\n", "1 14 {}\n", "1 15 {}\n", "1 16 {}\n", "1 18 {}\n", "1 21 {}\n", "2 3 {}\n", "2 7 {}\n", "2 9 {}\n", "2 10 {}\n", "2 11 {}\n", "2 12 {}\n", "2 13 {}\n", "2 14 {}\n", "2 17 {}\n", "2 18 {}\n", "3 7 {}\n", "3 9 {}\n", "3 10 {}\n", "3 11 {}\n", "3 12 {}\n", "3 13 {}\n", "3 15 {}\n", "3 16 {}\n", "3 19 {}\n", "4 5 {}\n", "4 8 {}\n", "4 12 {}\n", "4 14 {}\n", "5 6 {}\n", "5 7 {}\n", "5 8 {}\n", "5 9 {}\n", "5 10 {}\n", "5 11 {}\n", "5 12 {}\n", "5 16 {}\n", "5 17 {}\n", "5 18 {}\n", "6 7 {}\n", "6 8 {}\n", "6 9 {}\n", "6 11 {}\n", "6 12 {}\n", "6 13 {}\n", "6 14 {}\n", "6 15 {}\n", "6 16 {}\n", "6 19 {}\n", "6 21 {}\n", "7 8 {}\n", "7 9 {}\n", "7 11 {}\n", "7 12 {}\n", "7 14 {}\n", "7 18 {}\n", "7 20 {}\n", "7 21 {}\n", "8 9 {}\n", "8 12 {}\n", "8 14 {}\n", "8 16 {}\n", "8 20 {}\n", "9 10 {}\n", "9 12 {}\n", "9 13 {}\n", "9 14 {}\n", "9 17 {}\n", "9 18 {}\n", "9 20 {}\n", "10 11 {}\n", "10 12 {}\n", "10 13 {}\n", "10 15 {}\n", "10 20 {}\n", "10 21 {}\n", "11 12 {}\n", "11 15 {}\n", "11 17 {}\n", "11 20 {}\n", "12 14 {}\n", "12 15 {}\n", "12 17 {}\n", "12 18 {}\n", "12 21 {}\n", "13 14 {}\n", "13 15 {}\n", "13 17 {}\n", "13 18 {}\n", "13 21 {}\n", "14 16 {}\n", "14 17 {}\n", "14 18 {}\n", "14 19 {}\n", "15 16 {}\n", "15 17 {}\n", "16 18 {}\n", "16 19 {}\n", "16 21 {}\n", "17 18 {}\n", "17 19 {}\n", "17 20 {}\n", "18 19 {}\n", "19 20 {}\n", "19 21 {}\n"], "opt_value": 104, "opt_count": 1, "feasible_count": 705432, "mean_value": 91.42857142857143, "std": 3.432015813723742, "level": 48, "gammas": [-0.2056603783678378, -0.24520889319087272, -0.20991011076010743, -0.18088231470261343, -0.15743598363216973, -0.17988791661712897, -0.16584543862822004, -0.15995081026831043, -0.1757517457177454, -0.15723559006067728, -0.17062431225303687, -0.17722927151752724, -0.16243380666707455, -0.18389219092443057, -0.18632830517142582, -0.17617524217887645, -0.2017297596097035, -0.22654122345194513, -0.24019484057648025, -0.2512869181251367, -0.26036148237747553, -0.26623171923913425, -0.2696932202389769, -0.2721665655965061, -0.2701475320294224, -0.273897173401738, -0.2692272079842697, -0.3986432140940587, -0.17453775331099178, -0.19378268986856864, -0.23820593523352973, -0.23148987606979232, -0.21663795009766756, -0.2110024791444643, -0.21737486504967973, -0.23257694796584538, -0.24159727768921246, -0.24819989935858264, -0.251442262115828, -0.2548162759364053, -0.25802841247197267, -0.2622199657669014, -0.26638740035559305, -0.2692705608340568, -0.2696080344636342, -0.26606160695732284, -0.24531023831942342, 0.16631471221178107], "betas": [1.7436545179610459, 1.9654647549302378, 1.9722494908796862, 1.5585744001224526, 1.522770359003134, 1.5737154925125765, 1.3580012047856342, 1.4798577647417959, 1.4558316802653446, 1.366529799997795, 1.5396511904272276, 1.4338698851085172, 1.4476900979312186, 1.6132700708311547, 1.5085607526833968, 1.5726817578722025, 1.8044848671804485, 1.958835838025619, 2.0561867525416067, 2.126993483104157, 2.1690457245020687, 2.1758738407838503, 2.167218878188393, 2.0750986151660245, 2.0877565647554004, 2.0558968194399485, 1.5610647577996073, 2.083440165492944, 2.5661824941544515, 2.4724605453904434, 2.2122056545676347, 2.098804469081064, 1.9907770794304651, 1.9796076550689066, 2.062390297049075, 2.1578125546678315, 2.2124720404239673, 2.256099982093236, 2.265088445173143, 2.2852187876167824, -3.953655028322934, 2.3405772430602187, 2.3644760621384524, 2.3865155654504693, 2.383535923386717, 2.3135105798723052, 1.8992448103122372, -0.18453826391583708], "predicted_p_opt": 0.013337926263622858, "predicted_tts": 74.97417366351365, "p_opt": 7.049901727825481e-05, "tts": 14184.594886664423, "approx": 0.9720802024066424, "opt_gap": -0.02791979759335761}