{"edges": [[0, 1], [0, 7], [0, 8], [0, 13], [1, 4], [1, 5], [1, 8], [1, 10], [2, 4], [2, 6], [3, 6], [3, 9], [3, 11], [4, 7], [4, 8], [4, 9], [5, 9], [5, 10], [5, 11], [6, 9], [6, 13], [7, 9], [7, 12], [8, 12], [9, 10], [10, 12], [10, 13]], "num_nodes": 14, "num_colors": 3, "opt_value": 27, "opt_count": 102, "feasible_count": 4782969, "mean_value": 18.0, "std": 2.449489742783178, "level": 26, "gammas": [2.050455093383789, 2.0318408012390137, 2.020385265350342, 2.0166873931884766, 2.022392511367798, 2.039215564727783, 2.065598249435425, 2.0972611904144287, 2.1291630268096924, 2.1574044227600098, 2.1797642707824707, 2.1950700283050537, 2.2026782035827637, 2.2023308277130127, 2.1940743923187256, 2.1782066822052, 2.1552228927612305, 2.126044511795044, 2.092978000640869, 2.06066632270813, 2.034863233566284, 2.019111394882202, 2.0131404399871826, 2.015442371368408, 2.0252304077148438, 2.0424563884735107], "betas": [2.0398201942443848, 2.0248749256134033, 2.0174365043640137, 2.0186362266540527, 2.0302155017852783, 2.0525810718536377, 2.0829179286956787, 2.1161158084869385, 2.146977424621582, 2.1722216606140137, 2.190399169921875, 2.2008979320526123, 2.2034196853637695, 2.1979687213897705, 2.1848220825195312, 2.164581775665283, 2.1381802558898926, 2.107210159301758, 2.074683427810669, 2.0455286502838135, 2.0248827934265137, 2.014855146408081, 2.013585090637207, 2.019777297973633, 2.0332326889038086, 2.054075002670288], "predicted_p_opt": 0.05990379615673863, "predicted_tts": 16.69343287332733, "p_opt": 0.01816238739231632, "tts": 55.058841021255525, "approx": 0.9314656769146876, "opt_gap": -0.06853432308531238, "th": -24.93418603930305}