{"N": 20, "edgelist": ["0 1 {}\n", "0 4 {}\n", "0 6 {}\n", "0 8 {}\n", "0 12 {}\n", "0 13 {}\n", "0 15 {}\n", "1 5 {}\n", "1 7 {}\n", "1 9 {}\n", "1 10 {}\n", "1 11 {}\n", "1 12 {}\n", "1 13 {}\n", "1 15 {}\n", "1 16 {}\n", "1 17 {}\n", "2 3 {}\n", "2 4 {}\n", "2 6 {}\n", "2 8 {}\n", "2 9 {}\n", "2 10 {}\n", "2 11 {}\n", "2 12 {}\n", "2 14 {}\n", "2 17 {}\n", "2 18 {}\n", "2 19 {}\n", "3 5 {}\n", "3 7 {}\n", "3 8 {}\n", "3 9 {}\n", "3 10 {}\n", "3 11 {}\n", "3 12 {}\n", "3 13 {}\n", "3 14 {}\n", "3 15 {}\n", "3 17 {}\n", "3 18 {}\n", "4 5 {}\n", "4 12 {}\n", "4 13 {}\n", "4 15 {}\n", "4 16 {}\n", "4 19 {}\n", "5 7 {}\n", "5 8 {}\n", "5 9 {}\n", "5 10 {}\n", "5 13 {}\n", "5 15 {}\n", "5 17 {}\n", "5 18 {}\n", "6 7 {}\n", "6 11 {}\n", "6 14 {}\n", "6 16 {}\n", "6 19 {}\n", "7 8 {}\n", "7 9 {}\n", "7 10 {}\n", "7 11 {}\n", "7 12 {}\n", "7 13 {}\n", "7 15 {}\n", "7 16 {}\n", "7 18 {}\n", "7 19 {}\n", "8 10 {}\n", "8 12 {}\n", "8 13 {}\n", "8 14 {}\n", "8 15 {}\n", "8 16 {}\n", "8 19 {}\n", "9 14 {}\n", "9 15 {}\n", "9 18 {}\n", "10 12 {}\n", "10 14 {}\n", "10 15 {}\n", "10 16 {}\n", "10 17 {}\n", "10 18 {}\n", "10 19 {}\n", "11 12 {}\n", "11 13 {}\n", "11 14 {}\n", "11 17 {}\n", "11 19 {}\n", "12 14 {}\n", "12 16 {}\n", "12 18 {}\n", "12 19 {}\n", "13 14 {}\n", "13 17 {}\n", "13 18 {}\n", "13 19 {}\n", "14 16 {}\n", "14 17 {}\n", "15 16 {}\n", "16 19 {}\n", "17 19 {}\n"], "opt_value": 92, "opt_count": 1, "feasible_count": 184756, "mean_value": 80.13157894736842, "std": 2.9215267514703314, "level": 33, "gammas": [-0.15273690084853694, -0.297239471943699, -0.3496245422112823, -0.3336252953389916, -0.24198158604048212, -0.24945855182675766, -0.2602636240242715, -0.2583236834583891, -0.2574933206173178, -0.2553479651286163, -0.25510830588593364, -0.2593313374609887, -0.2686006880739491, -0.2857166856856826, -0.3072474012123762, -0.3244780524129075, -0.30895748392807004, -0.31255167102121156, -0.3139241395273741, -0.3057544841568352, -0.3717585396905443, -0.3839780979416825, -0.4122835579394279, 5.849272660475761, 5.931439633308491, 5.9709067288713085, 5.979516482667064, 5.980671344611091, 5.980373232249054, 5.978436884987394, 5.973979532820927, 5.967686442237305, 5.965065168910077], "betas": [2.8156276119523436, 2.687023685881639, 2.7107085594175375, 3.001616268513039, 2.753442503397401, 2.3303947474026043, 2.1500666386102316, 2.0963760821781814, 2.047968938661711, 1.9954064968536656, 1.9696019091666823, 1.975199156982623, 2.031263531891463, 2.1280265135422156, 2.2023124586115093, 2.169811987396724, 2.2676554194929883, 2.270410431132096, 2.322737301792557, 2.102186425385167, 2.2616430673908554, 2.19603935654825, 2.1980836081766815, 2.5195052798077238, 2.6315148504657464, 2.6075091979111433, 2.5537839454028335, 2.5091967396474164, 2.485701116601259, 2.486153308957838, 2.496479982493584, 2.5036731763648286, 2.4600642280108684], "predicted_p_opt": 0.024296910519820736, "predicted_tts": 41.15749610158164, "p_opt": 4.685080970991657e-05, "tts": 21344.348287503286, "approx": 0.9618612909641454, "opt_gap": -0.03813870903585459}