{"edges": [[0, 2], [0, 5], [0, 9], [0, 13], [1, 2], [1, 6], [1, 7], [1, 9], [2, 5], [2, 11], [2, 12], [2, 14], [3, 5], [3, 7], [4, 5], [4, 10], [5, 11], [5, 13], [6, 7], [6, 11], [6, 13], [7, 8], [7, 9], [7, 10], [7, 14], [8, 9], [8, 13], [8, 14], [9, 10], [10, 13], [11, 13], [12, 13]], "num_nodes": 15, "num_colors": 3, "opt_value": 32, "opt_count": 12, "feasible_count": 14348907, "mean_value": 21.333333333333332, "std": 2.6666666666666665, "level": 1, "gammas": [0.24211403727531433], "betas": [-2.823666572570801], "predicted_p_opt": 7.526705692635683e-06, "predicted_tts": 132860.25, "p_opt": 5.458275609271368e-06, "tts": 183208.04436870333, "approx": 0.673412561416626, "opt_gap": -0.326587438583374}