{"locs": [[0.16, 0.54], [0.75, 0.24], [0.96, 0.36], [0.03, 0.7], [1.0, 0.65], [0.88, 0.06], [0.46, 0.88], [0.5, 0.18], [0.77, 0.82], [0.22, 0.88], [0.17, 0.94]], "opt_value": 2.98140811920166, "opt_count": 2.0, "feasible_count": 3628800.0, "mean_value": 6.745002269744873, "std": 0.8445098400115967, "level": 9, "gammas": [-0.5704256892204285, -0.840965747833252, -0.8271124958992004, -0.8027467727661133, -0.7932073473930359, -0.7959877252578735, -0.8016192317008972, -0.8021350502967834, -0.7743961215019226], "betas": [2.972846031188965, 2.9981534481048584, 2.9943294525146484, 2.973557949066162, 2.971710681915283, 2.9837095737457275, 2.9922192096710205, 2.988353729248047, 2.979175090789795], "predicted_p_opt": 0.00019896384479717812, "predicted_tts": 5026.0387811634355, "p_opt": 0.00016041587514337152, "tts": 6233.796992387761, "approx": 2.2288875579833984, "opt_gap": 1.2288875579833984}