{"N": 18, "edgelist": ["0 2 {}\n", "0 3 {}\n", "0 4 {}\n", "0 6 {}\n", "0 9 {}\n", "0 10 {}\n", "0 14 {}\n", "0 15 {}\n", "1 2 {}\n", "1 3 {}\n", "1 6 {}\n", "1 7 {}\n", "1 9 {}\n", "1 10 {}\n", "1 11 {}\n", "1 12 {}\n", "1 13 {}\n", "1 14 {}\n", "1 16 {}\n", "2 4 {}\n", "2 5 {}\n", "2 8 {}\n", "2 9 {}\n", "2 13 {}\n", "2 17 {}\n", "3 5 {}\n", "3 6 {}\n", "3 7 {}\n", "3 8 {}\n", "3 11 {}\n", "3 13 {}\n", "3 17 {}\n", "4 5 {}\n", "4 6 {}\n", "4 7 {}\n", "4 10 {}\n", "4 12 {}\n", "4 13 {}\n", "4 16 {}\n", "5 6 {}\n", "5 13 {}\n", "5 14 {}\n", "5 16 {}\n", "5 17 {}\n", "6 7 {}\n", "6 8 {}\n", "6 10 {}\n", "6 12 {}\n", "6 13 {}\n", "6 16 {}\n", "6 17 {}\n", "7 9 {}\n", "7 13 {}\n", "7 14 {}\n", "7 15 {}\n", "7 16 {}\n", "8 9 {}\n", "8 13 {}\n", "8 16 {}\n", "9 10 {}\n", "9 11 {}\n", "9 12 {}\n", "9 14 {}\n", "9 15 {}\n", "9 16 {}\n", "10 11 {}\n", "10 13 {}\n", "10 14 {}\n", "10 17 {}\n", "11 12 {}\n", "11 13 {}\n", "11 15 {}\n", "11 17 {}\n", "12 13 {}\n", "12 14 {}\n", "12 17 {}\n", "13 14 {}\n", "13 15 {}\n", "13 17 {}\n", "14 16 {}\n", "15 17 {}\n", "16 17 {}\n"], "opt_value": 73, "opt_count": 6, "feasible_count": 48620, "mean_value": 62.705882352941174, "std": 2.5978431298551574, "level": 5, "gammas": [3.1404151916503906, 3.141249895095825, 3.1412830352783203, 3.140700101852417, 3.139970302581787], "betas": [3.1408019065856934, 3.1412925720214844, 3.141202211380005, 3.140127658843994, 3.1398985385894775], "predicted_p_opt": 0.01493212669683258, "predicted_tts": 66.96969696969697, "p_opt": 0.006888721638980133, "tts": 145.1648146648075, "approx": 0.9513132594694494, "opt_gap": -0.048686740530550554, "th": -68.98251890811434}