{"edges": [[0, 10], [0, 11], [1, 4], [1, 6], [1, 7], [1, 11], [2, 5], [2, 6], [2, 7], [3, 5], [3, 10], [3, 11], [4, 7], [4, 9], [5, 7], [5, 8], [5, 10], [5, 11], [6, 7], [6, 8], [6, 10], [6, 11], [8, 11]], "num_nodes": 12, "num_colors": 3, "opt_value": 23, "opt_count": 24, "feasible_count": 531441, "mean_value": 15.333333333333334, "std": 2.260776661041756, "level": 41, "gammas": [1.8831263780593872, 1.855034351348877, 1.830795168876648, 1.8108457326889038, 1.795194149017334, 1.7838774919509888, 1.777235746383667, 1.7760664224624634, 1.7810813188552856, 1.792295217514038, 1.809189796447754, 1.8308742046356201, 1.8559612035751343, 1.8825114965438843, 1.9082928895950317, 1.9313769340515137, 1.9505351781845093, 1.9651718139648438, 1.975053310394287, 1.9800866842269897, 1.9802194833755493, 1.9754103422164917, 1.965637445449829, 1.950923204421997, 1.931452989578247, 1.9077907800674438, 1.881203293800354, 1.8537904024124146, 1.8279978036880493, 1.8058735132217407, 1.7887969017028809, 1.7775652408599854, 1.7723854780197144, 1.77284836769104, 1.7782747745513916, 1.7881848812103271, 1.802439570426941, 1.8209775686264038, 1.8436321020126343, 1.8703908920288086, 2.6021272484279097], "betas": [1.867649793624878, 1.8415358066558838, 1.8194893598556519, 1.8017524480819702, 1.788346529006958, 1.779478907585144, 1.7756845951080322, 1.7777341604232788, 1.786015272140503, 1.8002811670303345, 1.819859266281128, 1.8436353206634521, 1.8699451684951782, 1.8966200351715088, 1.9214366674423218, 1.9427214860916138, 1.9595723152160645, 1.971579909324646, 1.978634238243103, 1.9807312488555908, 1.9779056310653687, 1.9702175855636597, 1.9577196836471558, 1.9405202865600586, 1.9189313650131226, 1.8937855958938599, 1.8667227029800415, 1.8400367498397827, 1.8160245418548584, 1.7964190244674683, 1.7823243141174316, 1.7742888927459717, 1.7722439765930176, 1.775476098060608, 1.7833049297332764, 1.7954589128494263, 1.811930537223816, 1.832661747932434, 1.8573758602142334, 1.8861218690872192, 0.0], "predicted_p_opt": 0.31110885309940334, "predicted_tts": 3.2143090434025257, "p_opt": 0.07692307218332968, "tts": 13.000000801017334, "approx": 0.9598661620093774, "opt_gap": -0.040133837990622645, "th": -21.959989783762452}