{"edges": [[0, 1], [0, 2], [0, 5], [0, 7], [0, 9], [0, 13], [1, 4], [1, 5], [1, 8], [2, 3], [2, 5], [2, 9], [2, 10], [2, 13], [2, 14], [3, 14], [3, 15], [4, 8], [4, 9], [4, 15], [5, 10], [5, 12], [5, 14], [5, 15], [6, 9], [6, 10], [6, 13], [6, 14], [7, 8], [7, 9], [7, 10], [7, 13], [7, 14], [8, 14], [9, 14], [10, 11], [10, 15], [13, 14], [14, 15]], "num_nodes": 16, "num_colors": 3, "opt_value": 39, "opt_count": 24, "feasible_count": 43046721, "mean_value": 26.0, "std": 2.943920288775949, "level": 73, "gammas": [3.1415928039141914, 3.1415927909580375, 3.1415927802583177, 3.141592780359297, 3.141592784863891, 3.1415927759077102, 3.1415927678833677, 3.1415927687582976, 3.1415927685689904, 3.141592753108574, 3.1415927509576456, 3.1415927469344536, 3.141592741084818, 3.1415927453352537, 3.1415927456122192, 3.1415927474630214, 3.141592746311196, 3.1415927384397966, 3.1415927423669476, 3.1415927406572424, 3.1415927325048965, 3.1415927199428526, 3.1415927137523263, 3.141592685007486, 3.1415926686815774, 3.141592624878175, 3.14159258390447, 3.1415925252994596, 3.141592445215891, 3.141592175599521, 3.141591734603942, 3.141591156869831, 3.1415905483165263, 3.1415903643273673, 3.141590432314362, 3.141590165558352, 3.141589169745299, 3.1415859064387557, 3.1415794847030156, 3.141576285096597, 3.141575011075345, 3.141575299153046, 3.141578082411362, 3.141576352518757, 3.1415625335849175, 3.1415559599806433, 3.1415570896126077, 3.1415570886813184, 3.141554658304689, 3.1415498252784317, 3.141501466566945, 3.14147121840324, 3.14150537244381, 3.141504600961418, 3.1414784990501583, 3.1414455513668087, 3.1412602467658632, 3.141166528465855, 3.1410875856952063, 3.141000692661584, 3.1408934576814667, 3.1408774944914404, 3.140790966375728, 3.1404470422634025, 3.140547438617026, 3.1405951323102856, 3.1400227618920833, 3.1388414022302444, 3.1395957272881434, 3.137797264413044, 3.1397586542434666, 3.1312731373993326, 3.1366027457522923], "betas": [3.141592508211013, 3.1415925203485893, 3.141592522782048, 3.1415925250523054, 3.141592527541827, 3.141592528867282, 3.1415925369645827, 3.1415925451150093, 3.141592546123658, 3.141592551928366, 3.14159255883924, 3.1415925563760294, 3.141592553551256, 3.141592558068308, 3.1415925624012107, 3.1415925623410677, 3.1415925566545417, 3.141592554734308, 3.141592558253344, 3.141592552415207, 3.1415925390431974, 3.1415925337029003, 3.1415925227062997, 3.141592496453461, 3.1415924634612433, 3.141592423863186, 3.141592377629695, 3.1415923080181165, 3.141592142964972, 3.141591770627152, 3.1415912629689364, 3.1415906205489166, 3.1415902016427766, 3.141590208588045, 3.1415902134159506, 3.1415896073178406, 3.1415878902985086, 3.141582587751476, 3.1415771463510516, 3.141575527983918, 3.1415745550141523, 3.141576433436714, 3.1415783910857877, 3.141570082632242, 3.1415569041833775, 3.141556499095563, 3.1415568141197467, 3.1415559071803347, 3.141553744273075, 3.1415323471907297, 3.1414743504598377, 3.1414884454884593, 3.1415095280702987, 3.1414931807942277, 3.1414668767809273, 3.141375289094793, 3.1411753456694695, 3.141160095411732, 3.1410082162210493, 3.140991417222399, 3.1408128499503403, 3.140946878685009, 3.140515530566187, 3.14056106308032, 3.1404598360538207, 3.140676144895105, 3.1389911254549125, 3.1395109825467875, 3.1385035831077532, 3.139153319260027, 3.1358865211216633, 3.131964942915517, 3.1402109637100275], "predicted_p_opt": 0.012047746912012183, "predicted_tts": 83.00307163681799, "p_opt": 0.011999438954319222, "tts": 83.33722966606268, "approx": 0.6706662525186323, "opt_gap": -0.3293337474813677, "th": -38.999000549316406}