{"edges": [[7, 17], [7, 5], [7, 12], [17, 13], [17, 6], [3, 4], [3, 15], [3, 0], [4, 12], [4, 2], [12, 9], [5, 0], [5, 6], [8, 9], [8, 11], [8, 10], [9, 14], [14, 15], [14, 1], [0, 11], [11, 13], [10, 15], [10, 13], [6, 16], [2, 1], [2, 16], [1, 16]], "num_nodes": 18, "opt_value": 25, "opt_count": 2, "feasible_count": 262144, "mean_value": 13.5, "std": 2.598076211353316, "level": 19, "gammas": [0.12849654257297516, 0.25650110840797424, 0.2861250340938568, 0.2917894423007965, 0.28876909613609314, 0.2813948690891266, 0.2736665606498718, 0.2728174030780792, 0.2780463695526123, 0.2806992530822754, 0.2799507677555084, 0.28089624643325806, 0.2863922119140625, 0.29610249400138855, 0.3085819482803345, 0.3238179087638855, 0.3429429233074188, 0.3640839755535126, 0.3588697612285614], "betas": [-2.511497735977173, -2.2867679595947266, -2.1612610816955566, -2.058680772781372, -1.9605727195739746, -1.8625577688217163, -1.7948567867279053, -1.7805612087249756, -1.7672641277313232, -1.723448395729065, -1.6811057329177856, -1.6550335884094238, -1.6450741291046143, -1.643804907798767, -1.6318857669830322, -1.6205323934555054, -1.6031447649002075, -1.5204445123672485, -1.3417515754699707], "predicted_p_opt": 0.01160430908203125, "predicted_tts": 86.17488494411572, "p_opt": 0.00010209433821728453, "tts": 9794.862452330392, "approx": 0.8140575289726257, "opt_gap": -0.18594247102737427}