{"N": 26, "edgelist": ["0 1 {}\n", "0 2 {}\n", "0 3 {}\n", "0 6 {}\n", "0 8 {}\n", "0 10 {}\n", "0 11 {}\n", "0 13 {}\n", "0 15 {}\n", "0 16 {}\n", "0 19 {}\n", "1 3 {}\n", "1 5 {}\n", "1 6 {}\n", "1 9 {}\n", "1 12 {}\n", "1 13 {}\n", "1 16 {}\n", "1 17 {}\n", "1 22 {}\n", "1 23 {}\n", "1 25 {}\n", "2 3 {}\n", "2 5 {}\n", "2 6 {}\n", "2 13 {}\n", "2 14 {}\n", "2 16 {}\n", "2 18 {}\n", "2 20 {}\n", "2 23 {}\n", "2 24 {}\n", "3 5 {}\n", "3 9 {}\n", "3 11 {}\n", "3 12 {}\n", "3 15 {}\n", "3 18 {}\n", "3 19 {}\n", "3 20 {}\n", "3 21 {}\n", "3 24 {}\n", "3 25 {}\n", "4 12 {}\n", "4 13 {}\n", "4 14 {}\n", "4 16 {}\n", "4 17 {}\n", "4 18 {}\n", "4 19 {}\n", "4 20 {}\n", "4 22 {}\n", "4 23 {}\n", "5 6 {}\n", "5 7 {}\n", "5 9 {}\n", "5 10 {}\n", "5 11 {}\n", "5 13 {}\n", "5 16 {}\n", "5 17 {}\n", "5 19 {}\n", "5 20 {}\n", "5 22 {}\n", "5 23 {}\n", "6 7 {}\n", "6 8 {}\n", "6 11 {}\n", "6 15 {}\n", "6 20 {}\n", "6 22 {}\n", "6 23 {}\n", "7 8 {}\n", "7 10 {}\n", "7 11 {}\n", "7 13 {}\n", "7 15 {}\n", "7 17 {}\n", "7 19 {}\n", "7 20 {}\n", "7 22 {}\n", "7 23 {}\n", "8 11 {}\n", "8 12 {}\n", "8 17 {}\n", "8 18 {}\n", "8 19 {}\n", "8 20 {}\n", "8 23 {}\n", "8 25 {}\n", "9 12 {}\n", "9 13 {}\n", "9 14 {}\n", "9 15 {}\n", "9 17 {}\n", "9 19 {}\n", "9 22 {}\n", "9 23 {}\n", "9 24 {}\n", "9 25 {}\n", "10 14 {}\n", "10 17 {}\n", "10 18 {}\n", "10 19 {}\n", "10 20 {}\n", "10 24 {}\n", "11 12 {}\n", "11 15 {}\n", "11 16 {}\n", "11 17 {}\n", "11 18 {}\n", "11 21 {}\n", "11 23 {}\n", "12 13 {}\n", "12 15 {}\n", "12 17 {}\n", "12 18 {}\n", "12 19 {}\n", "12 22 {}\n", "12 23 {}\n", "12 24 {}\n", "12 25 {}\n", "13 15 {}\n", "13 21 {}\n", "13 22 {}\n", "13 24 {}\n", "14 16 {}\n", "14 17 {}\n", "14 19 {}\n", "14 21 {}\n", "14 22 {}\n", "14 24 {}\n", "15 18 {}\n", "15 19 {}\n", "15 20 {}\n", "15 21 {}\n", "15 22 {}\n", "15 23 {}\n", "15 24 {}\n", "16 18 {}\n", "16 19 {}\n", "16 20 {}\n", "16 21 {}\n", "16 24 {}\n", "16 25 {}\n", "17 18 {}\n", "17 19 {}\n", "17 24 {}\n", "18 20 {}\n", "18 21 {}\n", "18 22 {}\n", "18 23 {}\n", "18 24 {}\n", "18 25 {}\n", "19 20 {}\n", "19 21 {}\n", "19 25 {}\n", "20 21 {}\n", "20 22 {}\n", "20 23 {}\n", "20 25 {}\n", "21 22 {}\n", "22 24 {}\n", "24 25 {}\n"], "opt_value": 140, "opt_count": 18, "feasible_count": 10400600, "mean_value": 124.64, "std": 3.497820439371775, "level": 27, "gammas": [0.11521100252866745, 0.19520346820354462, 0.2026987075805664, 0.2003362625837326, 0.19745245575904846, 0.1956620067358017, 0.19493350386619568, 0.19482557475566864, 0.19494177401065826, 0.19507759809494019, 0.19520717859268188, 0.195297971367836, 0.1953357458114624, 0.1953158676624298, 0.19528771936893463, 0.1952565461397171, 0.19524456560611725, 0.19523797929286957, 0.1952327936887741, 0.19521324336528778, 0.19521629810333252, 0.19525174796581268, 0.19531598687171936, 0.1954302191734314, 0.1956130415201187, 0.19531886279582977, 0.18930716812610626], "betas": [-2.9907991886138916, -2.9891536235809326, -2.994385242462158, -2.9894418716430664, -2.979404926300049, -2.9715447425842285, -2.968263626098633, -2.9683985710144043, -2.9699368476867676, -2.9718339443206787, -2.973388433456421, -2.974534511566162, -2.974870443344116, -2.9744181632995605, -2.9737024307250977, -2.9731972217559814, -2.972989559173584, -2.9726369380950928, -2.9724442958831787, -2.972480297088623, -2.9729228019714355, -2.973668098449707, -2.974757671356201, -2.9755699634552, -2.9751381874084473, -2.9718828201293945, -2.9723563194274902], "predicted_p_opt": 0.005235274887987231, "predicted_tts": 191.01193755739212, "p_opt": 0.0042707049287855625, "tts": 234.15338139138652, "approx": 0.8938799500465393, "opt_gap": -0.1061200499534607}