{"edges": [[0, 1], [0, 2], [0, 5], [0, 6], [0, 9], [1, 5], [2, 6], [2, 7], [3, 4], [3, 7], [3, 10], [4, 5], [4, 6], [4, 9], [4, 11], [6, 8], [6, 9], [6, 10], [7, 9], [7, 11]], "num_nodes": 12, "num_colors": 3, "opt_value": 20, "opt_count": 168, "feasible_count": 531441, "mean_value": 13.333333333333334, "std": 2.1081851067789197, "level": 9, "gammas": [0.15948569774627686, 0.31265807151794434, 0.3483390212059021, 0.36100026965141296, 0.37157464027404785, 0.3857438564300537, 0.40433651208877563, 0.431841641664505, 0.48075321316719055], "betas": [-2.228524684906006, -1.794255018234253, -1.5946937799453735, -1.4895603656768799, -1.429336667060852, -1.382546067237854, -1.3248704671859741, -1.2395613193511963, -1.0555775165557861], "predicted_p_opt": 0.11411991171174223, "predicted_tts": 8.762712702809656, "p_opt": 0.006893655750900507, "tts": 145.06091341584204, "approx": 0.8753838539123535, "opt_gap": -0.12461614608764648}