{"edges": [[3, 4], [3, 15], [3, 5], [4, 15], [4, 1], [15, 11], [8, 12], [8, 0], [8, 2], [12, 9], [12, 0], [0, 1], [2, 5], [2, 14], [5, 14], [14, 13], [13, 9], [13, 1], [6, 11], [6, 7], [6, 10], [11, 7], [7, 10], [10, 9]], "num_nodes": 16, "opt_value": 20, "opt_count": 4, "feasible_count": 65536, "mean_value": 12.0, "std": 2.449489742783178, "level": 15, "gammas": [3.1414473904108546, 3.141080243439119, 3.141181133674109, 3.1413639787177066, 3.1414253294294707, 3.1413739873385578, 3.1411743272379034, 3.140896424658564, 3.1410598433470076, 3.142786541258518, 1.931222251992913, 4.116569684014212, 4.116569684014212, 4.116569684014212, 4.116569684014212], "betas": [3.14122244543701, 3.1410898598762595, 3.1412652023146395, 3.141380719791469, 3.141410960914675, 3.1413884642229717, 3.1412900333406775, 3.1410637471943503, 3.1402682590139612, 3.14031751189228, 0.7415442257790336, 0.0, 0.0, 0.0, 0.0], "predicted_p_opt": 0.05865478515625, "predicted_tts": 17.04890738813736, "p_opt": 0.011695910102038059, "tts": 85.49997317658469, "approx": 0.9076026583319307, "opt_gap": -0.09239734166806934, "th": -17.925835632866914}