{"N": 18, "edgelist": ["0 4 {}\n", "0 6 {}\n", "0 8 {}\n", "0 9 {}\n", "0 11 {}\n", "0 13 {}\n", "0 15 {}\n", "1 8 {}\n", "1 9 {}\n", "1 14 {}\n", "1 17 {}\n", "2 3 {}\n", "2 4 {}\n", "2 8 {}\n", "2 9 {}\n", "2 10 {}\n", "2 12 {}\n", "2 13 {}\n", "2 14 {}\n", "2 15 {}\n", "2 16 {}\n", "3 4 {}\n", "3 8 {}\n", "3 9 {}\n", "3 14 {}\n", "3 16 {}\n", "4 5 {}\n", "4 6 {}\n", "4 9 {}\n", "4 12 {}\n", "4 14 {}\n", "4 17 {}\n", "5 6 {}\n", "5 8 {}\n", "5 11 {}\n", "5 12 {}\n", "5 13 {}\n", "5 14 {}\n", "5 15 {}\n", "6 8 {}\n", "6 10 {}\n", "6 14 {}\n", "6 15 {}\n", "7 8 {}\n", "7 9 {}\n", "7 11 {}\n", "7 12 {}\n", "7 13 {}\n", "8 9 {}\n", "8 13 {}\n", "8 14 {}\n", "8 16 {}\n", "8 17 {}\n", "9 11 {}\n", "9 12 {}\n", "9 13 {}\n", "9 14 {}\n", "10 12 {}\n", "10 13 {}\n", "10 17 {}\n", "11 12 {}\n", "11 14 {}\n", "11 15 {}\n", "11 16 {}\n", "12 13 {}\n", "12 14 {}\n", "12 16 {}\n", "12 17 {}\n", "13 17 {}\n", "14 15 {}\n", "14 16 {}\n", "15 17 {}\n", "16 17 {}\n"], "opt_value": 67, "opt_count": 1, "feasible_count": 48620, "mean_value": 55.8235294117647, "std": 2.9552603969601106, "level": 27, "gammas": [3.1415925156351316, 3.1415927948016416, 3.1415927801685166, 3.1415926667827687, 3.141592637575607, 3.1415926625759676, 3.1415927063510423, 3.141592686364076, 3.141592640422106, 3.141592616822556, 3.141592560724419, 3.141592057464848, 3.141591525354516, 3.141589029674635, 3.1415848448389423, 3.1415837898403893, 3.1415825694732034, 3.141585570842257, 3.141579415643465, 3.1415686704559342, 3.141555704925745, 3.1415576624096766, 3.1414151088826805, 3.141602641294354, 3.1404257852113684, 3.140178973088035, 3.1413654028307203], "betas": [3.141592602156218, 3.141592496202834, 3.1415925913217486, 3.1415926686265716, 3.141592660683722, 3.141592617376379, 3.1415925996297824, 3.141592622626908, 3.1415926280249624, 3.141592583997177, 3.1415921842703756, 3.1415915544461246, 3.1415907529352065, 3.1415871399844306, 3.1415844803463258, 3.141582442129154, 3.141582180268135, 3.141585426572555, 3.1415781695913676, 3.1415588990295644, 3.1415438043956985, 3.1415354600697394, 3.141441947174476, 3.141289982524353, 3.139880681341135, 3.1408712077358465, 3.141551996857707], "predicted_p_opt": 0.06221719457013575, "predicted_tts": 16.072727272727274, "p_opt": 0.06093793889927618, "tts": 16.41013821706198, "approx": 0.8433490449046226, "opt_gap": -0.1566509550953774, "th": -66.9990005493164}