{"edges": [[0, 6], [0, 8], [0, 11], [0, 14], [1, 2], [1, 9], [1, 11], [1, 16], [2, 6], [3, 4], [3, 5], [3, 7], [3, 12], [3, 16], [4, 10], [4, 13], [4, 15], [5, 6], [5, 10], [5, 11], [5, 14], [5, 15], [5, 16], [6, 9], [6, 13], [7, 12], [7, 14], [7, 16], [8, 9], [8, 14], [8, 15], [9, 10], [9, 11], [9, 14], [9, 15], [10, 12], [10, 13], [11, 14], [11, 15], [12, 13], [13, 16], [14, 16]], "num_nodes": 17, "num_colors": 3, "distribution": [[0, 3], [6, 90], [5, 42], [11, 2772], [7, 156], [12, 5766], [16, 72450], [17, 131778], [9, 840], [10, 1344], [14, 20040], [15, 37140], [19, 440610], [21, 1402938], [20, 789588], [4, 42], [18, 242040], [23, 3960882], [22, 2393016], [8, 420], [13, 10710], [24, 6252852], [25, 9243990], [26, 12596142], [27, 15668664], [28, 17439234], [29, 17223450], [30, 14909622], [31, 11276514], [32, 7429560], [33, 4234554], [34, 2072166], [35, 863892], [36, 300738], [37, 88986], [38, 21480], [39, 4578], [40, 942], [2, 6], [41, 108], [42, 18]], "opt_value": 42, "opt_count": 18, "feasible_count": 129140163, "mean_value": 28.0, "std": 3.0550504633038935, "level": 5, "gammas": [0.18201103806495667, 0.21818287670612335, 0.6333168745040894, 0.6632276177406311, 0.667258083820343], "betas": [2.790846586227417, 2.902052879333496, 2.4399971961975098, 2.381425619125366, 2.396601676940918], "predicted_p_opt": 1.686539608905403e-05, "predicted_tts": 59293.00413223141, "p_opt": 3.51392850461707e-06, "tts": 284581.77185052744, "approx": 0.6668477058410645, "opt_gap": -0.33315229415893555}