{"edges": [[0, 1], [0, 6], [0, 9], [0, 13], [0, 14], [1, 11], [1, 13], [1, 15], [2, 5], [2, 7], [2, 9], [2, 14], [3, 5], [3, 11], [4, 6], [4, 12], [4, 15], [5, 8], [5, 9], [5, 10], [6, 11], [7, 9], [7, 10], [8, 14], [8, 15], [10, 12], [10, 14], [11, 12], [11, 15], [12, 13], [13, 15], [14, 15]], "num_nodes": 16, "num_colors": 3, "opt_value": 32, "opt_count": 60, "feasible_count": 43046721, "mean_value": 21.333333333333332, "std": 2.6666666666666665, "level": 19, "gammas": [3.141584315361896, 3.1415902095635357, 3.14158771223011, 3.1415862116197646, 3.1415884738965674, 3.1415921634013073, 3.141593114402512, 3.141589652163022, 3.1415862659778258, 3.1415869028241916, 3.141596571618786, 3.1415853158986615, 3.141534208368992, 3.1415385104972713, 3.1413754234596603, 3.1414117677141986, 3.1409785645058994, 3.1399993141800424, 3.141349131772396], "betas": [3.1415961454306784, 3.14159604067065, 3.1415987892191684, 3.14159838216248, 3.141594916444092, 3.141592078723762, 3.141593312831476, 3.1415977313400947, 3.1415989873913546, 3.1415934664143736, 3.141583016611887, 3.1415541225004815, 3.141604991055441, 3.1414767721078523, 3.141162468445656, 3.1417322039167788, 3.1399579954920442, 3.1407759116058473, 3.1415554992722647], "predicted_p_opt": 0.0021200221034257173, "predicted_tts": 471.6931952662722, "p_opt": 0.00211852545526452, "tts": 472.0264264538372, "approx": 0.6673723332908001, "opt_gap": -0.33262766670919985, "th": -31.999000549316406}