{"edges": [[0, 2], [0, 5], [0, 6], [0, 7], [0, 10], [0, 12], [0, 13], [0, 15], [1, 2], [1, 3], [1, 8], [1, 11], [1, 14], [2, 8], [2, 14], [3, 6], [3, 10], [3, 15], [4, 6], [4, 7], [4, 10], [4, 11], [4, 15], [5, 9], [5, 10], [5, 13], [7, 8], [7, 14], [7, 15], [8, 9], [8, 13], [8, 15], [11, 12], [11, 15], [12, 13]], "num_nodes": 16, "num_colors": 3, "opt_value": 35, "opt_count": 12, "feasible_count": 43046721, "mean_value": 23.333333333333332, "std": 2.788866755113585, "level": 19, "gammas": [3.141597280248411, 3.1415915855028644, 3.1415931001153736, 3.141593244480498, 3.1415926935705145, 3.141593216625368, 3.1415939731853695, 3.1415932596034537, 3.1415919346580985, 3.1415912124070187, 3.1415915100686345, 3.1415811854744176, 3.141574643913055, 3.1415965718112293, 3.1415262448240036, 3.1415969125487924, 3.140877292145256, 3.1411732203144993, 3.141554564694484], "betas": [3.1415929357653734, 3.1415929931678463, 3.1415918969853127, 3.1415924133283375, 3.141592503895557, 3.141591592358928, 3.141591356708213, 3.14159271073666, 3.141591747609434, 3.1415868897525554, 3.141586338728693, 3.1415856735340597, 3.141578866273099, 3.141546794914256, 3.141627267597372, 3.141236956467845, 3.1408885463717042, 3.141435478669099, 3.1415889768398424], "predicted_p_opt": 0.0004240044206851435, "predicted_tts": 2358.465976331361, "p_opt": 0.00042394454041127963, "tts": 2358.7990991224324, "approx": 0.6668078435729748, "opt_gap": -0.33319215642702515, "th": -34.999000549316406}