{"edges": [[0, 1], [0, 6], [0, 8], [0, 11], [0, 12], [1, 3], [1, 9], [2, 3], [2, 12], [3, 7], [3, 10], [4, 5], [4, 9], [4, 10], [5, 6], [5, 12], [6, 11], [6, 12], [8, 10], [9, 10], [9, 11], [10, 11]], "num_nodes": 13, "num_colors": 3, "opt_value": 22, "opt_count": 72, "feasible_count": 1594323, "mean_value": 14.666666666666666, "std": 2.211083193570267, "level": 3, "gammas": [3.1418199881351794, 3.141804960030829, 3.141571082411227], "betas": [3.1418235521061906, 3.1418486185087753, 3.1413316905684443], "predicted_p_opt": 0.002212851473634891, "predicted_tts": 451.90561224489795, "p_opt": 0.0022112531565326144, "tts": 452.2322543874007, "approx": 0.6673887750225727, "opt_gap": -0.33261122497742734, "th": -21.999000549316406}