{"edges": [[0, 2], [0, 3], [0, 8], [0, 15], [1, 7], [1, 11], [2, 7], [2, 12], [2, 16], [3, 6], [3, 7], [3, 9], [3, 10], [4, 9], [5, 13], [6, 13], [6, 15], [7, 13], [7, 16], [8, 9], [8, 10], [9, 10], [9, 13], [9, 14], [9, 16], [10, 11], [10, 12], [10, 16], [12, 13], [13, 16]], "num_nodes": 17, "num_colors": 3, "opt_value": 30, "opt_count": 576, "feasible_count": 129140163, "mean_value": 20.0, "std": 2.581988897471611, "level": 43, "gammas": [0.15510153770446777, 0.2542119324207306, 0.26133477687835693, 0.25837403535842896, 0.25350841879844666, 0.2465342879295349, 0.23717494308948517, 0.22973446547985077, 0.2315741628408432, 0.24043801426887512, 0.24833106994628906, 0.25253382325172424, 0.25360941886901855, 0.2521085739135742, 0.24815517663955688, 0.24274510145187378, 0.23940901458263397, 0.24140651524066925, 0.2462330460548401, 0.24765589833259583, 0.24558399617671967, 0.24541276693344116, 0.234880268573761, 0.26211801171302795, 0.23295004665851593, 0.2509666681289673, 0.2627105116844177, 0.2640773355960846, 0.26536914706230164, 0.26691269874572754, 0.2684100270271301, 0.26979556679725647, 0.2710067629814148, 0.27190110087394714, 0.2723778486251831, 0.27262356877326965, 0.2730487585067749, 0.2740282416343689, 0.2757090628147125, 0.27801576256752014, 0.2808167338371277, 0.28369224071502686, 0.2809617221355438], "betas": [-2.685805320739746, -2.5392165184020996, -2.4764153957366943, -2.4362542629241943, -2.388812303543091, -2.3181607723236084, -2.2375006675720215, -2.210221529006958, -2.2713921070098877, -2.360058069229126, -2.4224956035614014, -2.450525999069214, -2.4492223262786865, -2.421833038330078, -2.3735759258270264, -2.3263721466064453, -2.318202495574951, -2.3547780513763428, -2.3888180255889893, -2.3756353855133057, -2.3527979850769043, -2.4567034244537354, -2.3340916633605957, -2.222411632537842, -2.3043153285980225, -2.5720484256744385, -2.630439043045044, -2.6136176586151123, -2.6001343727111816, -2.6035680770874023, -2.6189703941345215, -2.638151168823242, -2.6536760330200195, -2.662689447402954, -2.6670281887054443, -2.6710240840911865, -2.679089069366455, -2.6939241886138916, -2.715819835662842, -2.743255853652954, -2.7765274047851562, -2.8266172409057617, -2.9232561588287354], "predicted_p_opt": 0.033759783933368585, "predicted_tts": 29.621042657550532, "p_opt": 0.024296538904309273, "tts": 41.15812560539799, "approx": 0.6551607847213745, "opt_gap": -0.3448392152786255}