{"edges": [[0, 2], [0, 6], [0, 7], [0, 10], [1, 3], [1, 5], [1, 6], [1, 7], [1, 8], [1, 14], [2, 4], [2, 5], [2, 9], [2, 12], [2, 13], [2, 16], [3, 5], [3, 11], [3, 13], [4, 8], [4, 13], [4, 15], [5, 8], [5, 9], [5, 15], [5, 16], [6, 10], [6, 14], [7, 10], [7, 11], [7, 12], [7, 13], [7, 14], [8, 10], [8, 12], [9, 14], [10, 12], [11, 16], [12, 15], [12, 16], [13, 15], [14, 15]], "num_nodes": 17, "num_colors": 3, "opt_value": 42, "opt_count": 12, "feasible_count": 129140163, "mean_value": 28.0, "std": 3.0550504633038935, "level": 95, "gammas": [3.1415926217613728, 3.141592568553855, 3.1415925554252215, 3.1415925500418562, 3.141592529364926, 3.14159252612164, 3.1415925282889576, 3.141592542710287, 3.1415925482807965, 3.141592574733406, 3.141592583043939, 3.1415925881489657, 3.1415926035222084, 3.1415926097056093, 3.141592597790135, 3.1415925896000845, 3.1415925901765567, 3.1415925876379918, 3.1415925760356744, 3.1415925705173864, 3.1415925698470826, 3.1415925521514523, 3.1415925504737046, 3.141592548119612, 3.1415925454218985, 3.1415925206791067, 3.141592524728893, 3.1415925176219046, 3.14159249266902, 3.1415924258829837, 3.141592325622921, 3.141592310777089, 3.1415923095553153, 3.1415921884993065, 3.1415919563399815, 3.141591523612113, 3.1415908334101377, 3.1415899802468887, 3.141589084880217, 3.141588740482923, 3.141588899675042, 3.141588818728833, 3.1415877209580514, 3.1415857821615694, 3.14158329050324, 3.141582559338308, 3.1415832664415784, 3.141580004711015, 3.141569928358123, 3.1415651775160933, 3.141567982937025, 3.1415706486598807, 3.1415707521501446, 3.141563199934764, 3.1415444013770855, 3.1415339080916094, 3.1415241241239187, 3.141522895950188, 3.141540236131063, 3.1415500703939823, 3.1415420861198946, 3.141532420203556, 3.141542613183349, 3.1415410658329104, 3.141462448544715, 3.1414009939553025, 3.141419948893312, 3.1414474117781785, 3.1414465223554626, 3.141438414221601, 3.141423083275538, 3.1413526096038895, 3.1412548957667616, 3.141250067323815, 3.1413240784039367, 3.1412597905261395, 3.1410428404518766, 3.140925777087798, 3.1407674038033813, 3.140527461299202, 3.140465934602361, 3.1404038613458973, 3.140427529792457, 3.140118153293938, 3.1401935552128304, 3.140039331028338, 3.1404428013931693, 3.1394646710886387, 3.1390266713990176, 3.1375308012531544, 3.138420215567269, 3.1346275552221985, 3.1372838519253157, 3.1257773483776647, 3.1364446135726705], "betas": [3.14159270821494, 3.141592737550754, 3.141592751364412, 3.141592768543929, 3.141592781591227, 3.1415927826047, 3.141592774769676, 3.1415927560203234, 3.141592742024377, 3.1415927367721035, 3.141592726479207, 3.1415927196883557, 3.141592714264239, 3.141592706711166, 3.141592706989484, 3.141592714422804, 3.141592723400355, 3.1415927282473084, 3.141592734126653, 3.1415927395532397, 3.14159273562214, 3.14159273308774, 3.141592737945776, 3.1415927390101563, 3.141592728798279, 3.1415927171048734, 3.1415927086653332, 3.1415926986739073, 3.14159264994003, 3.141592543684813, 3.1415924714511547, 3.1415924759952687, 3.141592426334235, 3.1415922402646754, 3.1415919343489045, 3.1415913642247446, 3.1415905782280613, 3.141589656828319, 3.141588971968895, 3.1415889393925642, 3.141589098424498, 3.1415885261807293, 3.1415869945852832, 3.1415846187374727, 3.1415827250149504, 3.141583092456628, 3.1415827106191307, 3.1415754205542217, 3.1415662627804326, 3.1415663868671064, 3.141569626934092, 3.1415713062063473, 3.1415687203231504, 3.1415544187711983, 3.141537700141013, 3.14153015359473, 3.1415204601192563, 3.1415313291708724, 3.141547082749724, 3.141548623213763, 3.141535107553095, 3.1415358851293105, 3.141547873068013, 3.1415113085471864, 3.1414186063483966, 3.141406948153253, 3.1414334783377216, 3.1414542263694245, 3.141436840687746, 3.1414411852125013, 3.141388923405609, 3.1413101551321208, 3.1412231845537737, 3.1413055318162053, 3.1412995379417343, 3.141180814927911, 3.1409313193891135, 3.140917182732773, 3.1405741011111754, 3.1405582141505, 3.1403394464441936, 3.140544440838561, 3.140160866661177, 3.140259067498947, 3.13994019086934, 3.140444537886992, 3.1398436792883415, 3.1395972098298506, 3.1377714548112166, 3.138503689896587, 3.1358299360666573, 3.1374357428123574, 3.130408839459305, 3.129587044645169, 3.1404066263239616], "predicted_p_opt": 0.0033898981527536094, "predicted_tts": 294.99411337408515, "p_opt": 0.003386086200644867, "tts": 295.32620870949887, "approx": 0.6678031163238041, "opt_gap": -0.33219688367619593, "th": -41.999000549316406}