{"edges": [[0, 3], [0, 4], [0, 8], [0, 9], [0, 10], [0, 13], [0, 16], [1, 3], [1, 8], [1, 10], [1, 11], [1, 14], [2, 3], [2, 6], [2, 7], [3, 5], [3, 8], [3, 10], [4, 8], [5, 6], [5, 9], [5, 11], [5, 16], [6, 7], [6, 10], [6, 11], [7, 14], [8, 12], [8, 13], [8, 16], [9, 10], [10, 11], [10, 12], [10, 16], [11, 15], [13, 14], [14, 16]], "num_nodes": 17, "num_colors": 3, "opt_value": 37, "opt_count": 24, "feasible_count": 129140163, "mean_value": 24.666666666666668, "std": 2.8674417556808756, "level": 57, "gammas": [0.12772740423679352, 0.21089886128902435, 0.19919833540916443, 0.20835736393928528, 0.18941599130630493, 0.1992889642715454, 0.19920755922794342, 0.1996300220489502, 0.19947625696659088, 0.19717472791671753, 0.19563305377960205, 0.1968258023262024, 0.19994039833545685, 0.202792689204216, 0.20399993658065796, 0.20297390222549438, 0.19947056472301483, 0.19404378533363342, 0.18962645530700684, 0.18975414335727692, 0.19379571080207825, 0.19809812307357788, 0.20049872994422913, 0.20065680146217346, 0.19873927533626556, 0.19472523033618927, 0.19153735041618347, 0.1898573935031891, 0.1812780648469925, 0.19829392433166504, 0.2014884650707245, 0.21228493750095367, 0.17780567705631256, -0.1178380474448204, -0.2174936830997467, -0.2183133065700531, -0.21726731956005096, -0.21346016228199005, -0.2139255255460739, -0.21396315097808838, -0.21492533385753632, -0.2160744071006775, -0.21721935272216797, -0.21837761998176575, -0.21957214176654816, -0.22077617049217224, -0.22181743383407593, -0.2226107120513916, -0.2232649177312851, -0.2239210307598114, -0.2247581034898758, -0.2258756011724472, -0.22721508145332336, -0.2286999523639679, -0.2305016964673996, -0.2326837033033371, -0.23030364513397217], "betas": [-2.695521831512451, -2.3545916080474854, -2.1819801330566406, -2.392221689224243, -2.4184463024139404, -2.34075665473938, -2.404022693634033, -2.4096813201904297, -2.385878562927246, -2.3598124980926514, -2.3567910194396973, -2.3839924335479736, -2.421452283859253, -2.446671962738037, -2.4477643966674805, -2.4194698333740234, -2.3641185760498047, -2.3021464347839355, -2.2749664783477783, -2.3018910884857178, -2.3533878326416016, -2.3940086364746094, -2.408736228942871, -2.3959174156188965, -2.3636085987091064, -2.3180670738220215, -2.243483781814575, -2.255072593688965, -2.30900502204895, -2.2053563594818115, -2.4266059398651123, -2.560248374938965, 2.0121679306030273, 3.121415376663208, 2.535102605819702, 2.4665067195892334, 2.578829765319824, 2.5876693725585938, 2.583465576171875, 2.5997908115386963, 2.6143977642059326, 2.6270413398742676, 2.6411118507385254, 2.6566383838653564, 2.6723058223724365, 2.6870272159576416, 2.700221538543701, 2.710711717605591, 2.7198121547698975, 2.7300407886505127, 2.7435121536254883, 2.76019549369812, 2.778546094894409, 2.797214984893799, 2.819385051727295, 2.8677427768707275, 2.9567360877990723], "predicted_p_opt": 0.0024577946366693064, "predicted_tts": 406.8688185255198, "p_opt": 0.0018258290903820549, "tts": 547.6963891460125, "approx": 0.6435878659999257, "opt_gap": -0.3564121340000743}