{"edges": [[0, 4], [0, 7], [0, 8], [0, 9], [0, 13], [1, 8], [1, 11], [2, 7], [2, 15], [3, 6], [3, 7], [3, 11], [3, 16], [4, 5], [4, 8], [4, 9], [4, 14], [5, 7], [5, 13], [5, 14], [5, 15], [6, 9], [6, 13], [7, 16], [8, 15], [8, 16], [9, 11], [9, 12], [10, 11], [10, 16], [11, 16], [12, 15], [13, 14], [15, 16]], "num_nodes": 17, "num_colors": 3, "opt_value": 34, "opt_count": 24, "feasible_count": 129140163, "mean_value": 22.666666666666668, "std": 2.748737083745107, "level": 65, "gammas": [0.1368386298418045, 0.22616416215896606, 0.23441199958324432, 0.23053699731826782, 0.22765538096427917, 0.22563807666301727, 0.21709080040454865, 0.21007154881954193, 0.23640507459640503, 0.20867100358009338, 0.21394024789333344, 0.2131866216659546, 0.20930418372154236, 0.20763535797595978, 0.2080659717321396, 0.20998214185237885, 0.21029341220855713, 0.2073870152235031, 0.20269837975502014, 0.19966256618499756, 0.20031626522541046, 0.20254096388816833, 0.2032211273908615, 0.20209786295890808, 0.19979877769947052, 0.19146127998828888, 0.1841040402650833, 0.21108967065811157, 0.1990547776222229, 0.2063099443912506, 0.1910390406847, 0.19145341217517853, 0.19818457961082458, 0.20368416607379913, 0.2110467255115509, 0.21999426186084747, 0.17746961116790771, -0.13092242181301117, -0.2207707166671753, -0.23756560683250427, -0.23501844704151154, -0.22937694191932678, -0.22938290238380432, -0.22244812548160553, -0.22685359418392181, -0.23482300341129303, -0.23217369616031647, -0.23227889835834503, -0.23313643038272858, -0.23499274253845215, -0.23680585622787476, -0.23814460635185242, -0.239315927028656, -0.2403680980205536, -0.2414274662733078, -0.24251236021518707, -0.24352145195007324, -0.24440129101276398, -0.24512344598770142, -0.24798566102981567, -0.2427305430173874, -0.2516905963420868, -0.24982063472270966, -0.25280410051345825, -0.2492467164993286], "betas": [-2.6754353046417236, -2.5250000953674316, -2.497807741165161, -2.522519588470459, -2.550267219543457, -2.505254030227661, -2.2853026390075684, -2.2716822624206543, -2.395473003387451, -2.495438575744629, -2.3578648567199707, -2.323021173477173, -2.290809154510498, -2.2729713916778564, -2.2845001220703125, -2.2996938228607178, -2.2878267765045166, -2.2471773624420166, -2.2035810947418213, -2.1885769367218018, -2.202180862426758, -2.215135335922241, -2.210711717605591, -2.1911280155181885, -2.1406662464141846, -2.16332745552063, -2.195706844329834, -2.075577735900879, -2.1745901107788086, -2.1396706104278564, -2.134913444519043, -2.1569972038269043, -2.1659083366394043, -2.1958882808685303, -2.3115110397338867, -2.3614871501922607, 2.009995937347412, 3.0157155990600586, 2.5822696685791016, 2.5258536338806152, 2.517470359802246, 2.5235540866851807, 2.5014920234680176, 2.4851698875427246, 2.5135562419891357, 2.5818328857421875, 2.597391366958618, 2.5881237983703613, 2.607001543045044, 2.622180461883545, 2.6367506980895996, 2.6517493724823, 2.6674487590789795, 2.683001756668091, 2.697263717651367, 2.710664749145508, 2.723376989364624, 2.7350354194641113, 2.737668991088867, 2.7306480407714844, 2.8803141117095947, 2.6731724739074707, 2.8244755268096924, 2.883391857147217, 2.9557576179504395], "predicted_p_opt": 0.0031892789232424927, "predicted_tts": 313.55049967950583, "p_opt": 0.002289072764820748, "tts": 436.85810926080705, "approx": 0.656991500136845, "opt_gap": -0.34300849986315496}