{"edges": [[0, 3], [0, 4], [0, 6], [0, 8], [0, 10], [1, 3], [1, 4], [1, 8], [2, 3], [2, 5], [2, 6], [3, 5], [4, 8], [5, 6], [5, 10], [6, 9], [6, 10], [7, 10]], "num_nodes": 11, "num_colors": 3, "distribution": [[0, 3], [4, 192], [1, 12], [5, 450], [3, 36], [7, 2226], [8, 5058], [2, 12], [6, 924], [10, 17808], [11, 28176], [9, 10056], [12, 36378], [13, 35610], [14, 24948], [15, 11118], [16, 3444], [17, 648], [18, 48]], "opt_value": 18, "opt_count": 48, "feasible_count": 177147, "mean_value": 12.0, "std": 2.0, "level": 4, "gammas": [0.3302198052406311, 0.44363343715667725, 0.4470275640487671, 1.6069577932357788], "betas": [2.4862895011901855, 2.5165607929229736, -3.5659542083740234, -4.277719974517822], "predicted_p_opt": 0.02194787379972565, "predicted_tts": 45.5625, "p_opt": 0.007324048200104468, "tts": 136.53651268785154}