{"N": 20, "edgelist": ["0 1 {}\n", "0 3 {}\n", "0 4 {}\n", "0 7 {}\n", "0 8 {}\n", "0 18 {}\n", "1 2 {}\n", "1 4 {}\n", "1 9 {}\n", "1 11 {}\n", "1 12 {}\n", "1 15 {}\n", "1 16 {}\n", "2 7 {}\n", "2 9 {}\n", "2 10 {}\n", "2 11 {}\n", "2 12 {}\n", "2 13 {}\n", "2 14 {}\n", "2 15 {}\n", "2 17 {}\n", "2 19 {}\n", "3 4 {}\n", "3 5 {}\n", "3 10 {}\n", "3 15 {}\n", "3 16 {}\n", "4 5 {}\n", "4 6 {}\n", "4 7 {}\n", "4 10 {}\n", "4 15 {}\n", "4 16 {}\n", "4 18 {}\n", "5 10 {}\n", "5 11 {}\n", "5 12 {}\n", "5 14 {}\n", "5 15 {}\n", "5 16 {}\n", "5 17 {}\n", "5 19 {}\n", "6 7 {}\n", "6 12 {}\n", "6 15 {}\n", "6 16 {}\n", "6 18 {}\n", "6 19 {}\n", "7 14 {}\n", "7 16 {}\n", "7 19 {}\n", "8 9 {}\n", "8 10 {}\n", "8 14 {}\n", "8 17 {}\n", "8 18 {}\n", "8 19 {}\n", "9 10 {}\n", "9 11 {}\n", "9 12 {}\n", "9 13 {}\n", "10 12 {}\n", "10 16 {}\n", "10 18 {}\n", "10 19 {}\n", "11 15 {}\n", "12 13 {}\n", "12 15 {}\n", "12 16 {}\n", "12 19 {}\n", "13 18 {}\n", "14 19 {}\n", "17 18 {}\n", "17 19 {}\n", "18 19 {}\n"], "opt_value": 69, "opt_count": 3, "feasible_count": 184756, "mean_value": 58.0, "std": 2.859994154446385, "level": 8, "gammas": [0.13987810904973785, 0.2738077324279839, 0.3057248847789831, 0.31561958746304947, 0.3223142730048411, 0.33186505883164397, 0.34661531007397334, 0.37100283749862256], "betas": [-2.5062980400148716, -2.220140624158073, -2.069531501022057, -1.966919284857293, -1.8814769975753518, -1.780952962572992, -1.6213609349267217, 4.993043063243447], "predicted_p_opt": 0.004692675745307324, "predicted_tts": 213.0980392156863, "p_opt": 0.00020786142264678098, "tts": 4810.897506938074, "approx": 0.931353196164147, "opt_gap": -0.06864680383585298}