{"edges": [[0, 2], [0, 3], [0, 4], [0, 8], [0, 10], [1, 9], [2, 5], [2, 6], [2, 10], [3, 5], [3, 7], [4, 8], [4, 10], [5, 9], [6, 9], [6, 10], [7, 10]], "num_nodes": 11, "num_colors": 3, "opt_value": 17, "opt_count": 84, "feasible_count": 177147, "mean_value": 11.333333333333334, "std": 1.9436506316151, "level": 7, "gammas": [-0.18837986886501312, -0.36776694655418396, -0.41306477785110474, -0.4325680732727051, -0.45168742537498474, -0.47658389806747437, -0.5222360491752625], "betas": [2.16157865524292, 1.7205994129180908, 1.5195040702819824, 1.4075051546096802, 1.3238381147384644, 1.2250213623046875, 1.0425862073898315], "predicted_p_opt": 0.10669105319311081, "predicted_tts": 9.372857142857143, "p_opt": 0.009511961601674557, "tts": 105.13078604353834, "approx": 0.8733181953430176, "opt_gap": -0.12668180465698242}