{"N": 26, "edgelist": ["0 3 {}\n", "0 4 {}\n", "0 5 {}\n", "0 7 {}\n", "0 8 {}\n", "0 10 {}\n", "0 11 {}\n", "0 12 {}\n", "0 14 {}\n", "0 15 {}\n", "0 17 {}\n", "0 18 {}\n", "0 21 {}\n", "0 23 {}\n", "1 3 {}\n", "1 7 {}\n", "1 8 {}\n", "1 12 {}\n", "1 13 {}\n", "1 15 {}\n", "1 21 {}\n", "1 22 {}\n", "1 25 {}\n", "2 5 {}\n", "2 11 {}\n", "2 12 {}\n", "2 13 {}\n", "2 14 {}\n", "2 16 {}\n", "2 19 {}\n", "2 23 {}\n", "2 25 {}\n", "3 4 {}\n", "3 12 {}\n", "3 13 {}\n", "3 14 {}\n", "3 16 {}\n", "3 17 {}\n", "3 19 {}\n", "3 20 {}\n", "3 22 {}\n", "4 5 {}\n", "4 6 {}\n", "4 7 {}\n", "4 9 {}\n", "4 11 {}\n", "4 12 {}\n", "4 13 {}\n", "4 15 {}\n", "4 19 {}\n", "4 21 {}\n", "4 23 {}\n", "4 24 {}\n", "4 25 {}\n", "5 6 {}\n", "5 8 {}\n", "5 11 {}\n", "5 12 {}\n", "5 15 {}\n", "5 16 {}\n", "5 19 {}\n", "5 20 {}\n", "5 21 {}\n", "5 22 {}\n", "5 23 {}\n", "6 10 {}\n", "6 11 {}\n", "6 13 {}\n", "6 14 {}\n", "6 15 {}\n", "6 16 {}\n", "6 17 {}\n", "6 18 {}\n", "6 19 {}\n", "6 20 {}\n", "6 21 {}\n", "6 22 {}\n", "6 24 {}\n", "7 8 {}\n", "7 10 {}\n", "7 18 {}\n", "7 20 {}\n", "7 23 {}\n", "8 9 {}\n", "8 10 {}\n", "8 11 {}\n", "8 12 {}\n", "8 13 {}\n", "8 14 {}\n", "8 15 {}\n", "8 17 {}\n", "8 18 {}\n", "8 19 {}\n", "8 23 {}\n", "8 25 {}\n", "9 10 {}\n", "9 12 {}\n", "9 15 {}\n", "9 16 {}\n", "9 17 {}\n", "9 19 {}\n", "9 23 {}\n", "9 24 {}\n", "10 12 {}\n", "10 13 {}\n", "10 14 {}\n", "10 15 {}\n", "10 16 {}\n", "10 18 {}\n", "10 22 {}\n", "10 23 {}\n", "10 25 {}\n", "11 13 {}\n", "11 14 {}\n", "11 16 {}\n", "11 17 {}\n", "11 22 {}\n", "11 23 {}\n", "11 24 {}\n", "11 25 {}\n", "12 13 {}\n", "12 15 {}\n", "12 16 {}\n", "12 17 {}\n", "12 18 {}\n", "12 21 {}\n", "12 22 {}\n", "12 23 {}\n", "13 14 {}\n", "13 17 {}\n", "13 19 {}\n", "13 25 {}\n", "14 16 {}\n", "14 17 {}\n", "14 19 {}\n", "14 22 {}\n", "14 23 {}\n", "15 16 {}\n", "15 17 {}\n", "15 20 {}\n", "15 23 {}\n", "16 17 {}\n", "16 18 {}\n", "16 21 {}\n", "16 22 {}\n", "16 23 {}\n", "16 25 {}\n", "17 23 {}\n", "17 24 {}\n", "18 19 {}\n", "18 22 {}\n", "18 23 {}\n", "18 24 {}\n", "19 20 {}\n", "19 21 {}\n", "19 22 {}\n", "19 23 {}\n", "19 24 {}\n", "20 21 {}\n", "20 22 {}\n", "20 24 {}\n", "20 25 {}\n", "21 24 {}\n", "21 25 {}\n", "22 25 {}\n", "24 25 {}\n"], "opt_value": 144, "opt_count": 1, "feasible_count": 10400600, "mean_value": 126.16, "std": 3.8886188450064285, "level": 83, "gammas": [0.0884152352809906, 0.1613401621580124, 0.17281536757946014, 0.17303360998630524, 0.17156611382961273, 0.17027612030506134, 0.16946099698543549, 0.16889707744121552, 0.1683933436870575, 0.1675744205713272, 0.1667729914188385, 0.1655980348587036, 0.16401703655719757, 0.16246409714221954, 0.16067248582839966, 0.15873053669929504, 0.15728215873241425, 0.15641644597053528, 0.15467539429664612, 0.15237711369991302, 0.15175917744636536, 0.1558266580104828, 0.1622103601694107, 0.15541067719459534, 0.09987029433250427, -0.06735199689865112, -0.08760988712310791, -0.13090556859970093, -0.14425387978553772, -0.13897380232810974, -0.13415783643722534, -0.1351318657398224, -0.13468727469444275, -0.1327618807554245, -0.1327957808971405, -0.13290995359420776, -0.13268527388572693, -0.13272318243980408, -0.13265804946422577, -0.13245362043380737, -0.13260242342948914, -0.13265851140022278, -0.13293038308620453, -0.13188844919204712, -0.13266494870185852, -0.13280825316905975, -0.13275539875030518, -0.13319647312164307, -0.1336216777563095, -0.1340554803609848, -0.13472673296928406, -0.13479645550251007, -0.13390973210334778, -0.13358952105045319, -0.13450755178928375, -0.13737770915031433, -0.147117018699646, -0.13461752235889435, -0.13810189068317413, -0.14173008501529694, -0.1427333503961563, -0.14464116096496582, -0.1457914263010025, -0.14646247029304504, -0.14764951169490814, -0.14955779910087585, -0.15180794894695282, -0.14797823131084442, -0.14716029167175293, -0.16400665044784546, -0.1614367514848709, -0.1553032249212265, -0.15773603320121765, -0.1625819355249405, -0.16570055484771729, -0.1666155904531479, -0.1667548269033432, -0.1669083684682846, -0.16715992987155914, -0.1674637645483017, -0.16782157123088837, -0.16786275804042816, -0.16320806741714478], "betas": [-2.979551315307617, -2.9592626094818115, -2.974754571914673, -2.9936609268188477, -3.007380485534668, -3.011904001235962, -3.0069096088409424, -2.9961745738983154, -2.98158860206604, -2.9620070457458496, -2.9378116130828857, -2.9099652767181396, -2.883028507232666, -2.853213310241699, -2.817244052886963, -2.7826430797576904, -2.753891706466675, -2.726011037826538, -2.681804656982422, -2.610969305038452, -2.6081204414367676, -2.7094128131866455, -2.775182008743286, -2.5236220359802246, 1.4632011651992798, 2.5575449466705322, 2.3402011394500732, 2.4586575031280518, 2.3887250423431396, 2.30381441116333, 2.3029675483703613, 2.3170454502105713, 2.3055202960968018, 2.308666944503784, 2.312830924987793, 2.3084728717803955, 2.3065855503082275, 2.306046485900879, 2.3018226623535156, 2.299333095550537, 2.299931526184082, 2.298847198486328, 2.3014843463897705, 2.3010363578796387, 2.3047893047332764, 2.306366443634033, 2.3089921474456787, 2.3132212162017822, 2.3144400119781494, 2.3198108673095703, 2.3299388885498047, 2.338624954223633, 2.3620970249176025, 2.3933730125427246, 2.405532121658325, 2.3538804054260254, 2.402357816696167, 2.3988475799560547, 2.472028970718384, 2.4837868213653564, 2.5111846923828125, 2.536608934402466, 2.552128314971924, 2.569000005722046, 2.5918896198272705, 2.6320748329162598, 2.6012134552001953, 2.728337049484253, 2.701887369155884, 2.732642412185669, 2.7562077045440674, 2.8217220306396484, 2.8806862831115723, 2.9122707843780518, 2.9274098873138428, 2.9410204887390137, 2.952268600463867, 2.9620871543884277, 2.9677929878234863, 2.9696319103240967, 2.969486713409424, 2.971472978591919, 2.9899511337280273], "predicted_p_opt": 0.0026814799146203105, "predicted_tts": 372.92839470759077, "p_opt": 0.002041244197586288, "tts": 489.8972896934483, "approx": 0.8787660081316083, "opt_gap": -0.12123399186839168}