{"edges": [[0, 10], [0, 13], [1, 3], [1, 10], [2, 7], [2, 11], [4, 5], [4, 9], [4, 11], [4, 13], [5, 11], [6, 8], [6, 10], [6, 12], [6, 13], [6, 14], [7, 10], [9, 11], [10, 11], [12, 14]], "num_nodes": 15, "num_colors": 3, "opt_value": 20, "opt_count": 2016, "feasible_count": 14348907, "mean_value": 13.333333333333334, "std": 2.1081851067789197, "level": 85, "gammas": [0.18720600008964539, 0.3081164062023163, 0.32529547810554504, 0.32597264647483826, 0.3193630576133728, 0.30799058079719543, 0.3169739544391632, 0.32684803009033203, 0.30992403626441956, 0.30894091725349426, 0.3175068795681, 0.3089231252670288, 0.3051004409790039, 0.3063032627105713, 0.3041670620441437, 0.3002830743789673, 0.3062818646430969, 0.32263675332069397, 0.29014748334884644, 0.28169041872024536, 0.2770436704158783, 0.28660494089126587, 0.2872154414653778, 0.29331788420677185, 0.30269578099250793, 0.30484437942504883, 0.2935008406639099, 0.2939383089542389, 0.3093115985393524, 0.3022159934043884, 0.30699479579925537, 0.31586185097694397, 0.31590521335601807, 0.3053404986858368, 0.30219000577926636, 0.3085981607437134, 0.3227313160896301, 0.3142435848712921, 0.2930701971054077, 0.3080243766307831, 0.30809226632118225, 0.2960745096206665, 0.30556243658065796, 0.3011854290962219, 0.295337051153183, 0.2958158850669861, 0.29525479674339294, 0.3003329336643219, 0.28500401973724365, 0.2853415012359619, 0.30029407143592834, 0.33343619108200073, 0.30445247888565063, 0.2955470383167267, 0.2984188497066498, 0.3014858365058899, 0.3037751317024231, 0.3093178868293762, 0.31104546785354614, 0.2990720570087433, 0.3011840879917145, 0.3114546537399292, 0.3095707595348358, 0.3136044442653656, 0.320120632648468, 0.31385472416877747, 0.3090078830718994, 0.2885904610157013, 0.17207005620002747, 0.18788506090641022, -0.332885205745697, -0.3501802980899811, -0.36209458112716675, -0.3648589849472046, -0.3676554560661316, -0.37107113003730774, -0.3698484003543854, -0.3678300976753235, -0.3678217828273773, -0.37099775671958923, -0.3723151385784149, -0.373913049697876, -0.37336984276771545, -0.36813420057296753, -0.38286060094833374], "betas": [-2.3228330612182617, -2.135030746459961, -2.1134908199310303, -2.0490000247955322, -1.9937529563903809, -1.9476722478866577, -1.979050636291504, -1.9561766386032104, -1.903219223022461, -1.9093376398086548, -1.891018033027649, -1.862701416015625, -1.8388208150863647, -1.8312472105026245, -1.8264451026916504, -1.8335347175598145, -1.794454574584961, -1.5976263284683228, -1.7807319164276123, -1.7422295808792114, -1.841632604598999, -1.8374102115631104, -1.8402103185653687, -1.8574730157852173, -1.8852801322937012, -1.8898085355758667, -1.8714091777801514, -1.8621548414230347, -1.9137462377548218, -1.8294676542282104, -1.8884590864181519, -1.862920880317688, -1.8606384992599487, -1.856059193611145, -1.8605844974517822, -1.8742072582244873, -1.8650126457214355, -1.8545373678207397, -1.834999918937683, -1.9211021661758423, -1.8303313255310059, -1.908043622970581, -1.8983664512634277, -1.8849141597747803, -1.883855938911438, -1.8525779247283936, -1.8664816617965698, -1.874746322631836, -1.7796499729156494, -1.8250328302383423, -1.679487943649292, -1.8261663913726807, -1.8328019380569458, -1.8241461515426636, -1.8236894607543945, -1.8430620431900024, -1.8688335418701172, -1.8628875017166138, -1.8680788278579712, -1.8541995286941528, -1.8764992952346802, -1.9126185178756714, -1.9269564151763916, -1.9447822570800781, -1.951935052871704, -1.9477406740188599, -1.9844927787780762, -1.9141459465026855, -2.1093215942382812, -1.302301287651062, 2.1701066493988037, 2.3100807666778564, 2.2890028953552246, 2.282477855682373, 2.2941739559173584, 2.30717396736145, 2.3107047080993652, 2.306533098220825, 2.318800687789917, 2.3286964893341064, 2.3380026817321777, 2.3477816581726074, 2.3627943992614746, 2.3838984966278076, 2.315200090408325], "predicted_p_opt": 4.10831682162272, "predicted_tts": 0.2434086861891571, "p_opt": 0.9754146311658045, "tts": 1.0252050441408813, "approx": 0.9910119582645308, "opt_gap": -0.008988041735469188}