{"edges": [[0, 2], [0, 5], [0, 6], [0, 9], [1, 8], [1, 9], [1, 13], [2, 3], [3, 5], [3, 8], [3, 9], [3, 12], [3, 14], [4, 6], [4, 9], [4, 10], [4, 12], [5, 7], [5, 11], [5, 12], [5, 13], [5, 14], [7, 9], [7, 10], [9, 12], [10, 13], [10, 14], [11, 14]], "num_nodes": 15, "num_colors": 3, "opt_value": 28, "opt_count": 180, "feasible_count": 14348907, "mean_value": 18.666666666666668, "std": 2.4944382578492945, "level": 55, "gammas": [0.16195757687091827, 0.2644062936306, 0.2719612419605255, 0.26763254404067993, 0.2620415985584259, 0.25778675079345703, 0.2563670873641968, 0.2579265832901001, 0.2613447606563568, 0.2644834518432617, 0.2652980387210846, 0.262988805770874, 0.25607505440711975, 0.2353125810623169, 0.21681652963161469, 0.2466663271188736, 0.23969894647598267, 0.250948041677475, 0.2318764179944992, 0.2361365258693695, 0.2346896380186081, 0.22637824714183807, 0.24169225990772247, 0.23949933052062988, 0.22980433702468872, 0.21851381659507751, 0.24793870747089386, 0.2552369236946106, 0.25505900382995605, 0.2582724988460541, 0.2646932899951935, 0.270046204328537, 0.27188819646835327, 0.2691366970539093, 0.2605821192264557, 0.24774086475372314, 0.24470095336437225, 0.2621491849422455, 0.2781197428703308, 0.2621898949146271, -0.14613452553749084, -0.3041963577270508, -0.3019520342350006, -0.2977968752384186, -0.2956143617630005, -0.2946512997150421, -0.2943574786186218, -0.29447463154792786, -0.2947993278503418, -0.295402467250824, -0.2965449392795563, -0.29827553033828735, -0.30080646276474, -0.30392885208129883, -0.3010387420654297], "betas": [-2.6569435596466064, -2.489271640777588, -2.4083733558654785, -2.353729248046875, -2.310495138168335, -2.2849090099334717, -2.285628080368042, -2.3110804557800293, -2.347672939300537, -2.376826047897339, -2.387454032897949, -2.371217966079712, -2.283892869949341, -2.054044723510742, -2.063811779022217, -2.1692237854003906, -1.9280717372894287, -2.1356379985809326, -2.179521083831787, -2.102818250656128, -2.133096694946289, -2.1025781631469727, -1.8441858291625977, -2.093581199645996, -1.946406602859497, -2.164783477783203, -2.335637331008911, -2.328160047531128, -2.310558795928955, -2.3404173851013184, -2.395392894744873, -2.4332430362701416, -2.430358409881592, -2.3740310668945312, -2.2638087272644043, -2.164313793182373, -2.2192623615264893, -2.437917470932007, -2.7838494777679443, 1.9095131158828735, 3.2211833000183105, 2.7373383045196533, 2.6766786575317383, 2.6652557849884033, 2.6690661907196045, 2.6759567260742188, 2.6827898025512695, 2.6900887489318848, 2.6989688873291016, 2.7092061042785645, 2.72229266166687, 2.7415685653686523, 2.769266366958618, 2.810081958770752, 2.902127981185913], "predicted_p_opt": 0.15456090139827375, "predicted_tts": 6.469941563184807, "p_opt": 0.09729354014466192, "tts": 10.27817467134138, "approx": 0.6952610965527936, "opt_gap": -0.30473890344720644}