{"N": 24, "edgelist": ["0 4 {}\n", "0 7 {}\n", "0 11 {}\n", "0 17 {}\n", "0 18 {}\n", "0 19 {}\n", "0 22 {}\n", "1 3 {}\n", "1 6 {}\n", "1 10 {}\n", "1 13 {}\n", "1 15 {}\n", "1 17 {}\n", "1 19 {}\n", "1 21 {}\n", "1 23 {}\n", "2 3 {}\n", "2 6 {}\n", "2 9 {}\n", "2 10 {}\n", "2 12 {}\n", "2 13 {}\n", "2 15 {}\n", "2 16 {}\n", "2 19 {}\n", "2 21 {}\n", "2 22 {}\n", "2 23 {}\n", "3 6 {}\n", "3 8 {}\n", "3 11 {}\n", "3 14 {}\n", "3 16 {}\n", "3 19 {}\n", "3 20 {}\n", "3 23 {}\n", "4 7 {}\n", "4 8 {}\n", "4 9 {}\n", "4 16 {}\n", "4 20 {}\n", "4 21 {}\n", "4 22 {}\n", "4 23 {}\n", "5 6 {}\n", "5 7 {}\n", "5 11 {}\n", "5 14 {}\n", "5 18 {}\n", "5 19 {}\n", "5 22 {}\n", "5 23 {}\n", "6 8 {}\n", "6 10 {}\n", "6 14 {}\n", "6 15 {}\n", "6 16 {}\n", "6 21 {}\n", "6 22 {}\n", "6 23 {}\n", "7 12 {}\n", "7 13 {}\n", "7 16 {}\n", "7 18 {}\n", "7 20 {}\n", "7 21 {}\n", "7 23 {}\n", "8 9 {}\n", "8 10 {}\n", "8 13 {}\n", "8 15 {}\n", "8 18 {}\n", "8 19 {}\n", "8 20 {}\n", "8 22 {}\n", "9 10 {}\n", "9 12 {}\n", "9 14 {}\n", "9 16 {}\n", "9 18 {}\n", "9 22 {}\n", "9 23 {}\n", "10 11 {}\n", "10 15 {}\n", "10 17 {}\n", "10 19 {}\n", "10 20 {}\n", "10 21 {}\n", "10 22 {}\n", "11 12 {}\n", "11 13 {}\n", "11 14 {}\n", "11 15 {}\n", "11 16 {}\n", "11 17 {}\n", "11 19 {}\n", "11 22 {}\n", "12 14 {}\n", "12 16 {}\n", "12 17 {}\n", "12 20 {}\n", "13 14 {}\n", "13 15 {}\n", "13 17 {}\n", "13 18 {}\n", "13 19 {}\n", "13 21 {}\n", "13 23 {}\n", "14 16 {}\n", "14 18 {}\n", "14 19 {}\n", "15 19 {}\n", "15 21 {}\n", "16 18 {}\n", "16 22 {}\n", "16 23 {}\n", "17 18 {}\n", "17 22 {}\n", "17 23 {}\n", "18 19 {}\n", "18 22 {}\n", "18 23 {}\n", "19 20 {}\n", "19 22 {}\n", "20 21 {}\n", "20 22 {}\n", "21 23 {}\n", "22 23 {}\n"], "opt_value": 111, "opt_count": 2, "feasible_count": 2704156, "mean_value": 97.3913043478261, "std": 3.276443142362824, "level": 63, "gammas": [-0.10828126966953278, -0.19200314581394196, -0.19788837432861328, -0.18750260770320892, -0.17921122908592224, -0.17924557626247406, -0.17993134260177612, -0.17863890528678894, -0.17855766415596008, -0.17948512732982635, -0.17956195771694183, -0.1793229728937149, -0.17981883883476257, -0.18031176924705505, -0.17994041740894318, -0.17943251132965088, -0.17960835993289948, -0.17972640693187714, -0.17903798818588257, -0.17848704755306244, -0.17863480746746063, -0.17808322608470917, -0.1769096404314041, -0.1775621473789215, -0.1787976622581482, -0.1770939975976944, -0.17732618749141693, -0.18613620102405548, -0.19212929904460907, -0.17434996366500854, -0.1392444372177124, 0.10149925947189331, 0.2151697278022766, 0.22131000459194183, 0.221002459526062, 0.21866442263126373, 0.21391461789608002, 0.21300236880779266, 0.21239174902439117, 0.2128756195306778, 0.2135789841413498, 0.21420107781887054, 0.21460120379924774, 0.21484601497650146, 0.21506668627262115, 0.21531660854816437, 0.2156176120042801, 0.21591919660568237, 0.21619389951229095, 0.21641916036605835, 0.2165873497724533, 0.21672509610652924, 0.21687312424182892, 0.21715936064720154, 0.21765092015266418, 0.2179248183965683, 0.21873264014720917, 0.21276886761188507, 0.22888873517513275, 0.2152731567621231, 0.21230174601078033, 0.2152387946844101, 0.2113533318042755], "betas": [2.783649206161499, 2.649663209915161, 2.495227575302124, 2.3509109020233154, 2.3101303577423096, 2.3350133895874023, 2.339306116104126, 2.337399959564209, 2.351886034011841, 2.363309621810913, 2.3628196716308594, 2.3653481006622314, 2.3741652965545654, 2.3766703605651855, 2.3705694675445557, 2.3679616451263428, 2.369920015335083, 2.364431381225586, 2.353290319442749, 2.349698305130005, 2.347057819366455, 2.3302714824676514, 2.317748785018921, 2.3267486095428467, 2.3169004917144775, 2.2776803970336914, 2.326634407043457, 2.453902244567871, 2.5468602180480957, 2.5384812355041504, -2.2513926029205322, -3.387126922607422, -2.96223521232605, -2.914815664291382, -2.8809454441070557, -2.8591525554656982, -2.842451333999634, -2.8403310775756836, -2.8501358032226562, -2.8638980388641357, -2.875502824783325, -2.8827927112579346, -2.8880279064178467, -2.8919291496276855, -2.8949525356292725, -2.8979928493499756, -2.9016494750976562, -2.905280590057373, -2.908313512802124, -2.9097962379455566, -2.909709930419922, -2.9098238945007324, -2.913518190383911, -2.925532579421997, -2.9509947299957275, -2.981138229370117, -3.0026588439941406, -2.8826653957366943, -2.8619401454925537, -2.899759531021118, -2.931899070739746, -2.9355976581573486, -2.9489660263061523], "predicted_p_opt": 0.011929045513646402, "predicted_tts": 83.82900365800731, "p_opt": 0.008729912239577526, "tts": 114.54868875616485, "approx": 0.88480985756906, "opt_gap": -0.11519014243093995}