{"N": 24, "edgelist": ["0 1 {}\n", "0 2 {}\n", "0 4 {}\n", "0 5 {}\n", "0 6 {}\n", "0 8 {}\n", "0 11 {}\n", "0 20 {}\n", "0 22 {}\n", "1 2 {}\n", "1 4 {}\n", "1 7 {}\n", "1 10 {}\n", "1 11 {}\n", "1 12 {}\n", "1 15 {}\n", "1 17 {}\n", "1 18 {}\n", "1 20 {}\n", "1 21 {}\n", "2 5 {}\n", "2 6 {}\n", "2 9 {}\n", "2 10 {}\n", "2 11 {}\n", "2 12 {}\n", "2 13 {}\n", "2 14 {}\n", "2 15 {}\n", "2 19 {}\n", "2 20 {}\n", "2 21 {}\n", "2 23 {}\n", "3 4 {}\n", "3 8 {}\n", "3 10 {}\n", "3 11 {}\n", "3 14 {}\n", "3 15 {}\n", "3 17 {}\n", "3 18 {}\n", "3 22 {}\n", "3 23 {}\n", "4 8 {}\n", "4 10 {}\n", "4 11 {}\n", "4 13 {}\n", "4 14 {}\n", "4 15 {}\n", "4 16 {}\n", "4 17 {}\n", "4 18 {}\n", "4 20 {}\n", "4 22 {}\n", "5 7 {}\n", "5 8 {}\n", "5 9 {}\n", "5 11 {}\n", "5 12 {}\n", "5 13 {}\n", "5 14 {}\n", "5 15 {}\n", "5 16 {}\n", "5 17 {}\n", "5 18 {}\n", "5 19 {}\n", "5 21 {}\n", "5 22 {}\n", "6 7 {}\n", "6 11 {}\n", "6 13 {}\n", "6 15 {}\n", "6 18 {}\n", "6 19 {}\n", "6 21 {}\n", "6 22 {}\n", "6 23 {}\n", "7 8 {}\n", "7 11 {}\n", "7 12 {}\n", "7 13 {}\n", "7 15 {}\n", "7 17 {}\n", "7 18 {}\n", "7 23 {}\n", "8 11 {}\n", "8 13 {}\n", "8 14 {}\n", "8 17 {}\n", "9 12 {}\n", "9 14 {}\n", "9 23 {}\n", "10 16 {}\n", "10 20 {}\n", "10 23 {}\n", "11 12 {}\n", "11 14 {}\n", "11 17 {}\n", "11 19 {}\n", "11 20 {}\n", "11 21 {}\n", "11 22 {}\n", "11 23 {}\n", "12 14 {}\n", "12 15 {}\n", "12 18 {}\n", "12 21 {}\n", "13 14 {}\n", "13 16 {}\n", "13 17 {}\n", "13 21 {}\n", "14 15 {}\n", "14 18 {}\n", "14 20 {}\n", "15 16 {}\n", "15 17 {}\n", "15 19 {}\n", "15 23 {}\n", "16 19 {}\n", "16 20 {}\n", "17 19 {}\n", "17 20 {}\n", "17 21 {}\n", "17 22 {}\n", "17 23 {}\n", "18 19 {}\n", "18 22 {}\n", "19 21 {}\n", "19 22 {}\n", "20 22 {}\n"], "opt_value": 115, "opt_count": 5, "feasible_count": 2704156, "mean_value": 98.91304347826087, "std": 4.072161671045032, "level": 63, "gammas": [-0.09297510981559753, -0.1719043254852295, -0.187460258603096, -0.19004391133785248, -0.18927538394927979, -0.1876371204853058, -0.18600934743881226, -0.18483063578605652, -0.18423524498939514, -0.18414908647537231, -0.18431061506271362, -0.18446342647075653, -0.18451069295406342, -0.18445654213428497, -0.18424446880817413, -0.18377351760864258, -0.18294665217399597, -0.18191172182559967, -0.18117928504943848, -0.18135756254196167, -0.18261078000068665, -0.18445728719234467, -0.1859942078590393, -0.18576693534851074, -0.182637557387352, -0.16520051658153534, -0.13131411373615265, 0.07751023024320602, 0.17733092606067657, 0.18743982911109924, 0.1862778514623642, 0.18265490233898163, 0.1787322610616684, 0.1765538603067398, 0.17641907930374146, 0.17718888819217682, 0.17778097093105316, 0.17793552577495575, 0.17795071005821228, 0.17812666296958923, 0.17851117253303528, 0.1789795458316803, 0.17941957712173462, 0.17981456220149994, 0.18017955124378204, 0.1805037558078766, 0.18079452216625214, 0.18111395835876465, 0.18156953155994415, 0.18222184479236603, 0.18294136226177216, 0.1834098994731903, 0.18317021429538727, 0.1819305121898651, 0.18081772327423096, 0.1891605705022812, 0.18419766426086426, 0.18383510410785675, 0.18501944839954376, 0.18007804453372955, 0.18680335581302643, 0.18301524221897125, 0.17681074142456055], "betas": [2.9869091510772705, 2.968223810195923, 2.9698874950408936, 2.967305898666382, 2.957282304763794, 2.943218946456909, 2.9308528900146484, 2.9239704608917236, 2.9231255054473877, 2.926487445831299, 2.930903434753418, 2.9339895248413086, 2.9345877170562744, 2.9318313598632812, 2.924478769302368, 2.911104440689087, 2.8916094303131104, 2.8704144954681396, 2.857144832611084, 2.8604068756103516, 2.8793859481811523, 2.90118145942688, 2.9115424156188965, 2.902390718460083, 2.906541347503662, 2.9240975379943848, -1.94212007522583, -3.512829542160034, -2.9998703002929688, -2.934288740158081, -2.875868320465088, -2.807969093322754, -2.7700374126434326, -2.765242576599121, -2.7807979583740234, -2.796671152114868, -2.8041906356811523, -2.8070309162139893, -2.810988426208496, -2.8179357051849365, -2.82654070854187, -2.834502935409546, -2.841073751449585, -2.8472020626068115, -2.852530002593994, -2.8566980361938477, -2.860729455947876, -2.8662705421447754, -2.8755624294281006, -2.889974355697632, -2.9082813262939453, -2.927122116088867, -2.939406633377075, -2.9329235553741455, -2.814143180847168, -2.9482274055480957, -2.9414803981781006, -2.9354052543640137, -3.013685941696167, -2.76816463470459, -2.9186105728149414, -2.9574990272521973, -2.9431569576263428], "predicted_p_opt": 0.029822613784116006, "predicted_tts": 33.531601463202925, "p_opt": 0.021922144955080186, "tts": 45.615974260231425, "approx": 0.8688742195339978, "opt_gap": -0.1311257804660022}