{"N": 18, "edgelist": ["0 1 {}\n", "0 7 {}\n", "0 11 {}\n", "0 13 {}\n", "0 16 {}\n", "0 17 {}\n", "1 3 {}\n", "1 4 {}\n", "1 5 {}\n", "1 7 {}\n", "1 9 {}\n", "1 11 {}\n", "1 13 {}\n", "1 15 {}\n", "1 16 {}\n", "2 4 {}\n", "2 8 {}\n", "2 11 {}\n", "2 13 {}\n", "2 14 {}\n", "2 16 {}\n", "3 5 {}\n", "3 7 {}\n", "3 11 {}\n", "3 12 {}\n", "4 5 {}\n", "4 6 {}\n", "4 7 {}\n", "4 8 {}\n", "4 9 {}\n", "4 11 {}\n", "4 12 {}\n", "4 13 {}\n", "4 14 {}\n", "4 16 {}\n", "5 6 {}\n", "5 9 {}\n", "5 10 {}\n", "5 11 {}\n", "5 12 {}\n", "5 13 {}\n", "5 14 {}\n", "5 15 {}\n", "6 7 {}\n", "6 9 {}\n", "6 13 {}\n", "6 14 {}\n", "6 16 {}\n", "7 8 {}\n", "7 9 {}\n", "7 10 {}\n", "7 11 {}\n", "7 14 {}\n", "7 17 {}\n", "8 9 {}\n", "8 10 {}\n", "8 12 {}\n", "8 15 {}\n", "8 16 {}\n", "8 17 {}\n", "9 11 {}\n", "9 12 {}\n", "9 13 {}\n", "9 14 {}\n", "9 15 {}\n", "9 16 {}\n", "10 11 {}\n", "10 12 {}\n", "10 13 {}\n", "10 14 {}\n", "10 15 {}\n", "10 16 {}\n", "11 13 {}\n", "11 14 {}\n", "11 16 {}\n", "11 17 {}\n", "12 13 {}\n", "12 14 {}\n", "12 16 {}\n", "12 17 {}\n", "13 14 {}\n", "14 16 {}\n", "15 16 {}\n", "15 17 {}\n"], "opt_value": 76, "opt_count": 1, "feasible_count": 48620, "mean_value": 64.23529411764706, "std": 3.0770385259150395, "level": 37, "gammas": [3.1415925456253837, 3.141592557946027, 3.1415925647754306, 3.1415925552327364, 3.1415925470683455, 3.141592554393089, 3.141592566324473, 3.141592541140459, 3.1415925263487967, 3.1415925039208443, 3.1415925004438425, 3.1415924992464754, 3.1415924916543556, 3.141592485964435, 3.1415924405597586, 3.141592317178256, 3.14159212379873, 3.141591825750604, 3.1415914088563794, 3.1415904788034523, 3.1415894122769568, 3.1415885542798327, 3.141588080646165, 3.1415867790730774, 3.1415807932155695, 3.1415791786972895, 3.141574076884247, 3.1415570611696015, 3.141471889633857, 3.1414713909225345, 3.1413250155629067, 3.141356561505996, 3.141056363070588, 3.1407181323519286, 3.141047435695689, 3.1389756509908753, 3.140737909270656], "betas": [3.1415927562968506, 3.1415927532659214, 3.1415927492128155, 3.141592751726053, 3.14159275452976, 3.1415927471602814, 3.1415927496187455, 3.1415927704674114, 3.14159278758177, 3.141592795545659, 3.1415927936144215, 3.141592778901813, 3.141592737273783, 3.141592689163783, 3.141592635411456, 3.1415925442674606, 3.141592385322203, 3.141592089186565, 3.1415914621575802, 3.141590184994189, 3.141589156043821, 3.1415881834703527, 3.141588323532809, 3.1415843970960435, 3.1415810578106216, 3.141577313727282, 3.1415723946945318, 3.1415130772647157, 3.1414595270698418, 3.141435895000482, 3.1413038199490697, 3.141300421989554, 3.1406874530833737, 3.1412439062533077, 3.13976203168304, 3.139611899696474, 3.141392818918868], "predicted_p_opt": 0.11569313039901276, "predicted_tts": 8.643555555555555, "p_opt": 0.11130051049847568, "tts": 8.984684755904112, "approx": 0.8624276269001715, "opt_gap": -0.1375723730998285, "th": -75.9990005493164}