{"edges": [[0, 2], [0, 4], [0, 6], [0, 8], [0, 10], [1, 5], [1, 6], [1, 7], [1, 10], [1, 12], [2, 3], [2, 5], [2, 9], [2, 11], [3, 5], [3, 7], [4, 6], [4, 9], [4, 11], [5, 11], [5, 12], [8, 10], [9, 10], [9, 12]], "num_nodes": 13, "num_colors": 3, "opt_value": 24, "opt_count": 66, "feasible_count": 1594323, "mean_value": 16.0, "std": 2.309401076758503, "level": 12, "gammas": [3.141047477722168, 3.1408119201660156, 3.1408016681671143, 3.140960931777954, 3.141178846359253, 3.1414201259613037, 3.14162015914917, 3.1416916847229004, 3.1415627002716064, 3.141350030899048, 3.1412408351898193, 3.1412792205810547], "betas": [3.1407954692840576, 3.140620708465576, 3.1406772136688232, 3.140847682952881, 3.1410675048828125, 3.14129376411438, 3.1414523124694824, 3.1414458751678467, 3.141266107559204, 3.1411006450653076, 3.1410915851593018, 3.1412017345428467], "predicted_p_opt": 0.02587305081843516, "predicted_tts": 38.650254545454544, "p_opt": 0.011817955436439112, "tts": 84.6170054861293, "approx": 0.9209237840708585, "opt_gap": -0.07907621592914149, "th": -21.971548518687246}