{"N": 22, "edgelist": ["0 1 {}\n", "0 2 {}\n", "0 4 {}\n", "0 5 {}\n", "0 6 {}\n", "0 9 {}\n", "0 10 {}\n", "0 14 {}\n", "0 16 {}\n", "0 17 {}\n", "0 18 {}\n", "1 2 {}\n", "1 3 {}\n", "1 4 {}\n", "1 5 {}\n", "1 6 {}\n", "1 8 {}\n", "1 9 {}\n", "1 10 {}\n", "1 11 {}\n", "1 13 {}\n", "1 14 {}\n", "1 16 {}\n", "1 18 {}\n", "1 19 {}\n", "1 20 {}\n", "1 21 {}\n", "2 3 {}\n", "2 8 {}\n", "2 9 {}\n", "2 10 {}\n", "2 13 {}\n", "2 14 {}\n", "2 16 {}\n", "2 17 {}\n", "2 18 {}\n", "2 19 {}\n", "2 20 {}\n", "3 5 {}\n", "3 6 {}\n", "3 8 {}\n", "3 9 {}\n", "3 17 {}\n", "3 19 {}\n", "3 20 {}\n", "4 6 {}\n", "4 9 {}\n", "4 10 {}\n", "4 11 {}\n", "4 14 {}\n", "4 15 {}\n", "4 16 {}\n", "4 17 {}\n", "4 19 {}\n", "4 20 {}\n", "5 6 {}\n", "5 11 {}\n", "5 12 {}\n", "5 13 {}\n", "5 18 {}\n", "6 10 {}\n", "6 11 {}\n", "6 12 {}\n", "6 16 {}\n", "6 18 {}\n", "6 19 {}\n", "6 20 {}\n", "7 13 {}\n", "7 14 {}\n", "8 12 {}\n", "8 13 {}\n", "8 16 {}\n", "8 17 {}\n", "8 20 {}\n", "8 21 {}\n", "9 11 {}\n", "9 16 {}\n", "9 18 {}\n", "9 19 {}\n", "9 21 {}\n", "10 13 {}\n", "10 16 {}\n", "10 17 {}\n", "10 19 {}\n", "10 21 {}\n", "11 12 {}\n", "11 13 {}\n", "11 18 {}\n", "11 19 {}\n", "11 21 {}\n", "12 13 {}\n", "12 14 {}\n", "12 15 {}\n", "12 18 {}\n", "12 21 {}\n", "13 18 {}\n", "13 21 {}\n", "14 16 {}\n", "14 19 {}\n", "14 20 {}\n", "14 21 {}\n", "15 19 {}\n", "15 21 {}\n", "16 19 {}\n", "17 20 {}\n", "18 19 {}\n", "18 20 {}\n", "18 21 {}\n", "19 21 {}\n"], "opt_value": 97, "opt_count": 7, "feasible_count": 705432, "mean_value": 83.04761904761905, "std": 4.029681616463422, "level": 31, "gammas": [0.08624638661646465, 0.16857155711112973, 0.18476726002827404, 0.20256070914615723, 0.20166804472796104, 0.1997922982969006, 0.19584855238471424, 0.18987123966964572, 0.18380960197240964, 0.18161394083696986, 0.18406644013093462, 0.18753580442528514, 0.18927111947602698, 0.1891522212822471, 0.1882419423467984, 0.18819917002099887, 0.19052521015067264, 0.19508231096740916, 0.20039812757177927, 0.20535687852671908, 0.20958969801917857, 0.21333330338450926, 0.21697031619527155, 0.22077092889345784, 0.22520174738969598, 0.2306292370856005, 0.23681424874701454, 0.24288318395769537, 0.23855456931449176, 0.31274559993485057, 0.3006833202379757], "betas": [-2.7737972907511486, -2.439121623072057, -2.197705857807809, -2.068165384719323, -2.0148317195938628, -1.9499869005602832, -1.8740860619780486, -1.7920291521989955, -1.7330553713657295, -1.7237776942151088, -1.7449146044593264, -1.760245364761861, -1.7557173567671358, -1.7363186340361951, -1.7158872574351718, -1.7103040481546183, -1.726626355360614, -1.7542542534198389, -1.78036997600743, -1.7972935814531514, -1.8036057326622363, -1.8004231353134685, -1.7908314770515807, -1.7755649948554684, -1.7549052347265706, -1.729266729425769, -1.7009584001340288, -1.6956298644817416, -1.5813499146830639, 4.496589299167996, 4.34800517772379], "predicted_p_opt": 0.03938437723267445, "predicted_tts": 25.390778533635675, "p_opt": 0.0003183696390393454, "tts": 3141.0030272277813, "approx": 0.9622959645924194, "opt_gap": -0.037704035407580605}