{"N": 22, "edgelist": ["0 2 {}\n", "0 3 {}\n", "0 5 {}\n", "0 6 {}\n", "0 13 {}\n", "0 16 {}\n", "0 17 {}\n", "0 19 {}\n", "0 20 {}\n", "1 8 {}\n", "1 12 {}\n", "1 15 {}\n", "1 16 {}\n", "1 17 {}\n", "1 19 {}\n", "2 4 {}\n", "2 7 {}\n", "2 9 {}\n", "2 11 {}\n", "2 15 {}\n", "2 16 {}\n", "2 18 {}\n", "2 21 {}\n", "3 4 {}\n", "3 5 {}\n", "3 6 {}\n", "3 7 {}\n", "3 8 {}\n", "3 12 {}\n", "3 13 {}\n", "3 17 {}\n", "3 19 {}\n", "3 20 {}\n", "3 21 {}\n", "4 5 {}\n", "4 6 {}\n", "4 7 {}\n", "4 8 {}\n", "4 9 {}\n", "4 11 {}\n", "4 12 {}\n", "4 15 {}\n", "4 16 {}\n", "4 18 {}\n", "4 19 {}\n", "4 20 {}\n", "4 21 {}\n", "5 10 {}\n", "5 11 {}\n", "5 12 {}\n", "5 13 {}\n", "5 14 {}\n", "5 15 {}\n", "5 17 {}\n", "5 19 {}\n", "5 20 {}\n", "5 21 {}\n", "6 9 {}\n", "6 10 {}\n", "6 12 {}\n", "6 13 {}\n", "6 14 {}\n", "6 15 {}\n", "6 16 {}\n", "6 17 {}\n", "6 19 {}\n", "7 8 {}\n", "7 11 {}\n", "7 15 {}\n", "7 16 {}\n", "7 17 {}\n", "8 11 {}\n", "8 12 {}\n", "8 13 {}\n", "8 18 {}\n", "8 21 {}\n", "9 13 {}\n", "9 17 {}\n", "9 20 {}\n", "9 21 {}\n", "10 11 {}\n", "10 15 {}\n", "10 16 {}\n", "10 18 {}\n", "10 19 {}\n", "10 20 {}\n", "11 14 {}\n", "11 15 {}\n", "11 16 {}\n", "11 17 {}\n", "11 18 {}\n", "11 21 {}\n", "12 14 {}\n", "12 15 {}\n", "12 16 {}\n", "12 18 {}\n", "13 16 {}\n", "13 19 {}\n", "14 16 {}\n", "14 21 {}\n", "15 16 {}\n", "15 17 {}\n", "15 18 {}\n", "15 19 {}\n", "15 21 {}\n", "16 17 {}\n", "16 18 {}\n", "16 21 {}\n", "17 19 {}\n", "17 21 {}\n", "18 19 {}\n", "18 20 {}\n", "18 21 {}\n", "19 20 {}\n"], "opt_value": 101, "opt_count": 4, "feasible_count": 705432, "mean_value": 86.85714285714286, "std": 3.7045853666760515, "level": 31, "gammas": [0.08955388516187668, 0.18034057319164276, 0.20463243126869202, 0.21211844682693481, 0.20634718239307404, 0.1989952027797699, 0.1906733214855194, 0.18726645410060883, 0.18881741166114807, 0.1898689568042755, 0.18837690353393555, 0.186398446559906, 0.18578463792800903, 0.18500851094722748, 0.18259161710739136, 0.18129868805408478, 0.18317066133022308, 0.18451566994190216, 0.1853591948747635, 0.19017532467842102, 0.1962781697511673, 0.19877098500728607, 0.20182743668556213, 0.2124611884355545, 0.22723042964935303, 0.24021928012371063, 0.25091543793678284, 0.26156964898109436, 0.2564484775066376, 0.3066220283508301, 0.27829670906066895], "betas": [-2.831338882446289, -2.5466365814208984, -2.291051149368286, -2.207691192626953, -2.094119071960449, -1.9721277952194214, -1.8825602531433105, -1.8586255311965942, -1.8603038787841797, -1.8429269790649414, -1.8085224628448486, -1.7808738946914673, -1.7622196674346924, -1.7314804792404175, -1.6931065320968628, -1.6808233261108398, -1.6836857795715332, -1.6721551418304443, -1.6755996942520142, -1.710852861404419, -1.7271158695220947, -1.7154308557510376, -1.7386924028396606, -1.815906047821045, -1.890520453453064, -1.9306517839431763, -1.940028429031372, -1.9472166299819946, -2.183342218399048, -2.0350558757781982, -1.9408586025238037], "predicted_p_opt": 0.02250535841867111, "predicted_tts": 44.43386243386244, "p_opt": 0.00016601757670287043, "tts": 6023.45859914428, "approx": 0.9633474946022034, "opt_gap": -0.03665250539779663}