{"N": 18, "edgelist": ["0 1 {}\n", "0 2 {}\n", "0 4 {}\n", "0 5 {}\n", "0 6 {}\n", "0 8 {}\n", "0 11 {}\n", "1 2 {}\n", "1 4 {}\n", "1 7 {}\n", "1 10 {}\n", "1 11 {}\n", "1 12 {}\n", "1 15 {}\n", "1 17 {}\n", "2 5 {}\n", "2 6 {}\n", "2 9 {}\n", "2 10 {}\n", "2 11 {}\n", "2 12 {}\n", "2 13 {}\n", "2 14 {}\n", "2 15 {}\n", "3 4 {}\n", "3 8 {}\n", "3 10 {}\n", "3 11 {}\n", "3 14 {}\n", "3 15 {}\n", "3 17 {}\n", "4 8 {}\n", "4 10 {}\n", "4 11 {}\n", "4 13 {}\n", "4 14 {}\n", "4 15 {}\n", "4 16 {}\n", "4 17 {}\n", "5 7 {}\n", "5 8 {}\n", "5 9 {}\n", "5 11 {}\n", "5 12 {}\n", "5 13 {}\n", "5 14 {}\n", "5 15 {}\n", "5 16 {}\n", "5 17 {}\n", "6 7 {}\n", "6 11 {}\n", "6 13 {}\n", "6 15 {}\n", "7 8 {}\n", "7 11 {}\n", "7 12 {}\n", "7 13 {}\n", "7 15 {}\n", "7 17 {}\n", "8 11 {}\n", "8 13 {}\n", "8 14 {}\n", "8 17 {}\n", "9 12 {}\n", "9 14 {}\n", "10 16 {}\n", "11 12 {}\n", "11 14 {}\n", "11 17 {}\n", "12 14 {}\n", "12 15 {}\n", "13 14 {}\n", "13 16 {}\n", "13 17 {}\n", "14 15 {}\n", "15 16 {}\n", "15 17 {}\n"], "opt_value": 69, "opt_count": 7, "feasible_count": 48620, "mean_value": 58.88235294117647, "std": 3.0045524858351884, "level": 55, "gammas": [3.1415925196224572, 3.141592521999302, 3.14159260018384, 3.1415926431123227, 3.1415926878628713, 3.141592681545304, 3.141592678391895, 3.1415926753416583, 3.141592636702156, 3.1415926068572224, 3.14159259176484, 3.1415925664151776, 3.141592558681191, 3.141592545629512, 3.1415925219689105, 3.14159249002837, 3.141592420704503, 3.141592344206468, 3.1415922516928902, 3.1415918812077415, 3.1415914156310096, 3.1415909026572493, 3.1415903312873326, 3.141587500204422, 3.1415819524557946, 3.141579506878456, 3.1415775300475373, 3.1415690757515695, 3.1415332784474477, 3.141508608603716, 3.141450761464574, 3.14143256293091, 3.1413887953914132, 3.141360979124898, 3.1414287365620712, 3.1414259939943756, 3.1409863062946304, 3.140563842776348, 3.1407637421111523, 3.1407453068141393, 3.140878727378221, 3.139815363776268, 3.140116552336979, 3.1397845508518247, 3.1392181263666763, 3.1342820690963906, 3.136853628727804, 3.1367068117493004, 3.137807593041379, 3.128228341698493, 3.131523077492044, 3.119876462217261, 3.1355371251996003, 3.118521797801164, 3.1128951873546398], "betas": [3.141592914697817, 3.141592731597559, 3.1415926858008287, 3.141592654684689, 3.141592634580492, 3.1415926300994323, 3.1415926403647743, 3.141592650568843, 3.1415926738682844, 3.1415927046399945, 3.1415927261830037, 3.1415927435142694, 3.1415927521638065, 3.1415927403890773, 3.141592699014187, 3.1415926149888382, 3.1415924884972752, 3.1415923608077376, 3.1415920934403507, 3.1415915642727525, 3.1415910673682914, 3.14159052102772, 3.1415893598400757, 3.141584503737681, 3.141580482251863, 3.1415784352486273, 3.1415764135604647, 3.1415529974444087, 3.141520721810651, 3.141484807711371, 3.141431973776845, 3.141426092732387, 3.141352345910294, 3.141402871450903, 3.1414361991216855, 3.141298006432095, 3.140655484620499, 3.140688259565745, 3.1407035256982168, 3.1409351855553735, 3.140335023872436, 3.139871412925138, 3.139932847691757, 3.140038591156653, 3.136570474039406, 3.134831196632937, 3.1373755137708113, 3.1370768109667044, 3.134189923326265, 3.1285744537582016, 3.1266406096670782, 3.1244837852753795, 3.1349036429943884, 3.1057440724338545, 3.1297619640785044], "predicted_p_opt": 1.7738996297819827, "predicted_tts": 0.5637297529189421, "p_opt": 0.944007533178926, "tts": 1.0593135805098084, "approx": 0.9917887148179205, "opt_gap": -0.008211285182079475, "th": -68.9990005493164}