{"N": 18, "edgelist": ["0 4 {}\n", "0 6 {}\n", "0 8 {}\n", "0 9 {}\n", "0 11 {}\n", "0 13 {}\n", "0 15 {}\n", "1 8 {}\n", "1 9 {}\n", "1 14 {}\n", "1 17 {}\n", "2 3 {}\n", "2 4 {}\n", "2 8 {}\n", "2 9 {}\n", "2 10 {}\n", "2 12 {}\n", "2 13 {}\n", "2 14 {}\n", "2 15 {}\n", "2 16 {}\n", "3 4 {}\n", "3 8 {}\n", "3 9 {}\n", "3 14 {}\n", "3 16 {}\n", "4 5 {}\n", "4 6 {}\n", "4 9 {}\n", "4 12 {}\n", "4 14 {}\n", "4 17 {}\n", "5 6 {}\n", "5 8 {}\n", "5 11 {}\n", "5 12 {}\n", "5 13 {}\n", "5 14 {}\n", "5 15 {}\n", "6 8 {}\n", "6 10 {}\n", "6 14 {}\n", "6 15 {}\n", "7 8 {}\n", "7 9 {}\n", "7 11 {}\n", "7 12 {}\n", "7 13 {}\n", "8 9 {}\n", "8 13 {}\n", "8 14 {}\n", "8 16 {}\n", "8 17 {}\n", "9 11 {}\n", "9 12 {}\n", "9 13 {}\n", "9 14 {}\n", "10 12 {}\n", "10 13 {}\n", "10 17 {}\n", "11 12 {}\n", "11 14 {}\n", "11 15 {}\n", "11 16 {}\n", "12 13 {}\n", "12 14 {}\n", "12 16 {}\n", "12 17 {}\n", "13 17 {}\n", "14 15 {}\n", "14 16 {}\n", "15 17 {}\n", "16 17 {}\n"], "opt_value": 67, "opt_count": 1, "feasible_count": 48620, "mean_value": 55.8235294117647, "std": 2.9552603969601106, "level": 55, "gammas": [3.1415925862548404, 3.1415926376094596, 3.1415926392826634, 3.1415926364424407, 3.14159264312958, 3.1415926366203277, 3.141592649394174, 3.141592657396974, 3.141592651476339, 3.1415926445595628, 3.1415926260796887, 3.1415926160298655, 3.1415926004787162, 3.141592581136128, 3.1415925718982636, 3.141592575025726, 3.141592581476765, 3.1415926044448055, 3.1415925966836027, 3.1415925829913895, 3.1415925534423943, 3.1415925084076934, 3.141592393591405, 3.1415921450019355, 3.1415918169531576, 3.1415914245817524, 3.141590953859525, 3.141589498204356, 3.1415872743966506, 3.1415838934086837, 3.1415775171793454, 3.1415756306299185, 3.141574076317776, 3.1415720334497736, 3.14156725781921, 3.1415619023534136, 3.1415532657070635, 3.141543934002666, 3.1414937280510555, 3.1414655467222827, 3.14139937859676, 3.141372361042754, 3.1413940475201225, 3.1414230438968525, 3.1414667193411194, 3.141489554471994, 3.1408504656116047, 3.140431010133014, 3.1402798631034994, 3.1400829269836565, 3.1393187217012994, 3.136922841131545, 3.137726599365999, 3.129801654247349, 3.137949029529704], "betas": [3.141592689777616, 3.1415926670916963, 3.1415926649651906, 3.1415926680898467, 3.1415926685689017, 3.1415926641179923, 3.141592658434029, 3.1415926536921526, 3.141592658211244, 3.1415926709621993, 3.141592683983372, 3.1415926964003233, 3.1415927055809196, 3.1415927053351407, 3.141592694347851, 3.1415926775428935, 3.141592661034992, 3.141592641819846, 3.1415926038666933, 3.141592559718478, 3.1415925163743808, 3.1415924597690887, 3.1415923224678277, 3.141592051074886, 3.1415917334862278, 3.1415913242585862, 3.1415905187925195, 3.1415883781900935, 3.1415860283814596, 3.141580530265305, 3.141575789399607, 3.1415750610748616, 3.1415730058338656, 3.1415702093197355, 3.141565014329916, 3.1415578435344917, 3.1415513714819356, 3.1415227302573614, 3.1414747941858088, 3.1414410290447523, 3.141367826881162, 3.141390683053634, 3.141397274859519, 3.1414613339078463, 3.1414826042125106, 3.141295135866153, 3.1404351008638303, 3.1405711848177247, 3.139916110536183, 3.1403371732337177, 3.137148735104464, 3.138887838771719, 3.1324673153847074, 3.1330112854985623, 3.1407400470573785], "predicted_p_opt": 0.2534142328259975, "predicted_tts": 3.946108270432595, "p_opt": 0.23271966018381923, "tts": 4.297015556013299, "approx": 0.8720051140203584, "opt_gap": -0.1279948859796416, "th": -66.9990005493164}