{"edges": [[7, 17], [7, 13], [7, 2], [17, 0], [17, 6], [4, 12], [4, 14], [4, 16], [12, 15], [12, 5], [3, 10], [3, 11], [3, 2], [10, 15], [10, 16], [14, 16], [14, 1], [5, 13], [5, 8], [13, 0], [8, 9], [8, 1], [9, 11], [9, 0], [11, 6], [15, 1], [6, 2]], "num_nodes": 18, "opt_value": 24, "opt_count": 2, "feasible_count": 262144, "mean_value": 13.5, "std": 2.598076211353316, "level": 13, "gammas": [0.1296805590391159, 0.2598726153373718, 0.2894698977470398, 0.29162606596946716, 0.28298497200012207, 0.27276912331581116, 0.2763086259365082, 0.29451343417167664, 0.31261345744132996, 0.3276352882385254, 0.3429175019264221, 0.363379567861557, 0.3970893919467926], "betas": [-2.5240347385406494, -2.206634521484375, -2.0227105617523193, -1.8752449750900269, -1.7332134246826172, -1.6429460048675537, -1.6593520641326904, -1.7088911533355713, -1.7231756448745728, -1.702163815498352, -1.6453337669372559, -1.5326306819915771, -1.2646639347076416], "predicted_p_opt": 0.00556182861328125, "predicted_tts": 179.79698216735252, "p_opt": 0.00012404518201947212, "tts": 8061.578722525668, "approx": 0.8262546062469482, "opt_gap": -0.17374539375305176}