{"N": 24, "edgelist": ["0 1 {}\n", "0 2 {}\n", "0 3 {}\n", "0 4 {}\n", "0 5 {}\n", "0 10 {}\n", "0 12 {}\n", "0 14 {}\n", "0 15 {}\n", "0 16 {}\n", "0 18 {}\n", "0 19 {}\n", "0 22 {}\n", "1 2 {}\n", "1 3 {}\n", "1 4 {}\n", "1 5 {}\n", "1 8 {}\n", "1 11 {}\n", "1 13 {}\n", "1 14 {}\n", "1 16 {}\n", "1 17 {}\n", "1 18 {}\n", "1 20 {}\n", "1 21 {}\n", "1 23 {}\n", "2 3 {}\n", "2 4 {}\n", "2 6 {}\n", "2 7 {}\n", "2 9 {}\n", "2 12 {}\n", "2 13 {}\n", "2 14 {}\n", "2 15 {}\n", "2 20 {}\n", "2 21 {}\n", "2 22 {}\n", "3 5 {}\n", "3 10 {}\n", "3 11 {}\n", "3 14 {}\n", "3 16 {}\n", "3 17 {}\n", "3 18 {}\n", "3 19 {}\n", "3 22 {}\n", "4 5 {}\n", "4 6 {}\n", "4 7 {}\n", "4 10 {}\n", "4 12 {}\n", "4 13 {}\n", "4 14 {}\n", "4 15 {}\n", "4 19 {}\n", "4 20 {}\n", "4 21 {}\n", "4 23 {}\n", "5 6 {}\n", "5 7 {}\n", "5 8 {}\n", "5 10 {}\n", "5 12 {}\n", "5 13 {}\n", "5 15 {}\n", "5 16 {}\n", "5 17 {}\n", "6 7 {}\n", "6 8 {}\n", "6 11 {}\n", "6 13 {}\n", "6 15 {}\n", "6 16 {}\n", "6 17 {}\n", "6 18 {}\n", "6 21 {}\n", "7 8 {}\n", "7 9 {}\n", "7 15 {}\n", "7 16 {}\n", "7 17 {}\n", "7 19 {}\n", "7 20 {}\n", "7 22 {}\n", "7 23 {}\n", "8 9 {}\n", "8 11 {}\n", "8 13 {}\n", "8 14 {}\n", "8 16 {}\n", "8 17 {}\n", "8 19 {}\n", "8 21 {}\n", "8 22 {}\n", "8 23 {}\n", "9 10 {}\n", "9 12 {}\n", "9 13 {}\n", "9 15 {}\n", "9 16 {}\n", "9 20 {}\n", "9 22 {}\n", "9 23 {}\n", "10 13 {}\n", "10 14 {}\n", "10 15 {}\n", "10 18 {}\n", "10 20 {}\n", "10 21 {}\n", "10 22 {}\n", "11 14 {}\n", "11 18 {}\n", "11 19 {}\n", "11 20 {}\n", "12 18 {}\n", "12 19 {}\n", "12 22 {}\n", "12 23 {}\n", "13 18 {}\n", "13 19 {}\n", "13 21 {}\n", "13 22 {}\n", "14 17 {}\n", "14 19 {}\n", "15 16 {}\n", "15 18 {}\n", "15 20 {}\n", "15 21 {}\n", "15 22 {}\n", "16 18 {}\n", "16 19 {}\n", "16 20 {}\n", "18 22 {}\n", "19 21 {}\n", "20 23 {}\n", "21 23 {}\n"], "opt_value": 119, "opt_count": 14, "feasible_count": 2704156, "mean_value": 105.0, "std": 3.3612700941701683, "level": 18, "gammas": [0.29290458457263263, -0.3997100975695685, -0.20744361428362337, -0.2385702336550251, -0.25011560995121934, -0.25510523924091816, -0.2577217627591537, -0.2595419538216021, -0.26131507308500174, -0.26336621659105336, -0.26584595599635574, -0.26885632597956427, -0.272534785820817, -0.2771265349761936, -0.28300108055657736, 5.992270768979454, 5.980770629922272, 5.961605877906536], "betas": [-0.15941465506492564, 2.4901381621826686, 2.3922952400723987, 2.3517773309747128, 2.3232304543805746, 2.299003575749098, 2.2761486203174925, 2.252657782882323, 2.227205080991418, 2.198699252589732, 2.165699293194474, 2.1269621757708124, 2.0797640613947967, 2.0196938784740373, 1.9400127057240868, 1.8271736186592138, 1.6497465787648709, 1.3038303092023094], "predicted_p_opt": 0.007087608850968657, "predicted_tts": 141.09130752373997, "p_opt": 8.146540096025775e-05, "tts": 12275.14979626556, "approx": 0.9560784437079691, "opt_gap": -0.04392155629203087}