{"edges": [[0, 1], [0, 7], [0, 8], [0, 9], [1, 4], [1, 7], [1, 9], [1, 11], [2, 5], [2, 7], [2, 8], [3, 4], [3, 5], [3, 6], [3, 7], [4, 5], [4, 7], [4, 8], [4, 9], [4, 10], [4, 11], [6, 9], [8, 9], [8, 11], [9, 10], [10, 11]], "num_nodes": 12, "num_colors": 3, "opt_value": 26, "opt_count": 6, "feasible_count": 531441, "mean_value": 17.333333333333332, "std": 2.4037008503093262, "level": 67, "gammas": [3.1415926731008046, 3.1415926857112346, 3.1415927217358157, 3.1415927393815166, 3.141592740272439, 3.141592745367668, 3.1415927479841383, 3.141592760688058, 3.1415927482675112, 3.1415927499418608, 3.141592755116786, 3.1415927542302327, 3.141592750445489, 3.141592757897547, 3.141592750753276, 3.1415927442203557, 3.1415927447403282, 3.1415927438200666, 3.141592738089716, 3.1415927248840774, 3.1415927269464197, 3.141592721259682, 3.1415927019691465, 3.1415926383826567, 3.141592575211892, 3.1415925733938224, 3.1415925590449656, 3.141592135467823, 3.141591410795738, 3.1415906339185766, 3.14158976661401, 3.141589352050039, 3.1415891768125292, 3.1415889254428224, 3.1415882707155713, 3.141585766183168, 3.1415807237367477, 3.1415759077350085, 3.1415672140855113, 3.141561381663742, 3.1415555307481697, 3.1415516039398144, 3.1415407482899775, 3.141530679368714, 3.1414953746646863, 3.1414826728517666, 3.1415139840268584, 3.1415218547335475, 3.141463867633372, 3.1414266712976935, 3.1413542100572185, 3.1413122948198224, 3.141161912203372, 3.1410683114523965, 3.141086362760704, 3.1410493298935647, 3.1407148331318173, 3.1404958173787945, 3.1404222027305586, 3.139888585343246, 3.140436125247089, 3.140495119145423, 3.139957834359229, 3.1354955512051474, 3.138033619921374, 3.1282876422211503, 3.1365861394535406], "betas": [3.1415926170070922, 3.1415925964916376, 3.1415925762470027, 3.1415925674490732, 3.141592567532554, 3.1415925635327895, 3.1415925588405424, 3.1415925566187184, 3.1415925514520335, 3.1415925485977767, 3.1415925492362486, 3.141592552438919, 3.1415925574751222, 3.141592559046259, 3.141592557098595, 3.141592557273953, 3.141592560969662, 3.1415925570626526, 3.141592538071718, 3.1415925208204243, 3.1415925150355317, 3.141592505721003, 3.1415924675208613, 3.141592398469978, 3.141592362885286, 3.141592384853154, 3.141592203034025, 3.1415915832606203, 3.14159085199962, 3.1415899773675546, 3.1415893168829743, 3.1415890699237785, 3.1415888939286094, 3.1415884675800987, 3.141587244527024, 3.1415830165188305, 3.14157832597235, 3.1415715583258113, 3.141563526643027, 3.141558336803416, 3.1415534008956802, 3.1415468254464565, 3.1415360482824437, 3.1415167359875267, 3.141480030996942, 3.141497934451357, 3.1415233778247766, 3.1414996363692307, 3.1414369958957207, 3.1414020060210794, 3.1413190704869947, 3.1412724059048043, 3.141064615193968, 3.141113085409208, 3.1410394330854703, 3.1409852044096875, 3.1404445589577286, 3.140630715026078, 3.139994924948007, 3.1402576538975278, 3.140288331993364, 3.1408606850940703, 3.137127206314387, 3.1375499158349824, 3.132779864722767, 3.130743415211845, 3.140346175169702], "predicted_p_opt": 0.205761316872428, "predicted_tts": 4.859999999999999, "p_opt": 0.19203084480551913, "tts": 5.207496748830942, "approx": 0.7306739476496732, "opt_gap": -0.2693260523503268, "th": -25.999000549316406}