{"edges": [[0, 1], [0, 7], [0, 9], [1, 9], [2, 5], [2, 6], [2, 7], [2, 8], [2, 9], [2, 10], [3, 5], [3, 6], [3, 9], [4, 8], [4, 9], [5, 9], [5, 11], [6, 8], [7, 10], [7, 11], [9, 10], [10, 11]], "num_nodes": 12, "num_colors": 3, "opt_value": 22, "opt_count": 36, "feasible_count": 531441, "mean_value": 14.666666666666666, "std": 2.211083193570267, "level": 67, "gammas": [3.1415924128622073, 3.141592497903583, 3.1415925480924525, 3.1415925850820234, 3.141592588185636, 3.1415925897858363, 3.1415925769248503, 3.1415925801961615, 3.141592582199619, 3.141592586967667, 3.1415925866397796, 3.1415926037354525, 3.1415926041348037, 3.141592603564565, 3.1415926040708175, 3.141592594444883, 3.141592587822085, 3.1415925740472104, 3.1415925489391827, 3.141592501291419, 3.141592450782806, 3.1415923717387826, 3.1415923072939926, 3.141592173665289, 3.1415919560300294, 3.1415915520124176, 3.141591024537086, 3.141589928253001, 3.1415880890147454, 3.1415859405695286, 3.1415832191867317, 3.141577798467015, 3.141564319849893, 3.1415552409521394, 3.141542833957213, 3.1415374369312214, 3.141516831416853, 3.141503503986198, 3.141529540905739, 3.1415374307723902, 3.1414476533886195, 3.14137675013689, 3.141288231678133, 3.141212908467976, 3.1412894695279863, 3.1412782286487775, 3.1413195172819375, 3.1413213874796186, 3.1412591130945002, 3.140911413078853, 3.140605271748062, 3.1399686332473458, 3.1404732484397915, 3.1403721627358814, 3.140465387639834, 3.1401641388199817, 3.1402290257141967, 3.1383278075816046, 3.1379010421528366, 3.133049766032209, 3.136870725973825, 3.136855453449205, 3.1388655269834147, 3.1299852861262307, 3.131671514580501, 3.109868474683975, 3.126533954699606], "betas": [3.1415928455485798, 3.141592773441283, 3.1415927339104313, 3.1415927197803177, 3.1415927213986987, 3.1415927254168587, 3.141592726118973, 3.141592726809909, 3.14159273135779, 3.1415927218635815, 3.1415927105088484, 3.141592709159599, 3.141592703855925, 3.1415926978842217, 3.1415926984134823, 3.1415927034978846, 3.1415927037663174, 3.141592694657245, 3.1415926738218287, 3.141592641239774, 3.1415925837619767, 3.1415925168948995, 3.1415924202254604, 3.141592232242649, 3.141591924541695, 3.1415914156415385, 3.1415907154438876, 3.141589091290525, 3.141587206100772, 3.141584574231557, 3.141581585274018, 3.1415714300126916, 3.1415593542840647, 3.1415496546446224, 3.1415392578736405, 3.1415311619177473, 3.141504302951333, 3.141515020648387, 3.141540796964741, 3.1415051137233365, 3.141398562244309, 3.1413508098293548, 3.1412212171545324, 3.141257459928606, 3.141281244838775, 3.1413040245840795, 3.141308775089903, 3.141344867450168, 3.1410612469297274, 3.140836570605189, 3.14019417162925, 3.1401698831332485, 3.14049403840888, 3.1403981481460157, 3.140294524787015, 3.1403535072073985, 3.1392062883889738, 3.1384603654779837, 3.135351182591712, 3.133993796085137, 3.137973876546382, 3.1367075110079314, 3.1370117942263054, 3.1291216990373414, 3.12258931576417, 3.1123723148612443, 3.137427388879608], "predicted_p_opt": 1.2345679012345678, "predicted_tts": 0.81, "p_opt": 0.8031676671749137, "tts": 1.2450700406272954, "approx": 0.9343848101125563, "opt_gap": -0.06561518988744375, "th": -21.999000549316406}