{"edges": [[0, 2], [0, 4], [0, 6], [0, 8], [0, 10], [1, 5], [1, 6], [1, 7], [1, 10], [1, 12], [2, 3], [2, 5], [2, 9], [2, 11], [3, 5], [3, 7], [4, 6], [4, 9], [4, 11], [5, 11], [5, 12], [8, 10], [9, 10], [9, 12]], "num_nodes": 13, "num_colors": 3, "opt_value": 24, "opt_count": 66, "feasible_count": 1594323, "mean_value": 16.0, "std": 2.309401076758503, "level": 39, "gammas": [0.4205510244994338, 0.27826693218105836, 0.1495608983716096, 0.24144725201835535, 0.40263444098587264, 0.30675531313650106, 0.3011080682660905, 0.19630980505676818, 0.28162400905100055, 0.3357406861944006, 0.35196129417321315, 0.246439992085221, 0.2617369133979819, 0.3444545631996969, 0.2580546956450986, 0.5240251045949798, 0.5849343542027569, 0.5090864506574387, 0.11514911117923898, 0.3558859488477544, 0.4156404014968863, 0.3143774960804996, 0.41343369236483796, 0.33232587907499167, 0.35629127620314976, 0.3645353459534818, 0.3656340194288701, 0.37591386198002363, 0.4136701532666928, 0.4638732590423639, 0.8761520337670436, 5.232706820092064, 0.7971536989558711, 0.4391122277763424, 0.5042395184289636, 0.5448812274900877, 0.4925903795277033, 0.44020609854471354, 0.3903586060339717], "betas": [-2.0839268822061623, -1.6218221184324302, -1.4110865715147238, -2.1185284113590486, -1.746740863208484, -2.2540558906673254, -1.2367899997292073, -0.9722314777086378, -1.83537851295691, -1.9232490473650714, -1.7438310016298688, -0.9664625032546744, -1.768364532524221, -1.1988658303198403, -1.6163408290790064, -1.8236374379690434, -1.0753295267770957, -0.575389863891538, -3.5892614029072107, 3.136996196085354, 3.863048732627222, 3.6090305888890786, 4.498491582087297, 4.029692123932039, 4.339976497574103, 4.239221675665577, 4.200323947754306, 4.00118475789207, 3.5414006585984046, 1.4199552809383988, -2.894045207110953, -3.867665407605998, -2.750030346413987, -1.6442408882671278, 4.421943228041262, 4.077915179105958, 3.723180011054574, 3.8065951679406362, 3.701755265870894], "predicted_p_opt": 0.25835793625256614, "predicted_tts": 3.8705991172743293, "p_opt": 0.0030542238439917476, "tts": 327.41542567916053, "approx": 0.922205099374035, "opt_gap": -0.07779490062596495}