{"edges": [[0, 6], [0, 7], [0, 8], [0, 10], [0, 13], [0, 16], [1, 2], [1, 3], [1, 11], [1, 15], [1, 16], [2, 8], [2, 9], [2, 13], [2, 15], [2, 16], [3, 6], [3, 7], [3, 12], [3, 15], [4, 8], [4, 9], [4, 14], [4, 16], [5, 8], [5, 9], [5, 11], [6, 7], [6, 12], [6, 14], [6, 15], [8, 14], [8, 16], [9, 11], [11, 12], [12, 13]], "num_nodes": 17, "num_colors": 3, "opt_value": 36, "opt_count": 12, "feasible_count": 129140163, "mean_value": 24.0, "std": 2.8284271247461903, "level": 7, "gammas": [3.1414243180863526, 3.14126620335582, 3.141303641678428, 3.140707341834196, 3.1417495302816, 2.340748835216891, 2.6021272484279097], "betas": [3.141745118783719, 3.141730938834437, 3.1417749274608298, 3.142246448932139, 3.127245929614404, 1.5973202168643283, 0.0], "predicted_p_opt": 2.0907515812876896e-05, "predicted_tts": 47829.69, "p_opt": 5.849863091788932e-06, "tts": 170944.1715659353, "approx": 0.8435258987711882, "opt_gap": -0.15647410122881178, "th": -29.999366934531643}