{
  "locs": [
    [
      0.4,
      0.27
    ],
    [
      0.63,
      0.58
    ],
    [
      0.2,
      0.7
    ],
    [
      0.47,
      0.49
    ],
    [
      0.51,
      0.05
    ],
    [
      0.31,
      0.61
    ],
    [
      0.84,
      0.6
    ],
    [
      0.44,
      0.84
    ],
    [
      0.81,
      0.72
    ],
    [
      0.47,
      0.49
    ],
    [
      0.66,
      0.21
    ]
  ],
  "opt_value": 2.410959005355835,
  "opt_count": 4,
  "feasible_count": 3628800,
  "mean_value": 4.433103561401367,
  "std": 0.4343842566013336,
  "level": 1,
  "gammas": [
    -1.3245035409927368
  ],
  "betas": [
    2.894214630126953
  ],
  "predicted_p_opt": 9.92063492063492e-06,
  "predicted_tts": 100800,
  "p_opt": 7.723223461653106e-06,
  "tts": 129479.61495159904,
  "approx": 1.7746566534042358,
  "opt_gap": 0.7746566534042358
}
