{"edges": [[6, 12], [6, 22], [6, 0], [12, 4], [12, 2], [16, 20], [16, 5], [16, 21], [20, 26], [20, 11], [4, 9], [4, 17], [9, 10], [9, 18], [26, 3], [26, 5], [5, 0], [0, 11], [17, 24], [17, 23], [24, 14], [24, 7], [19, 21], [19, 7], [19, 15], [21, 10], [10, 18], [18, 22], [11, 3], [8, 27], [8, 23], [8, 25], [27, 14], [27, 7], [15, 23], [15, 3], [22, 13], [14, 1], [1, 13], [1, 25], [2, 13], [2, 25]], "num_nodes": 28, "distribution": [[0, 2], [14, 16], [11, 4], [23, 70], [13, 8], [27, 154], [22, 64], [34, 664], [28, 182], [35, 820], [25, 102], [39, 1824], [32, 456], [44, 4686], [26, 144], [33, 584], [37, 1268], [42, 3092], [38, 1452], [43, 3892], [47, 8408], [40, 2180], [50, 14490], [45, 5796], [41, 2734], [46, 6958], [52, 20460], [55, 36212], [36, 1028], [48, 9772], [51, 17246], [49, 12196], [58, 62208], [59, 73676], [56, 43156], [54, 30064], [57, 51718], [62, 126234], [60, 88296], [64, 181304], [67, 310422], [53, 24822], [63, 151368], [66, 261300], [70, 532694], [61, 105078], [71, 638970], [15, 4], [24, 92], [73, 929334], [74, 1119074], [69, 443812], [77, 2006892], [68, 369756], [76, 1646918], [18, 26], [30, 312], [29, 214], [65, 216186], [72, 771464], [78, 2457698], [79, 3023970], [75, 1355190], [83, 6895308], [84, 8367550], [80, 3719150], [81, 4585406], [85, 10031654], [16, 12], [31, 382], [82, 5638772], [89, 16805706], [88, 15358890], [87, 13641778], [86, 11813774], [91, 18371958], [92, 18270932], [90, 17862532], [93, 17544086], [10, 4], [21, 40], [12, 6], [95, 14526614], [94, 16258454], [96, 12504600], [97, 10377076], [98, 8281552], [99, 6360682], [100, 4704822], [101, 3341714], [102, 2281822], [103, 1495354], [8, 8], [20, 44], [19, 24], [105, 569982], [104, 939930], [17, 8], [107, 182390], [106, 329874], [109, 50174], [108, 97708], [110, 24664], [112, 5368], [111, 11814], [113, 2248], [114, 924], [115, 330], [117, 26], [116, 92], [118, 2]], "opt_value": 118, "opt_count": 2, "feasible_count": 268435456, "mean_value": 90.0, "std": 6.708203932499369, "level": 7, "gammas": [0.04521103948354721, 0.08656725287437439, 0.09860073029994965, 0.10584230720996857, 0.11310532689094543, 0.12323268502950668, 0.14437052607536316], "betas": [1.8687797784805298, 1.3763773441314697, 1.191691279411316, 1.1058582067489624, 1.0525155067443848, 1.0035184621810913, 0.9387648105621338], "predicted_p_opt": 1.6763806343078613e-06, "predicted_tts": 596523.2355555556, "p_opt": 5.9140941033319905e-08, "tts": 16908760.37019096, "approx": 0.8533554077148438}