{"edges": [[12, 16], [12, 4], [12, 1], [16, 10], [16, 17], [4, 6], [4, 14], [6, 3], [6, 0], [5, 19], [5, 3], [5, 14], [19, 13], [19, 10], [9, 17], [9, 3], [9, 2], [17, 8], [0, 11], [0, 7], [11, 15], [11, 7], [2, 8], [2, 18], [8, 13], [1, 18], [1, 14], [18, 15], [7, 15], [13, 10]], "num_nodes": 20, "opt_value": 26, "opt_count": 6, "feasible_count": 1048576, "mean_value": 15.0, "std": 2.7386127875258306, "level": 16, "gammas": [3.141564130783081, 3.1414577960968018, 3.1413087844848633, 3.141258955001831, 3.1412885189056396, 3.141305446624756, 3.141254425048828, 3.141136646270752, 3.1409597396850586, 3.1407291889190674, 3.1404905319213867, 3.1403753757476807, 3.1404807567596436, 3.1407837867736816, 3.141188859939575, 3.141488552093506], "betas": [3.1415233612060547, 3.1413800716400146, 3.1412694454193115, 3.1412689685821533, 3.1413004398345947, 3.1412906646728516, 3.1412041187286377, 3.141056776046753, 3.1408491134643555, 3.140604257583618, 3.140408992767334, 3.1403989791870117, 3.1406116485595703, 3.1409823894500732, 3.1413638591766357, 3.1415555477142334], "predicted_p_opt": 0.0062313079833984375, "predicted_tts": 160.47995102540557, "p_opt": 0.0029263603943096347, "tts": 341.72140996184874, "approx": 0.889697339185637, "opt_gap": -0.11030266081436302, "th": -22.97780528352367}