{"N": 20, "edgelist": ["0 1 {}\n", "0 2 {}\n", "0 4 {}\n", "0 5 {}\n", "0 6 {}\n", "0 9 {}\n", "0 10 {}\n", "0 14 {}\n", "0 16 {}\n", "0 17 {}\n", "0 18 {}\n", "1 2 {}\n", "1 3 {}\n", "1 4 {}\n", "1 5 {}\n", "1 6 {}\n", "1 8 {}\n", "1 9 {}\n", "1 10 {}\n", "1 11 {}\n", "1 13 {}\n", "1 14 {}\n", "1 16 {}\n", "1 18 {}\n", "1 19 {}\n", "2 3 {}\n", "2 8 {}\n", "2 9 {}\n", "2 10 {}\n", "2 13 {}\n", "2 14 {}\n", "2 16 {}\n", "2 17 {}\n", "2 18 {}\n", "2 19 {}\n", "3 5 {}\n", "3 6 {}\n", "3 8 {}\n", "3 9 {}\n", "3 17 {}\n", "3 19 {}\n", "4 6 {}\n", "4 9 {}\n", "4 10 {}\n", "4 11 {}\n", "4 14 {}\n", "4 15 {}\n", "4 16 {}\n", "4 17 {}\n", "4 19 {}\n", "5 6 {}\n", "5 11 {}\n", "5 12 {}\n", "5 13 {}\n", "5 18 {}\n", "6 10 {}\n", "6 11 {}\n", "6 12 {}\n", "6 16 {}\n", "6 18 {}\n", "6 19 {}\n", "7 13 {}\n", "7 14 {}\n", "8 12 {}\n", "8 13 {}\n", "8 16 {}\n", "8 17 {}\n", "9 11 {}\n", "9 16 {}\n", "9 18 {}\n", "9 19 {}\n", "10 13 {}\n", "10 16 {}\n", "10 17 {}\n", "10 19 {}\n", "11 12 {}\n", "11 13 {}\n", "11 18 {}\n", "11 19 {}\n", "12 13 {}\n", "12 14 {}\n", "12 15 {}\n", "12 18 {}\n", "13 18 {}\n", "14 16 {}\n", "14 19 {}\n", "15 19 {}\n", "16 19 {}\n", "18 19 {}\n"], "opt_value": 81, "opt_count": 3, "feasible_count": 184756, "mean_value": 67.92105263157895, "std": 3.7161212018317706, "level": 31, "gammas": [3.1415926803319745, 3.1415928215118525, 3.1415927559295826, 3.1415927160236268, 3.141592686490397, 3.141592694505681, 3.1415927354227446, 3.1415927415181986, 3.141592709152993, 3.1415926541962493, 3.1415925784902266, 3.141592471599354, 3.141592341635048, 3.1415919261354635, 3.1415913466509355, 3.1415908727357187, 3.1415900249677384, 3.1415869542793584, 3.14158249341174, 3.141582087463964, 3.141579774594286, 3.1415775908708263, 3.1415728431072556, 3.141576028138838, 3.1415413113908945, 3.141531827267837, 3.1413516645942203, 3.1414131415647324, 3.1410918416606166, 3.14055704184282, 3.1413685602678343], "betas": [3.1415925161141525, 3.1415925068589243, 3.1415925746194433, 3.1415926155647758, 3.1415926143458552, 3.141592583180037, 3.1415925586137963, 3.1415925638872615, 3.141592575868474, 3.1415925540744585, 3.141592425509122, 3.1415922221316914, 3.141591908742989, 3.141591344183286, 3.14159103567657, 3.1415906027372853, 3.141589015400914, 3.1415840601391674, 3.1415813742630916, 3.1415805720767676, 3.1415794110243014, 3.141576523121317, 3.141574509166522, 3.1415543381856033, 3.1415450831614464, 3.141482231309431, 3.1412648165692576, 3.141490194164466, 3.140578106588938, 3.1409714143024337, 3.1415472330658174], "predicted_p_opt": 0.06444716274437637, "predicted_tts": 15.516586881666246, "p_opt": 0.06307487134344554, "tts": 15.854174232951733, "approx": 0.8487137101745091, "opt_gap": -0.15128628982549086, "th": -80.9990005493164}