{"N": 20, "edgelist": ["0 2 {}\n", "0 3 {}\n", "0 5 {}\n", "0 6 {}\n", "0 13 {}\n", "0 16 {}\n", "0 17 {}\n", "0 19 {}\n", "1 8 {}\n", "1 12 {}\n", "1 15 {}\n", "1 16 {}\n", "1 17 {}\n", "1 19 {}\n", "2 4 {}\n", "2 7 {}\n", "2 9 {}\n", "2 11 {}\n", "2 15 {}\n", "2 16 {}\n", "2 18 {}\n", "3 4 {}\n", "3 5 {}\n", "3 6 {}\n", "3 7 {}\n", "3 8 {}\n", "3 12 {}\n", "3 13 {}\n", "3 17 {}\n", "3 19 {}\n", "4 5 {}\n", "4 6 {}\n", "4 7 {}\n", "4 8 {}\n", "4 9 {}\n", "4 11 {}\n", "4 12 {}\n", "4 15 {}\n", "4 16 {}\n", "4 18 {}\n", "4 19 {}\n", "5 10 {}\n", "5 11 {}\n", "5 12 {}\n", "5 13 {}\n", "5 14 {}\n", "5 15 {}\n", "5 17 {}\n", "5 19 {}\n", "6 9 {}\n", "6 10 {}\n", "6 12 {}\n", "6 13 {}\n", "6 14 {}\n", "6 15 {}\n", "6 16 {}\n", "6 17 {}\n", "6 19 {}\n", "7 8 {}\n", "7 11 {}\n", "7 15 {}\n", "7 16 {}\n", "7 17 {}\n", "8 11 {}\n", "8 12 {}\n", "8 13 {}\n", "8 18 {}\n", "9 13 {}\n", "9 17 {}\n", "10 11 {}\n", "10 15 {}\n", "10 16 {}\n", "10 18 {}\n", "10 19 {}\n", "11 14 {}\n", "11 15 {}\n", "11 16 {}\n", "11 17 {}\n", "11 18 {}\n", "12 14 {}\n", "12 15 {}\n", "12 16 {}\n", "12 18 {}\n", "13 16 {}\n", "13 19 {}\n", "14 16 {}\n", "15 16 {}\n", "15 17 {}\n", "15 18 {}\n", "15 19 {}\n", "16 17 {}\n", "16 18 {}\n", "17 19 {}\n", "18 19 {}\n"], "opt_value": 84, "opt_count": 10, "feasible_count": 184756, "mean_value": 71.73684210526316, "std": 3.377503235852808, "level": 31, "gammas": [3.141592499629462, 3.1415925834002687, 3.1415926226232784, 3.141592636106403, 3.1415926347161633, 3.1415926374702856, 3.1415926684758135, 3.141592670816209, 3.141592665061383, 3.141592638427813, 3.1415926287710083, 3.141592633634112, 3.1415926375513994, 3.1415925963787212, 3.141592463312349, 3.1415920064820675, 3.1415917269098266, 3.1415905521935548, 3.1415881275219073, 3.1415859419529784, 3.141583588441282, 3.1415789391424527, 3.141571604304374, 3.1415644995775187, 3.14148650692487, 3.141494345327314, 3.141225346584242, 3.1413934456927617, 3.140108519865582, 3.1387148137697953, 3.1409807602696276], "betas": [3.1415927592474406, 3.1415926974113946, 3.1415926818299775, 3.1415926816306277, 3.1415926741417866, 3.1415926546637483, 3.1415926368473848, 3.141592635711747, 3.141592646473007, 3.1415926585958514, 3.1415926471330686, 3.1415926033371315, 3.141592533829612, 3.141592473425183, 3.1415922827495115, 3.141591988641117, 3.1415915721970586, 3.141589173657099, 3.1415865899475213, 3.141583722379338, 3.141583626572473, 3.141576236769075, 3.1415735543493626, 3.141515564645294, 3.1414912198457507, 3.141450080727104, 3.141085998931637, 3.141354266319037, 3.138711405857346, 3.1398861181428415, 3.141469266409938], "predicted_p_opt": 0.2148238758145879, "predicted_tts": 4.654976064499874, "p_opt": 0.19987807393543755, "tts": 5.003050010993247, "approx": 0.8831839690573111, "opt_gap": -0.11681603094268889, "th": -83.9990005493164}