{"edges": [[0, 4], [0, 8], [0, 10], [0, 11], [1, 8], [1, 9], [1, 11], [1, 12], [2, 5], [2, 12], [2, 13], [3, 12], [3, 13], [4, 9], [4, 10], [5, 10], [6, 11], [6, 12], [7, 12], [7, 13], [8, 10], [8, 13]], "num_nodes": 14, "num_colors": 3, "opt_value": 22, "opt_count": 330, "feasible_count": 4782969, "mean_value": 14.666666666666666, "std": 2.211083193570267, "level": 29, "gammas": [-0.19233588874340057, -0.28901785612106323, -0.2563225328922272, -0.3329922556877136, -0.37828707695007324, -0.34291788935661316, -0.20616477727890015, -0.3565669655799866, -0.26325395703315735, 0.41130951046943665, 0.4679405093193054, 0.4273976683616638, 0.424759179353714, 0.45356467366218567, 0.4462517201900482, 0.41743889451026917, 0.33163708448410034, 0.35274645686149597, 0.3780779242515564, 0.4086722135543823, 0.48574376106262207, 0.7362767457962036, 0.2321591079235077, 0.42976534366607666, 0.49109041690826416, 0.4361153244972229, 0.4239075779914856, 0.4587467610836029, 0.4326532781124115], "betas": [2.330831289291382, 1.7461459636688232, 1.726265788078308, 2.0880889892578125, 2.202974557876587, 1.741401195526123, 1.6462169885635376, 2.805389404296875, 2.096867084503174, -3.291464328765869, -2.962247848510742, -2.5907540321350098, -2.5401437282562256, -2.505439043045044, -2.4468955993652344, -0.7061325907707214, -1.1331243515014648, -1.2891898155212402, -1.2686784267425537, -1.2329896688461304, -0.868232250213623, -0.9650534391403198, -3.9238176345825195, -3.724630355834961, -2.9637842178344727, -2.6570749282836914, -2.5711724758148193, -2.4935178756713867, -2.2868571281433105], "predicted_p_opt": 0.24017090639726077, "predicted_tts": 4.163701653129978, "p_opt": 0.026341497898101807, "tts": 37.96291326591799, "approx": 0.9301086664199829, "opt_gap": -0.06989133358001709}