{"N": 18, "edgelist": ["0 1 {}\n", "0 2 {}\n", "0 3 {}\n", "0 4 {}\n", "0 6 {}\n", "0 10 {}\n", "0 11 {}\n", "0 12 {}\n", "0 15 {}\n", "0 16 {}\n", "0 17 {}\n", "1 3 {}\n", "1 4 {}\n", "1 6 {}\n", "1 9 {}\n", "1 12 {}\n", "1 14 {}\n", "1 16 {}\n", "2 3 {}\n", "2 4 {}\n", "2 5 {}\n", "2 6 {}\n", "2 10 {}\n", "2 11 {}\n", "2 14 {}\n", "2 17 {}\n", "3 4 {}\n", "3 5 {}\n", "3 7 {}\n", "3 9 {}\n", "3 10 {}\n", "3 13 {}\n", "3 15 {}\n", "3 16 {}\n", "3 17 {}\n", "4 5 {}\n", "4 7 {}\n", "4 8 {}\n", "4 10 {}\n", "4 12 {}\n", "4 14 {}\n", "4 15 {}\n", "4 16 {}\n", "5 8 {}\n", "5 9 {}\n", "5 14 {}\n", "5 15 {}\n", "6 11 {}\n", "6 14 {}\n", "6 17 {}\n", "7 9 {}\n", "7 10 {}\n", "7 11 {}\n", "7 12 {}\n", "7 13 {}\n", "7 14 {}\n", "7 16 {}\n", "8 9 {}\n", "8 11 {}\n", "8 12 {}\n", "8 15 {}\n", "8 16 {}\n", "8 17 {}\n", "9 10 {}\n", "9 11 {}\n", "9 12 {}\n", "9 13 {}\n", "9 16 {}\n", "10 11 {}\n", "10 12 {}\n", "10 13 {}\n", "10 15 {}\n", "10 17 {}\n", "11 13 {}\n", "11 14 {}\n", "11 17 {}\n", "12 14 {}\n", "12 15 {}\n", "14 15 {}\n", "14 16 {}\n", "15 16 {}\n"], "opt_value": 71, "opt_count": 10, "feasible_count": 48620, "mean_value": 61.94117647058823, "std": 2.57751791767137, "level": 19, "gammas": [-0.18508851077108132, -0.3067453410192669, -0.32915165860810053, -0.3270492518051171, -0.32659835000335513, -0.3269495732165377, -0.3280843082046543, -0.3304365824191496, -0.3336452339588307, -0.33704445379900544, -0.17452520446170378, 0.30677268169536553, 0.31452178334879893, 0.32066341902783435, 0.32220740867437686, 0.32268672305443197, 0.3219421501389508, 0.31996167736143194, 0.31109340762388443], "betas": [2.884891863637729, 2.8409197148267196, 2.8695755742774884, 2.88543594503954, 2.8866344287322825, 2.8944609703951047, 2.914542986738032, 2.9489918788597267, 3.0604034741351667, 3.670815651460243, 1.5641233034171618, -3.0889351434627668, -2.8595807303787266, -2.835690238746203, -2.8432114992462276, -2.8432111569976355, -2.84080696298737, -2.8416125090169233, -2.863009074092191], "predicted_p_opt": 0.31283422459893045, "predicted_tts": 3.1965811965811968, "p_opt": 0.16240659472880614, "tts": 6.157385429266866, "approx": 0.9222383768429168, "opt_gap": -0.07776162315708324}