{"edges": [[3, 4], [3, 10], [3, 2], [4, 21], [4, 1], [18, 20], [18, 17], [18, 16], [20, 10], [20, 14], [10, 16], [21, 5], [21, 11], [1, 6], [1, 12], [6, 7], [6, 19], [17, 13], [17, 8], [2, 11], [2, 13], [11, 5], [12, 14], [12, 0], [13, 19], [7, 19], [7, 15], [5, 9], [9, 0], [9, 15], [8, 14], [8, 16], [15, 0]], "num_nodes": 22, "opt_value": 28, "opt_count": 12, "feasible_count": 4194304, "mean_value": 16.5, "std": 2.8722813232690143, "level": 41, "gammas": [0.1369892656803131, 0.24599158763885498, 0.23107683658599854, 0.27873218059539795, 0.4564064145088196, 0.18643729388713837, 0.2553318738937378, 0.23158696293830872, 0.2133050560951233, 0.21474331617355347, 0.22375604510307312, 0.2264488786458969, 0.2218320220708847, 0.2091820240020752, 0.21850228309631348, 0.24378320574760437, 0.2678080201148987, 0.2876390814781189, 0.30217769742012024, 0.31848886609077454, 0.30633047223091125, 0.28647512197494507, 0.26654282212257385, 0.3996926248073578, 0.49018344283103943, 0.6650885939598083, 0.32438066601753235, 0.2745925784111023, 0.2687147855758667, 0.2643277943134308, 0.2661915123462677, 0.26680371165275574, 0.2731691896915436, 0.27474766969680786, 0.279817670583725, 0.2882460653781891, 0.2993614375591278, 0.3063144087791443, 0.32577669620513916, 0.35325270891189575, 0.3032350242137909], "betas": [-2.68859601020813, -2.358374834060669, -1.8768703937530518, -2.219799757003784, -3.616239547729492, -2.6545186042785645, -1.9051848649978638, -1.677356243133545, -1.7816503047943115, -1.7938828468322754, -1.786566972732544, -1.7374536991119385, -1.6506061553955078, -1.643175721168518, -1.758246898651123, -1.9332205057144165, -2.092482328414917, -2.192135810852051, -2.2396161556243896, -2.207353353500366, -1.9169652462005615, -1.6720436811447144, -2.0545899868011475, -2.0295493602752686, -1.7912416458129883, -2.4755289554595947, -2.5138700008392334, -2.379521131515503, -2.2013514041900635, -2.1684536933898926, -2.1846742630004883, -2.1810593605041504, -2.1715340614318848, -2.188697576522827, -2.208005428314209, -2.2525382041931152, -2.305856227874756, -2.4141006469726562, -2.441725492477417, -2.387561321258545, -3.006391763687134], "predicted_p_opt": 0.01970958709716797, "predicted_tts": 50.73673005274109, "p_opt": 1.4934947103029117e-05, "tts": 66957.0500050301, "approx": 0.8896976113319397, "opt_gap": -0.1103023886680603}