{"N": 18, "edgelist": ["0 2 {}\n", "0 5 {}\n", "0 9 {}\n", "0 10 {}\n", "0 11 {}\n", "0 14 {}\n", "0 16 {}\n", "0 17 {}\n", "1 2 {}\n", "1 3 {}\n", "1 4 {}\n", "1 5 {}\n", "1 6 {}\n", "1 7 {}\n", "1 8 {}\n", "1 10 {}\n", "1 12 {}\n", "1 13 {}\n", "1 15 {}\n", "2 3 {}\n", "2 4 {}\n", "2 5 {}\n", "2 6 {}\n", "2 8 {}\n", "2 9 {}\n", "2 10 {}\n", "2 12 {}\n", "2 13 {}\n", "2 14 {}\n", "2 16 {}\n", "2 17 {}\n", "3 5 {}\n", "3 7 {}\n", "3 10 {}\n", "3 11 {}\n", "3 12 {}\n", "3 17 {}\n", "4 5 {}\n", "4 7 {}\n", "4 8 {}\n", "4 11 {}\n", "4 12 {}\n", "4 14 {}\n", "4 16 {}\n", "4 17 {}\n", "5 8 {}\n", "5 10 {}\n", "5 11 {}\n", "6 7 {}\n", "6 8 {}\n", "6 11 {}\n", "6 12 {}\n", "6 13 {}\n", "6 17 {}\n", "7 9 {}\n", "7 11 {}\n", "7 12 {}\n", "7 16 {}\n", "8 11 {}\n", "8 14 {}\n", "8 16 {}\n", "8 17 {}\n", "9 10 {}\n", "9 11 {}\n", "9 12 {}\n", "9 13 {}\n", "9 15 {}\n", "9 16 {}\n", "9 17 {}\n", "10 11 {}\n", "10 12 {}\n", "10 14 {}\n", "10 15 {}\n", "10 17 {}\n", "11 14 {}\n", "11 15 {}\n", "11 16 {}\n", "12 13 {}\n", "12 15 {}\n", "12 17 {}\n", "14 15 {}\n", "14 16 {}\n", "14 17 {}\n", "15 17 {}\n", "16 17 {}\n"], "opt_value": 76, "opt_count": 2, "feasible_count": 48620, "mean_value": 65.0, "std": 2.740759877457774, "level": 15, "gammas": [3.141567245261634, 3.1415908868277436, 3.141577514394604, 3.141573475882329, 3.1415876466325745, 3.1416047789369212, 3.141604625568398, 3.141582258487392, 3.141578076036032, 3.1415482308450082, 3.1415605182863042, 3.1416703657472147, 3.1411884961220133, 3.141170513950872, 3.1415594311406587], "betas": [3.141597260637664, 3.1416002747381717, 3.141612355394594, 3.1416063398412644, 3.1415882661378687, 3.1415773923860577, 3.141588766619796, 3.1416108679769863, 3.1416203907963807, 3.1415516087697095, 3.141552714026687, 3.1416277313291876, 3.1409795439640575, 3.1414442432775593, 3.1415960922985957], "predicted_p_opt": 0.039531057178116, "predicted_tts": 25.29656607700312, "p_opt": 0.03901342547586676, "tts": 25.632201935679504, "approx": 0.8609041354548669, "opt_gap": -0.13909586454513312, "th": -75.9990005493164}