{"N": 18, "edgelist": ["0 1 {}\n", "0 4 {}\n", "0 5 {}\n", "0 8 {}\n", "0 9 {}\n", "0 12 {}\n", "0 13 {}\n", "0 14 {}\n", "0 15 {}\n", "0 16 {}\n", "1 2 {}\n", "1 4 {}\n", "1 5 {}\n", "1 7 {}\n", "1 12 {}\n", "1 14 {}\n", "1 16 {}\n", "2 3 {}\n", "2 4 {}\n", "2 7 {}\n", "2 11 {}\n", "2 12 {}\n", "2 13 {}\n", "2 15 {}\n", "2 17 {}\n", "3 4 {}\n", "3 5 {}\n", "3 7 {}\n", "3 8 {}\n", "3 11 {}\n", "4 11 {}\n", "4 12 {}\n", "4 13 {}\n", "4 14 {}\n", "4 15 {}\n", "4 16 {}\n", "4 17 {}\n", "5 6 {}\n", "5 7 {}\n", "5 8 {}\n", "5 9 {}\n", "5 10 {}\n", "5 11 {}\n", "5 17 {}\n", "6 7 {}\n", "6 8 {}\n", "6 9 {}\n", "6 10 {}\n", "6 11 {}\n", "6 12 {}\n", "6 13 {}\n", "6 16 {}\n", "7 8 {}\n", "7 10 {}\n", "7 13 {}\n", "7 14 {}\n", "7 16 {}\n", "7 17 {}\n", "8 9 {}\n", "8 10 {}\n", "8 11 {}\n", "8 12 {}\n", "8 13 {}\n", "8 14 {}\n", "8 16 {}\n", "8 17 {}\n", "9 12 {}\n", "9 14 {}\n", "9 16 {}\n", "9 17 {}\n", "10 14 {}\n", "10 17 {}\n", "11 13 {}\n", "11 14 {}\n", "11 16 {}\n", "12 15 {}\n", "12 16 {}\n", "12 17 {}\n", "13 15 {}\n", "13 16 {}\n", "14 15 {}\n", "14 17 {}\n", "15 16 {}\n", "15 17 {}\n"], "opt_value": 74, "opt_count": 5, "feasible_count": 48620, "mean_value": 64.23529411764706, "std": 2.4260694855648564, "level": 15, "gammas": [3.1415296899636864, 3.1415793534408047, 3.141585558392666, 3.1415740623254176, 3.14157177953834, 3.1415821926446057, 3.1415858167806485, 3.1415716952434525, 3.1415811979390837, 3.1415917049342696, 3.141416893640915, 3.14157715435663, 3.1409567991392864, 3.1411842606822757, 3.141574438292329], "betas": [3.1416248631942025, 3.141598566931252, 3.141605335332229, 3.141614388622442, 3.141608729717078, 3.1415998147947866, 3.1416060835332185, 3.1416021244056878, 3.14159267982827, 3.1415311959327696, 3.141548888736924, 3.1413351314721125, 3.1409369261962983, 3.1414944721675093, 3.1416075379151507], "predicted_p_opt": 0.09882764294529, "predicted_tts": 10.118626430801248, "p_opt": 0.09561778509432654, "tts": 10.458305418950086, "approx": 0.8806495562186258, "opt_gap": -0.11935044378137416, "th": -73.9990005493164}