{"N": 26, "edgelist": ["0 2 {}\n", "0 3 {}\n", "0 5 {}\n", "0 6 {}\n", "0 13 {}\n", "0 16 {}\n", "0 17 {}\n", "0 19 {}\n", "0 20 {}\n", "0 22 {}\n", "1 8 {}\n", "1 12 {}\n", "1 15 {}\n", "1 16 {}\n", "1 17 {}\n", "1 19 {}\n", "1 22 {}\n", "1 23 {}\n", "1 25 {}\n", "2 4 {}\n", "2 7 {}\n", "2 9 {}\n", "2 11 {}\n", "2 15 {}\n", "2 16 {}\n", "2 18 {}\n", "2 21 {}\n", "2 22 {}\n", "2 23 {}\n", "3 4 {}\n", "3 5 {}\n", "3 6 {}\n", "3 7 {}\n", "3 8 {}\n", "3 12 {}\n", "3 13 {}\n", "3 17 {}\n", "3 19 {}\n", "3 20 {}\n", "3 21 {}\n", "3 22 {}\n", "3 25 {}\n", "4 5 {}\n", "4 6 {}\n", "4 7 {}\n", "4 8 {}\n", "4 9 {}\n", "4 11 {}\n", "4 12 {}\n", "4 15 {}\n", "4 16 {}\n", "4 18 {}\n", "4 19 {}\n", "4 20 {}\n", "4 21 {}\n", "4 23 {}\n", "4 24 {}\n", "5 10 {}\n", "5 11 {}\n", "5 12 {}\n", "5 13 {}\n", "5 14 {}\n", "5 15 {}\n", "5 17 {}\n", "5 19 {}\n", "5 20 {}\n", "5 21 {}\n", "6 9 {}\n", "6 10 {}\n", "6 12 {}\n", "6 13 {}\n", "6 14 {}\n", "6 15 {}\n", "6 16 {}\n", "6 17 {}\n", "6 19 {}\n", "6 22 {}\n", "6 23 {}\n", "6 25 {}\n", "7 8 {}\n", "7 11 {}\n", "7 15 {}\n", "7 16 {}\n", "7 17 {}\n", "7 22 {}\n", "7 23 {}\n", "7 25 {}\n", "8 11 {}\n", "8 12 {}\n", "8 13 {}\n", "8 18 {}\n", "8 21 {}\n", "8 23 {}\n", "8 24 {}\n", "9 13 {}\n", "9 17 {}\n", "9 20 {}\n", "9 21 {}\n", "9 22 {}\n", "9 23 {}\n", "9 25 {}\n", "10 11 {}\n", "10 15 {}\n", "10 16 {}\n", "10 18 {}\n", "10 19 {}\n", "10 20 {}\n", "10 23 {}\n", "10 24 {}\n", "10 25 {}\n", "11 14 {}\n", "11 15 {}\n", "11 16 {}\n", "11 17 {}\n", "11 18 {}\n", "11 21 {}\n", "11 23 {}\n", "12 14 {}\n", "12 15 {}\n", "12 16 {}\n", "12 18 {}\n", "12 23 {}\n", "12 24 {}\n", "12 25 {}\n", "13 16 {}\n", "13 19 {}\n", "13 25 {}\n", "14 16 {}\n", "14 21 {}\n", "14 25 {}\n", "15 16 {}\n", "15 17 {}\n", "15 18 {}\n", "15 19 {}\n", "15 21 {}\n", "15 24 {}\n", "16 17 {}\n", "16 18 {}\n", "16 21 {}\n", "16 23 {}\n", "16 25 {}\n", "17 19 {}\n", "17 21 {}\n", "17 22 {}\n", "17 23 {}\n", "17 24 {}\n", "18 19 {}\n", "18 20 {}\n", "18 21 {}\n", "18 24 {}\n", "18 25 {}\n", "19 20 {}\n", "19 22 {}\n", "19 23 {}\n", "21 23 {}\n", "22 23 {}\n", "22 24 {}\n", "22 25 {}\n", "23 24 {}\n"], "opt_value": 139, "opt_count": 4, "feasible_count": 10400600, "mean_value": 120.84, "std": 4.121477151828392, "level": 18, "gammas": [3.14113187789917, 3.1409831047058105, 3.14090895652771, 3.1409401893615723, 3.1410772800445557, 3.141247510910034, 3.141375780105591, 3.141448497772217, 3.141479253768921, 3.1414780616760254, 3.14143443107605, 3.1413280963897705, 3.1411609649658203, 3.140989065170288, 3.1408793926239014, 3.140867233276367, 3.140962600708008, 3.14113712310791], "betas": [3.140969753265381, 3.140861749649048, 3.1408259868621826, 3.1408920288085938, 3.1410374641418457, 3.1411914825439453, 3.1412994861602783, 3.1413583755493164, 3.141378402709961, 3.141360282897949, 3.1412882804870605, 3.141150712966919, 3.140977382659912, 3.140847682952881, 3.140800714492798, 3.1408517360687256, 3.1409926414489746, 3.1411848068237305], "predicted_p_opt": 0.0005265080860719574, "predicted_tts": 1899.3060628195765, "p_opt": 0.00024809725382531306, "tts": 4030.6774242011834, "approx": 0.9593267551786078, "opt_gap": -0.04067324482139223, "th": -132.97006501515517}