{"edges": [[0, 3], [0, 4], [0, 5], [0, 12], [1, 6], [1, 8], [1, 9], [2, 4], [2, 10], [3, 4], [3, 9], [3, 10], [4, 6], [4, 7], [4, 10], [5, 6], [5, 8], [5, 10], [9, 10], [9, 11], [9, 12]], "num_nodes": 13, "num_colors": 3, "opt_value": 21, "opt_count": 96, "feasible_count": 1594323, "mean_value": 14.0, "std": 2.160246899469287, "level": 35, "gammas": [0.20235700905323029, 0.3192552924156189, 0.3167790174484253, 0.31191903352737427, 0.33079904317855835, 0.34476932883262634, 0.340387225151062, 0.33010879158973694, 0.3319562077522278, 0.32298365235328674, 0.31956660747528076, 0.3281504511833191, 0.3406502902507782, 0.3496129512786865, 0.35496920347213745, 0.3538147211074829, 0.38733425736427307, 0.35545361042022705, 0.3854381740093231, 0.4034810960292816, 0.4355637729167938, 0.23629038035869598, -0.4557650685310364, -0.40204331278800964, -0.38839828968048096, -0.3792971968650818, -0.3783677816390991, -0.3694648742675781, -0.36760079860687256, -0.36848413944244385, -0.3715532720088959, -0.3759889006614685, -0.38149431347846985, -0.3869050443172455, -0.3844676613807678], "betas": [-2.5569403171539307, -2.3036563396453857, -2.1557276248931885, -2.1293163299560547, -2.1959376335144043, -1.9402968883514404, -2.125835418701172, -2.1927647590637207, -2.145449638366699, -2.098175287246704, -2.1219377517700195, -2.202090263366699, -2.2778167724609375, -2.3342766761779785, -2.3914763927459717, -2.3579578399658203, -2.2643930912017822, -2.5496795177459717, -2.782763957977295, -2.985616445541382, -3.88283371925354, -1.2870804071426392, 3.2625069618225098, 2.7745325565338135, 2.5721118450164795, 2.485464096069336, 2.422128200531006, 2.441272735595703, 2.4553956985473633, 2.47646427154541, 2.507728099822998, 2.5467512607574463, 2.592714548110962, 2.6622474193573, 2.8103597164154053], "predicted_p_opt": 0.30353698717261185, "predicted_tts": 3.294491420353104, "p_opt": 0.15916693210601807, "tts": 6.2827120355245585, "approx": 0.7211964130401611, "opt_gap": -0.27880358695983887}