{"N": 26, "edgelist": ["0 1 {}\n", "0 2 {}\n", "0 4 {}\n", "0 5 {}\n", "0 6 {}\n", "0 9 {}\n", "0 10 {}\n", "0 14 {}\n", "0 16 {}\n", "0 17 {}\n", "0 18 {}\n", "0 22 {}\n", "0 24 {}\n", "1 2 {}\n", "1 3 {}\n", "1 4 {}\n", "1 5 {}\n", "1 6 {}\n", "1 8 {}\n", "1 9 {}\n", "1 10 {}\n", "1 11 {}\n", "1 13 {}\n", "1 14 {}\n", "1 16 {}\n", "1 18 {}\n", "1 19 {}\n", "1 20 {}\n", "1 21 {}\n", "1 22 {}\n", "1 23 {}\n", "1 24 {}\n", "1 25 {}\n", "2 3 {}\n", "2 8 {}\n", "2 9 {}\n", "2 10 {}\n", "2 13 {}\n", "2 14 {}\n", "2 16 {}\n", "2 17 {}\n", "2 18 {}\n", "2 19 {}\n", "2 20 {}\n", "2 22 {}\n", "2 23 {}\n", "2 24 {}\n", "2 25 {}\n", "3 5 {}\n", "3 6 {}\n", "3 8 {}\n", "3 9 {}\n", "3 17 {}\n", "3 19 {}\n", "3 20 {}\n", "3 23 {}\n", "3 24 {}\n", "3 25 {}\n", "4 6 {}\n", "4 9 {}\n", "4 10 {}\n", "4 11 {}\n", "4 14 {}\n", "4 15 {}\n", "4 16 {}\n", "4 17 {}\n", "4 19 {}\n", "4 20 {}\n", "4 23 {}\n", "4 24 {}\n", "5 6 {}\n", "5 11 {}\n", "5 12 {}\n", "5 13 {}\n", "5 18 {}\n", "5 22 {}\n", "5 24 {}\n", "6 10 {}\n", "6 11 {}\n", "6 12 {}\n", "6 16 {}\n", "6 18 {}\n", "6 19 {}\n", "6 20 {}\n", "6 22 {}\n", "6 25 {}\n", "7 13 {}\n", "7 14 {}\n", "7 22 {}\n", "7 23 {}\n", "7 24 {}\n", "7 25 {}\n", "8 12 {}\n", "8 13 {}\n", "8 16 {}\n", "8 17 {}\n", "8 20 {}\n", "8 21 {}\n", "8 22 {}\n", "8 25 {}\n", "9 11 {}\n", "9 16 {}\n", "9 18 {}\n", "9 19 {}\n", "9 21 {}\n", "9 23 {}\n", "9 24 {}\n", "10 13 {}\n", "10 16 {}\n", "10 17 {}\n", "10 19 {}\n", "10 21 {}\n", "10 22 {}\n", "10 24 {}\n", "11 12 {}\n", "11 13 {}\n", "11 18 {}\n", "11 19 {}\n", "11 21 {}\n", "11 25 {}\n", "12 13 {}\n", "12 14 {}\n", "12 15 {}\n", "12 18 {}\n", "12 21 {}\n", "12 22 {}\n", "12 25 {}\n", "13 18 {}\n", "13 21 {}\n", "13 24 {}\n", "13 25 {}\n", "14 16 {}\n", "14 19 {}\n", "14 20 {}\n", "14 21 {}\n", "14 23 {}\n", "14 25 {}\n", "15 19 {}\n", "15 21 {}\n", "15 22 {}\n", "15 24 {}\n", "15 25 {}\n", "16 19 {}\n", "16 22 {}\n", "16 23 {}\n", "17 20 {}\n", "17 25 {}\n", "18 19 {}\n", "18 20 {}\n", "18 21 {}\n", "18 22 {}\n", "18 23 {}\n", "18 24 {}\n", "18 25 {}\n", "19 21 {}\n", "19 23 {}\n", "19 24 {}\n", "20 22 {}\n", "21 22 {}\n", "21 24 {}\n", "21 25 {}\n", "22 23 {}\n", "22 25 {}\n", "23 25 {}\n"], "opt_value": 144, "opt_count": 2, "feasible_count": 10400600, "mean_value": 124.64, "std": 4.64336459720844, "level": 27, "gammas": [0.06500276178121567, 0.14109230041503906, 0.16656693816184998, 0.1753351092338562, 0.1784277856349945, 0.17921115458011627, 0.1789596825838089, 0.17827974259853363, 0.1772570013999939, 0.17630678415298462, 0.17552459239959717, 0.17538154125213623, 0.17603281140327454, 0.17751158773899078, 0.17952752113342285, 0.18178090453147888, 0.18402838706970215, 0.1863328069448471, 0.18866579234600067, 0.1912192404270172, 0.19398054480552673, 0.19722431898117065, 0.20103588700294495, 0.20581494271755219, 0.21205516159534454, 0.2206968516111374, 0.23406830430030823], "betas": [-2.7345240116119385, -2.5292043685913086, -2.426435947418213, -2.364248752593994, -2.3190832138061523, -2.281135320663452, -2.24558162689209, -2.210141181945801, -2.1745853424072266, -2.1410183906555176, -2.113065242767334, -2.0945258140563965, -2.0863142013549805, -2.085857391357422, -2.088327169418335, -2.0897064208984375, -2.087697744369507, -2.0813865661621094, -2.069918632507324, -2.052271842956543, -2.0269646644592285, -1.9915108680725098, -1.9416717290878296, -1.8697758913040161, -1.7616901397705078, -1.5865145921707153, -1.2483137845993042], "predicted_p_opt": 0.0005816972097763591, "predicted_tts": 1719.1074380165287, "p_opt": 4.001009074272588e-06, "tts": 249936.94876380832, "approx": 0.9527849555015564, "opt_gap": -0.047215044498443604}