{"edges": [[0, 4], [0, 8], [0, 12], [1, 3], [1, 4], [1, 10], [1, 12], [2, 5], [2, 6], [2, 10], [2, 12], [5, 6], [5, 9], [5, 12], [6, 11], [7, 9], [7, 12], [8, 11], [8, 12], [9, 10], [11, 12]], "num_nodes": 13, "num_colors": 3, "opt_value": 21, "opt_count": 180, "feasible_count": 1594323, "mean_value": 14.0, "std": 2.160246899469287, "level": 42, "gammas": [-0.3372028240943241, 0.5177274038901408, 0.27346772146354065, 0.2386082619587374, 0.468198165847995, 0.25278333731067876, 0.24207197790432539, 0.4677959769716179, 0.36602380905805204, 0.485934886381473, 0.3168309528649509, 0.2874375732366774, 0.28757046149029164, 0.2472956483100401, 0.3424120055101845, 0.3222410594984783, 0.27860821110104383, 0.1989455876129342, 0.4447691292180937, 1.5476575879606993, 0.3713179466962418, 0.556975830463968, 0.380196785562192, 0.5239901125139845, 0.4046208609123894, 0.47149297854385247, 0.416239297094178, 0.5201699485651774, 0.2849597132437034, 5.710068556177691, 5.849332480287721, 5.842856556249088, 5.8858945826283655, 5.916814524853202, 5.954031102163764, 5.918022764585536, 5.88707153645196, 5.895858040847246, 5.888310774726425, 5.860785745319324, 5.838399948746025, 5.884361720059342], "betas": [0.13273260007309254, -1.9944103870253873, -1.4523303453026906, -1.4314173757167454, -2.9737219419354055, -1.5803549754006874, -1.5919031669674613, -2.7734843354243055, -2.381088212859383, -2.388465985462171, -1.9668234580607669, -1.3572679492361799, -1.3587806031555407, -2.0853764264413677, -1.8874125183737063, -1.3520178604355448, -2.9456985607872044, 5.064394503662913, 5.823821575298191, 3.535824686863699, 3.1847934290528808, 3.741247330862059, 3.474994764085351, 3.716194361614532, 3.392728925197912, 3.846142846562713, 2.975599585745404, 3.6902130940592444, 4.414991706951368, 3.148613036780579, 2.672930447789998, 2.445349225182727, 2.234143121468209, 1.8824510804802443, 1.9551671751693604, 2.128419294940916, 2.1830099704569306, 2.174256571125365, 2.2065438509647963, 2.2404810420591157, 2.38287725784554, 2.343425986031671], "predicted_p_opt": 0.8157067294393922, "predicted_tts": 1.2259307958477508, "p_opt": 0.048695689767899335, "tts": 20.5356984317575, "approx": 0.954376329922568, "opt_gap": -0.045623670077431955}