{"edges": [[0, 8], [0, 13], [0, 16], [1, 2], [1, 6], [1, 8], [1, 11], [1, 13], [1, 16], [2, 4], [2, 9], [2, 13], [2, 15], [3, 15], [4, 5], [4, 8], [4, 10], [4, 11], [4, 15], [5, 11], [6, 7], [6, 9], [6, 15], [6, 16], [7, 8], [7, 12], [8, 13], [9, 10], [9, 12], [10, 15], [11, 15], [13, 15], [13, 16], [14, 15]], "num_nodes": 17, "num_colors": 3, "opt_value": 34, "opt_count": 48, "feasible_count": 129140163, "mean_value": 22.666666666666668, "std": 2.7487370837451075, "level": 12, "gammas": [3.141195774078369, 3.1412038803100586, 3.1413156986236572, 3.1414291858673096, 3.1414880752563477, 3.1415069103240967, 3.141498327255249, 3.1414566040039062, 3.1413662433624268, 3.141238212585449, 3.1411449909210205, 3.1411709785461426], "betas": [3.1411962509155273, 3.141258955001831, 3.141371965408325, 3.141458749771118, 3.14149808883667, 3.1415069103240967, 3.141486167907715, 3.1414260864257812, 3.1413047313690186, 3.1411728858947754, 3.1411283016204834, 3.141221761703491], "predicted_p_opt": 0.00023230573125418774, "predicted_tts": 4304.6721, "p_opt": 0.00012549548727721198, "tts": 7968.414017876677, "approx": 0.8758730915467844, "opt_gap": -0.12412690845321561, "th": -29.968591263471822}