{"N": 18, "edgelist": ["0 1 {}\n", "0 2 {}\n", "0 3 {}\n", "0 5 {}\n", "0 7 {}\n", "0 8 {}\n", "0 9 {}\n", "0 10 {}\n", "0 12 {}\n", "0 14 {}\n", "0 16 {}\n", "0 17 {}\n", "1 2 {}\n", "1 4 {}\n", "1 7 {}\n", "1 9 {}\n", "1 12 {}\n", "1 13 {}\n", "1 14 {}\n", "2 3 {}\n", "2 4 {}\n", "2 8 {}\n", "2 10 {}\n", "2 11 {}\n", "2 13 {}\n", "2 14 {}\n", "2 15 {}\n", "3 4 {}\n", "3 5 {}\n", "3 6 {}\n", "3 8 {}\n", "3 9 {}\n", "3 16 {}\n", "4 5 {}\n", "4 6 {}\n", "4 7 {}\n", "4 9 {}\n", "4 10 {}\n", "4 14 {}\n", "4 16 {}\n", "4 17 {}\n", "5 6 {}\n", "5 8 {}\n", "5 9 {}\n", "5 12 {}\n", "5 13 {}\n", "6 8 {}\n", "6 14 {}\n", "6 15 {}\n", "7 8 {}\n", "7 9 {}\n", "7 10 {}\n", "7 11 {}\n", "7 13 {}\n", "7 14 {}\n", "8 11 {}\n", "8 12 {}\n", "8 13 {}\n", "8 15 {}\n", "8 16 {}\n", "8 17 {}\n", "9 11 {}\n", "9 12 {}\n", "9 14 {}\n", "9 15 {}\n", "9 17 {}\n", "10 11 {}\n", "10 16 {}\n", "11 12 {}\n", "11 14 {}\n", "11 15 {}\n", "11 16 {}\n", "11 17 {}\n", "12 14 {}\n", "12 16 {}\n", "12 17 {}\n", "13 14 {}\n", "13 15 {}\n", "14 17 {}\n", "15 16 {}\n", "15 17 {}\n"], "distribution": [[61, 7498], [60, 6099], [57, 1039], [63, 6659], [58, 2345], [62, 7319], [59, 4345], [64, 5110], [56, 357], [66, 2186], [65, 3595], [67, 1148], [68, 502], [69, 202], [70, 85], [71, 17], [55, 95], [54, 17], [53, 2]], "opt_value": 71, "opt_count": 17, "feasible_count": 48620, "mean_value": 61.94117647058823, "std": 2.5291381520959946, "level": 9, "gammas": [0.15443262457847595, 0.2875511050224304, 0.2929733991622925, 0.29229670763015747, 0.3214104473590851, 0.34760406613349915, 0.36789670586586, 0.3934931755065918, 0.4300863742828369], "betas": [2.5191268920898438, 2.1278650760650635, 1.8493735790252686, 1.8644001483917236, 1.969436764717102, 1.9773281812667847, 1.901549220085144, 1.7301841974258423, 1.359946846961975], "predicted_p_opt": 0.12622377622377623, "predicted_tts": 7.922437673130194, "p_opt": 0.009418480098247528, "tts": 106.17424356888192, "approx": 0.9573501944541931, "opt_gap": -0.042649805545806885}