{"edges": [[0, 3], [0, 5], [0, 9], [0, 10], [1, 7], [1, 14], [2, 5], [2, 10], [2, 14], [3, 7], [3, 8], [3, 9], [3, 15], [4, 15], [5, 7], [5, 8], [5, 13], [6, 10], [6, 12], [6, 14], [6, 15], [7, 9], [7, 10], [7, 12], [7, 14], [8, 10], [8, 13], [8, 14], [9, 11], [9, 14], [9, 15], [10, 13], [13, 15], [14, 15]], "num_nodes": 16, "num_colors": 3, "opt_value": 34, "opt_count": 48, "feasible_count": 43046721, "mean_value": 22.666666666666668, "std": 2.748737083745107, "level": 29, "gammas": [-0.1411460041999817, -0.23026125133037567, -0.23515820503234863, -0.23160338401794434, -0.23150716722011566, -0.2290474772453308, -0.2302284836769104, -0.230188250541687, -0.23068733513355255, -0.23119358718395233, -0.2316492199897766, -0.2320939600467682, -0.23250988125801086, -0.2329331338405609, -0.23339205980300903, -0.23394183814525604, -0.23457671701908112, -0.23529785871505737, -0.2361537516117096, -0.23707450926303864, -0.23819904029369354, -0.23881737887859344, -0.24263039231300354, -0.23948098719120026, -0.24158106744289398, -0.247292160987854, -0.2529217004776001, -0.25229278206825256, -0.2501869201660156], "betas": [2.708772897720337, 2.5634236335754395, 2.4979045391082764, 2.494638204574585, 2.5322396755218506, 2.5411622524261475, 2.5454373359680176, 2.5543525218963623, 2.5595147609710693, 2.564857006072998, 2.569838285446167, 2.5747485160827637, 2.5797767639160156, 2.585289716720581, 2.5915369987487793, 2.598691701889038, 2.6071605682373047, 2.616853713989258, 2.6284968852996826, 2.6403019428253174, 2.6544225215911865, 2.667175769805908, 2.6668660640716553, 2.8127663135528564, 2.58525013923645, 2.7859344482421875, 2.863513708114624, 2.8711414337158203, 2.9432296752929688], "predicted_p_opt": 0.003881550002379972, "predicted_tts": 257.6290397874174, "p_opt": 0.0029186380561441183, "tts": 342.6255605400841, "approx": 0.6463063955307007, "opt_gap": -0.3536936044692993}