{"N": 26, "edgelist": ["0 3 {}\n", "0 4 {}\n", "0 5 {}\n", "0 7 {}\n", "0 8 {}\n", "0 10 {}\n", "0 11 {}\n", "0 12 {}\n", "0 14 {}\n", "0 15 {}\n", "0 17 {}\n", "0 18 {}\n", "0 21 {}\n", "0 23 {}\n", "1 3 {}\n", "1 7 {}\n", "1 8 {}\n", "1 12 {}\n", "1 13 {}\n", "1 15 {}\n", "1 21 {}\n", "1 22 {}\n", "1 25 {}\n", "2 5 {}\n", "2 11 {}\n", "2 12 {}\n", "2 13 {}\n", "2 14 {}\n", "2 16 {}\n", "2 19 {}\n", "2 23 {}\n", "2 25 {}\n", "3 4 {}\n", "3 12 {}\n", "3 13 {}\n", "3 14 {}\n", "3 16 {}\n", "3 17 {}\n", "3 19 {}\n", "3 20 {}\n", "3 22 {}\n", "4 5 {}\n", "4 6 {}\n", "4 7 {}\n", "4 9 {}\n", "4 11 {}\n", "4 12 {}\n", "4 13 {}\n", "4 15 {}\n", "4 19 {}\n", "4 21 {}\n", "4 23 {}\n", "4 24 {}\n", "4 25 {}\n", "5 6 {}\n", "5 8 {}\n", "5 11 {}\n", "5 12 {}\n", "5 15 {}\n", "5 16 {}\n", "5 19 {}\n", "5 20 {}\n", "5 21 {}\n", "5 22 {}\n", "5 23 {}\n", "6 10 {}\n", "6 11 {}\n", "6 13 {}\n", "6 14 {}\n", "6 15 {}\n", "6 16 {}\n", "6 17 {}\n", "6 18 {}\n", "6 19 {}\n", "6 20 {}\n", "6 21 {}\n", "6 22 {}\n", "6 24 {}\n", "7 8 {}\n", "7 10 {}\n", "7 18 {}\n", "7 20 {}\n", "7 23 {}\n", "8 9 {}\n", "8 10 {}\n", "8 11 {}\n", "8 12 {}\n", "8 13 {}\n", "8 14 {}\n", "8 15 {}\n", "8 17 {}\n", "8 18 {}\n", "8 19 {}\n", "8 23 {}\n", "8 25 {}\n", "9 10 {}\n", "9 12 {}\n", "9 15 {}\n", "9 16 {}\n", "9 17 {}\n", "9 19 {}\n", "9 23 {}\n", "9 24 {}\n", "10 12 {}\n", "10 13 {}\n", "10 14 {}\n", "10 15 {}\n", "10 16 {}\n", "10 18 {}\n", "10 22 {}\n", "10 23 {}\n", "10 25 {}\n", "11 13 {}\n", "11 14 {}\n", "11 16 {}\n", "11 17 {}\n", "11 22 {}\n", "11 23 {}\n", "11 24 {}\n", "11 25 {}\n", "12 13 {}\n", "12 15 {}\n", "12 16 {}\n", "12 17 {}\n", "12 18 {}\n", "12 21 {}\n", "12 22 {}\n", "12 23 {}\n", "13 14 {}\n", "13 17 {}\n", "13 19 {}\n", "13 25 {}\n", "14 16 {}\n", "14 17 {}\n", "14 19 {}\n", "14 22 {}\n", "14 23 {}\n", "15 16 {}\n", "15 17 {}\n", "15 20 {}\n", "15 23 {}\n", "16 17 {}\n", "16 18 {}\n", "16 21 {}\n", "16 22 {}\n", "16 23 {}\n", "16 25 {}\n", "17 23 {}\n", "17 24 {}\n", "18 19 {}\n", "18 22 {}\n", "18 23 {}\n", "18 24 {}\n", "19 20 {}\n", "19 21 {}\n", "19 22 {}\n", "19 23 {}\n", "19 24 {}\n", "20 21 {}\n", "20 22 {}\n", "20 24 {}\n", "20 25 {}\n", "21 24 {}\n", "21 25 {}\n", "22 25 {}\n", "24 25 {}\n"], "opt_value": 144, "opt_count": 1, "feasible_count": 10400600, "mean_value": 126.16, "std": 3.8886188450064285, "level": 93, "gammas": [3.1415925037622308, 3.1415925297623613, 3.141592530141669, 3.141592538082799, 3.141592545180722, 3.1415925398844564, 3.1415925438436676, 3.141592547990932, 3.1415925561130678, 3.1415925563143765, 3.1415925689364474, 3.141592573100465, 3.1415925817619827, 3.1415925688531408, 3.141592567095025, 3.1415925620285936, 3.1415925653996983, 3.141592560652507, 3.141592558665688, 3.141592559941682, 3.1415925532987186, 3.1415925564640124, 3.1415925657376658, 3.1415925520734396, 3.1415925526179924, 3.1415925364938344, 3.1415925412352923, 3.141592522203815, 3.1415924745849684, 3.1415924117899783, 3.14159233272791, 3.141592332395273, 3.141592352852809, 3.1415922890445347, 3.1415920802553874, 3.1415919492620805, 3.141591814850723, 3.1415912449917722, 3.141590092335007, 3.1415886226310104, 3.141586801542054, 3.1415854090118764, 3.1415844050457644, 3.14158278455806, 3.141579043692526, 3.141576000576653, 3.141573947920683, 3.141574033195364, 3.1415763033927564, 3.1415742988507858, 3.141562464196492, 3.1415510359605037, 3.1415391005027753, 3.1415392118380137, 3.141559534956972, 3.1415660978951774, 3.1415379292669026, 3.1415204244262926, 3.141534646510679, 3.14153692160209, 3.1414963529087108, 3.141477885154203, 3.141500618402071, 3.1415030555800114, 3.141484378052389, 3.141462217636258, 3.1414101353112716, 3.1413507364772415, 3.14131600544479, 3.141315558743316, 3.14126595783754, 3.1411981300681364, 3.141247432210596, 3.141278354413763, 3.141165452407189, 3.14104714994026, 3.1408898527101132, 3.140700744839354, 3.141028640588416, 3.14111340393424, 3.140592128698649, 3.14015082044903, 3.1406396570867328, 3.1402967821364545, 3.1402100298152984, 3.1394242136907735, 3.1388401556228716, 3.136582220405592, 3.1390071766425134, 3.136400857475835, 3.1375306252077, 3.1309494954867234, 3.138066871850968], "betas": [3.141592784943959, 3.141592777599552, 3.1415927712602003, 3.141592765422649, 3.1415927678974667, 3.1415927655511946, 3.141592758468254, 3.1415927563125607, 3.1415927486704867, 3.1415927394212506, 3.1415927356034326, 3.14159273593175, 3.1415927339954823, 3.141592734687775, 3.141592739362513, 3.1415927436628968, 3.141592746071837, 3.1415927425132457, 3.141592739700222, 3.141592739996778, 3.141592740654983, 3.1415927419233465, 3.1415927414599354, 3.1415927398537598, 3.1415927331590505, 3.141592725115179, 3.141592715240417, 3.1415926788867594, 3.1415926140322172, 3.141592533441861, 3.1415924921689897, 3.141592518995064, 3.141592511912612, 3.14159235729113, 3.1415921780244545, 3.141592086314624, 3.141591799435801, 3.141590887943326, 3.1415896014277096, 3.1415879005495513, 3.141586216076986, 3.141585067299004, 3.1415839993422163, 3.1415812447814084, 3.1415774564509666, 3.141575051628607, 3.141573709836289, 3.141575307498509, 3.141576607731808, 3.1415693495495094, 3.1415564390601904, 3.1415454427167053, 3.1415361086504774, 3.1415486964788037, 3.141567162707325, 3.141555263020848, 3.141524241521549, 3.1415262420656447, 3.1415403449164634, 3.1415209721582134, 3.141478423941418, 3.1414900281579876, 3.141504223699903, 3.141496845466718, 3.1414717941805224, 3.141444505281169, 3.141373450269613, 3.1413353158665567, 3.141307064451136, 3.1413117178094807, 3.1412112075102363, 3.1412244309658086, 3.1412628245868235, 3.1412558034366787, 3.1410719949630863, 3.141022322872369, 3.1407170477074953, 3.140862446561303, 3.141105209386281, 3.1409788688874496, 3.140185906985841, 3.1404681790875415, 3.140440829255499, 3.140384992142553, 3.139638470209581, 3.1395682611229505, 3.1372440969032835, 3.137859359187029, 3.137687670849733, 3.1376767754814168, 3.133524184648943, 3.133552087751065, 3.1407460406767496], "predicted_p_opt": 0.0033622098725073555, "predicted_tts": 297.42343218279046, "p_opt": 0.0033584418126109197, "tts": 297.75713137116406, "approx": 0.8765271330435405, "opt_gap": -0.12347286695645954, "th": -143.99899291992188}