{"edges": [[14, 16], [14, 15], [14, 5], [16, 7], [16, 13], [4, 15], [4, 17], [4, 2], [15, 0], [8, 9], [8, 3], [8, 10], [9, 3], [9, 6], [10, 18], [10, 19], [18, 1], [18, 7], [1, 17], [1, 13], [6, 11], [6, 17], [11, 19], [11, 5], [7, 12], [3, 5], [2, 19], [2, 12], [0, 13], [0, 12]], "num_nodes": 20, "opt_value": 26, "opt_count": 10, "feasible_count": 1048576, "mean_value": 15.0, "std": 2.7386127875258306, "level": 22, "gammas": [0.14355450291367378, 0.2614039099202124, 0.2566349754998526, 0.2768041886318066, 0.3020899624785787, 0.2958545957426147, 0.29652239620226056, 0.29818235934758514, 0.29939846779586765, 0.30093444962734633, 0.302484646165202, 0.30414152185743104, 0.3060033329457988, 0.3084279704617854, 0.31178481216274123, 0.3165094551538053, 0.32314755349656005, 0.3313666362931555, 0.3241630444789745, 0.42948107603831676, 0.4673213478565386, 0.41794095100877776], "betas": [-2.8299510586716194, -2.5030297836420488, -2.2597075330561727, -2.2130006828894664, -2.0583207098291987, -2.110438483645218, -2.085615059032178, -2.066092076562161, -2.0474124606024895, -2.027582945998741, -2.0029976134978815, -1.9758827263341245, -1.945647709335762, -1.9152672737369343, -1.8822421648659742, -1.8501091076876774, -1.8186260141731128, 4.444311512637906, 4.674215813212833, 4.363828257296305, 4.109250662174877, 3.876040898310612], "predicted_p_opt": 0.019311904907226562, "predicted_tts": 51.78153086419753, "p_opt": 0.00024633492644136906, "tts": 4059.5136647746663, "approx": 0.8581484335559819, "opt_gap": -0.14185156644401808}