{
  "locs": [
    [
      0.09,
      0.27
    ],
    [
      0.94,
      0.85
    ],
    [
      0.67,
      0.85
    ],
    [
      0.12,
      0.38
    ],
    [
      0.52,
      0.65
    ],
    [
      0.38,
      0.95
    ],
    [
      0.81,
      0.17
    ]
  ],
  "opt_value": 2.923656940460205,
  "opt_count": 2,
  "feasible_count": 720,
  "mean_value": 4.177391529083252,
  "std": 0.5133013129234314,
  "level": 7,
  "gammas": [
    -1.3175956010818481,
    -2.1783556938171387,
    -2.3405368328094482,
    -2.374485492706299,
    -2.402482271194458,
    -2.3319361209869385,
    -2.1899545192718506
  ],
  "betas": [
    2.9205541610717773,
    2.8488290309906006,
    2.8798975944519043,
    2.8193135261535645,
    2.6924867630004883,
    2.626910924911499,
    2.3483967781066895
  ],
  "predicted_p_opt": 0.625,
  "predicted_tts": 1.6,
  "p_opt": 0.1867908537387848,
  "tts": 5.3535811844322785,
  "approx": 1.1730700731277466,
  "opt_gap": 0.17307007312774658
}
