{"N": 20, "edgelist": ["0 2 {}\n", "0 4 {}\n", "0 5 {}\n", "0 9 {}\n", "0 10 {}\n", "0 12 {}\n", "0 19 {}\n", "1 2 {}\n", "1 6 {}\n", "1 9 {}\n", "1 10 {}\n", "1 11 {}\n", "1 17 {}\n", "1 18 {}\n", "1 19 {}\n", "2 3 {}\n", "2 4 {}\n", "2 6 {}\n", "2 8 {}\n", "2 9 {}\n", "2 12 {}\n", "2 13 {}\n", "2 15 {}\n", "2 16 {}\n", "2 19 {}\n", "3 4 {}\n", "3 6 {}\n", "3 8 {}\n", "3 9 {}\n", "3 10 {}\n", "3 11 {}\n", "3 12 {}\n", "3 13 {}\n", "3 14 {}\n", "3 16 {}\n", "3 19 {}\n", "4 6 {}\n", "4 9 {}\n", "4 10 {}\n", "4 13 {}\n", "4 15 {}\n", "4 19 {}\n", "5 6 {}\n", "5 8 {}\n", "5 12 {}\n", "5 13 {}\n", "5 14 {}\n", "5 18 {}\n", "5 19 {}\n", "6 8 {}\n", "6 10 {}\n", "6 11 {}\n", "6 13 {}\n", "6 14 {}\n", "6 17 {}\n", "7 9 {}\n", "7 10 {}\n", "7 13 {}\n", "7 16 {}\n", "8 10 {}\n", "8 12 {}\n", "8 13 {}\n", "8 19 {}\n", "9 11 {}\n", "9 12 {}\n", "9 13 {}\n", "9 14 {}\n", "9 15 {}\n", "9 17 {}\n", "10 15 {}\n", "10 18 {}\n", "11 13 {}\n", "11 14 {}\n", "11 15 {}\n", "11 16 {}\n", "11 17 {}\n", "11 19 {}\n", "12 13 {}\n", "12 16 {}\n", "12 18 {}\n", "12 19 {}\n", "13 16 {}\n", "13 18 {}\n", "14 17 {}\n", "14 18 {}\n", "14 19 {}\n", "15 17 {}\n", "15 18 {}\n", "16 17 {}\n", "16 18 {}\n", "17 18 {}\n", "18 19 {}\n"], "opt_value": 82, "opt_count": 7, "feasible_count": 184756, "mean_value": 70.21052631578948, "std": 2.9293456039300203, "level": 11, "gammas": [2.364642858505249, 2.3982765674591064, 2.462613344192505, 2.525893449783325, 2.5602684020996094, 2.5499351024627686, 2.500706195831299, 2.4302549362182617, 2.3645834922790527, 2.345357894897461, 2.6021272484279097], "betas": [2.3803629875183105, 2.4400899410247803, 2.504249095916748, 2.5514347553253174, 2.5603535175323486, 2.5240769386291504, 2.4566032886505127, 2.387260675430298, 2.3502602577209473, 2.3529698848724365, 0.0], "predicted_p_opt": 0.02004265084760441, "predicted_tts": 49.89359978395895, "p_opt": 0.005993140680954767, "tts": 166.85742138138664, "approx": 0.9571917048539405, "opt_gap": -0.04280829514605955, "th": -77.93070905200173}