{"N": 20, "edgelist": ["0 2 {}\n", "0 5 {}\n", "0 6 {}\n", "0 10 {}\n", "0 12 {}\n", "0 16 {}\n", "1 3 {}\n", "1 7 {}\n", "1 8 {}\n", "1 10 {}\n", "1 11 {}\n", "1 13 {}\n", "1 15 {}\n", "1 17 {}\n", "1 18 {}\n", "2 6 {}\n", "2 7 {}\n", "2 13 {}\n", "2 14 {}\n", "2 15 {}\n", "2 16 {}\n", "3 4 {}\n", "3 5 {}\n", "3 6 {}\n", "3 11 {}\n", "3 17 {}\n", "3 18 {}\n", "4 6 {}\n", "4 7 {}\n", "4 10 {}\n", "4 12 {}\n", "4 18 {}\n", "5 6 {}\n", "5 7 {}\n", "5 14 {}\n", "5 17 {}\n", "5 18 {}\n", "6 8 {}\n", "6 12 {}\n", "6 17 {}\n", "6 19 {}\n", "7 8 {}\n", "7 12 {}\n", "7 15 {}\n", "7 16 {}\n", "8 10 {}\n", "8 11 {}\n", "8 12 {}\n", "8 15 {}\n", "8 17 {}\n", "8 18 {}\n", "9 10 {}\n", "9 11 {}\n", "9 14 {}\n", "9 16 {}\n", "9 18 {}\n", "10 14 {}\n", "10 16 {}\n", "10 18 {}\n", "10 19 {}\n", "11 13 {}\n", "11 14 {}\n", "11 15 {}\n", "11 16 {}\n", "11 18 {}\n", "11 19 {}\n", "12 13 {}\n", "12 14 {}\n", "12 17 {}\n", "13 17 {}\n", "13 18 {}\n", "13 19 {}\n", "14 15 {}\n", "14 16 {}\n", "14 17 {}\n", "15 16 {}\n", "15 18 {}\n", "15 19 {}\n", "16 18 {}\n", "16 19 {}\n", "17 18 {}\n", "18 19 {}\n"], "opt_value": 73, "opt_count": 15, "feasible_count": 184756, "mean_value": 62.578947368421055, "std": 2.652609464746387, "level": 11, "gammas": [2.3845131397247314, 2.409741163253784, 2.4626002311706543, 2.520602226257324, 2.5622928142547607, 2.5722410678863525, 2.547037124633789, 2.496314764022827, 2.433682680130005, 2.3824236392974854, 2.3689992427825928], "betas": [2.3943631649017334, 2.4426708221435547, 2.499911308288574, 2.5485806465148926, 2.5727009773254395, 2.561599016189575, 2.5179803371429443, 2.4558379650115967, 2.399430990219116, 2.3715357780456543, 2.3749029636383057], "predicted_p_opt": 0.04294853753058087, "predicted_tts": 23.283679899180846, "p_opt": 0.015479834772594687, "tts": 64.60017272086056, "approx": 0.964346983456094, "opt_gap": -0.03565301654390596, "th": -69.92377947180118}