{"N": 22, "edgelist": ["0 4 {}\n", "0 7 {}\n", "0 10 {}\n", "0 12 {}\n", "0 14 {}\n", "0 17 {}\n", "0 18 {}\n", "0 21 {}\n", "1 3 {}\n", "1 4 {}\n", "1 7 {}\n", "1 9 {}\n", "1 10 {}\n", "1 11 {}\n", "1 12 {}\n", "1 13 {}\n", "1 14 {}\n", "1 15 {}\n", "1 16 {}\n", "1 17 {}\n", "1 18 {}\n", "1 19 {}\n", "2 5 {}\n", "2 7 {}\n", "2 9 {}\n", "2 10 {}\n", "2 11 {}\n", "2 12 {}\n", "2 13 {}\n", "2 14 {}\n", "2 15 {}\n", "2 16 {}\n", "2 19 {}\n", "2 20 {}\n", "2 21 {}\n", "3 4 {}\n", "3 12 {}\n", "3 17 {}\n", "3 18 {}\n", "3 20 {}\n", "3 21 {}\n", "4 6 {}\n", "4 7 {}\n", "4 11 {}\n", "4 13 {}\n", "4 16 {}\n", "4 18 {}\n", "4 20 {}\n", "4 21 {}\n", "5 6 {}\n", "5 8 {}\n", "5 11 {}\n", "5 12 {}\n", "5 17 {}\n", "5 18 {}\n", "6 8 {}\n", "6 9 {}\n", "6 10 {}\n", "6 12 {}\n", "6 13 {}\n", "6 14 {}\n", "6 15 {}\n", "6 16 {}\n", "6 17 {}\n", "6 18 {}\n", "7 10 {}\n", "7 11 {}\n", "7 13 {}\n", "7 14 {}\n", "7 15 {}\n", "7 16 {}\n", "7 17 {}\n", "7 18 {}\n", "7 19 {}\n", "8 9 {}\n", "8 11 {}\n", "8 12 {}\n", "8 13 {}\n", "8 20 {}\n", "8 21 {}\n", "9 10 {}\n", "9 11 {}\n", "9 17 {}\n", "9 18 {}\n", "9 21 {}\n", "10 12 {}\n", "10 14 {}\n", "10 15 {}\n", "10 16 {}\n", "10 18 {}\n", "10 20 {}\n", "11 12 {}\n", "11 13 {}\n", "11 14 {}\n", "11 16 {}\n", "12 13 {}\n", "12 14 {}\n", "12 16 {}\n", "12 17 {}\n", "12 18 {}\n", "12 19 {}\n", "13 14 {}\n", "13 15 {}\n", "13 16 {}\n", "13 17 {}\n", "14 15 {}\n", "14 20 {}\n", "14 21 {}\n", "15 16 {}\n", "15 17 {}\n", "15 18 {}\n", "15 19 {}\n", "15 20 {}\n", "16 19 {}\n", "16 21 {}\n", "17 18 {}\n", "18 19 {}\n"], "opt_value": 103, "opt_count": 4, "feasible_count": 705432, "mean_value": 89.14285714285714, "std": 3.5155783428697753, "level": 63, "gammas": [-0.09729862958192825, -0.18099303543567657, -0.1940411627292633, -0.19260849058628082, -0.1868392825126648, -0.18114237487316132, -0.17884834110736847, -0.1800844669342041, -0.1820736676454544, -0.18280337750911713, -0.1821640282869339, -0.18099118769168854, -0.18011674284934998, -0.17998455464839935, -0.1805398315191269, -0.1814904808998108, -0.18229827284812927, -0.18224342167377472, -0.18116915225982666, -0.17982526123523712, -0.17923752963542938, -0.1795976608991623, -0.18016013503074646, -0.18035270273685455, -0.18077044188976288, -0.18243727087974548, -0.18513688445091248, -0.18703173100948334, -0.18373985588550568, -0.1684577465057373, -0.14086098968982697, 0.09152907133102417, 0.2058066576719284, 0.2075350135564804, 0.21090510487556458, 0.20969277620315552, 0.20879623293876648, 0.208168163895607, 0.20780792832374573, 0.20767630636692047, 0.20765471458435059, 0.20771388709545135, 0.20792190730571747, 0.2081933170557022, 0.20842495560646057, 0.20874743163585663, 0.20903214812278748, 0.2092795968055725, 0.2095913290977478, 0.2098345011472702, 0.2100718915462494, 0.21035248041152954, 0.2106705904006958, 0.21109434962272644, 0.21164822578430176, 0.212058886885643, 0.21182118356227875, 0.2118995487689972, 0.21966144442558289, 0.22983312606811523, 0.15308870375156403, -0.18004253506660461, -0.21366533637046814], "betas": [2.7688028812408447, 2.659446954727173, 2.583207607269287, 2.5068814754486084, 2.431504487991333, 2.384330987930298, 2.3863449096679688, 2.4158620834350586, 2.4376144409179688, 2.439467430114746, 2.4285619258880615, 2.4161503314971924, 2.4103691577911377, 2.413851499557495, 2.4251296520233154, 2.4371602535247803, 2.4413418769836426, 2.433035373687744, 2.4150097370147705, 2.3997340202331543, 2.396538734436035, 2.401597261428833, 2.4033234119415283, 2.399965763092041, 2.4056360721588135, 2.429380178451538, 2.4614691734313965, 2.492704153060913, 2.516831398010254, 2.561342716217041, -2.055133819580078, -3.4291574954986572, -2.879615306854248, -2.850170612335205, -2.8211379051208496, -2.821411609649658, -2.822079658508301, -2.82385516166687, -2.8256137371063232, -2.827877998352051, -2.8307783603668213, -2.834280014038086, -2.838517427444458, -2.8430240154266357, -2.8476147651672363, -2.8515994548797607, -2.8556764125823975, -2.859924554824829, -2.863013982772827, -2.8662493228912354, -2.8704118728637695, -2.874711275100708, -2.8802835941314697, -2.888981342315674, -2.902721643447876, -2.9265003204345703, -2.9516003131866455, -2.9830801486968994, -2.7878856658935547, -2.950146436691284, -2.7886152267456055, 2.7269575595855713, 2.9353668689727783], "predicted_p_opt": 0.09145601560462241, "predicted_tts": 10.934217868435738, "p_opt": 0.06201952068504297, "tts": 16.12395563452277, "approx": 0.8745128044299901, "opt_gap": -0.12548719557000987}