{"edges": [[0, 3], [0, 8], [0, 9], [0, 12], [0, 13], [1, 3], [1, 5], [1, 6], [1, 10], [2, 3], [2, 7], [4, 10], [4, 11], [5, 6], [5, 10], [6, 8], [7, 8], [7, 9], [7, 10], [8, 10], [9, 10], [9, 11], [10, 12], [12, 13]], "num_nodes": 14, "num_colors": 3, "opt_value": 24, "opt_count": 162, "feasible_count": 4782969, "mean_value": 16.0, "std": 2.309401076758503, "level": 4, "gammas": [0.18960408216433025, 0.3543193356585625, 0.40075911480555076, 0.44544983888129536], "betas": [-2.0370682934250235, -1.5693582524202674, -1.33434582186736, 5.197884306276416], "predicted_p_opt": 0.0027434842249657062, "predicted_tts": 364.5, "p_opt": 0.00027398012407524005, "tts": 3649.8997997583992, "approx": 0.8151251596609602, "opt_gap": -0.18487484033903978}