{"edges": [[16, 20], [16, 3], [16, 23], [20, 1], [20, 21], [6, 21], [6, 11], [6, 13], [21, 0], [4, 12], [4, 23], [4, 10], [12, 5], [12, 0], [3, 24], [3, 5], [22, 23], [22, 13], [22, 19], [2, 8], [2, 17], [2, 7], [8, 11], [8, 14], [17, 14], [17, 25], [11, 5], [13, 24], [24, 18], [7, 25], [7, 14], [25, 9], [1, 10], [1, 19], [9, 15], [9, 18], [18, 15], [10, 19], [15, 0]], "num_nodes": 26, "opt_value": 36, "opt_count": 2, "feasible_count": 67108864, "mean_value": 19.5, "std": 3.122498999199199, "level": 28, "gammas": [3.141587257385254, 3.1415810585021973, 3.14156436920166, 3.141533613204956, 3.141484022140503, 3.141416072845459, 3.1413352489471436, 3.1412596702575684, 3.141205310821533, 3.141179323196411, 3.1411755084991455, 3.141183376312256, 3.141188621520996, 3.141185760498047, 3.1411707401275635, 3.141143560409546, 3.141108989715576, 3.1410787105560303, 3.1410675048828125, 3.141094207763672, 3.141162395477295, 3.141258478164673, 3.141357898712158, 3.1414449214935303, 3.141507387161255, 3.1415491104125977, 3.141573190689087, 3.1415834426879883], "betas": [3.141585111618042, 3.1415746212005615, 3.1415517330169678, 3.141511917114258, 3.141453742980957, 3.1413774490356445, 3.141298294067383, 3.1412320137023926, 3.141190767288208, 3.141176700592041, 3.1411802768707275, 3.141187906265259, 3.1411895751953125, 3.141181230545044, 3.141160011291504, 3.1411285400390625, 3.1410932540893555, 3.1410696506500244, 3.1410751342773438, 3.141122817993164, 3.1412079334259033, 3.1413097381591797, 3.1414053440093994, 3.1414809226989746, 3.1415324211120605, 3.1415648460388184, 3.1415812969207764, 3.1415867805480957], "predicted_p_opt": 9.682774543762207e-05, "predicted_tts": 10327.618344105878, "p_opt": 5.064385293315326e-05, "tts": 19745.733037333037, "approx": 0.8295665948995526, "opt_gap": -0.17043340510044735, "th": -29.987829160445862}