{"edges": [[0, 3], [0, 8], [1, 3], [1, 6], [1, 11], [2, 3], [2, 5], [2, 7], [2, 8], [3, 7], [3, 11], [4, 9], [4, 10], [4, 11], [5, 8], [6, 10], [6, 11], [7, 13], [8, 9], [10, 11], [11, 13], [12, 13]], "num_nodes": 14, "num_colors": 3, "opt_value": 22, "opt_count": 180, "feasible_count": 4782969, "mean_value": 14.666666666666666, "std": 2.211083193570267, "level": 2, "gammas": [0.24341084847849542, 0.45098683464053213], "betas": [-1.759216277907821, 5.139816820561127], "predicted_p_opt": 0.0009408382115794604, "predicted_tts": 1062.882, "p_opt": 0.0002441709089894042, "tts": 4095.491981984615, "approx": 0.7773323744200682, "opt_gap": -0.2226676255799318}