{"N": 26, "edgelist": ["0 2 {}\n", "0 3 {}\n", "0 4 {}\n", "0 5 {}\n", "0 6 {}\n", "0 7 {}\n", "0 9 {}\n", "0 11 {}\n", "0 12 {}\n", "0 13 {}\n", "0 14 {}\n", "0 15 {}\n", "0 17 {}\n", "0 18 {}\n", "0 23 {}\n", "1 7 {}\n", "1 8 {}\n", "1 9 {}\n", "1 10 {}\n", "1 11 {}\n", "1 13 {}\n", "1 15 {}\n", "1 16 {}\n", "1 18 {}\n", "1 22 {}\n", "1 23 {}\n", "1 24 {}\n", "2 7 {}\n", "2 9 {}\n", "2 11 {}\n", "2 15 {}\n", "2 16 {}\n", "2 17 {}\n", "2 19 {}\n", "2 25 {}\n", "3 12 {}\n", "3 14 {}\n", "3 15 {}\n", "3 20 {}\n", "3 22 {}\n", "3 25 {}\n", "4 5 {}\n", "4 7 {}\n", "4 8 {}\n", "4 9 {}\n", "4 11 {}\n", "4 14 {}\n", "4 15 {}\n", "4 16 {}\n", "4 20 {}\n", "4 24 {}\n", "5 6 {}\n", "5 7 {}\n", "5 10 {}\n", "5 12 {}\n", "5 13 {}\n", "5 15 {}\n", "5 17 {}\n", "5 18 {}\n", "5 19 {}\n", "5 25 {}\n", "6 7 {}\n", "6 11 {}\n", "6 14 {}\n", "6 15 {}\n", "6 17 {}\n", "6 21 {}\n", "6 22 {}\n", "6 24 {}\n", "7 8 {}\n", "7 9 {}\n", "7 10 {}\n", "7 12 {}\n", "7 15 {}\n", "7 18 {}\n", "7 19 {}\n", "7 21 {}\n", "7 23 {}\n", "7 24 {}\n", "7 25 {}\n", "8 11 {}\n", "8 13 {}\n", "8 16 {}\n", "8 17 {}\n", "8 18 {}\n", "8 20 {}\n", "8 21 {}\n", "8 22 {}\n", "8 24 {}\n", "9 10 {}\n", "9 11 {}\n", "9 13 {}\n", "9 15 {}\n", "9 17 {}\n", "10 11 {}\n", "10 12 {}\n", "10 15 {}\n", "10 17 {}\n", "10 18 {}\n", "10 19 {}\n", "10 21 {}\n", "10 22 {}\n", "10 23 {}\n", "10 24 {}\n", "11 12 {}\n", "11 15 {}\n", "11 16 {}\n", "11 18 {}\n", "11 19 {}\n", "11 22 {}\n", "11 23 {}\n", "12 13 {}\n", "12 14 {}\n", "12 18 {}\n", "12 22 {}\n", "12 23 {}\n", "12 24 {}\n", "12 25 {}\n", "13 14 {}\n", "13 17 {}\n", "13 19 {}\n", "13 21 {}\n", "13 22 {}\n", "14 18 {}\n", "14 21 {}\n", "14 22 {}\n", "14 24 {}\n", "15 17 {}\n", "15 20 {}\n", "15 22 {}\n", "15 24 {}\n", "16 17 {}\n", "16 20 {}\n", "16 22 {}\n", "16 23 {}\n", "16 25 {}\n", "17 21 {}\n", "17 22 {}\n", "17 25 {}\n", "19 20 {}\n", "19 21 {}\n", "19 24 {}\n", "20 25 {}\n", "21 23 {}\n", "21 25 {}\n", "22 23 {}\n", "22 24 {}\n", "23 24 {}\n"], "opt_value": 129, "opt_count": 5, "feasible_count": 10400600, "mean_value": 112.48, "std": 3.9589238766197012, "level": 17, "gammas": [3.139681577682495, 3.139347791671753, 3.139300584793091, 3.139587879180908, 3.140122175216675, 3.1406075954437256, 3.1408941745758057, 3.141010046005249, 3.1409902572631836, 3.14082932472229, 3.1404848098754883, 3.139937162399292, 3.1392996311187744, 3.1387829780578613, 3.138537883758545, 3.138619899749756, 3.1390016078948975], "betas": [3.1386537551879883, 3.138468027114868, 3.138643264770508, 3.1391682624816895, 3.139840841293335, 3.1403961181640625, 3.140735626220703, 3.1408920288085938, 3.1409103870391846, 3.1407883167266846, 3.1404869556427, 3.1399953365325928, 3.139474630355835, 3.139145851135254, 3.13909912109375, 3.1393725872039795, 3.139883279800415], "predicted_p_opt": 0.0005889083322116031, "predicted_tts": 1698.057142857143, "p_opt": 0.00024704034426685663, "tts": 4047.921820088565, "approx": 0.9653902350150917, "opt_gap": -0.03460976498490831, "th": -123.97720281131741}