{"edges": [[0, 2], [0, 3], [0, 7], [0, 10], [1, 2], [1, 7], [1, 8], [1, 9], [1, 10], [1, 11], [2, 4], [2, 5], [2, 6], [2, 10], [4, 6], [4, 11], [4, 12], [5, 10], [7, 8]], "num_nodes": 13, "num_colors": 3, "opt_value": 19, "opt_count": 288, "feasible_count": 1594323, "mean_value": 12.666666666666666, "std": 2.0548046676563256, "level": 49, "gammas": [3.1415930289909677, 3.1415927514468107, 3.1415926102101217, 3.1415925700236067, 3.1415925850652044, 3.1415926355227155, 3.141592674637039, 3.1415926861686825, 3.1415927003258832, 3.1415926853589538, 3.141592650764913, 3.1415925974639536, 3.141592547816661, 3.1415925175248516, 3.1415924860345417, 3.1415924260955217, 3.141592357050152, 3.1415920490814395, 3.141591504197105, 3.141590763307164, 3.1415898034420837, 3.14158904456705, 3.1415871581394366, 3.1415837081067917, 3.141576708089107, 3.1415671621450647, 3.1415328625535883, 3.1415194635955865, 3.1414763008662034, 3.141438560768956, 3.1412691963737864, 3.1411945643751107, 3.1412278385489065, 3.141171349419509, 3.14121809326785, 3.140975306801171, 3.1400374343960933, 3.1384608650166537, 3.1392105905553285, 3.137482916442627, 3.1380498476066534, 3.1407774471028267, 3.1375242566797032, 3.1289428789287856, 3.1338069974654017, 3.1223604164913867, 3.133152284381962, 3.0956526700487914, 3.121017049837304], "betas": [3.141592445270417, 3.1415926499670914, 3.1415927240103305, 3.1415927306662295, 3.141592704141128, 3.141592666222807, 3.1415926268647936, 3.1415926084584713, 3.141592609738977, 3.141592628959017, 3.1415926562742142, 3.1415926808883397, 3.1415927097799066, 3.1415927155383434, 3.141592654453026, 3.141592536488074, 3.1415922864460173, 3.1415916660262297, 3.141590926069052, 3.1415898365366743, 3.1415890442436187, 3.141587721213368, 3.1415856650704734, 3.141580072829305, 3.141574328622275, 3.1415524222554914, 3.1415242649920785, 3.141505791384144, 3.1414572379003016, 3.1413791723640916, 3.1411860600282195, 3.1412422269272318, 3.1411585810013216, 3.1412510799538604, 3.141046253844342, 3.1407852870855213, 3.1388807924202746, 3.1391396214015166, 3.1382303946215484, 3.1374174149997716, 3.139837933080001, 3.139705559423076, 3.1326563481485685, 3.1308744739784546, 3.1301994615877313, 3.125952553039845, 3.1176680143258517, 3.099637019186408, 3.136154065891418], "predicted_p_opt": 1.7704618198445359, "predicted_tts": 0.5648243801652892, "p_opt": 0.9434141091623651, "tts": 1.0599799073260374, "approx": 0.981134732759686, "opt_gap": -0.01886526724031401, "th": -18.999000549316406}