{"edges": [[0, 3], [0, 4], [0, 10], [0, 13], [0, 14], [1, 9], [1, 10], [2, 4], [2, 6], [2, 8], [2, 12], [2, 16], [3, 10], [3, 16], [4, 10], [4, 13], [5, 13], [6, 13], [7, 9], [7, 11], [7, 13], [7, 16], [8, 12], [9, 11], [9, 14], [9, 16], [11, 15], [12, 15], [15, 16]], "num_nodes": 17, "num_colors": 3, "opt_value": 29, "opt_count": 252, "feasible_count": 129140163, "mean_value": 19.333333333333332, "std": 2.5385910352879697, "level": 14, "gammas": [0.12202466034024684, 0.2499589856414528, 0.2841671239532005, 0.2950474875879702, 0.30041460759715566, 0.30449221242813035, 0.3086818160151337, 0.313648011567629, 0.31975803111255113, 0.3273874151712634, 0.33724517869906195, 0.3507235257440325, 0.37083981819668493, 0.40581631371958915], "betas": [-2.377383109464528, -1.9897206395689477, -1.804251274072185, -1.707704937411733, -1.651905368287879, -1.615892846171312, -1.5893446334221661, -1.5661471073137736, -1.5414844064584718, -1.511180704351299, -1.4702481276284216, -1.4103748821350586, -1.3096187533904684, 5.191803118214047], "predicted_p_opt": 0.001641100607872084, "predicted_tts": 609.3471632410395, "p_opt": 3.372788870872061e-05, "tts": 29649.05418883934, "approx": 0.8608256614365881, "opt_gap": -0.13917433856341188}