{"N": 18, "edgelist": ["0 1 {}\n", "0 3 {}\n", "0 4 {}\n", "0 5 {}\n", "0 10 {}\n", "0 11 {}\n", "0 12 {}\n", "0 17 {}\n", "1 2 {}\n", "1 3 {}\n", "1 5 {}\n", "1 7 {}\n", "1 10 {}\n", "1 11 {}\n", "1 16 {}\n", "1 17 {}\n", "2 5 {}\n", "2 6 {}\n", "2 7 {}\n", "2 8 {}\n", "2 9 {}\n", "2 10 {}\n", "2 12 {}\n", "2 13 {}\n", "2 14 {}\n", "3 4 {}\n", "3 5 {}\n", "3 7 {}\n", "3 8 {}\n", "3 16 {}\n", "4 5 {}\n", "4 6 {}\n", "4 8 {}\n", "4 9 {}\n", "4 15 {}\n", "4 16 {}\n", "4 17 {}\n", "5 11 {}\n", "5 14 {}\n", "5 17 {}\n", "6 7 {}\n", "6 8 {}\n", "6 9 {}\n", "6 12 {}\n", "6 13 {}\n", "6 14 {}\n", "6 15 {}\n", "7 8 {}\n", "7 10 {}\n", "7 11 {}\n", "7 13 {}\n", "7 15 {}\n", "7 17 {}\n", "8 9 {}\n", "8 11 {}\n", "8 12 {}\n", "8 14 {}\n", "8 15 {}\n", "8 17 {}\n", "9 12 {}\n", "9 13 {}\n", "9 14 {}\n", "9 16 {}\n", "9 17 {}\n", "10 14 {}\n", "10 17 {}\n", "11 12 {}\n", "11 13 {}\n", "11 15 {}\n", "11 16 {}\n", "12 13 {}\n", "12 14 {}\n", "12 16 {}\n", "13 16 {}\n", "14 16 {}\n", "14 17 {}\n"], "opt_value": 66, "opt_count": 1, "feasible_count": 48620, "mean_value": 58.11764705882353, "std": 2.225053943593978, "level": 21, "gammas": [0.2252740114927292, 0.39316219091415405, 0.35730335116386414, 0.29378747940063477, 0.33912166953086853, 0.38453781604766846, 0.39497384428977966, 0.3832734525203705, 0.390799880027771, 0.3817315995693207, 0.3860827684402466, 0.38923561573028564, 0.392644464969635, 0.40102145075798035, 0.36952269077301025, 0.49418485164642334, 0.5460814237594604, 0.5445002317428589, 0.48227614164352417, 0.4455503523349762, 0.4302390515804291], "betas": [-2.9151129722595215, -2.797450304031372, -2.41186785697937, -2.2218403816223145, -2.327812671661377, -2.2994890213012695, -2.167180299758911, -1.9836775064468384, -2.0896518230438232, -2.0776078701019287, -2.069239616394043, -2.0506138801574707, -2.0387258529663086, -2.126528739929199, -1.8793914318084717, -2.188876152038574, -2.4293642044067383, -2.645878791809082, -2.6819756031036377, -2.675196886062622, -2.680011034011841], "predicted_p_opt": 0.03802961744138215, "predicted_tts": 26.295294753921038, "p_opt": 0.0016893489519134164, "tts": 591.9440142117261, "approx": 0.9718534350395203, "opt_gap": -0.028146564960479736}