{"edges": [[0, 1], [0, 4], [0, 5], [0, 11], [1, 3], [1, 7], [2, 4], [2, 9], [2, 10], [2, 12], [3, 8], [4, 7], [4, 12], [5, 10], [6, 11], [7, 8], [7, 10], [7, 11], [8, 12], [9, 11], [9, 12], [10, 11], [11, 12]], "num_nodes": 13, "num_colors": 3, "opt_value": 23, "opt_count": 72, "feasible_count": 1594323, "mean_value": 15.333333333333334, "std": 2.260776661041756, "level": 3, "gammas": [0.28113383054733276, 0.3683944344520569, 0.36131975054740906], "betas": [-2.6404285430908203, -2.6832799911499023, -2.8228280544281006], "predicted_p_opt": 0.002212851473634891, "predicted_tts": 451.90561224489795, "p_opt": 0.001363176852464676, "tts": 733.580531529685, "approx": 0.6713058948516846, "opt_gap": -0.32869410514831543}