{"edges": [[0, 2], [0, 4], [0, 8], [0, 9], [0, 12], [1, 7], [2, 7], [2, 9], [3, 4], [3, 5], [3, 7], [3, 10], [3, 11], [4, 5], [4, 7], [4, 9], [5, 6], [5, 8], [6, 7], [6, 8], [6, 12], [7, 12], [9, 10], [9, 11], [11, 12]], "num_nodes": 13, "num_colors": 3, "distribution": [[0, 3], [4, 54], [3, 30], [5, 138], [6, 372], [2, 6], [7, 690], [8, 1602], [9, 3888], [10, 8526], [11, 17790], [12, 37734], [13, 73806], [14, 126570], [15, 194052], [16, 254928], [17, 277632], [18, 247704], [19, 179550], [20, 105216], [21, 45756], [22, 14538], [23, 3216], [24, 444], [1, 6], [25, 72]], "opt_value": 25, "opt_count": 72, "feasible_count": 1594323, "mean_value": 16.666666666666668, "std": 2.357022603955158, "level": 3, "gammas": [0.3000886142253876, 1.0001009702682495, 0.426486074924469], "betas": [2.723637819290161, 1.891956090927124, -3.681358575820923], "predicted_p_opt": 0.002212851473634891, "predicted_tts": 451.90561224489795, "p_opt": 0.0003423609558590244, "tts": 2920.8938194803227}