{"edges": [[6, 15], [6, 11], [6, 9], [15, 11], [15, 2], [4, 9], [4, 14], [4, 0], [9, 3], [12, 13], [12, 5], [12, 2], [13, 7], [13, 8], [0, 8], [0, 7], [8, 5], [11, 1], [7, 10], [10, 14], [10, 1], [3, 5], [3, 14], [1, 2]], "num_nodes": 16, "opt_value": 22, "opt_count": 2, "feasible_count": 65536, "mean_value": 12.0, "std": 2.449489742783178, "level": 16, "gammas": [0.1551856528945039, 0.29223744798177503, 0.313336221668963, 0.28175520882248045, 0.23173286145071487, 0.2904461101002918, 0.33812595854467214, 0.3542998839801524, 0.3626071998977107, 0.3689968273781533, 0.3749980948333611, 0.3812139927220999, 0.3874393864036825, 0.39682722950805055, 0.41479487806384635, 0.43798687615940174], "betas": [-2.5095731173701177, -2.2902260279207107, -2.0649551308386282, -1.62705310951968, -1.610565844006576, -2.0064380449617643, -2.1476377544460807, -2.1771297258620073, -2.1645095026157257, -2.1292133007024456, -2.0761381977697204, -2.0069333849636393, -1.917272147803541, -1.799421932560269, -1.6535639409745093, 4.573698704591086], "predicted_p_opt": 0.033233642578125, "predicted_tts": 30.089990817263544, "p_opt": 0.0005291876760886935, "tts": 1889.6887535083054, "approx": 0.8338552029944563, "opt_gap": -0.16614479700554374}