{"edges": [[0, 7], [0, 15], [1, 6], [2, 6], [2, 8], [2, 15], [3, 8], [3, 10], [4, 6], [5, 11], [5, 14], [6, 7], [6, 8], [6, 12], [6, 13], [6, 15], [7, 15], [8, 12], [8, 14], [9, 10], [9, 11], [9, 13], [9, 15], [10, 13], [11, 15], [12, 14], [14, 15]], "num_nodes": 16, "num_colors": 3, "distribution": [[0, 3], [7, 7212], [4, 384], [9, 41868], [10, 97854], [3, 126], [12, 465060], [13, 933084], [5, 966], [11, 217644], [6, 2772], [8, 17238], [14, 1735080], [15, 2945622], [16, 4480440], [17, 6028584], [18, 7052232], [19, 6994548], [20, 5681826], [21, 3651990], [22, 1811136], [23, 671004], [24, 175992], [25, 30798], [26, 3096], [2, 30], [1, 12], [27, 120]], "opt_value": 27, "opt_count": 120, "feasible_count": 43046721, "mean_value": 18.0, "std": 2.449489742783178, "level": 3, "gammas": [0.1945856660604477, 0.3616114854812622, 0.41999849677085876], "betas": [1.9206534624099731, 1.4116382598876953, 1.0802090167999268], "predicted_p_opt": 0.0001365957699774624, "predicted_tts": 7320.870918367347, "p_opt": 1.625768891244661e-05, "tts": 61509.357534478164, "approx": 0.7884802222251892, "opt_gap": -0.2115197777748108}