{"edges": [[0, 2], [0, 5], [0, 6], [0, 7], [0, 10], [0, 12], [0, 13], [0, 15], [1, 2], [1, 3], [1, 8], [1, 11], [1, 14], [2, 8], [2, 14], [3, 6], [3, 10], [3, 15], [4, 6], [4, 7], [4, 10], [4, 11], [4, 15], [5, 9], [5, 10], [5, 13], [7, 8], [7, 14], [7, 15], [8, 9], [8, 13], [8, 15], [11, 12], [11, 15], [12, 13]], "num_nodes": 16, "num_colors": 3, "distribution": [[0, 3], [6, 192], [3, 18], [9, 1896], [4, 42], [10, 3918], [7, 408], [13, 34590], [12, 16650], [5, 84], [11, 7698], [8, 858], [14, 68256], [15, 138024], [16, 272724], [17, 520104], [18, 958626], [19, 1670142], [20, 2695158], [21, 3980496], [2, 6], [22, 5293470], [23, 6178416], [24, 6281328], [25, 5543484], [26, 4209156], [27, 2707128], [28, 1456806], [29, 655344], [30, 247722], [31, 79512], [32, 20376], [33, 3702], [34, 372], [35, 12]], "opt_value": 35, "opt_count": 12, "feasible_count": 43046721, "mean_value": 23.333333333333332, "std": 2.788866755113585, "level": 3, "gammas": [0.17079737782478333, 0.3131950795650482, 0.3644973933696747], "betas": [1.941213607788086, 1.4543315172195435, 1.1372795104980469], "predicted_p_opt": 1.365957699774624e-05, "predicted_tts": 73208.70918367348, "p_opt": 1.298186930398515e-06, "tts": 770305.0898016836, "approx": 0.7774505615234375, "opt_gap": -0.2225494384765625}