{"edges": [[15, 21], [15, 12], [15, 19], [21, 19], [21, 13], [3, 4], [3, 9], [3, 12], [4, 12], [4, 5], [7, 20], [7, 13], [7, 9], [20, 0], [20, 6], [14, 16], [14, 10], [14, 5], [16, 2], [16, 1], [8, 18], [8, 11], [8, 17], [18, 2], [18, 0], [1, 6], [1, 10], [6, 17], [19, 11], [0, 9], [13, 2], [17, 10], [5, 11]], "num_nodes": 22, "opt_value": 30, "opt_count": 2, "feasible_count": 4194304, "mean_value": 16.5, "std": 2.8722813232690143, "level": 5, "gammas": [3.140415668487549, 3.1412501335144043, 3.1412770748138428, 3.140681743621826, 3.139998435974121], "betas": [3.1408114433288574, 3.1412956714630127, 3.141197443008423, 3.140134572982788, 3.139960765838623], "predicted_p_opt": 5.7697296142578125e-05, "predicted_tts": 17331.834710743802, "p_opt": 2.855958564483957e-05, "tts": 35014.51360099441, "approx": 0.7789142630048305, "opt_gap": -0.22108573699516954, "th": -22.970783494457155}