{"N": 18, "edgelist": ["0 1 {}\n", "0 7 {}\n", "0 11 {}\n", "0 13 {}\n", "0 16 {}\n", "0 17 {}\n", "1 3 {}\n", "1 4 {}\n", "1 5 {}\n", "1 7 {}\n", "1 9 {}\n", "1 11 {}\n", "1 13 {}\n", "1 15 {}\n", "1 16 {}\n", "2 4 {}\n", "2 8 {}\n", "2 11 {}\n", "2 13 {}\n", "2 14 {}\n", "2 16 {}\n", "3 5 {}\n", "3 7 {}\n", "3 11 {}\n", "3 12 {}\n", "4 5 {}\n", "4 6 {}\n", "4 7 {}\n", "4 8 {}\n", "4 9 {}\n", "4 11 {}\n", "4 12 {}\n", "4 13 {}\n", "4 14 {}\n", "4 16 {}\n", "5 6 {}\n", "5 9 {}\n", "5 10 {}\n", "5 11 {}\n", "5 12 {}\n", "5 13 {}\n", "5 14 {}\n", "5 15 {}\n", "6 7 {}\n", "6 9 {}\n", "6 13 {}\n", "6 14 {}\n", "6 16 {}\n", "7 8 {}\n", "7 9 {}\n", "7 10 {}\n", "7 11 {}\n", "7 14 {}\n", "7 17 {}\n", "8 9 {}\n", "8 10 {}\n", "8 12 {}\n", "8 15 {}\n", "8 16 {}\n", "8 17 {}\n", "9 11 {}\n", "9 12 {}\n", "9 13 {}\n", "9 14 {}\n", "9 15 {}\n", "9 16 {}\n", "10 11 {}\n", "10 12 {}\n", "10 13 {}\n", "10 14 {}\n", "10 15 {}\n", "10 16 {}\n", "11 13 {}\n", "11 14 {}\n", "11 16 {}\n", "11 17 {}\n", "12 13 {}\n", "12 14 {}\n", "12 16 {}\n", "12 17 {}\n", "13 14 {}\n", "14 16 {}\n", "15 16 {}\n", "15 17 {}\n"], "opt_value": 76, "opt_count": 1, "feasible_count": 48620, "mean_value": 64.23529411764706, "std": 3.0770385259150395, "level": 83, "gammas": [3.141592543836373, 3.1415925559048636, 3.1415926153076277, 3.1415926050308998, 3.141592604112269, 3.1415926171442603, 3.1415926086991237, 3.141592610015953, 3.1415926006122237, 3.141592601094823, 3.1415926052148286, 3.141592607602484, 3.1415926029696637, 3.1415926081081436, 3.1415926016306472, 3.1415926107013368, 3.1415925961130635, 3.1415926034473802, 3.1415925996354845, 3.1415925846281256, 3.1415925635791626, 3.141592563156302, 3.141592558648574, 3.141592550423734, 3.1415925077313847, 3.1415924908382884, 3.1415924118462706, 3.141592208441176, 3.1415918920330106, 3.1415915795431193, 3.1415912876693945, 3.1415908975408087, 3.141590356578972, 3.141590118227295, 3.1415900385980424, 3.141587980981699, 3.1415832049084025, 3.1415813677215465, 3.1415831484768915, 3.141582217081792, 3.1415763445927785, 3.1415724962852702, 3.1415695208450334, 3.141567062802904, 3.141566135843753, 3.141560665683038, 3.141533523429586, 3.1415128786059867, 3.141493679927203, 3.141480000331412, 3.141445048398135, 3.141424679443414, 3.141399057895661, 3.141375308835993, 3.141448477319496, 3.1415001720332847, 3.1414527497036904, 3.141357769213156, 3.1413343001503606, 3.1413715749409032, 3.141481907706846, 3.141500453965642, 3.1412959920101837, 3.1411429408190594, 3.141343995165851, 3.1414781584464455, 3.1409300712365646, 3.1403850591852303, 3.140162421503303, 3.1397247693079415, 3.1403807119110723, 3.140386477029546, 3.140079944808185, 3.1393262280450998, 3.1402697457119593, 3.1403957737956043, 3.1400302656306764, 3.1375744075622163, 3.1381355561097872, 3.131513257463477, 3.136657871662566, 3.115260266525107, 3.1299868939263256], "betas": [3.141592697145034, 3.1415927120899783, 3.1415926996119676, 3.141592701935188, 3.1415926944706793, 3.1415926907445684, 3.1415926946837787, 3.1415926990424152, 3.141592700936462, 3.1415927029120274, 3.1415927039671305, 3.1415926991653236, 3.141592697242433, 3.14159269877471, 3.1415927003130566, 3.1415927024967596, 3.1415927044423557, 3.1415927117674887, 3.1415927101218144, 3.141592696363181, 3.141592692617476, 3.141592693892573, 3.1415926838622066, 3.141592656980234, 3.1415926208853024, 3.141592577631822, 3.141592443545653, 3.1415921443002013, 3.141591818204618, 3.1415915102778262, 3.14159118555633, 3.1415906863499594, 3.1415902387166788, 3.1415902088353245, 3.141589519086516, 3.1415857418945285, 3.141581701946102, 3.141582247524953, 3.1415835314484317, 3.1415796221187517, 3.1415740648924633, 3.1415712440967, 3.141568181753637, 3.141566467010107, 3.141565507063109, 3.1415490447328716, 3.1415210890437897, 3.1415042059008345, 3.1414859680879346, 3.141466788450195, 3.1414284754592865, 3.1414198800808277, 3.141375033300088, 3.1414066984140594, 3.1414823156943177, 3.1414929420198696, 3.1413978176138815, 3.141341314951911, 3.141338854805061, 3.1414289617644626, 3.1415095513321543, 3.141430129861376, 3.1411676050280932, 3.141228060630196, 3.1414395155724724, 3.141330679725106, 3.1405190346955334, 3.140390673606103, 3.1397825063824065, 3.140082442805125, 3.1403882552858615, 3.1403969719126863, 3.1394901418382295, 3.1398001761661143, 3.1403518874878658, 3.1406650553843614, 3.1382674388326692, 3.138434256256374, 3.1344538018534154, 3.1349370684000926, 3.126472785517253, 3.118097845388448, 3.13853665653385], "predicted_p_opt": 0.5736116824352119, "predicted_tts": 1.7433396679694502, "p_opt": 0.4719896594762338, "tts": 2.1186904838332654, "approx": 0.9182631197938652, "opt_gap": -0.08173688020613479, "th": -75.9990005493164}