{"edges": [[0, 3], [0, 4], [0, 9], [1, 9], [1, 10], [2, 9], [3, 4], [3, 7], [3, 8], [5, 6], [5, 7], [5, 12], [6, 10], [6, 11], [6, 12], [7, 12], [8, 10], [8, 11], [9, 12], [11, 12]], "num_nodes": 13, "num_colors": 3, "opt_value": 20, "opt_count": 216, "feasible_count": 1594323, "mean_value": 13.333333333333334, "std": 2.1081851067789197, "level": 61, "gammas": [3.141592811649125, 3.1415928626715592, 3.141592814807439, 3.1415927679401, 3.1415927321062083, 3.141592679674848, 3.1415926566744576, 3.141592642956768, 3.141592639783322, 3.141592675140889, 3.141592691109689, 3.141592717486212, 3.141592761632233, 3.141592773177917, 3.1415927869839355, 3.1415927408185733, 3.1415926856630536, 3.1415925804157534, 3.1415923563722554, 3.1415917363712573, 3.14159099727324, 3.141590387705143, 3.141589348588893, 3.1415881709202087, 3.141586748714712, 3.141586580657798, 3.141586683995185, 3.141586671481178, 3.141584458180148, 3.141577267193481, 3.141548611261518, 3.1415269028784034, 3.1414637134879486, 3.141426961358032, 3.1413027145091856, 3.1412252047718847, 3.1411808245487007, 3.1410495944480084, 3.141181406601807, 3.141159001946648, 3.140484524212291, 3.139628604792658, 3.139733727032183, 3.1389566900831385, 3.1401604720919236, 3.140394317203066, 3.1395029977749576, 3.135494048667267, 3.136316953756732, 3.1263540986935965, 3.132770594880217, 3.126084877129732, 3.1293204673025135, 3.1185241694205548, 3.13545130935606, 3.090939716854283, 3.117371899968142, 3.092327850450696, 3.126096413955492, 3.0396841175137483, 3.0878332297981586], "betas": [3.1415923644032464, 3.1415924692642867, 3.14159252024363, 3.1415925691935334, 3.1415926059628565, 3.1415926342418974, 3.141592651318499, 3.1415926560760106, 3.141592651655774, 3.141592630284321, 3.141592595536041, 3.141592556686335, 3.1415925137088423, 3.1415924735207383, 3.1415924088077607, 3.141592323442482, 3.141592240134777, 3.1415921159388103, 3.1415917640386812, 3.141591065849416, 3.1415905483881383, 3.1415898460282174, 3.1415888649497465, 3.1415875974656613, 3.1415867863970215, 3.1415870321687716, 3.141587203093885, 3.141586126647485, 3.1415830473608097, 3.141564580495181, 3.141537532438153, 3.1415008707313015, 3.1414378793872944, 3.1413861396042724, 3.141228716644385, 3.141237320836804, 3.1410727415345128, 3.141124438903235, 3.1411706530932024, 3.1410054444414404, 3.1398397618223908, 3.1398163117134366, 3.13921668400607, 3.139457036993849, 3.140385283374293, 3.140486028612195, 3.1369893359229177, 3.1366483249765214, 3.1313343179830135, 3.128009407205195, 3.131124829806474, 3.126628436726227, 3.1237102056961046, 3.1273139259954217, 3.1186285163018304, 3.094633656957084, 3.1155792197927865, 3.0932444345196033, 3.1091058497713657, 3.030655233686347, 3.130208776795684], "predicted_p_opt": 2.0496875476299343, "predicted_tts": 0.4878792385484831, "p_opt": 0.9807599118602899, "tts": 1.0196175311684752, "approx": 0.9935860635195107, "opt_gap": -0.0064139364804892685, "th": -19.999000549316406}