{"N": 24, "edgelist": ["0 1 {}\n", "0 3 {}\n", "0 4 {}\n", "0 7 {}\n", "0 8 {}\n", "0 18 {}\n", "0 23 {}\n", "1 2 {}\n", "1 4 {}\n", "1 9 {}\n", "1 11 {}\n", "1 12 {}\n", "1 15 {}\n", "1 16 {}\n", "1 20 {}\n", "2 7 {}\n", "2 9 {}\n", "2 10 {}\n", "2 11 {}\n", "2 12 {}\n", "2 13 {}\n", "2 14 {}\n", "2 15 {}\n", "2 17 {}\n", "2 19 {}\n", "2 21 {}\n", "2 23 {}\n", "3 4 {}\n", "3 5 {}\n", "3 10 {}\n", "3 15 {}\n", "3 16 {}\n", "3 20 {}\n", "3 22 {}\n", "4 5 {}\n", "4 6 {}\n", "4 7 {}\n", "4 10 {}\n", "4 15 {}\n", "4 16 {}\n", "4 18 {}\n", "4 20 {}\n", "4 21 {}\n", "4 22 {}\n", "4 23 {}\n", "5 10 {}\n", "5 11 {}\n", "5 12 {}\n", "5 14 {}\n", "5 15 {}\n", "5 16 {}\n", "5 17 {}\n", "5 19 {}\n", "5 23 {}\n", "6 7 {}\n", "6 12 {}\n", "6 15 {}\n", "6 16 {}\n", "6 18 {}\n", "6 19 {}\n", "6 22 {}\n", "6 23 {}\n", "7 14 {}\n", "7 16 {}\n", "7 19 {}\n", "8 9 {}\n", "8 10 {}\n", "8 14 {}\n", "8 17 {}\n", "8 18 {}\n", "8 19 {}\n", "8 21 {}\n", "8 22 {}\n", "9 10 {}\n", "9 11 {}\n", "9 12 {}\n", "9 13 {}\n", "9 21 {}\n", "9 23 {}\n", "10 12 {}\n", "10 16 {}\n", "10 18 {}\n", "10 19 {}\n", "10 20 {}\n", "10 21 {}\n", "10 22 {}\n", "10 23 {}\n", "11 15 {}\n", "11 20 {}\n", "11 21 {}\n", "12 13 {}\n", "12 15 {}\n", "12 16 {}\n", "12 19 {}\n", "12 20 {}\n", "12 22 {}\n", "13 18 {}\n", "13 21 {}\n", "13 23 {}\n", "14 19 {}\n", "14 20 {}\n", "14 21 {}\n", "14 22 {}\n", "16 20 {}\n", "17 18 {}\n", "17 19 {}\n", "17 21 {}\n", "18 19 {}\n", "18 21 {}\n", "19 21 {}\n", "19 22 {}\n", "20 22 {}\n", "20 23 {}\n"], "opt_value": 100, "opt_count": 3, "feasible_count": 2704156, "mean_value": 85.97826086956522, "std": 3.482363651710505, "level": 20, "gammas": [-0.09205246859655608, -0.1956254634142896, -0.2281441868461927, -0.23879110826794056, -0.24252539466283982, -0.24386527959013013, -0.24457666426948416, -0.24538791538986773, -0.24652980321851153, -0.2479757743579655, -0.24968737166317354, -0.25175273013556765, -0.25436508707029526, -0.2577140724174003, -0.26189342489346856, -0.2670094869335535, -0.27328410647228973, -0.28127200263530183, -0.29253286084356134, 5.972516218374006], "betas": [2.6887656837278087, 2.4649120361788, 2.3526254480496966, 2.2850743728232565, 2.237684104293356, 2.2018611178145426, 2.1739318579987423, 2.1514492996183834, 2.131756297094626, 2.111989650208407, 2.0903137770355094, 2.066344256992562, 2.0401889226933467, 2.0109025998533383, 1.9752945824110433, 1.9282671393297528, 1.861167484165886, 1.7595914422951664, 1.5899905137752255, 1.2585565388046376], "predicted_p_opt": 0.0018649072020992872, "predicted_tts": 536.2197104897878, "p_opt": 2.1181585425442403e-05, "tts": 47210.81920519714, "approx": 0.9499244465825416, "opt_gap": -0.050075553417458396}