{"edges": [[0, 1], [0, 5], [0, 9], [0, 10], [1, 2], [1, 3], [1, 6], [1, 7], [1, 9], [2, 4], [2, 7], [3, 5], [3, 6], [3, 8], [3, 9], [3, 10], [4, 9], [5, 6], [5, 10], [6, 7], [6, 8], [7, 8], [7, 9], [7, 10], [8, 9]], "num_nodes": 11, "num_colors": 3, "opt_value": 25, "opt_count": 12, "feasible_count": 177147, "mean_value": 16.666666666666668, "std": 2.3570226039551585, "level": 18, "gammas": [2.736431837081909, 2.732062339782715, 2.7380783557891846, 2.7556252479553223, 2.7809009552001953, 2.8063998222351074, 2.8276917934417725, 2.842494249343872, 2.8493213653564453, 2.8475584983825684, 2.837524175643921, 2.820361852645874, 2.7977471351623535, 2.7719717025756836, 2.7481422424316406, 2.7325568199157715, 2.7276535034179688, 2.7327094078063965], "betas": [2.7340025901794434, 2.7352066040039062, 2.7476706504821777, 2.7700774669647217, 2.7957406044006348, 2.8188230991363525, 2.836552619934082, 2.847168207168579, 2.849519968032837, 2.843283176422119, 2.8290677070617676, 2.808356285095215, 2.7833032608032227, 2.757693290710449, 2.7382261753082275, 2.728762626647949, 2.7289552688598633, 2.7385809421539307], "predicted_p_opt": 0.09273654083896425, "predicted_tts": 10.783235938641344, "p_opt": 0.0363636270749468, "tts": 27.500007024573275, "approx": 0.9272728088980405, "opt_gap": -0.07272719110195947, "th": -22.94278485644287}