{"edges": [[0, 2], [0, 6], [0, 9], [0, 10], [0, 12], [1, 9], [1, 10], [1, 11], [2, 6], [2, 7], [2, 8], [2, 12], [3, 4], [3, 8], [3, 10], [4, 6], [5, 9], [5, 12], [7, 9], [7, 10], [7, 11], [7, 12], [8, 10], [8, 12], [9, 11], [10, 11]], "num_nodes": 13, "num_colors": 3, "distribution": [[0, 3], [5, 144], [4, 42], [9, 2970], [6, 246], [11, 13140], [8, 1440], [13, 48246], [14, 88596], [10, 6102], [7, 546], [12, 25266], [16, 208572], [18, 276198], [17, 262074], [15, 142332], [19, 236844], [20, 156858], [3, 30], [21, 80562], [22, 31416], [23, 9882], [2, 12], [24, 2376], [25, 402], [26, 24]], "opt_value": 26, "opt_count": 24, "feasible_count": 1594323, "mean_value": 17.333333333333332, "std": 2.4037008503093262, "level": 9, "gammas": [0.21645905077457428, 0.3111204504966736, 0.3111163377761841, 0.31047359108924866, 0.311672568321228, 0.31570494174957275, 0.3232722580432892, 0.97383713722229, 0.39373958110809326], "betas": [2.601238250732422, 2.5326802730560303, 2.5664873123168945, 2.610841751098633, -3.6352667808532715, 2.7008728981018066, 2.7869884967803955, 1.975337266921997, -3.579002857208252], "predicted_p_opt": 0.005434281510082963, "predicted_tts": 184.01696675900277, "p_opt": 0.0024063005351399546, "tts": 415.5756878231498}