{"N": 20, "edgelist": ["0 4 {}\n", "0 7 {}\n", "0 10 {}\n", "0 12 {}\n", "0 14 {}\n", "0 17 {}\n", "0 18 {}\n", "1 3 {}\n", "1 4 {}\n", "1 7 {}\n", "1 9 {}\n", "1 10 {}\n", "1 11 {}\n", "1 12 {}\n", "1 13 {}\n", "1 14 {}\n", "1 15 {}\n", "1 16 {}\n", "1 17 {}\n", "1 18 {}\n", "1 19 {}\n", "2 5 {}\n", "2 7 {}\n", "2 9 {}\n", "2 10 {}\n", "2 11 {}\n", "2 12 {}\n", "2 13 {}\n", "2 14 {}\n", "2 15 {}\n", "2 16 {}\n", "2 19 {}\n", "3 4 {}\n", "3 12 {}\n", "3 17 {}\n", "3 18 {}\n", "4 6 {}\n", "4 7 {}\n", "4 11 {}\n", "4 13 {}\n", "4 16 {}\n", "4 18 {}\n", "5 6 {}\n", "5 8 {}\n", "5 11 {}\n", "5 12 {}\n", "5 17 {}\n", "5 18 {}\n", "6 8 {}\n", "6 9 {}\n", "6 10 {}\n", "6 12 {}\n", "6 13 {}\n", "6 14 {}\n", "6 15 {}\n", "6 16 {}\n", "6 17 {}\n", "6 18 {}\n", "7 10 {}\n", "7 11 {}\n", "7 13 {}\n", "7 14 {}\n", "7 15 {}\n", "7 16 {}\n", "7 17 {}\n", "7 18 {}\n", "7 19 {}\n", "8 9 {}\n", "8 11 {}\n", "8 12 {}\n", "8 13 {}\n", "9 10 {}\n", "9 11 {}\n", "9 17 {}\n", "9 18 {}\n", "10 12 {}\n", "10 14 {}\n", "10 15 {}\n", "10 16 {}\n", "10 18 {}\n", "11 12 {}\n", "11 13 {}\n", "11 14 {}\n", "11 16 {}\n", "12 13 {}\n", "12 14 {}\n", "12 16 {}\n", "12 17 {}\n", "12 18 {}\n", "12 19 {}\n", "13 14 {}\n", "13 15 {}\n", "13 16 {}\n", "13 17 {}\n", "14 15 {}\n", "15 16 {}\n", "15 17 {}\n", "15 18 {}\n", "15 19 {}\n", "16 19 {}\n", "17 18 {}\n", "18 19 {}\n"], "opt_value": 92, "opt_count": 1, "feasible_count": 184756, "mean_value": 77.84210526315789, "std": 3.504507212157678, "level": 38, "gammas": [0.12678772203648728, 0.24686034254332567, 0.27854671321400193, 0.24926438768301282, 0.18948491512785676, 0.19205940457104462, 0.21379363220705921, 0.21941707181051257, 0.21702887060368986, 0.21123921509710422, 0.20493052386427302, 0.20471378735653323, 0.2167601208696249, 0.2332020337367891, 0.24538467297941927, 0.25011298919130964, 0.24068028727550025, 0.24391772864244657, 0.24509852284730957, 0.24685361886052967, 0.24899462993513632, 0.25116249340113345, 0.253073698778486, 0.2567400645427404, 0.2445824648783831, 0.29906185092377024, 0.31855439082545817, 0.3390506836537316, 0.33835637533050145, 0.29294397012468104, 0.25975563011683234, 0.24654183089301976, 0.24294434356219846, 0.24400839692471202, 0.24717432286797741, 0.2513947684536208, 0.25526405217130604, 0.2548067699596141], "betas": [-2.9449620500059823, -2.852931059202852, -2.8114687688713778, -2.6925922802054814, -2.479006366361763, -2.452629145320634, -2.382895450825081, -2.2992395861165584, -2.1985079828913325, -2.092565399643772, -2.015124937485236, -2.0459574945941092, -2.1700838280672254, -2.2776534251050484, -2.314328874435223, -2.2900385026742542, -2.381624069865176, -2.3735643952133736, -2.379658802824718, -2.3794409065444846, -2.3774727754126044, -2.373345103090042, -2.3716885331856097, -2.4197281028011437, -2.214234817415973, -2.4198905769207517, -2.472971488005804, 3.7543488882948464, 3.6192176164573273, 3.6068604773235973, 3.668392636689357, 3.7190340221692537, 3.733369410636247, 3.720822310454936, 3.700917357182058, 3.6906853742511503, 3.700104150757946, 3.8145744404485775], "predicted_p_opt": 0.03209097404143844, "predicted_tts": 31.161410018552875, "p_opt": 0.00011949380980705722, "tts": 8368.634338587644, "approx": 0.9617853822977418, "opt_gap": -0.0382146177022582}