{"edges": [[0, 8], [0, 14], [1, 9], [1, 11], [1, 15], [2, 6], [2, 8], [2, 10], [2, 11], [2, 15], [3, 11], [3, 13], [3, 15], [3, 16], [4, 9], [5, 6], [5, 7], [5, 8], [5, 9], [5, 11], [5, 13], [5, 15], [6, 7], [6, 13], [7, 12], [7, 14], [7, 15], [8, 11], [8, 12], [8, 13], [9, 11], [9, 13], [9, 16], [10, 12], [11, 12], [11, 14], [12, 13], [12, 14], [12, 15], [12, 16], [13, 15]], "num_nodes": 17, "num_colors": 3, "opt_value": 41, "opt_count": 48, "feasible_count": 129140163, "mean_value": 27.333333333333332, "std": 3.018461712712472, "level": 45, "gammas": [3.1106112003326416, 3.073291778564453, 3.0189573764801025, 2.9529125690460205, 2.882884979248047, 2.8145081996917725, 2.7510838508605957, 2.694453716278076, 2.645622968673706, 2.6052892208099365, 2.5740582942962646, 2.552396535873413, 2.540445566177368, 2.537943124771118, 2.5441486835479736, 2.5578854084014893, 2.57763671875, 2.6015076637268066, 2.6270763874053955, 2.651616096496582, 2.6724772453308105, 2.6873698234558105, 2.69455885887146, 2.693009614944458, 2.6825637817382812, 2.6640989780426025, 2.6396520137786865, 2.6122097969055176, 2.585289478302002, 2.562124013900757, 2.5451319217681885, 2.535978317260742, 2.5356671810150146, 2.5446388721466064, 2.562880754470825, 2.5901176929473877, 2.6260602474212646, 2.670452117919922, 2.7229182720184326, 2.7827699184417725, 2.8487234115600586, 2.9182050228118896, 2.9861879348754883, 3.0470340251922607, 3.0937559604644775], "betas": [3.094677209854126, 3.048459053039551, 2.987236499786377, 2.9181556701660156, 2.8483054637908936, 2.78204345703125, 2.721834897994995, 2.669004440307617, 2.6243553161621094, 2.5885117053985596, 2.562013626098633, 2.5452136993408203, 2.538037061691284, 2.5399959087371826, 2.5501322746276855, 2.56707763671875, 2.589165687561035, 2.614225387573242, 2.639627695083618, 2.6626503467559814, 2.680781841278076, 2.692007541656494, 2.6949076652526855, 2.6888763904571533, 2.6742444038391113, 2.6524696350097656, 2.6261067390441895, 2.598493814468384, 2.573094367980957, 2.5527594089508057, 2.539513349533081, 2.534684181213379, 2.5389885902404785, 2.5526154041290283, 2.5753989219665527, 2.6070330142974854, 2.6472437381744385, 2.6957318782806396, 2.751988410949707, 2.8150553703308105, 2.883150339126587, 2.9525644779205322, 3.0174505710601807, 3.0720458030700684, 3.1099705696105957], "predicted_p_opt": 0.003077958016825486, "predicted_tts": 324.89072122932015, "p_opt": 0.0011802927517585062, "tts": 847.2474295128137, "approx": 0.9083580930376559, "opt_gap": -0.09164190696234409, "th": -36.967214429833064}