{"N": 24, "edgelist": ["0 2 {}\n", "0 4 {}\n", "0 7 {}\n", "0 11 {}\n", "0 12 {}\n", "0 13 {}\n", "0 16 {}\n", "0 17 {}\n", "0 20 {}\n", "0 22 {}\n", "0 23 {}\n", "1 3 {}\n", "1 7 {}\n", "1 8 {}\n", "1 9 {}\n", "1 12 {}\n", "1 13 {}\n", "1 15 {}\n", "1 17 {}\n", "1 18 {}\n", "1 19 {}\n", "1 21 {}\n", "1 22 {}\n", "2 4 {}\n", "2 7 {}\n", "2 8 {}\n", "2 10 {}\n", "2 14 {}\n", "2 15 {}\n", "2 19 {}\n", "2 20 {}\n", "2 21 {}\n", "2 22 {}\n", "2 23 {}\n", "3 4 {}\n", "3 6 {}\n", "3 7 {}\n", "3 8 {}\n", "3 10 {}\n", "3 11 {}\n", "3 12 {}\n", "3 13 {}\n", "3 15 {}\n", "3 16 {}\n", "3 17 {}\n", "3 20 {}\n", "3 21 {}\n", "3 22 {}\n", "3 23 {}\n", "4 6 {}\n", "4 7 {}\n", "4 8 {}\n", "4 9 {}\n", "4 13 {}\n", "4 15 {}\n", "4 16 {}\n", "4 19 {}\n", "4 21 {}\n", "4 23 {}\n", "5 6 {}\n", "5 7 {}\n", "5 9 {}\n", "5 10 {}\n", "5 12 {}\n", "5 13 {}\n", "5 14 {}\n", "5 15 {}\n", "5 16 {}\n", "5 19 {}\n", "5 23 {}\n", "6 7 {}\n", "6 8 {}\n", "6 9 {}\n", "6 10 {}\n", "6 11 {}\n", "6 13 {}\n", "6 18 {}\n", "6 22 {}\n", "7 8 {}\n", "7 13 {}\n", "7 15 {}\n", "7 16 {}\n", "7 17 {}\n", "7 20 {}\n", "7 21 {}\n", "8 9 {}\n", "8 12 {}\n", "8 13 {}\n", "8 15 {}\n", "8 19 {}\n", "8 21 {}\n", "9 12 {}\n", "9 14 {}\n", "9 15 {}\n", "9 16 {}\n", "9 17 {}\n", "9 20 {}\n", "9 21 {}\n", "10 12 {}\n", "10 13 {}\n", "10 14 {}\n", "10 16 {}\n", "10 17 {}\n", "10 18 {}\n", "10 19 {}\n", "11 13 {}\n", "11 14 {}\n", "11 15 {}\n", "11 16 {}\n", "11 19 {}\n", "11 23 {}\n", "12 14 {}\n", "12 15 {}\n", "12 16 {}\n", "12 17 {}\n", "12 18 {}\n", "12 19 {}\n", "12 22 {}\n", "12 23 {}\n", "13 14 {}\n", "13 15 {}\n", "13 16 {}\n", "13 21 {}\n", "13 22 {}\n", "14 16 {}\n", "14 17 {}\n", "14 18 {}\n", "14 19 {}\n", "14 20 {}\n", "15 16 {}\n", "15 17 {}\n", "15 21 {}\n", "15 22 {}\n", "16 17 {}\n", "16 20 {}\n", "17 19 {}\n", "17 22 {}\n", "18 19 {}\n", "18 20 {}\n", "18 21 {}\n", "18 22 {}\n", "18 23 {}\n", "19 20 {}\n", "19 21 {}\n", "19 22 {}\n", "19 23 {}\n", "20 21 {}\n", "20 22 {}\n", "21 22 {}\n", "21 23 {}\n"], "opt_value": 128, "opt_count": 11, "feasible_count": 2704156, "mean_value": 114.1304347826087, "std": 3.1259889064522, "level": 28, "gammas": [-0.12974159993972886, -0.22869916658865, -0.24368272053152115, -0.24567131753604762, -0.24567456117484396, -0.24609305104794715, -0.24882986976872792, -0.25523813573531845, -0.2665138262798487, -0.29500830323585425, -0.14623949539436476, 0.30765331920568956, 0.2586275446490233, 0.2533092218740819, 0.2367817784191994, 0.21717473172645232, 0.2003574950529758, 0.19609644597168582, 0.20564446673726142, 0.22492799692929097, 0.248988264478018, 0.2693734620090997, 0.316766013657751, 0.2716880934758707, 0.2770326985384783, 0.2887936558995063, 0.3062101333577426, 0.33479648794582967], "betas": [2.6886118855024495, 2.492779482945541, 2.398923432477975, 2.3636957164084165, 2.3688006418942678, 2.412250355025299, 2.5129467317076846, 2.7172592591665627, 3.135205181710482, 4.749643831423863, 0.6157223965189468, -3.8389357434392926, -2.9145329918743053, -2.4978903311786853, -2.2094487119864814, -1.9699250870585618, -1.8291070966436598, -1.82842808273191, -1.9342593657851073, -2.1038293903528245, -2.306180735466478, -2.594300298656954, -1.8162407247807366, -1.852939074956536, -1.8279954643603022, -1.7484530151920907, -1.6007527029906208, 4.989095527698275], "predicted_p_opt": 0.01321632331862511, "predicted_tts": 75.66400850611377, "p_opt": 0.00017774541644443952, "tts": 5626.024119235641, "approx": 0.9668663251846379, "opt_gap": -0.03313367481536211}