{"edges": [[6, 18], [6, 24], [6, 11], [18, 8], [18, 16], [24, 21], [24, 23], [12, 16], [12, 22], [12, 5], [16, 3], [20, 23], [20, 25], [20, 17], [23, 25], [3, 10], [3, 22], [10, 2], [10, 13], [22, 7], [25, 5], [5, 19], [19, 9], [19, 15], [8, 4], [8, 13], [0, 14], [0, 11], [0, 4], [14, 13], [14, 1], [11, 17], [17, 15], [15, 7], [7, 1], [4, 1], [21, 9], [21, 2], [9, 2]], "num_nodes": 26, "opt_value": 35, "opt_count": 4, "feasible_count": 67108864, "mean_value": 19.5, "std": 3.122498999199199, "level": 35, "gammas": [-0.13956435024738312, -0.23548904061317444, -0.24649223685264587, -0.24684016406536102, -0.24741646647453308, -0.251321941614151, -0.25456467270851135, -0.262552946805954, -0.2756315767765045, -0.1493978202342987, 0.2868340015411377, 0.2624444365501404, 0.2580958306789398, 0.251120924949646, 0.24916215240955353, 0.2449328601360321, 0.2504793405532837, 0.25745609402656555, 0.26060494780540466, 0.2387840747833252, 0.22159621119499207, 0.24176551401615143, 0.2502908408641815, 0.2555297315120697, 0.25971078872680664, 0.2634018361568451, 0.26712068915367126, 0.27136725187301636, 0.2768225371837616, 0.284174382686615, 0.29285144805908203, 0.2523512840270996, 0.4305039048194885, 0.43128806352615356, 0.3291088938713074], "betas": [2.649096965789795, 2.460113048553467, 2.367183208465576, 2.334641218185425, 2.34981107711792, 2.4281222820281982, 2.6474781036376953, 3.0951266288757324, 4.323678016662598, 0.9280096888542175, -3.5207273960113525, -3.022228240966797, -2.5651726722717285, -2.30098557472229, -2.314724922180176, -2.2957653999328613, -2.3363823890686035, -2.4071552753448486, -2.4144809246063232, -1.441192626953125, -1.7473313808441162, -1.880393385887146, -1.9293632507324219, -1.9446734189987183, -1.9423052072525024, -1.9294534921646118, -1.9106781482696533, -1.8899158239364624, -1.8692142963409424, -1.8486796617507935, -1.9958951473236084, -1.6854666471481323, -2.0300817489624023, -2.503265380859375, -2.7255847454071045], "predicted_p_opt": 0.00030046701431274414, "predicted_tts": 3328.1523507240627, "p_opt": 2.395054934822838e-06, "tts": 417526.9575075404, "approx": 0.822884202003479, "opt_gap": -0.177115797996521}