{"N": 24, "edgelist": ["0 3 {}\n", "0 6 {}\n", "0 7 {}\n", "0 8 {}\n", "0 12 {}\n", "0 13 {}\n", "0 14 {}\n", "0 20 {}\n", "0 21 {}\n", "0 22 {}\n", "0 23 {}\n", "1 6 {}\n", "1 7 {}\n", "1 9 {}\n", "1 11 {}\n", "1 13 {}\n", "1 15 {}\n", "1 23 {}\n", "2 4 {}\n", "2 5 {}\n", "2 7 {}\n", "2 8 {}\n", "2 12 {}\n", "2 14 {}\n", "2 17 {}\n", "2 18 {}\n", "2 19 {}\n", "2 21 {}\n", "2 22 {}\n", "2 23 {}\n", "3 5 {}\n", "3 6 {}\n", "3 7 {}\n", "3 9 {}\n", "3 11 {}\n", "3 12 {}\n", "3 13 {}\n", "3 14 {}\n", "3 22 {}\n", "4 6 {}\n", "4 7 {}\n", "4 8 {}\n", "4 10 {}\n", "4 11 {}\n", "4 12 {}\n", "4 14 {}\n", "4 16 {}\n", "4 18 {}\n", "4 20 {}\n", "4 23 {}\n", "5 6 {}\n", "5 8 {}\n", "5 9 {}\n", "5 10 {}\n", "5 11 {}\n", "5 12 {}\n", "5 15 {}\n", "5 16 {}\n", "5 17 {}\n", "5 18 {}\n", "5 20 {}\n", "5 21 {}\n", "5 22 {}\n", "5 23 {}\n", "6 7 {}\n", "6 8 {}\n", "6 11 {}\n", "6 13 {}\n", "6 16 {}\n", "6 20 {}\n", "6 23 {}\n", "7 9 {}\n", "7 13 {}\n", "7 14 {}\n", "7 15 {}\n", "7 16 {}\n", "7 19 {}\n", "7 21 {}\n", "8 10 {}\n", "8 11 {}\n", "8 12 {}\n", "8 13 {}\n", "8 19 {}\n", "8 21 {}\n", "8 22 {}\n", "9 10 {}\n", "9 12 {}\n", "9 13 {}\n", "9 14 {}\n", "9 19 {}\n", "9 21 {}\n", "9 22 {}\n", "9 23 {}\n", "10 11 {}\n", "10 12 {}\n", "10 13 {}\n", "10 16 {}\n", "10 17 {}\n", "10 20 {}\n", "10 21 {}\n", "10 23 {}\n", "11 12 {}\n", "11 18 {}\n", "11 19 {}\n", "12 14 {}\n", "12 15 {}\n", "12 16 {}\n", "12 17 {}\n", "12 18 {}\n", "12 19 {}\n", "13 14 {}\n", "13 15 {}\n", "13 18 {}\n", "13 20 {}\n", "13 21 {}\n", "13 23 {}\n", "14 18 {}\n", "14 19 {}\n", "14 22 {}\n", "14 23 {}\n", "15 18 {}\n", "15 21 {}\n", "15 22 {}\n", "16 18 {}\n", "16 23 {}\n", "17 19 {}\n", "17 20 {}\n", "17 21 {}\n", "17 22 {}\n", "17 23 {}\n", "18 19 {}\n", "18 23 {}\n", "19 20 {}\n", "19 22 {}\n", "19 23 {}\n", "20 21 {}\n", "20 22 {}\n", "20 23 {}\n", "22 23 {}\n"], "opt_value": 123, "opt_count": 2, "feasible_count": 2704156, "mean_value": 105.76086956521739, "std": 3.486703650935421, "level": 85, "gammas": [3.1415924848761634, 3.1415924794119854, 3.1415924832096893, 3.1415924892534712, 3.141592504492427, 3.141592521343872, 3.1415925367949304, 3.1415925388223616, 3.1415925578285284, 3.1415925623946, 3.1415925685311676, 3.1415925686475967, 3.1415925749357907, 3.141592580036994, 3.1415925787140497, 3.1415925845503945, 3.141592573612302, 3.141592577776117, 3.1415925722468874, 3.1415925654455856, 3.141592571746217, 3.141592575580018, 3.141592572086942, 3.1415925685076584, 3.1415925509282987, 3.1415925126647046, 3.141592492352359, 3.1415924643853805, 3.141592431838254, 3.1415923398382732, 3.1415921850735913, 3.1415920812679996, 3.1415919951705504, 3.1415918608275537, 3.141591721288926, 3.1415914502445146, 3.1415908755390127, 3.1415900869282063, 3.1415891863314123, 3.141587916492132, 3.1415858532714904, 3.141584184017608, 3.1415827466697794, 3.1415795641484787, 3.1415719412329346, 3.141569285478201, 3.1415751133448557, 3.141576870494879, 3.1415666325742646, 3.141557651176909, 3.14154827410941, 3.141546114895884, 3.1415549402796215, 3.1415502215331883, 3.141509830664908, 3.1414828345261476, 3.141470479860244, 3.1414604040775793, 3.141423704450773, 3.1413991806621926, 3.14140250692468, 3.1414098722655823, 3.141418291560327, 3.141399083968526, 3.141360732664926, 3.141319375257947, 3.141146976789336, 3.141033601891769, 3.141124159470448, 3.1410821371632025, 3.1410698641911763, 3.1409637372129953, 3.1409544433987886, 3.1408934266748942, 3.14030672516836, 3.1392731805631664, 3.1402803335928846, 3.1402581637850364, 3.1399598181824304, 3.138717691025264, 3.1396408236151654, 3.1388249483577066, 3.1403973468503645, 3.1372478336546425, 3.138804561820089], "betas": [3.141592821655978, 3.141592830558799, 3.1415928220972122, 3.141592806364852, 3.1415927934087113, 3.1415927828934094, 3.141592766842745, 3.1415927530661745, 3.1415927441322116, 3.141592738357193, 3.141592731967588, 3.141592727869426, 3.1415927323058876, 3.1415927293590986, 3.1415927286600382, 3.1415927267486565, 3.1415927225630544, 3.141592721811635, 3.1415927218433253, 3.1415927279162372, 3.1415927315696814, 3.1415927299352817, 3.141592726113226, 3.1415927193325226, 3.141592696175533, 3.141592664304112, 3.1415926424194747, 3.1415926246936436, 3.1415925650640464, 3.1415924270759787, 3.1415922955035875, 3.1415922073436344, 3.141592101735503, 3.1415919695852046, 3.141591788469602, 3.1415913568199003, 3.1415906622817498, 3.141589794593258, 3.141588808483841, 3.141587052981154, 3.1415850627446877, 3.1415835872279523, 3.141581780696408, 3.141576113078785, 3.141569363610207, 3.1415718289507857, 3.141577588491833, 3.14157280253928, 3.141561603377202, 3.1415535419665734, 3.1415451959389946, 3.1415505788843796, 3.1415565222219635, 3.14153329476031, 3.14149151743286, 3.1414777396518976, 3.141464670142091, 3.1414479272061424, 3.141402935651853, 3.1414038964085287, 3.1414005958528395, 3.141421605678725, 3.141406380591317, 3.141387998404258, 3.1413362067146613, 3.1412656725656576, 3.141038547659458, 3.1411000135971667, 3.1410899996006485, 3.14110444805568, 3.140983443957916, 3.14099817623269, 3.140875576001163, 3.1408224051093705, 3.139549669572268, 3.1397398138875654, 3.1403374557018604, 3.1402991054520295, 3.1390972904125047, 3.1392561610460397, 3.139257557371273, 3.139403455372753, 3.1395322518120454, 3.1368321106503023, 3.1407434437956283], "predicted_p_opt": 0.021626710885022906, "predicted_tts": 46.239116309291745, "p_opt": 0.02147126570603666, "tts": 46.573872900229134, "approx": 0.8628536948316341, "opt_gap": -0.1371463051683659, "th": -122.9990005493164}