{"edges": [[15, 21], [15, 20], [15, 9], [21, 3], [21, 0], [7, 17], [7, 1], [7, 11], [17, 12], [17, 5], [18, 20], [18, 8], [18, 10], [20, 6], [12, 16], [12, 2], [16, 8], [16, 10], [4, 6], [4, 11], [4, 13], [6, 14], [5, 13], [5, 19], [13, 2], [14, 19], [14, 3], [19, 0], [8, 3], [10, 9], [11, 1], [0, 1], [9, 2]], "num_nodes": 22, "opt_value": 29, "opt_count": 10, "feasible_count": 4194304, "mean_value": 16.5, "std": 2.8722813232690143, "level": 29, "gammas": [3.1411588191986084, 3.1404988765716553, 3.1401162147521973, 3.1397252082824707, 3.139188289642334, 3.138495922088623, 3.137737512588501, 3.1370503902435303, 3.136573076248169, 3.1363542079925537, 3.136345624923706, 3.136449098587036, 3.1365699768066406, 3.136643648147583, 3.1366264820098877, 3.136512279510498, 3.136317491531372, 3.1360983848571777, 3.135941982269287, 3.1359705924987793, 3.136307954788208, 3.1369993686676025, 3.1379528045654297, 3.1390156745910645, 3.140040874481201, 3.140947103500366, 3.1416826248168945, 3.142162799835205, 3.142099380493164], "betas": [3.1407852172851562, 3.1402103900909424, 3.139859914779663, 3.139409065246582, 3.1387898921966553, 3.138049364089966, 3.1373071670532227, 3.1367123126983643, 3.136364698410034, 3.1362626552581787, 3.1363227367401123, 3.136445999145508, 3.1365485191345215, 3.1365811824798584, 3.1365137100219727, 3.1363556385040283, 3.1361401081085205, 3.1359386444091797, 3.1358585357666016, 3.1360273361206055, 3.136543035507202, 3.1373848915100098, 3.1384129524230957, 3.1394710540771484, 3.140444278717041, 3.141268730163574, 3.1418843269348145, 3.14216685295105, 3.1418700218200684], "predicted_p_opt": 0.00829935073852539, "predicted_tts": 120.49135305946567, "p_opt": 0.004297169680976641, "tts": 232.7113133155879, "approx": 0.8904753449032387, "opt_gap": -0.10952465509676135, "th": -25.91520858077728}