{"N": 20, "edgelist": ["0 2 {}\n", "0 5 {}\n", "0 9 {}\n", "0 10 {}\n", "0 11 {}\n", "0 14 {}\n", "0 16 {}\n", "0 17 {}\n", "0 18 {}\n", "1 2 {}\n", "1 3 {}\n", "1 4 {}\n", "1 5 {}\n", "1 6 {}\n", "1 7 {}\n", "1 8 {}\n", "1 10 {}\n", "1 12 {}\n", "1 13 {}\n", "1 15 {}\n", "1 18 {}\n", "1 19 {}\n", "2 3 {}\n", "2 4 {}\n", "2 5 {}\n", "2 6 {}\n", "2 8 {}\n", "2 9 {}\n", "2 10 {}\n", "2 12 {}\n", "2 13 {}\n", "2 14 {}\n", "2 16 {}\n", "2 17 {}\n", "2 18 {}\n", "3 5 {}\n", "3 7 {}\n", "3 10 {}\n", "3 11 {}\n", "3 12 {}\n", "3 17 {}\n", "3 18 {}\n", "4 5 {}\n", "4 7 {}\n", "4 8 {}\n", "4 11 {}\n", "4 12 {}\n", "4 14 {}\n", "4 16 {}\n", "4 17 {}\n", "4 18 {}\n", "4 19 {}\n", "5 8 {}\n", "5 10 {}\n", "5 11 {}\n", "5 19 {}\n", "6 7 {}\n", "6 8 {}\n", "6 11 {}\n", "6 12 {}\n", "6 13 {}\n", "6 17 {}\n", "6 18 {}\n", "6 19 {}\n", "7 9 {}\n", "7 11 {}\n", "7 12 {}\n", "7 16 {}\n", "8 11 {}\n", "8 14 {}\n", "8 16 {}\n", "8 17 {}\n", "8 19 {}\n", "9 10 {}\n", "9 11 {}\n", "9 12 {}\n", "9 13 {}\n", "9 15 {}\n", "9 16 {}\n", "9 17 {}\n", "9 19 {}\n", "10 11 {}\n", "10 12 {}\n", "10 14 {}\n", "10 15 {}\n", "10 17 {}\n", "10 19 {}\n", "11 14 {}\n", "11 15 {}\n", "11 16 {}\n", "11 18 {}\n", "11 19 {}\n", "12 13 {}\n", "12 15 {}\n", "12 17 {}\n", "12 18 {}\n", "13 19 {}\n", "14 15 {}\n", "14 16 {}\n", "14 17 {}\n", "14 18 {}\n", "15 17 {}\n", "15 19 {}\n", "16 17 {}\n", "16 18 {}\n", "16 19 {}\n", "17 18 {}\n", "17 19 {}\n", "18 19 {}\n"], "opt_value": 96, "opt_count": 2, "feasible_count": 184756, "mean_value": 83.1842105263158, "std": 3.1087310750296724, "level": 85, "gammas": [3.141592598633348, 3.1415925605404214, 3.141592559144038, 3.141592567168288, 3.1415925581930924, 3.1415925702888874, 3.1415925694573574, 3.1415925638409257, 3.141592574564112, 3.141592562867313, 3.1415925722297082, 3.141592574663082, 3.1415925644835707, 3.141592573550275, 3.1415925777774087, 3.1415925759881302, 3.1415925891349428, 3.141592588945981, 3.141592593691262, 3.141592589860851, 3.1415925917676084, 3.1415925835816996, 3.1415925683511454, 3.1415925745858466, 3.1415925470733326, 3.141592525478516, 3.1415925028379577, 3.141592482078439, 3.141592400222521, 3.141592228193496, 3.1415919507940644, 3.141591748198182, 3.1415915884179073, 3.1415915822610656, 3.141591601210665, 3.1415908825730323, 3.1415893523640257, 3.141587550525758, 3.141585072563937, 3.141584443227811, 3.1415857437499093, 3.1415857941575744, 3.1415835357728774, 3.1415786897192532, 3.141567375188622, 3.1415592172056384, 3.1415584702858266, 3.141559047738494, 3.1415475229614604, 3.141530428978868, 3.141494227327125, 3.1414781476600298, 3.1415056360743923, 3.141523217831127, 3.141509429204272, 3.141488726463052, 3.14148746448276, 3.1414740930536036, 3.1414223078620456, 3.141391426938856, 3.141374359142399, 3.1413549767154088, 3.1412103145607437, 3.1410904097383567, 3.1412204558608297, 3.1412869969740753, 3.1411375930698164, 3.1408955667513485, 3.1406313656628737, 3.140421310268787, 3.1406590591237795, 3.1406074976979563, 3.1408656224057534, 3.1407041145689916, 3.1404064899693824, 3.139933917901469, 3.1402158281971464, 3.1391035157916853, 3.1392808342086274, 3.1379488959760824, 3.1380711826516094, 3.1304375353545804, 3.1350226558705914, 3.12231180676585, 3.133604412532378], "betas": [3.1415927298974218, 3.1415927443611804, 3.1415927426730565, 3.141592744415314, 3.1415927482767385, 3.1415927462985818, 3.1415927367668877, 3.1415927352947803, 3.141592733574198, 3.141592733992099, 3.1415927364222846, 3.141592732923415, 3.1415927343513452, 3.141592734962073, 3.1415927345448287, 3.141592729515275, 3.1415927201069263, 3.1415927128264074, 3.141592705151709, 3.141592698692729, 3.1415926960737166, 3.141592695401705, 3.141592697705624, 3.1415926954467595, 3.141592681732775, 3.141592660421113, 3.141592640418624, 3.141592598899786, 3.14159248028151, 3.1415922310692763, 3.141591980539953, 3.141591788917122, 3.141591680807618, 3.141591741689019, 3.1415914917992733, 3.141590243267165, 3.1415886189646454, 3.1415863862889246, 3.1415844598074267, 3.1415851376663215, 3.1415861845069157, 3.1415849579549397, 3.1415818917566347, 3.1415737304400944, 3.1415623394560477, 3.141558358678616, 3.1415596334817963, 3.1415550206717846, 3.1415398737438416, 3.1415151167755795, 3.141478722018187, 3.1414905559720667, 3.141517043585229, 3.141521049766304, 3.14149541332545, 3.141488436855823, 3.141483092221291, 3.1414537789576467, 3.1413979500019313, 3.1413886679572935, 3.1413627718598853, 3.141312888041869, 3.1411084171061363, 3.1411535720465538, 3.1412599484890684, 3.1412623831427244, 3.1409799858041643, 3.140818360418558, 3.1404271009072464, 3.140582906633175, 3.1405964922835325, 3.140776286125407, 3.1407856432103913, 3.140657043740493, 3.139989490389577, 3.140243374129968, 3.1395611496463283, 3.139382342908897, 3.1382904029126393, 3.138853567070876, 3.133533778297053, 3.1333474405881026, 3.128677194317157, 3.125236633333918, 3.1394616571895506], "predicted_p_opt": 0.31653640477169886, "predicted_tts": 3.1591942820013, "p_opt": 0.28451661668456024, "tts": 3.514733204875294, "approx": 0.9044835917018047, "opt_gap": -0.0955164082981953, "th": -95.9990005493164}