{"edges": [[3, 7], [3, 12], [3, 11], [7, 4], [7, 8], [5, 13], [5, 9], [5, 14], [13, 9], [13, 0], [4, 15], [4, 8], [15, 16], [15, 11], [1, 6], [1, 0], [1, 10], [6, 10], [6, 16], [11, 17], [17, 2], [17, 8], [2, 14], [2, 12], [14, 10], [12, 9], [0, 16]], "num_nodes": 18, "opt_value": 23, "opt_count": 2, "feasible_count": 262144, "mean_value": 13.5, "std": 2.598076211353316, "level": 15, "gammas": [0.1253255307674408, 0.25910240411758423, 0.2954652011394501, 0.3034173548221588, 0.30117160081863403, 0.29074427485466003, 0.2755544185638428, 0.27741578221321106, 0.29840120673179626, 0.31628507375717163, 0.3274213671684265, 0.3386251926422119, 0.3535570502281189, 0.3734615445137024, 0.4038514196872711], "betas": [-2.5166428089141846, -2.197974681854248, -2.0243122577667236, -1.9042354822158813, -1.792563796043396, -1.6586538553237915, -1.560689091682434, -1.5938386917114258, -1.6610575914382935, -1.6769376993179321, -1.654910683631897, -1.618132472038269, -1.5540863275527954, -1.431758165359497, -1.1700739860534668], "predicted_p_opt": 0.00733184814453125, "predicted_tts": 136.39125910509887, "p_opt": 0.00015765390708111227, "tts": 6343.008039030103, "approx": 0.855684757232666, "opt_gap": -0.14431524276733398}