{"edges": [[3, 4], [3, 13], [3, 14], [4, 15], [4, 11], [12, 13], [12, 1], [12, 5], [13, 14], [15, 10], [15, 2], [9, 11], [9, 1], [9, 2], [11, 10], [0, 8], [0, 7], [0, 6], [8, 6], [8, 7], [2, 5], [5, 6], [1, 14], [10, 7]], "num_nodes": 16, "opt_value": 20, "opt_count": 16, "feasible_count": 65536, "mean_value": 12.0, "std": 2.449489742783178, "level": 47, "gammas": [-0.26772258617505007, -0.35025077602865856, -0.2174248805360808, -0.2765712855658337, -0.25835441675343157, -0.2786946934055389, -0.30658993755942593, -0.286337334773422, -0.20837261414572142, -0.2731795401808623, -0.24925364745605222, -0.4572728159130756, -0.335360801586944, -0.3767695527493973, -0.3898936397474857, -0.3911386177962625, -0.34053582915457176, -0.43008489689323487, -0.4235370536076138, -0.17540777025941268, -0.31534802603347817, -0.2471715767830904, -0.2602818526080748, -0.2599301571216516, -0.2636881816790675, -0.30684870784321483, -0.3074781803090966, -0.36381562750705176, -0.17257629965159144, 6.072944161964622, 5.876381541876255, 5.9174562304143254, 6.048473263459572, 0.18899202686059907, 0.24863134741153875, 1.154748661840938, 0.34469733102074607, 0.3502434086756238, 0.33968416653438394, 0.3349084879221101, 0.3394835064819384, 0.35214700986292763, 0.35715430351773, 0.3773556890006964, 0.389984631973226, 0.38931944264006707, 0.3886816003662519], "betas": [1.461108992067453, 2.6999755331113096, 1.9220879973004854, 1.5563269368913262, 1.9069692023509972, 2.1079396386930314, 2.2066368859449454, 1.739226465480498, 1.5800408411532973, 2.8302577384880845, 1.3943812170350791, 1.5305512372416643, 2.357825238189051, 2.089708340942132, 2.0139738410646206, 2.1619351744137902, 1.7908078387367818, 0.7570625552931541, 2.7582699024374153, 2.746710702498691, 1.7254500810642868, 2.0437649168627585, 1.8967854970154219, 1.8344853012203568, 1.911191782177074, 2.1154840597383964, 2.6392716258464923, 2.1974194426111016, 1.4528584917989633, 1.0407045321211412, 2.0764783275127217, 2.8594196865098334, 2.665486775208183, -2.4853413823320634, -1.9381534996519936, -2.8325702193402362, 3.703833014749219, 3.8602029144670715, 3.95246828081926, 3.987928888901643, 3.9814654460985333, 3.9611232463541337, 3.827627887750073, 4.067241439709197, 3.937803908013451, 3.900242970586202, 4.012125948132973], "predicted_p_opt": 2.203369140625, "predicted_tts": 0.45385041551246535, "p_opt": 0.16520193962994764, "tts": 6.053197693925386, "approx": 0.9579544809343773, "opt_gap": -0.042045519065622705}