{"edges": [[3, 13], [3, 5], [3, 11], [13, 11], [13, 2], [8, 9], [8, 6], [8, 7], [9, 7], [9, 0], [1, 6], [1, 15], [1, 4], [6, 10], [11, 14], [14, 4], [14, 12], [15, 5], [15, 0], [7, 10], [10, 0], [4, 2], [5, 12], [12, 2]], "num_nodes": 16, "opt_value": 20, "opt_count": 26, "feasible_count": 65536, "mean_value": 12.0, "std": 2.449489742783178, "level": 33, "gammas": [0.3351787896539928, 0.4376239611013945, 0.3111741696937777, 0.32292843301492197, 0.2873695185062844, 0.2506435217326667, 0.2963651434123381, 0.27648739672244677, 0.25995822369156374, 0.28653662954079634, 0.36305459265981926, 0.30612847254491193, 0.3471547083464444, 0.37299070046719823, 0.36985303237546263, 0.36782786269970397, 0.43825401058249286, 0.41393068040628656, 0.35911905898477514, 0.4878963082713976, 0.36073652239663606, 0.35837921430038494, 1.2247828128471732, 5.361713815769702, 0.4446245499021438, 0.2761121502960659, 0.39162909310096106, 0.34333393669656753, 0.35402946529413676, 0.3879804051143902, 0.27713852364817776, -0.2816005459100807, 0.6090870840779358], "betas": [-2.805317165104694, -3.144449709501783, -2.1467032032461466, -2.090852418104914, -1.865591267088087, -1.5498019934093108, -1.918349710071117, -1.6817232179192465, -2.77577190412155, -1.4789048788791008, -1.9744277794948715, -2.0830444988644277, -2.1069088812135175, -2.1617828251928253, -1.9884091967388686, -1.9042014429631822, -1.2292379925883015, -3.4125243435377612, -3.97643582855865, 3.232612176513004, 3.646525375292103, 3.853283174535929, 3.360938508172238, 3.627965731610328, 4.425035017815415, 3.025727882340708, 4.039656215633125, 4.144754195394856, 3.9780260587616705, 3.8058633882850916, 3.9640406105322237, 1.7178813702181936, -1.27387742617928], "predicted_p_opt": 1.780914306640625, "predicted_tts": 0.561509330500197, "p_opt": 0.1163057003675356, "tts": 8.598030851797613, "approx": 0.955053810020144, "opt_gap": -0.044946189979856}