{"edges": [[0, 2], [0, 3], [0, 11], [1, 4], [1, 10], [1, 11], [2, 5], [2, 6], [2, 12], [2, 13], [3, 4], [3, 11], [4, 6], [4, 8], [4, 9], [6, 10], [7, 10], [7, 11], [7, 12], [8, 10], [8, 13], [10, 12], [12, 13]], "num_nodes": 14, "num_colors": 3, "opt_value": 23, "opt_count": 360, "feasible_count": 4782969, "mean_value": 15.333333333333334, "std": 2.260776661041756, "level": 93, "gammas": [0.16794034838676453, 0.27309682965278625, 0.29845207929611206, 0.3093973696231842, 0.30573537945747375, 0.3101523518562317, 0.3064833879470825, 0.30426138639450073, 0.30015304684638977, 0.29362037777900696, 0.2868445813655853, 0.28798526525497437, 0.29057320952415466, 0.28670576214790344, 0.27073606848716736, 0.2542245090007782, 0.2541188895702362, 0.25153130292892456, 0.2400873601436615, 0.25262880325317383, 0.2559211552143097, 0.21984000504016876, 0.22725971043109894, 0.2136085033416748, 0.21203960478305817, 0.22109493613243103, 0.21008619666099548, 0.22776134312152863, 0.20716583728790283, 0.26076287031173706, 0.24273356795310974, 0.21428802609443665, 0.22149816155433655, 0.2240450382232666, 0.22585244476795197, 0.22314812242984772, 0.2226264327764511, 0.22506892681121826, 0.2245793640613556, 0.22506645321846008, 0.224678635597229, 0.22389285266399384, 0.22748592495918274, 0.22609278559684753, 0.223516047000885, 0.22802339494228363, 0.2268417775630951, 0.22260385751724243, 0.22937902808189392, 0.2179858386516571, 0.21733573079109192, 0.2099660038948059, 0.20581668615341187, 0.18352952599525452, 0.21338041126728058, -0.16666722297668457, -0.11420964449644089, -0.25227028131484985, -0.26964905858039856, -0.28212034702301025, -0.276534765958786, -0.28362712264060974, -0.28969982266426086, -0.29294225573539734, -0.2924739420413971, -0.28934964537620544, -0.2899310290813446, -0.2917182743549347, -0.29694727063179016, -0.3000589609146118, -0.30181175470352173, -0.30039769411087036, -0.2996569573879242, -0.29841941595077515, -0.31478336453437805, -0.3375861346721649, -0.29196321964263916, -0.3022981584072113, -0.31314101815223694, -0.32232001423835754, -0.3240973949432373, -0.32784032821655273, -0.3330177068710327, -0.3364444971084595, -0.34030765295028687, -0.34400588274002075, -0.3460187315940857, -0.3475852608680725, -0.3501286804676056, -0.35387393832206726, -0.35718899965286255, -0.357527494430542, -0.3603399693965912], "betas": [-2.436676263809204, -2.240722417831421, -2.2514891624450684, -2.2511022090911865, -2.1734540462493896, -2.1761038303375244, -2.106715679168701, -2.1542482376098633, -2.1315104961395264, -2.070733070373535, -2.051363468170166, -2.0719504356384277, -2.072146415710449, -1.9963295459747314, -1.8697819709777832, -1.8001556396484375, -1.8201357126235962, -1.7934011220932007, -1.6933917999267578, -1.563394546508789, -1.700939416885376, -1.5824110507965088, -1.6702890396118164, -1.6254748106002808, -1.673570156097412, -1.6443933248519897, -1.5852539539337158, -1.6115188598632812, -1.5302411317825317, -1.5242698192596436, -1.568042278289795, -1.5722676515579224, -1.5703855752944946, -1.571747064590454, -1.5746351480484009, -1.56800377368927, -1.5736339092254639, -1.585494041442871, -1.5889439582824707, -1.5787274837493896, -1.5717426538467407, -1.579251766204834, -1.5904587507247925, -1.5887222290039062, -1.5776708126068115, -1.579184889793396, -1.574284553527832, -1.5678839683532715, -1.5690547227859497, -1.5667656660079956, -1.562595009803772, -1.5918643474578857, -1.5697866678237915, -1.0895161628723145, 1.4204020500183105, 1.9582865238189697, 1.9912101030349731, 1.9855036735534668, 1.9851912260055542, 2.0119762420654297, 2.007154703140259, 2.0278115272521973, 2.0491178035736084, 2.0732598304748535, 2.0905752182006836, 2.091684341430664, 2.0962719917297363, 2.111768960952759, 2.1364223957061768, 2.1632590293884277, 2.176784038543701, 2.178009271621704, 2.1820991039276123, 2.2328009605407715, 2.161123037338257, 2.1083106994628906, 2.257784605026245, 2.340461254119873, 2.3852202892303467, 2.4127039909362793, 2.410658359527588, 2.434244155883789, 2.462345838546753, 2.486311912536621, 2.508492946624756, 2.533458709716797, 2.557250738143921, 2.584082841873169, 2.6084859371185303, 2.632323980331421, 2.677816152572632, 2.728471517562866, 2.828927993774414], "predicted_p_opt": 2.632013713657772, "predicted_tts": 0.3799372301181046, "p_opt": 0.8244507420321628, "tts": 1.2129287403333902, "approx": 0.9382465766686141, "opt_gap": -0.06175342333138589}