{"edges": [[6, 12], [6, 1], [6, 17], [12, 19], [12, 24], [20, 23], [20, 19], [20, 24], [23, 11], [23, 8], [19, 21], [4, 15], [4, 17], [4, 13], [15, 10], [15, 16], [3, 22], [3, 5], [3, 0], [22, 5], [22, 17], [1, 9], [1, 10], [0, 8], [0, 9], [8, 11], [11, 14], [14, 2], [14, 7], [21, 18], [21, 2], [5, 24], [9, 25], [10, 16], [2, 18], [7, 13], [7, 18], [13, 25], [16, 25]], "num_nodes": 26, "opt_value": 34, "opt_count": 4, "feasible_count": 67108864, "mean_value": 19.5, "std": 3.122498999199199, "level": 11, "gammas": [0.11312194168567657, 0.22716449201107025, 0.2561739385128021, 0.2647689878940582, 0.26879462599754333, 0.2725723683834076, 0.2777402102947235, 0.2849511206150055, 0.2950344383716583, 0.310014009475708, 0.3352770507335663], "betas": [-2.489886522293091, -2.1779816150665283, -2.0236711502075195, -1.9326624870300293, -1.8692246675491333, -1.8178523778915405, -1.7684992551803589, -1.7101423740386963, -1.6286301612854004, -1.4949535131454468, -1.213747501373291], "predicted_p_opt": 3.153085708618164e-05, "predicted_tts": 31714.964083175804, "p_opt": 6.123819957792875e-07, "tts": 1632967.6686974585, "approx": 0.7836036086082458, "opt_gap": -0.21639639139175415}