{"N": 22, "edgelist": ["0 1 {}\n", "0 3 {}\n", "0 4 {}\n", "0 7 {}\n", "0 8 {}\n", "0 18 {}\n", "1 2 {}\n", "1 4 {}\n", "1 9 {}\n", "1 11 {}\n", "1 12 {}\n", "1 15 {}\n", "1 16 {}\n", "1 20 {}\n", "2 7 {}\n", "2 9 {}\n", "2 10 {}\n", "2 11 {}\n", "2 12 {}\n", "2 13 {}\n", "2 14 {}\n", "2 15 {}\n", "2 17 {}\n", "2 19 {}\n", "2 21 {}\n", "3 4 {}\n", "3 5 {}\n", "3 10 {}\n", "3 15 {}\n", "3 16 {}\n", "3 20 {}\n", "4 5 {}\n", "4 6 {}\n", "4 7 {}\n", "4 10 {}\n", "4 15 {}\n", "4 16 {}\n", "4 18 {}\n", "4 20 {}\n", "4 21 {}\n", "5 10 {}\n", "5 11 {}\n", "5 12 {}\n", "5 14 {}\n", "5 15 {}\n", "5 16 {}\n", "5 17 {}\n", "5 19 {}\n", "6 7 {}\n", "6 12 {}\n", "6 15 {}\n", "6 16 {}\n", "6 18 {}\n", "6 19 {}\n", "7 14 {}\n", "7 16 {}\n", "7 19 {}\n", "8 9 {}\n", "8 10 {}\n", "8 14 {}\n", "8 17 {}\n", "8 18 {}\n", "8 19 {}\n", "8 21 {}\n", "9 10 {}\n", "9 11 {}\n", "9 12 {}\n", "9 13 {}\n", "9 21 {}\n", "10 12 {}\n", "10 16 {}\n", "10 18 {}\n", "10 19 {}\n", "10 20 {}\n", "10 21 {}\n", "11 15 {}\n", "11 20 {}\n", "11 21 {}\n", "12 13 {}\n", "12 15 {}\n", "12 16 {}\n", "12 19 {}\n", "12 20 {}\n", "13 18 {}\n", "13 21 {}\n", "14 19 {}\n", "14 20 {}\n", "14 21 {}\n", "16 20 {}\n", "17 18 {}\n", "17 19 {}\n", "17 21 {}\n", "18 19 {}\n", "18 21 {}\n", "19 21 {}\n"], "opt_value": 84, "opt_count": 14, "feasible_count": 705432, "mean_value": 72.38095238095238, "std": 3.123038828456703, "level": 42, "gammas": [-0.36064572798417277, -0.21935506048264525, -0.2669458907316535, -0.2810899627704675, -0.23573494974229534, -0.2869087459321047, -0.24162392747685266, -0.28082218975236345, -0.24476590829762943, -0.2776393562638738, -0.25471591985777575, -0.26589322072414406, -0.2686599115377516, -0.2641471649462866, -0.27485733138369245, -0.2898622014643883, -0.30955811796240634, -0.3199228157281032, -0.3083702680150002, -0.7542420132488064, -0.15133083666634536, -0.30335576818029164, -0.25074426939674016, 6.062598752645561, 6.030449918988329, 6.078415627283428, 6.043592405240808, 6.049769037332299, 6.062582753379968, 6.0416052939201315, 6.062215354197764, 6.039121481315238, 6.0342891372840155, 6.034020783813995, 6.017940070621665, 6.016401428287887, 6.007226371045902, 5.992619013715344, 4.883409334640968, 5.885434594681311, 1.5038342716675863, 4.431336074747833], "betas": [3.9648335044941123, 2.3037420445265133, 2.2725533387325307, 2.688195960403004, 2.0071036768232156, 2.547295574959086, 2.1464491433898365, 2.3126832549309895, 2.198999778848425, 2.192973164582567, 2.217000221624333, 2.085807693377657, 2.1405753607406828, 2.0826842159200365, 2.0718899135392945, 2.1071423672230476, 2.0550832120601314, 1.7411660361005363, 1.8599515257315022, 0.8994113078441418, 4.545824161948889, 2.843460424416131, 2.3612707883070665, 2.2338823339040097, 1.830745818409397, 2.273270404387694, 1.8108869446276419, 2.1198880522566816, 1.8963006994607454, 1.9240045189272423, 2.0176214077834858, 1.9493707885908629, 2.070150155509254, 2.1011841616335176, 2.084193134110294, 2.147094014866802, 2.231613274299696, 2.3780258807478645, 2.033318101520579, 2.141239754827834, 2.4333415888725214, 2.275015402028259], "predicted_p_opt": 0.143387314439946, "predicted_tts": 6.974117647058824, "p_opt": 0.0015330217502323139, "tts": 652.3064658726859, "approx": 0.9684981688343922, "opt_gap": -0.031501831165607785}