{"N": 22, "edgelist": ["0 2 {}\n", "0 6 {}\n", "0 12 {}\n", "0 14 {}\n", "0 15 {}\n", "0 17 {}\n", "0 18 {}\n", "0 19 {}\n", "0 20 {}\n", "1 3 {}\n", "1 6 {}\n", "1 7 {}\n", "1 12 {}\n", "1 13 {}\n", "1 18 {}\n", "1 19 {}\n", "1 21 {}\n", "2 3 {}\n", "2 7 {}\n", "2 8 {}\n", "2 12 {}\n", "2 13 {}\n", "2 15 {}\n", "2 18 {}\n", "2 20 {}\n", "3 6 {}\n", "3 8 {}\n", "3 11 {}\n", "3 14 {}\n", "3 17 {}\n", "3 20 {}\n", "3 21 {}\n", "4 6 {}\n", "4 7 {}\n", "4 10 {}\n", "4 11 {}\n", "4 12 {}\n", "4 16 {}\n", "4 19 {}\n", "4 20 {}\n", "4 21 {}\n", "5 9 {}\n", "5 12 {}\n", "5 16 {}\n", "5 17 {}\n", "5 18 {}\n", "5 19 {}\n", "5 20 {}\n", "6 7 {}\n", "6 8 {}\n", "6 9 {}\n", "6 10 {}\n", "6 13 {}\n", "6 15 {}\n", "6 17 {}\n", "6 18 {}\n", "6 20 {}\n", "6 21 {}\n", "7 10 {}\n", "7 11 {}\n", "7 13 {}\n", "7 15 {}\n", "7 16 {}\n", "7 18 {}\n", "7 20 {}\n", "8 9 {}\n", "8 10 {}\n", "8 13 {}\n", "8 15 {}\n", "8 17 {}\n", "8 20 {}\n", "9 12 {}\n", "9 15 {}\n", "9 17 {}\n", "9 18 {}\n", "10 11 {}\n", "10 13 {}\n", "10 14 {}\n", "10 15 {}\n", "10 18 {}\n", "10 21 {}\n", "11 15 {}\n", "11 17 {}\n", "11 21 {}\n", "12 19 {}\n", "12 20 {}\n", "12 21 {}\n", "13 14 {}\n", "13 15 {}\n", "13 17 {}\n", "13 18 {}\n", "14 17 {}\n", "14 18 {}\n", "14 19 {}\n", "15 18 {}\n", "15 20 {}\n", "15 21 {}\n", "16 18 {}\n", "16 21 {}\n", "17 18 {}\n", "17 19 {}\n", "17 20 {}\n", "18 20 {}\n", "18 21 {}\n", "19 20 {}\n", "19 21 {}\n", "20 21 {}\n"], "opt_value": 95, "opt_count": 3, "feasible_count": 705432, "mean_value": 81.52380952380952, "std": 3.5588584134279055, "level": 42, "gammas": [0.1176354787882269, 0.2310007891882883, 0.24280112420127214, 0.16523405616724718, 0.23976918289027252, 0.2644925040091243, 0.2289328352994786, 0.23161971825287805, 0.22329856773062906, 0.19259144952946594, 0.18092069809742914, 0.20670511293259025, 0.22118010593305032, 0.2179130572080845, 0.19735525976672386, 0.19064571045256823, 0.21854967892053997, 0.2389131492636187, 0.24295894977059243, 0.23494408121636973, 0.2400331454570563, 0.23500254238912804, 0.2386180278679096, 0.24105895559446516, 0.24275608494577378, 0.25017811903775544, 0.27537910040193764, 0.3105453316694331, 0.33245603998210144, 0.34879649612549135, 0.342277392657849, 0.2939223351487343, 0.2660550479562474, 0.25447121593527827, 0.2500021912556485, 0.2482498683195352, 0.24897897525559895, 0.25073557071549, 0.2534175462908684, 0.2574436079307493, 0.261804725112973, 0.2623389597655451], "betas": [-2.858991735460612, -2.5830306386192334, -1.869222167024044, -1.5485586434814338, -2.5132594865984434, -3.0765528843294856, -2.8382123933084635, -2.424338178452945, -2.062103319908445, -1.7290107286746046, -1.825165495929197, -2.0203884670493353, -2.0487974913981057, -1.9106470631846144, -1.7004777478628486, -1.804820665340502, -2.0221459395012626, -2.093164031119367, -2.020704228734279, -1.9043781486120799, -2.0395237056803253, -2.0656460683172977, -2.0697989536025534, -2.0732948635112263, -2.0793360471711217, -1.7938859814533588, -2.1868112472918493, -2.233084212913896, -2.206872933178986, 3.9870636410092435, 3.7575287620897018, 3.690413823945191, 3.7193488625210787, 3.7760842342296437, 3.8445807413143145, 3.8873534385877746, 3.893466620949483, 3.8820134094857495, 3.8682513630860464, 3.846992708866374, 3.8207529288561766, 3.8543876651946745], "predicted_p_opt": 0.03072585309427415, "predicted_tts": 32.54588235294118, "p_opt": 2.7821424918720354e-05, "tts": 35943.522048977604, "approx": 0.9642142390276005, "opt_gap": -0.035785760972399494}