{"edges": [[3, 4], [3, 1], [3, 12], [4, 0], [4, 10], [14, 16], [14, 0], [14, 15], [16, 1], [16, 17], [0, 5], [5, 8], [5, 17], [1, 11], [6, 17], [6, 13], [6, 10], [12, 11], [12, 2], [15, 7], [15, 9], [8, 11], [8, 7], [9, 10], [9, 13], [13, 2], [2, 7]], "num_nodes": 18, "opt_value": 24, "opt_count": 4, "feasible_count": 262144, "mean_value": 13.5, "std": 2.598076211353316, "level": 46, "gammas": [3.142342718802405, 3.140057270924413, 3.1353431524374513, 3.1301171679832818, 3.1243015417108, 3.129801687002882, 3.1114840152712877, 3.1124595657699436, 3.1302206763290785, 3.111882394588306, 3.105468241271162, 3.09935147622449, 3.120527212141501, 3.098339421782844, 3.1004020469079916, 3.1010987047936247, 3.1029600612164643, 3.104441315299948, 3.120705992842331, 3.1158054821660723, 3.0972593194401656, 3.103116647973621, 3.1025275075498455, 3.106993114057671, 3.0984910096699965, 3.102330870047539, 3.122987627294342, 3.0883541021520298, 3.119148287956355, 3.1010926615228094, 3.116027280980972, 3.107095415357716, 3.103030623336345, 3.1182267968597186, 3.095420075465347, 3.1171612944946796, 3.1052089817745014, 3.0983502583482556, 3.1015474053667833, 3.1187404466586517, 3.109162761904832, 3.118102871792703, 3.122420688658176, 3.134091481824435, 3.1403724158671706, 3.1421415820034038], "betas": [3.140029117275766, 3.1360715934088326, 3.1324399658341138, 3.1236450767671973, 3.1289901774825237, 3.119052109782653, 3.1093703211514847, 3.1207195288142286, 3.125168776141651, 3.105760000539347, 3.099868152775521, 3.1117037600046884, 3.1141207470518837, 3.088415241353364, 3.1147605656675004, 3.0903289033787456, 3.1079893770831513, 3.1153788593449, 3.1150732740422984, 3.113810315472751, 3.0939877363932635, 3.1030470970425315, 3.110773762683482, 3.0990676317442065, 3.1000286824315633, 3.1141257011873047, 3.112088345907629, 3.0925652835806883, 3.120369938570596, 3.103303843389832, 3.1176646055472967, 3.096418964255225, 3.119509410761663, 3.1035618438413506, 3.1019008039617937, 3.1196078067237485, 3.0960146096499326, 3.098242108607168, 3.1120542679309913, 3.112905961818951, 3.1120285662191884, 3.119088235614074, 3.1267548909496514, 3.13687695225023, 3.1399679900262987, 3.1406556258068807], "predicted_p_opt": 0.1319732666015625, "predicted_tts": 7.577292172505492, "p_opt": 0.07360985033359783, "tts": 13.585138340426278, "approx": 0.9297764441939528, "opt_gap": -0.07022355580604722, "th": -22.86627377227798}