{"edges": [[16, 20], [16, 3], [16, 23], [20, 1], [20, 21], [6, 21], [6, 11], [6, 13], [21, 0], [4, 12], [4, 23], [4, 10], [12, 5], [12, 0], [3, 24], [3, 5], [22, 23], [22, 13], [22, 19], [2, 8], [2, 17], [2, 7], [8, 11], [8, 14], [17, 14], [17, 25], [11, 5], [13, 24], [24, 18], [7, 25], [7, 14], [25, 9], [1, 10], [1, 19], [9, 15], [9, 18], [18, 15], [10, 19], [15, 0]], "num_nodes": 26, "opt_value": 36, "opt_count": 2, "feasible_count": 67108864, "mean_value": 19.5, "std": 3.122498999199199, "level": 19, "gammas": [0.09904676675796509, 0.20461297035217285, 0.23234835267066956, 0.23801566660404205, 0.23661230504512787, 0.2321823090314865, 0.22694945335388184, 0.22306182980537415, 0.22143994271755219, 0.2209954857826233, 0.22101236879825592, 0.22269748151302338, 0.2269648164510727, 0.23307029902935028, 0.24155281484127045, 0.2547766864299774, 0.27325549721717834, 0.2964976131916046, 0.3283655345439911], "betas": [-2.598501443862915, -2.319455623626709, -2.1672556400299072, -2.0607099533081055, -1.9670987129211426, -1.8780790567398071, -1.800657033920288, -1.7430832386016846, -1.6994715929031372, -1.6587516069412231, -1.6232266426086426, -1.6005765199661255, -1.5866554975509644, -1.5724029541015625, -1.5624990463256836, -1.5597718954086304, -1.540738582611084, -1.45741605758667, -1.2022148370742798], "predicted_p_opt": 4.532933235168457e-05, "predicted_tts": 22060.770545693624, "p_opt": 2.8705346721835667e-07, "tts": 3483671.5601812154, "approx": 0.769349992275238, "opt_gap": -0.23065000772476196}