{"edges": [[0, 1], [0, 5], [0, 6], [0, 9], [0, 10], [0, 14], [1, 4], [1, 8], [1, 9], [1, 12], [2, 3], [2, 5], [2, 6], [2, 11], [2, 12], [2, 14], [3, 10], [3, 13], [4, 9], [4, 11], [5, 7], [5, 11], [6, 7], [6, 8], [6, 11], [7, 10], [7, 11], [8, 12], [8, 14], [9, 10], [9, 13], [10, 14], [11, 12], [12, 13]], "num_nodes": 15, "num_colors": 3, "opt_value": 34, "opt_count": 12, "feasible_count": 14348907, "mean_value": 22.666666666666668, "std": 2.748737083745107, "level": 27, "gammas": [3.141593030731119, 3.1415925790818022, 3.1415926434890253, 3.141592702397528, 3.141592679760331, 3.1415926503182923, 3.141592682343275, 3.1415927208128456, 3.1415927321155204, 3.141592661664248, 3.1415925962413045, 3.141592573911176, 3.141592531903883, 3.1415922107711727, 3.1415918040350403, 3.141591492967635, 3.141591946494701, 3.1415903330099355, 3.141586603444627, 3.141578703298221, 3.141572536376745, 3.1415696149979713, 3.1413607906283545, 3.141495590900266, 3.140719640631996, 3.1407894116341546, 3.141481196080706], "betas": [3.141592618784366, 3.1415927107971555, 3.141592615259568, 3.141592604314834, 3.141592644946525, 3.1415926471681703, 3.1415926066420123, 3.1415925670723697, 3.1415925800049074, 3.141592630198207, 3.1415926059380155, 3.141592447052196, 3.1415921096952006, 3.1415918471231246, 3.141592024290287, 3.1415920526439756, 3.1415905861200826, 3.141586515278279, 3.141587557601863, 3.1415734282800667, 3.141574156504993, 3.141481520424644, 3.141409505627359, 3.141229631618617, 3.1405137885618855, 3.14121402940658, 3.141573924949618], "predicted_p_opt": 0.0025298094133581047, "predicted_tts": 395.286694214876, "p_opt": 0.002527677670661951, "tts": 395.62006327259235, "approx": 0.6675088948187079, "opt_gap": -0.3324911051812921, "th": -33.999000549316406}