{"edges": [[0, 5], [0, 9], [1, 2], [1, 3], [1, 8], [1, 9], [2, 3], [2, 9], [3, 7], [3, 8], [4, 5], [4, 6], [5, 7], [5, 8], [6, 7], [6, 9], [8, 10]], "num_nodes": 11, "num_colors": 3, "opt_value": 17, "opt_count": 72, "feasible_count": 177147, "mean_value": 11.333333333333334, "std": 1.9436506316151003, "level": 37, "gammas": [0.31889960169792175, -0.5543800592422485, -0.37638482451438904, -0.3869103789329529, -0.34024161100387573, -0.26651743054389954, -0.3273650109767914, -0.38487547636032104, -0.3789031505584717, -0.30138513445854187, -0.32512998580932617, -0.3756544589996338, -0.2723756730556488, -0.35492151975631714, -0.2596820890903473, -0.5617068409919739, -0.3457154929637909, -0.12130122631788254, -0.388266921043396, -0.399606317281723, -0.3357342481613159, -0.3263462781906128, -0.3998417258262634, -0.446847528219223, -0.4734538197517395, -0.4960436522960663, -0.5095790028572083, -0.6802279949188232, -1.047993540763855, -0.5065106153488159, -0.4377201199531555, -0.45304781198501587, -0.458130806684494, -0.46911588311195374, -0.4816281795501709, -0.4895477294921875, -0.4923371374607086], "betas": [-0.44812384247779846, 2.144428253173828, 2.058866262435913, 1.8625571727752686, 1.4484893083572388, 1.3481727838516235, 1.7189819812774658, 1.8366880416870117, 1.6663047075271606, 1.419156551361084, 1.8933186531066895, 1.7480753660202026, 1.6203500032424927, 1.585279107093811, 1.6731261014938354, 2.862804889678955, 1.6746037006378174, 1.4296940565109253, 2.100160598754883, 1.8681235313415527, 1.5394811630249023, 1.7365113496780396, 2.0350403785705566, 2.145768642425537, 2.139545440673828, 2.022496461868286, 1.6243971586227417, 1.9268003702163696, 2.6786506175994873, 2.584059476852417, 2.4808316230773926, 2.486072540283203, 2.393352746963501, 2.3165621757507324, 2.2954635620117188, 2.3352348804473877, 2.5720787048339844], "predicted_p_opt": 2.286236854138089, "predicted_tts": 0.43739999999999996, "p_opt": 0.4103872776031494, "tts": 2.4367227118746473, "approx": 0.9643794894218445, "opt_gap": -0.03562051057815552}