{"N": 26, "edgelist": ["0 1 {}\n", "0 2 {}\n", "0 3 {}\n", "0 4 {}\n", "0 6 {}\n", "0 10 {}\n", "0 11 {}\n", "0 12 {}\n", "0 15 {}\n", "0 16 {}\n", "0 17 {}\n", "0 19 {}\n", "0 21 {}\n", "0 22 {}\n", "0 23 {}\n", "0 24 {}\n", "1 3 {}\n", "1 4 {}\n", "1 6 {}\n", "1 9 {}\n", "1 12 {}\n", "1 14 {}\n", "1 16 {}\n", "1 18 {}\n", "1 19 {}\n", "1 22 {}\n", "1 23 {}\n", "1 24 {}\n", "2 3 {}\n", "2 4 {}\n", "2 5 {}\n", "2 6 {}\n", "2 10 {}\n", "2 11 {}\n", "2 14 {}\n", "2 17 {}\n", "2 18 {}\n", "2 22 {}\n", "2 23 {}\n", "3 4 {}\n", "3 5 {}\n", "3 7 {}\n", "3 9 {}\n", "3 10 {}\n", "3 13 {}\n", "3 15 {}\n", "3 16 {}\n", "3 17 {}\n", "3 18 {}\n", "3 20 {}\n", "3 21 {}\n", "3 22 {}\n", "4 5 {}\n", "4 7 {}\n", "4 8 {}\n", "4 10 {}\n", "4 12 {}\n", "4 14 {}\n", "4 15 {}\n", "4 16 {}\n", "4 18 {}\n", "4 19 {}\n", "4 25 {}\n", "5 8 {}\n", "5 9 {}\n", "5 14 {}\n", "5 15 {}\n", "5 18 {}\n", "5 20 {}\n", "5 23 {}\n", "5 25 {}\n", "6 11 {}\n", "6 14 {}\n", "6 17 {}\n", "6 18 {}\n", "6 20 {}\n", "6 22 {}\n", "6 23 {}\n", "6 25 {}\n", "7 9 {}\n", "7 10 {}\n", "7 11 {}\n", "7 12 {}\n", "7 13 {}\n", "7 14 {}\n", "7 16 {}\n", "7 18 {}\n", "7 20 {}\n", "7 21 {}\n", "7 23 {}\n", "8 9 {}\n", "8 11 {}\n", "8 12 {}\n", "8 15 {}\n", "8 16 {}\n", "8 17 {}\n", "8 19 {}\n", "8 22 {}\n", "8 23 {}\n", "8 25 {}\n", "9 10 {}\n", "9 11 {}\n", "9 12 {}\n", "9 13 {}\n", "9 16 {}\n", "9 18 {}\n", "9 19 {}\n", "9 20 {}\n", "9 22 {}\n", "9 23 {}\n", "9 25 {}\n", "10 11 {}\n", "10 12 {}\n", "10 13 {}\n", "10 15 {}\n", "10 17 {}\n", "10 18 {}\n", "10 19 {}\n", "10 20 {}\n", "10 21 {}\n", "10 23 {}\n", "10 25 {}\n", "11 13 {}\n", "11 14 {}\n", "11 17 {}\n", "11 24 {}\n", "12 14 {}\n", "12 15 {}\n", "12 18 {}\n", "12 19 {}\n", "12 21 {}\n", "12 22 {}\n", "12 24 {}\n", "13 20 {}\n", "13 21 {}\n", "13 23 {}\n", "13 24 {}\n", "13 25 {}\n", "14 15 {}\n", "14 16 {}\n", "14 18 {}\n", "14 20 {}\n", "14 21 {}\n", "14 22 {}\n", "14 24 {}\n", "15 16 {}\n", "15 18 {}\n", "15 21 {}\n", "15 22 {}\n", "15 24 {}\n", "15 25 {}\n", "16 19 {}\n", "16 20 {}\n", "16 22 {}\n", "16 24 {}\n", "16 25 {}\n", "17 22 {}\n", "17 23 {}\n", "17 24 {}\n", "18 20 {}\n", "18 21 {}\n", "18 22 {}\n", "18 23 {}\n", "18 24 {}\n", "18 25 {}\n", "19 25 {}\n", "20 21 {}\n", "20 23 {}\n", "20 24 {}\n", "20 25 {}\n", "21 24 {}\n", "21 25 {}\n", "22 25 {}\n", "23 24 {}\n", "23 25 {}\n"], "opt_value": 150, "opt_count": 2, "feasible_count": 10400600, "mean_value": 133.0, "std": 3.7032300824386084, "level": 46, "gammas": [0.272889493327182, 0.17959279261309338, 0.18632108815220957, 0.1841909793657659, 0.17764689907584208, 0.17639185297511534, 0.17738975654849323, 0.17699376705085093, 0.17917705423402222, 0.1795575339050582, 0.180006197077567, 0.18584565728677604, 0.19518391897060333, 0.2023810198850852, 0.20557137660618371, 0.2052637605737752, 0.20675067848976528, 0.21661581337275637, 0.23045747188213356, 0.2400642665255486, 0.24500859664761918, 0.24101225610603194, 0.24416447221724488, 0.24696214876618097, 0.24960835702657788, 0.25276853127609017, 0.2250146122199516, 0.4349852005109089, 0.13815490470841063, 0.19138522908582795, 0.22518225238768844, 0.21445074647819914, 0.2171066052805933, 0.21342500651134008, 0.2150229584483014, 0.21597073873186556, 0.2168412100885741, 0.2193538729078786, 0.2213592597725635, 0.2239636944071963, 0.22685798738838162, 0.22994729252200818, 0.23415969419659474, 0.23720859536705372, 0.23260518816896886, 0.2044410827678159], "betas": [-2.1397219551090427, -2.606713940901489, -2.1385169929233125, -1.9818659088652497, -2.0244278154577833, -1.9576381923404063, -1.942618040867046, -1.9484247113225468, -1.939026805230795, -1.9232545568318697, -1.952233813483934, -2.0198363542775635, -2.0908852294345572, -2.1220080756511415, -2.099484836183544, -2.0672788149126196, -2.0818345840463075, -2.1573266858298923, -2.2035839241975417, -2.183191894075079, -2.1935934520115308, -2.2273158765504077, -2.2165142206518995, -2.209933654034431, -2.196128325003352, -2.2317060814850285, -1.860374735250703, -1.0301361099776842, -3.4631659249995543, -2.9599396079175517, -2.6968732970256766, -2.6182341967227063, -2.491730008797531, 3.8147320610675948, 3.8380374682712146, 3.8387233646731014, 3.841470263867869, 3.8504447921835974, 3.849703803289259, 3.8427193991646402, 3.8235347310608496, 3.810628083616107, 3.792593391165045, 3.7905580208918526, 3.9120585772508787, 4.672667869333161], "predicted_p_opt": 0.001663173278464704, "predicted_tts": 601.2602613018846, "p_opt": 2.6476306549797176e-06, "tts": 377696.185878185, "approx": 0.9625526346434722, "opt_gap": -0.03744736535652782}