{"N": 26, "edgelist": ["0 2 {}\n", "0 3 {}\n", "0 5 {}\n", "0 6 {}\n", "0 13 {}\n", "0 16 {}\n", "0 17 {}\n", "0 19 {}\n", "0 20 {}\n", "0 22 {}\n", "1 8 {}\n", "1 12 {}\n", "1 15 {}\n", "1 16 {}\n", "1 17 {}\n", "1 19 {}\n", "1 22 {}\n", "1 23 {}\n", "1 25 {}\n", "2 4 {}\n", "2 7 {}\n", "2 9 {}\n", "2 11 {}\n", "2 15 {}\n", "2 16 {}\n", "2 18 {}\n", "2 21 {}\n", "2 22 {}\n", "2 23 {}\n", "3 4 {}\n", "3 5 {}\n", "3 6 {}\n", "3 7 {}\n", "3 8 {}\n", "3 12 {}\n", "3 13 {}\n", "3 17 {}\n", "3 19 {}\n", "3 20 {}\n", "3 21 {}\n", "3 22 {}\n", "3 25 {}\n", "4 5 {}\n", "4 6 {}\n", "4 7 {}\n", "4 8 {}\n", "4 9 {}\n", "4 11 {}\n", "4 12 {}\n", "4 15 {}\n", "4 16 {}\n", "4 18 {}\n", "4 19 {}\n", "4 20 {}\n", "4 21 {}\n", "4 23 {}\n", "4 24 {}\n", "5 10 {}\n", "5 11 {}\n", "5 12 {}\n", "5 13 {}\n", "5 14 {}\n", "5 15 {}\n", "5 17 {}\n", "5 19 {}\n", "5 20 {}\n", "5 21 {}\n", "6 9 {}\n", "6 10 {}\n", "6 12 {}\n", "6 13 {}\n", "6 14 {}\n", "6 15 {}\n", "6 16 {}\n", "6 17 {}\n", "6 19 {}\n", "6 22 {}\n", "6 23 {}\n", "6 25 {}\n", "7 8 {}\n", "7 11 {}\n", "7 15 {}\n", "7 16 {}\n", "7 17 {}\n", "7 22 {}\n", "7 23 {}\n", "7 25 {}\n", "8 11 {}\n", "8 12 {}\n", "8 13 {}\n", "8 18 {}\n", "8 21 {}\n", "8 23 {}\n", "8 24 {}\n", "9 13 {}\n", "9 17 {}\n", "9 20 {}\n", "9 21 {}\n", "9 22 {}\n", "9 23 {}\n", "9 25 {}\n", "10 11 {}\n", "10 15 {}\n", "10 16 {}\n", "10 18 {}\n", "10 19 {}\n", "10 20 {}\n", "10 23 {}\n", "10 24 {}\n", "10 25 {}\n", "11 14 {}\n", "11 15 {}\n", "11 16 {}\n", "11 17 {}\n", "11 18 {}\n", "11 21 {}\n", "11 23 {}\n", "12 14 {}\n", "12 15 {}\n", "12 16 {}\n", "12 18 {}\n", "12 23 {}\n", "12 24 {}\n", "12 25 {}\n", "13 16 {}\n", "13 19 {}\n", "13 25 {}\n", "14 16 {}\n", "14 21 {}\n", "14 25 {}\n", "15 16 {}\n", "15 17 {}\n", "15 18 {}\n", "15 19 {}\n", "15 21 {}\n", "15 24 {}\n", "16 17 {}\n", "16 18 {}\n", "16 21 {}\n", "16 23 {}\n", "16 25 {}\n", "17 19 {}\n", "17 21 {}\n", "17 22 {}\n", "17 23 {}\n", "17 24 {}\n", "18 19 {}\n", "18 20 {}\n", "18 21 {}\n", "18 24 {}\n", "18 25 {}\n", "19 20 {}\n", "19 22 {}\n", "19 23 {}\n", "21 23 {}\n", "22 23 {}\n", "22 24 {}\n", "22 25 {}\n", "23 24 {}\n"], "opt_value": 139, "opt_count": 4, "feasible_count": 10400600, "mean_value": 120.84, "std": 4.121477151828392, "level": 46, "gammas": [0.17245793796364153, 0.20617895743536266, 0.19447594173463156, 0.1970616295854208, 0.19127496331779828, 0.18857499680307696, 0.17807699958971493, 0.17943335284935572, 0.16008845833824042, 0.20859327964914987, 0.19594863273699528, 0.19256743785008779, 0.202333469639473, 0.21174893660626584, 0.2071620511446122, 0.20567272653450097, 0.20564642138295267, 0.20719504170015307, 0.20821132290262992, 0.20922174985399244, 0.21032804222160756, 0.21136941426469863, 0.2126650816815304, 0.2137777020524198, 0.21525246998498118, 0.21666930757704048, 0.21788372329250832, 0.21490575943568926, 0.24512850630918348, 0.27511949309939915, 0.17331530028861172, 0.22381980119991365, 0.20972669382807016, 0.2070072828884167, 0.20511519905837608, 0.5007067393788438, 5.99318701933335, 0.1790085732914659, 0.21582883674402195, 0.205670243799442, 0.19677845125214186, 6.158912577758753, 0.3388280281894502, 0.17974056039882177, 6.015945639976542, 0.49399378403932154], "betas": [-2.4093960824616985, -2.769892167044063, -2.4743141366377266, -2.3800393898635823, -2.283456983632982, -2.1721349897397273, -1.987247880350762, -2.6830445273973984, -1.8248933387896749, -2.2033386761506017, -2.3721442657258334, -2.189746344749575, -2.269453528409773, -2.2260785561686265, -2.194647588099887, -2.2661778100148213, -2.25914017344134, -2.255759396220282, -2.251017760174187, -2.2444112149622826, -2.2377456836666205, -2.232235936801048, -2.225351964624159, -2.2182433910936328, -2.2119384322747377, -2.201788432749634, -2.1923718934124605, -2.1909256366345082, -1.2403877988390868, -3.275424304866619, -3.3262194062654262, 3.407962076420496, 3.584917924543541, 3.6997925578279935, 3.784191975447018, 3.410531715875396, 4.140132485900673, 3.339319279330579, 3.874520347850872, 4.069680806033802, 3.405592109069276, 1.1884881300351438, 3.6433986680536763, 4.097253452932818, 2.6976605928546036, 3.8693942630407356], "predicted_p_opt": 0.003326346556929408, "predicted_tts": 300.6301306509423, "p_opt": 7.680203008630378e-06, "tts": 130204.89157334548, "approx": 0.9586325355455901, "opt_gap": -0.041367464454409864}