{"edges": [[4, 21], [4, 2], [4, 7], [21, 14], [21, 11], [5, 10], [5, 16], [5, 0], [10, 12], [10, 7], [16, 13], [16, 8], [0, 19], [0, 15], [17, 18], [17, 8], [17, 12], [18, 1], [18, 15], [12, 14], [1, 9], [1, 20], [9, 3], [9, 19], [7, 13], [6, 20], [6, 3], [6, 2], [20, 14], [13, 2], [3, 11], [8, 11], [19, 15]], "num_nodes": 22, "opt_value": 30, "opt_count": 2, "feasible_count": 4194304, "mean_value": 16.5, "std": 2.8722813232690143, "level": 46, "gammas": [-0.3394951902527736, -0.26147242663277603, -0.25368196007430976, -0.24413480844752627, -0.23885378253637024, -0.24651815350033182, -0.2515219152411974, -0.2386442821123547, -0.2711407242756135, -0.22758924425531973, -0.3459226020624095, -0.2241491345831749, -0.2587870642865745, -0.2441688937306945, -0.23872468069721978, -0.25149244573007806, -0.2785758509324265, -0.3080227751684161, -0.33956617277885415, -0.35767969699817337, -0.6468902374687339, -0.14032085122685334, -0.2532159925405836, -0.29366389235561563, -0.27395741845681615, 6.018278208153289, 6.02817455003353, 6.01737832112382, 5.633963899030024, 0.38521638626018767, 6.063785358833785, 6.016278124070705, 6.027400541798109, 5.999801206959147, 6.014702939363747, 6.0115223309599815, 6.007124468867077, 5.999460136267861, 5.984911139609004, 5.976197216106183, 5.976269118937205, 5.524026977703982, 0.3251118477813186, 5.543150289939174, 0.39985484449662595, 5.96665779576593], "betas": [2.5198639250017845, 2.508742438051208, 2.1830560233080187, 2.097545581487738, 2.0568401099318825, 2.0618470822061488, 2.0250869941634653, 1.905105894656085, 3.575605881343139, 1.4347293465572202, 2.152406292081072, 2.12918634625176, 1.9008111780567845, 1.8529411742932318, 1.8423039905943788, 1.9547028800912922, 2.1253007277634963, 2.210250823234169, 2.2713868387524103, 2.2180599611768153, 1.0067393531255884, 3.1964896980885054, 3.2611880262287607, 2.7404415511966356, 2.4494784317169964, 2.2957991011157426, 2.195721901217937, 2.153100937982427, 2.8950810771957585, 1.874347050422212, 2.7071383758931775, 2.1212136866226845, 2.023769505135514, 2.160004015486686, 2.153147254551981, 2.1482082625915817, 2.1717978333188364, 2.228041301569438, 2.3558935111924613, 2.5659442703983504, 2.6171909717083337, 2.0818533371487757, 2.2349861741604875, 1.9939362183065248, 2.056552513395582, 1.4037895189369232], "predicted_p_opt": 0.004124164581298828, "predicted_tts": 242.47334952017573, "p_opt": 1.7516265599460017e-05, "tts": 57089.79430129373, "approx": 0.8415956225727504, "opt_gap": -0.15840437742724955}