{"edges": [[0, 2], [0, 5], [0, 8], [1, 4], [1, 5], [1, 6], [1, 8], [1, 9], [1, 10], [2, 3], [2, 6], [2, 7], [2, 12], [3, 9], [3, 11], [3, 13], [4, 10], [4, 12], [6, 12], [7, 8], [8, 11], [8, 12], [9, 13], [11, 12], [12, 13]], "num_nodes": 14, "num_colors": 3, "opt_value": 25, "opt_count": 204, "feasible_count": 4782969, "mean_value": 16.666666666666668, "std": 2.3570226039551585, "level": 23, "gammas": [-0.18433158099651337, -0.3056650161743164, -0.3200483024120331, -0.3223525285720825, -0.3235136866569519, -0.3252781927585602, -0.328115850687027, -0.3324803411960602, -0.33913376927375793, -0.3496887683868408, -0.36765286326408386, -0.2035602182149887, 0.386833518743515, 0.35148701071739197, 0.34286245703697205, 0.3346814811229706, 0.3290371596813202, 0.32540562748908997, 0.32342687249183655, 0.3228699862957001, 0.3237074911594391, 0.32578691840171814, 0.322685182094574], "betas": [2.7053380012512207, 2.5749127864837646, 2.550929069519043, 2.565479278564453, 2.591663360595703, 2.6204066276550293, 2.6508002281188965, 2.6931815147399902, 2.773496150970459, 2.9755971431732178, 3.936133861541748, 1.1863124370574951, -3.270010471343994, -2.854973077774048, -2.7208411693573, -2.66294527053833, -2.632084846496582, -2.6141231060028076, -2.6081418991088867, -2.616358757019043, -2.6454553604125977, -2.708252191543579, -2.822009563446045], "predicted_p_opt": 0.09421679295851594, "predicted_tts": 10.613819135621654, "p_opt": 0.05450892448425293, "tts": 18.34561972120528, "approx": 0.7439462542533875, "opt_gap": -0.25605374574661255}