{"N": 26, "edgelist": ["0 1 {}\n", "0 4 {}\n", "0 6 {}\n", "0 7 {}\n", "0 12 {}\n", "0 13 {}\n", "0 16 {}\n", "0 17 {}\n", "0 19 {}\n", "0 21 {}\n", "0 24 {}\n", "1 2 {}\n", "1 3 {}\n", "1 4 {}\n", "1 5 {}\n", "1 7 {}\n", "1 10 {}\n", "1 13 {}\n", "1 15 {}\n", "1 16 {}\n", "1 17 {}\n", "1 19 {}\n", "1 20 {}\n", "1 22 {}\n", "1 25 {}\n", "2 3 {}\n", "2 4 {}\n", "2 6 {}\n", "2 8 {}\n", "2 9 {}\n", "2 10 {}\n", "2 12 {}\n", "2 13 {}\n", "2 14 {}\n", "2 17 {}\n", "2 19 {}\n", "3 5 {}\n", "3 8 {}\n", "3 9 {}\n", "3 12 {}\n", "3 17 {}\n", "3 18 {}\n", "3 20 {}\n", "3 22 {}\n", "4 6 {}\n", "4 9 {}\n", "4 11 {}\n", "4 12 {}\n", "4 13 {}\n", "4 14 {}\n", "4 15 {}\n", "4 16 {}\n", "4 17 {}\n", "4 18 {}\n", "4 19 {}\n", "4 20 {}\n", "4 23 {}\n", "4 24 {}\n", "5 6 {}\n", "5 7 {}\n", "5 8 {}\n", "5 11 {}\n", "5 14 {}\n", "5 16 {}\n", "5 18 {}\n", "5 20 {}\n", "5 21 {}\n", "5 22 {}\n", "5 25 {}\n", "6 7 {}\n", "6 8 {}\n", "6 11 {}\n", "6 14 {}\n", "6 15 {}\n", "6 22 {}\n", "6 23 {}\n", "7 8 {}\n", "7 11 {}\n", "7 12 {}\n", "7 15 {}\n", "7 16 {}\n", "7 18 {}\n", "7 22 {}\n", "7 24 {}\n", "8 9 {}\n", "8 11 {}\n", "8 12 {}\n", "8 14 {}\n", "8 16 {}\n", "8 20 {}\n", "8 22 {}\n", "8 23 {}\n", "9 10 {}\n", "9 12 {}\n", "9 13 {}\n", "9 17 {}\n", "9 21 {}\n", "9 24 {}\n", "9 25 {}\n", "10 11 {}\n", "10 14 {}\n", "10 15 {}\n", "10 16 {}\n", "10 17 {}\n", "10 19 {}\n", "10 21 {}\n", "10 22 {}\n", "10 24 {}\n", "11 12 {}\n", "11 14 {}\n", "11 15 {}\n", "11 16 {}\n", "11 18 {}\n", "11 20 {}\n", "11 21 {}\n", "11 24 {}\n", "11 25 {}\n", "12 14 {}\n", "12 16 {}\n", "12 18 {}\n", "12 22 {}\n", "12 23 {}\n", "13 14 {}\n", "13 15 {}\n", "13 16 {}\n", "13 18 {}\n", "13 20 {}\n", "13 22 {}\n", "13 24 {}\n", "14 15 {}\n", "14 20 {}\n", "14 21 {}\n", "14 25 {}\n", "15 16 {}\n", "15 17 {}\n", "15 21 {}\n", "15 24 {}\n", "15 25 {}\n", "16 17 {}\n", "16 18 {}\n", "16 20 {}\n", "16 24 {}\n", "16 25 {}\n", "17 18 {}\n", "17 20 {}\n", "17 22 {}\n", "17 23 {}\n", "17 25 {}\n", "18 22 {}\n", "18 24 {}\n", "18 25 {}\n", "19 20 {}\n", "19 22 {}\n", "20 21 {}\n", "20 22 {}\n", "20 23 {}\n", "21 23 {}\n", "22 24 {}\n", "22 25 {}\n", "24 25 {}\n"], "opt_value": 139, "opt_count": 2, "feasible_count": 10400600, "mean_value": 121.6, "std": 3.8155289108543284, "level": 40, "gammas": [3.0641093254089355, 3.0290942192077637, 2.9881675243377686, 2.9422128200531006, 2.895056962966919, 2.849668264389038, 2.808302164077759, 2.7728240489959717, 2.744966745376587, 2.726188898086548, 2.7173948287963867, 2.718780279159546, 2.729685068130493, 2.7485463619232178, 2.7731375694274902, 2.8009519577026367, 2.8290913105010986, 2.854318857192993, 2.8735995292663574, 2.884605884552002, 2.88586688041687, 2.876887321472168, 2.858337163925171, 2.8323123455047607, 2.8021886348724365, 2.7718441486358643, 2.7448534965515137, 2.7241551876068115, 2.7118418216705322, 2.7090983390808105, 2.7161662578582764, 2.732602596282959, 2.7575695514678955, 2.7900638580322266, 2.8289406299591064, 2.8727798461914062, 2.919589042663574, 2.9657108783721924, 3.009336233139038, 3.048718214035034], "betas": [3.0479092597961426, 3.00956654548645, 2.9657692909240723, 2.9187097549438477, 2.872032642364502, 2.8283796310424805, 2.789748430252075, 2.7578885555267334, 2.7344229221343994, 2.7205450534820557, 2.716844320297241, 2.7230639457702637, 2.738171100616455, 2.7601630687713623, 2.786708354949951, 2.815091609954834, 2.8422112464904785, 2.8648314476013184, 2.8802220821380615, 2.886514663696289, 2.882669687271118, 2.868760824203491, 2.846139907836914, 2.8176000118255615, 2.7869105339050293, 2.757810592651367, 2.7336246967315674, 2.7168688774108887, 2.709228754043579, 2.7113900184631348, 2.7232370376586914, 2.7440731525421143, 2.7729480266571045, 2.808785915374756, 2.8502910137176514, 2.895883560180664, 2.942929744720459, 2.9875872135162354, 3.029237985610962, 3.065429210662842], "predicted_p_opt": 0.0012616579812703113, "predicted_tts": 792.6078341716202, "p_opt": 0.0004971406599477694, "tts": 2011.503143003958, "approx": 0.9665135505660422, "opt_gap": -0.03348644943395784, "th": -133.9055595857402}