{"N": 26, "edgelist": ["0 1 {}\n", "0 4 {}\n", "0 6 {}\n", "0 8 {}\n", "0 12 {}\n", "0 13 {}\n", "0 15 {}\n", "0 20 {}\n", "0 25 {}\n", "1 5 {}\n", "1 7 {}\n", "1 9 {}\n", "1 10 {}\n", "1 11 {}\n", "1 12 {}\n", "1 13 {}\n", "1 15 {}\n", "1 16 {}\n", "1 17 {}\n", "1 23 {}\n", "1 24 {}\n", "2 3 {}\n", "2 4 {}\n", "2 6 {}\n", "2 8 {}\n", "2 9 {}\n", "2 10 {}\n", "2 11 {}\n", "2 12 {}\n", "2 14 {}\n", "2 17 {}\n", "2 18 {}\n", "2 19 {}\n", "2 20 {}\n", "2 21 {}\n", "2 22 {}\n", "2 25 {}\n", "3 5 {}\n", "3 7 {}\n", "3 8 {}\n", "3 9 {}\n", "3 10 {}\n", "3 11 {}\n", "3 12 {}\n", "3 13 {}\n", "3 14 {}\n", "3 15 {}\n", "3 17 {}\n", "3 18 {}\n", "3 20 {}\n", "3 21 {}\n", "3 22 {}\n", "3 23 {}\n", "3 25 {}\n", "4 5 {}\n", "4 12 {}\n", "4 13 {}\n", "4 15 {}\n", "4 16 {}\n", "4 19 {}\n", "4 21 {}\n", "4 23 {}\n", "5 7 {}\n", "5 8 {}\n", "5 9 {}\n", "5 10 {}\n", "5 13 {}\n", "5 15 {}\n", "5 17 {}\n", "5 18 {}\n", "5 23 {}\n", "6 7 {}\n", "6 11 {}\n", "6 14 {}\n", "6 16 {}\n", "6 19 {}\n", "6 20 {}\n", "6 22 {}\n", "6 25 {}\n", "7 8 {}\n", "7 9 {}\n", "7 10 {}\n", "7 11 {}\n", "7 12 {}\n", "7 13 {}\n", "7 15 {}\n", "7 16 {}\n", "7 18 {}\n", "7 19 {}\n", "7 20 {}\n", "7 21 {}\n", "7 23 {}\n", "8 10 {}\n", "8 12 {}\n", "8 13 {}\n", "8 14 {}\n", "8 15 {}\n", "8 16 {}\n", "8 19 {}\n", "8 21 {}\n", "8 23 {}\n", "8 24 {}\n", "8 25 {}\n", "9 14 {}\n", "9 15 {}\n", "9 18 {}\n", "9 21 {}\n", "9 23 {}\n", "9 25 {}\n", "10 12 {}\n", "10 14 {}\n", "10 15 {}\n", "10 16 {}\n", "10 17 {}\n", "10 18 {}\n", "10 19 {}\n", "10 24 {}\n", "11 12 {}\n", "11 13 {}\n", "11 14 {}\n", "11 17 {}\n", "11 19 {}\n", "12 14 {}\n", "12 16 {}\n", "12 18 {}\n", "12 19 {}\n", "12 20 {}\n", "12 21 {}\n", "12 24 {}\n", "13 14 {}\n", "13 17 {}\n", "13 18 {}\n", "13 19 {}\n", "13 20 {}\n", "13 23 {}\n", "13 24 {}\n", "13 25 {}\n", "14 16 {}\n", "14 17 {}\n", "14 20 {}\n", "14 21 {}\n", "14 24 {}\n", "15 16 {}\n", "15 20 {}\n", "15 23 {}\n", "15 24 {}\n", "16 19 {}\n", "16 20 {}\n", "16 21 {}\n", "16 22 {}\n", "16 23 {}\n", "16 25 {}\n", "17 19 {}\n", "17 20 {}\n", "17 23 {}\n", "18 20 {}\n", "18 22 {}\n", "19 20 {}\n", "19 21 {}\n", "19 22 {}\n", "19 23 {}\n", "20 21 {}\n", "20 24 {}\n", "21 22 {}\n", "21 23 {}\n", "22 23 {}\n", "22 24 {}\n", "23 25 {}\n", "24 25 {}\n"], "opt_value": 146, "opt_count": 4, "feasible_count": 10400600, "mean_value": 128.44, "std": 4.161141147831195, "level": 40, "gammas": [2.325749158859253, 2.299269676208496, 2.2770581245422363, 2.259495258331299, 2.2468202114105225, 2.23913836479187, 2.2364449501037598, 2.238729953765869, 2.246199369430542, 2.259103536605835, 2.2772324085235596, 2.299720048904419, 2.3251724243164062, 2.3517422676086426, 2.377382278442383, 2.400261402130127, 2.4191482067108154, 2.4334683418273926, 2.4430975914001465, 2.4481170177459717, 2.448594570159912, 2.4444992542266846, 2.4356894493103027, 2.421938419342041, 2.403130531311035, 2.3796255588531494, 2.352724075317383, 2.3246452808380127, 2.297899007797241, 2.274600028991699, 2.2560818195343018, 2.2429075241088867, 2.234905242919922, 2.231928586959839, 2.23382568359375, 2.2406423091888428, 2.252394437789917, 2.2688262462615967, 2.290003776550293, 2.315612316131592], "betas": [2.31130051612854, 2.286980390548706, 2.267077684402466, 2.251960515975952, 2.241806745529175, 2.236687421798706, 2.2366113662719727, 2.2416138648986816, 2.2520110607147217, 2.2677507400512695, 2.2884702682495117, 2.312922954559326, 2.339524507522583, 2.366098165512085, 2.3906173706054688, 2.4114513397216797, 2.427820920944214, 2.4394941329956055, 2.4464709758758545, 2.4489259719848633, 2.4468114376068115, 2.4400439262390137, 2.4284496307373047, 2.411851406097412, 2.3904213905334473, 2.365056037902832, 2.337549924850464, 2.310206413269043, 2.2852866649627686, 2.26448655128479, 2.248835325241089, 2.2385165691375732, 2.2332303524017334, 2.2327654361724854, 2.2371585369110107, 2.246469497680664, 2.260615825653076, 2.2794535160064697, 2.302772283554077, 2.330519676208496], "predicted_p_opt": 0.0025233159625406227, "predicted_tts": 396.3039170858101, "p_opt": 0.0008581857494695409, "tts": 1165.2488993415666, "approx": 0.9752090964550485, "opt_gap": -0.024790903544951504, "th": -141.98651172535565}