{"N": 20, "edgelist": ["0 2 {}\n", "0 5 {}\n", "0 6 {}\n", "0 10 {}\n", "0 15 {}\n", "0 17 {}\n", "0 18 {}\n", "0 19 {}\n", "1 2 {}\n", "1 3 {}\n", "1 4 {}\n", "1 7 {}\n", "1 11 {}\n", "1 13 {}\n", "1 18 {}\n", "2 5 {}\n", "2 6 {}\n", "2 7 {}\n", "2 9 {}\n", "2 10 {}\n", "2 11 {}\n", "2 12 {}\n", "2 15 {}\n", "2 17 {}\n", "3 6 {}\n", "3 7 {}\n", "3 12 {}\n", "3 14 {}\n", "3 15 {}\n", "3 17 {}\n", "4 5 {}\n", "4 8 {}\n", "4 11 {}\n", "4 17 {}\n", "4 18 {}\n", "4 19 {}\n", "5 6 {}\n", "5 7 {}\n", "5 9 {}\n", "5 10 {}\n", "5 11 {}\n", "5 12 {}\n", "5 13 {}\n", "5 14 {}\n", "5 15 {}\n", "5 18 {}\n", "6 7 {}\n", "6 9 {}\n", "6 11 {}\n", "6 12 {}\n", "6 13 {}\n", "6 14 {}\n", "6 15 {}\n", "6 16 {}\n", "6 17 {}\n", "6 18 {}\n", "6 19 {}\n", "7 9 {}\n", "7 10 {}\n", "7 11 {}\n", "7 12 {}\n", "7 16 {}\n", "7 17 {}\n", "7 18 {}\n", "7 19 {}\n", "8 9 {}\n", "8 12 {}\n", "8 13 {}\n", "8 14 {}\n", "8 15 {}\n", "8 16 {}\n", "9 10 {}\n", "9 11 {}\n", "9 14 {}\n", "9 15 {}\n", "9 17 {}\n", "9 19 {}\n", "10 13 {}\n", "10 14 {}\n", "10 15 {}\n", "10 16 {}\n", "11 12 {}\n", "11 16 {}\n", "12 13 {}\n", "12 14 {}\n", "12 18 {}\n", "13 14 {}\n", "13 16 {}\n", "13 17 {}\n", "13 18 {}\n", "13 19 {}\n", "14 16 {}\n", "14 17 {}\n", "14 19 {}\n", "15 17 {}\n", "16 18 {}\n", "17 19 {}\n"], "opt_value": 85, "opt_count": 1, "feasible_count": 184756, "mean_value": 74.02631578947368, "std": 3.0639602430294754, "level": 41, "gammas": [0.1635802686214447, 0.25771865248680115, 0.2670363485813141, 0.2686235308647156, 0.2705717086791992, 0.2742481231689453, 0.27971598505973816, 0.15595801174640656, -0.2981429994106293, -0.27088090777397156, -0.27153414487838745, -0.2703129053115845, -0.2687954008579254, -0.26605483889579773, -0.26211345195770264, -0.2814123332500458, -0.25569307804107666, -0.2586154043674469, -0.26108816266059875, -0.2585311532020569, -0.26068437099456787, -0.2614726722240448, -0.2619574964046478, -0.26208624243736267, -0.262052059173584, -0.26188191771507263, -0.26149243116378784, -0.2610241770744324, -0.2536730170249939, -0.2733229100704193, -0.2542022466659546, -0.2624126970767975, -0.26231199502944946, -0.2625998258590698, -0.2631305754184723, -0.2632681131362915, -0.2630506455898285, -0.26241886615753174, -0.26367393136024475, -0.2623246908187866, -0.2551009953022003], "betas": [-2.83807635307312, -2.814725399017334, -2.8315088748931885, -2.8695805072784424, -2.9543678760528564, -3.175767421722412, -4.250740051269531, -0.9512041211128235, 3.494429588317871, 3.0505480766296387, 2.9247844219207764, 2.902449131011963, 2.939338207244873, 3.0087056159973145, 3.032374858856201, 2.552591562271118, 2.7234489917755127, 2.788139820098877, 2.8063035011291504, 2.8255550861358643, 2.8176140785217285, 2.813962936401367, 2.813183546066284, 2.8131887912750244, 2.817213773727417, 2.823859453201294, 2.8312323093414307, 2.853040933609009, 2.87190842628479, 2.536222457885742, 2.7767245769500732, 2.8993096351623535, 2.900007963180542, 2.871018648147583, 2.847907543182373, 2.8389899730682373, 2.8388524055480957, 2.835700273513794, 2.8159453868865967, 2.8269338607788086, 2.885683536529541], "predicted_p_opt": 0.037287016389183573, "predicted_tts": 26.818986790535636, "p_opt": 0.024637755006551743, "tts": 40.5881136383602, "approx": 0.8824425339698792, "opt_gap": -0.11755746603012085}