{"edges": [[0, 3], [0, 4], [0, 9], [1, 3], [1, 10], [1, 12], [2, 3], [2, 6], [2, 8], [2, 10], [3, 7], [3, 8], [4, 8], [5, 7], [5, 8], [5, 11], [6, 9], [6, 10], [7, 14], [8, 10], [9, 15], [10, 12], [10, 13], [12, 14], [13, 15], [14, 15]], "num_nodes": 16, "num_colors": 3, "opt_value": 26, "opt_count": 876, "feasible_count": 43046721, "mean_value": 17.333333333333332, "std": 2.4037008503093262, "level": 30, "gammas": [-0.17724300722725242, -0.29157618441235794, -0.2745623251166184, -0.2206689944600369, -0.2733442493738085, -0.31179884014412407, -0.28323676335670617, -0.24987807422813893, -0.2822253546810406, -0.2797002341866619, -0.29222002673652975, -0.27890096645478707, -0.2793247300352031, -0.28104759763343656, -0.28148413982285175, -0.2813633234934982, -0.28074878959581656, -0.27951081894237184, -0.28001090295651865, -0.29182868066945594, -0.2719199298888326, -0.21772783144312485, -0.29579421696510505, -0.3446553522649507, -0.34598446178522674, -0.3552018560103552, -0.361038460097572, -0.44137816800209956, -0.2689628200614963, 0.40601425440410194], "betas": [2.4025861647144358, 2.0389422200725384, 1.5887517813824337, 1.4740486618773725, 1.8260498940238783, 1.802650855435092, 1.5086430180101307, 1.492953180887873, 1.706849121688928, 1.494052885935022, 1.5662228910556604, 1.6485639671094556, 1.6460350995913609, 1.6393029511174817, 1.6314749545135017, 1.618856221256021, 1.6012773410441805, 1.5683216917659162, 1.4634723268409546, 1.3807933178489922, 1.6779101625211585, 1.5267554208631438, 2.141372520447962, 2.1940690735834445, 2.2060265619370933, 2.223690352618714, 2.17957187159682, 2.7990149630483705, 1.9185097936857622, -2.593581343698738], "predicted_p_opt": 0.07572228323732254, "predicted_tts": 13.20615223481683, "p_opt": 0.0007340793383474182, "tts": 1362.2505739655205, "approx": 0.9216766842186261, "opt_gap": -0.07832331578137386}