{"edges": [[0, 2], [0, 5], [0, 6], [0, 7], [1, 3], [1, 8], [1, 9], [2, 3], [2, 7], [2, 9], [2, 10], [2, 11], [3, 7], [3, 9], [3, 10], [3, 12], [4, 5], [4, 9], [4, 10], [6, 7], [6, 8], [6, 9], [8, 11], [9, 11], [10, 11], [10, 12], [11, 12]], "num_nodes": 13, "num_colors": 3, "opt_value": 27, "opt_count": 18, "feasible_count": 1594323, "mean_value": 18.0, "std": 2.449489742783178, "level": 25, "gammas": [3.141597622007578, 3.1415974082944134, 3.141597041228317, 3.1415951974323737, 3.141588148803603, 3.1415720053710743, 3.141547660502306, 3.141520570945622, 3.1414957028420454, 3.1414754252720547, 3.1414608147095713, 3.1414532347273747, 3.14145521771387, 3.141469803292358, 3.141497512782063, 3.1415329904217337, 3.141566894842623, 3.1415924727112547, 3.141606912639901, 3.141592904668006, 3.1415410044881957, 3.1414721750458376, 3.1406512477812254, 3.1413687616500248, 3.1477825238647372], "betas": [3.1415878126897727, 3.1415879173050745, 3.141587422735625, 3.1415839140492916, 3.141572954861565, 3.1415524975506437, 3.141526139175459, 3.1414995785928483, 3.141476453438996, 3.1414583550221042, 3.1414466435428956, 3.1414436814214266, 3.141452951842608, 3.1414768060387996, 3.1415117992449355, 3.141546444678445, 3.1415680505379555, 3.141573065011958, 3.141574168228454, 3.141593273115541, 3.1415409170829225, 3.141540708047799, 3.138989769220012, 3.1467236471819993, 3.144510441129971], "predicted_p_opt": 0.029365442259818117, "predicted_tts": 34.05363321799308, "p_opt": 0.012433194045090912, "tts": 80.42985546379671, "approx": 0.9306800659685535, "opt_gap": -0.06931993403144654, "th": -24.962102433012742}