{"N": 18, "edgelist": ["0 2 {}\n", "0 5 {}\n", "0 6 {}\n", "0 10 {}\n", "0 12 {}\n", "0 16 {}\n", "1 3 {}\n", "1 7 {}\n", "1 8 {}\n", "1 10 {}\n", "1 11 {}\n", "1 13 {}\n", "1 15 {}\n", "1 17 {}\n", "2 6 {}\n", "2 7 {}\n", "2 13 {}\n", "2 14 {}\n", "2 15 {}\n", "2 16 {}\n", "3 4 {}\n", "3 5 {}\n", "3 6 {}\n", "3 11 {}\n", "3 17 {}\n", "4 6 {}\n", "4 7 {}\n", "4 10 {}\n", "4 12 {}\n", "5 6 {}\n", "5 7 {}\n", "5 14 {}\n", "5 17 {}\n", "6 8 {}\n", "6 12 {}\n", "6 17 {}\n", "7 8 {}\n", "7 12 {}\n", "7 15 {}\n", "7 16 {}\n", "8 10 {}\n", "8 11 {}\n", "8 12 {}\n", "8 15 {}\n", "8 17 {}\n", "9 10 {}\n", "9 11 {}\n", "9 14 {}\n", "9 16 {}\n", "10 14 {}\n", "10 16 {}\n", "11 13 {}\n", "11 14 {}\n", "11 15 {}\n", "11 16 {}\n", "12 13 {}\n", "12 14 {}\n", "12 17 {}\n", "13 17 {}\n", "14 15 {}\n", "14 16 {}\n", "14 17 {}\n", "15 16 {}\n"], "opt_value": 56, "opt_count": 4, "feasible_count": 48620, "mean_value": 48.1764705882353, "std": 2.1429856610002305, "level": 43, "gammas": [0.218006893992424, 0.3542327582836151, 0.37118786573410034, 0.3728375732898712, 0.3721121847629547, 0.370881587266922, 0.3705534338951111, 0.36964407563209534, 0.3666422963142395, 0.3597176671028137, 0.34934061765670776, 0.3509385883808136, 0.3929097354412079, 0.3452799320220947, 0.34514227509498596, 0.39204710721969604, 0.3436219096183777, 0.34431028366088867, 0.36045095324516296, 0.37073805928230286, 0.3753109574317932, 0.3772430121898651, 0.378450483083725, 0.38050782680511475, 0.3831728994846344, 0.3870861530303955, 0.39125779271125793, 0.20211762189865112, -0.36382856965065, -0.374623566865921, -0.3818901479244232, -0.3830533027648926, -0.38297706842422485, -0.3821626603603363, -0.38196277618408203, -0.38173919916152954, -0.3824223279953003, -0.3828512132167816, -0.38384610414505005, -0.3849407732486725, -0.38011398911476135, -0.36928918957710266, -0.38669952750205994], "betas": [-2.903718948364258, -2.874379873275757, -2.8623626232147217, -2.8540587425231934, -2.8516652584075928, -2.861481189727783, -2.869572877883911, -2.878176212310791, -2.864193916320801, -2.7984583377838135, -2.6597235202789307, -2.5584328174591064, -2.6292779445648193, -2.6817877292633057, -2.647900342941284, -2.5736286640167236, -2.64695143699646, -2.7983436584472656, -2.8838236331939697, -2.9125163555145264, -2.9162869453430176, -2.9180994033813477, -2.91530179977417, -2.928060531616211, -2.962610960006714, -3.0631182193756104, -3.6169590950012207, -1.602662205696106, 3.17842173576355, 2.9714138507843018, 2.9456467628479004, 2.943333387374878, 2.947817087173462, 2.949395179748535, 2.951244354248047, 2.9513795375823975, 2.950565814971924, 2.9442708492279053, 2.9218225479125977, 2.892956495285034, 2.8975939750671387, 2.93707537651062, 2.9488236904144287], "predicted_p_opt": 0.6227067050596462, "predicted_tts": 1.6058924560708152, "p_opt": 0.3598999083042145, "tts": 2.7785503050329337, "approx": 0.9108293652534485, "opt_gap": -0.08917063474655151}