{"N": 18, "edgelist": ["0 1 {}\n", "0 2 {}\n", "0 4 {}\n", "0 5 {}\n", "0 6 {}\n", "0 9 {}\n", "0 10 {}\n", "0 14 {}\n", "0 16 {}\n", "0 17 {}\n", "1 2 {}\n", "1 3 {}\n", "1 4 {}\n", "1 5 {}\n", "1 6 {}\n", "1 8 {}\n", "1 9 {}\n", "1 10 {}\n", "1 11 {}\n", "1 13 {}\n", "1 14 {}\n", "1 16 {}\n", "2 3 {}\n", "2 8 {}\n", "2 9 {}\n", "2 10 {}\n", "2 13 {}\n", "2 14 {}\n", "2 16 {}\n", "2 17 {}\n", "3 5 {}\n", "3 6 {}\n", "3 8 {}\n", "3 9 {}\n", "3 17 {}\n", "4 6 {}\n", "4 9 {}\n", "4 10 {}\n", "4 11 {}\n", "4 14 {}\n", "4 15 {}\n", "4 16 {}\n", "4 17 {}\n", "5 6 {}\n", "5 11 {}\n", "5 12 {}\n", "5 13 {}\n", "6 10 {}\n", "6 11 {}\n", "6 12 {}\n", "6 16 {}\n", "7 13 {}\n", "7 14 {}\n", "8 12 {}\n", "8 13 {}\n", "8 16 {}\n", "8 17 {}\n", "9 11 {}\n", "9 16 {}\n", "10 13 {}\n", "10 16 {}\n", "10 17 {}\n", "11 12 {}\n", "11 13 {}\n", "12 13 {}\n", "12 14 {}\n", "12 15 {}\n", "14 16 {}\n"], "opt_value": 63, "opt_count": 2, "feasible_count": 48620, "mean_value": 52.0, "std": 3.159486183096307, "level": 43, "gammas": [0.13519297540187836, 0.23296907544136047, 0.2469128519296646, 0.24713440239429474, 0.2446371465921402, 0.2640518844127655, 0.24424950778484344, 0.24780523777008057, 0.24857714772224426, 0.24854931235313416, 0.24853676557540894, 0.2486625462770462, 0.24906422197818756, 0.2502728998661041, 0.24744051694869995, 0.24712245166301727, 0.24731895327568054, 0.2476438581943512, 0.24823567271232605, 0.249020054936409, 0.24971142411231995, 0.2493809163570404, 0.24547386169433594, 0.26833298802375793, 0.2451157569885254, 0.2501692771911621, 0.25985848903656006, 0.2701566219329834, 0.1426098793745041, -0.26928436756134033, -0.2609241008758545, -0.26178568601608276, -0.2615024447441101, -0.26051801443099976, -0.255302757024765, -0.2544998526573181, -0.2549351453781128, -0.25558292865753174, -0.25610214471817017, -0.2566487491130829, -0.257284939289093, -0.25715839862823486, -0.25149011611938477], "betas": [-2.805732488632202, -2.7234363555908203, -2.666449785232544, -2.565206527709961, -2.4901068210601807, -2.617771625518799, -2.677299737930298, -2.661027431488037, -2.6617701053619385, -2.6635382175445557, -2.6648452281951904, -2.6657462120056152, -2.6627299785614014, -2.636061906814575, -2.6420958042144775, -2.643402099609375, -2.648036479949951, -2.6540613174438477, -2.661313533782959, -2.6692309379577637, -2.6782822608947754, -2.7066168785095215, -2.6606736183166504, -2.565535306930542, -2.6187875270843506, -2.7555086612701416, -2.9413833618164062, -3.7649502754211426, -1.3304866552352905, 3.1580488681793213, 2.852383613586426, 2.7768466472625732, 2.735499382019043, 2.6919608116149902, 2.727994918823242, 2.7438955307006836, 2.7501604557037354, 2.7545719146728516, 2.759254217147827, 2.7653889656066895, 2.7748613357543945, 2.7968621253967285, 2.8699541091918945], "predicted_p_opt": 0.3113533525298231, "predicted_tts": 3.2117849121416304, "p_opt": 0.19629430770874023, "tts": 5.0943912315775925, "approx": 0.8663904070854187, "opt_gap": -0.1336095929145813}