{"N": 18, "edgelist": ["0 3 {}\n", "0 6 {}\n", "0 9 {}\n", "0 11 {}\n", "0 13 {}\n", "0 16 {}\n", "0 17 {}\n", "1 7 {}\n", "1 11 {}\n", "1 12 {}\n", "1 14 {}\n", "1 17 {}\n", "2 3 {}\n", "2 4 {}\n", "2 5 {}\n", "2 11 {}\n", "2 12 {}\n", "2 13 {}\n", "2 14 {}\n", "3 5 {}\n", "3 7 {}\n", "3 10 {}\n", "3 12 {}\n", "3 13 {}\n", "3 14 {}\n", "3 17 {}\n", "4 6 {}\n", "4 7 {}\n", "4 10 {}\n", "4 11 {}\n", "4 12 {}\n", "4 13 {}\n", "4 17 {}\n", "5 7 {}\n", "5 9 {}\n", "5 10 {}\n", "5 11 {}\n", "6 8 {}\n", "6 9 {}\n", "6 11 {}\n", "6 12 {}\n", "6 13 {}\n", "6 15 {}\n", "6 17 {}\n", "7 8 {}\n", "7 9 {}\n", "7 10 {}\n", "7 11 {}\n", "7 14 {}\n", "8 9 {}\n", "8 13 {}\n", "8 15 {}\n", "8 16 {}\n", "9 11 {}\n", "9 12 {}\n", "9 13 {}\n", "9 15 {}\n", "10 11 {}\n", "10 12 {}\n", "10 13 {}\n", "10 14 {}\n", "10 15 {}\n", "11 12 {}\n", "11 16 {}\n", "11 17 {}\n", "12 13 {}\n", "12 14 {}\n", "12 15 {}\n", "12 16 {}\n", "13 17 {}\n", "14 15 {}\n", "16 17 {}\n"], "opt_value": 64, "opt_count": 5, "feasible_count": 48620, "mean_value": 55.05882352941177, "std": 2.6946698637756135, "level": 43, "gammas": [-0.1816617250442505, -0.3010035753250122, -0.31867262721061707, -0.32372957468032837, -0.32511186599731445, -0.32629212737083435, -0.32642632722854614, -0.3291468620300293, -0.3272554874420166, -0.324357807636261, -0.32139208912849426, -0.3190632462501526, -0.31349965929985046, -0.3382169306278229, -0.32524311542510986, -0.3163953721523285, -0.32380685210227966, -0.3350272476673126, -0.3022175431251526, -0.3162843883037567, -0.32635852694511414, -0.3121373653411865, -0.3319728374481201, -0.3245522379875183, -0.32532116770744324, -0.32513532042503357, -0.3236849904060364, -0.34165918827056885, -0.31810906529426575, -0.2818291187286377, 0.3975811004638672, 0.23175199329853058, 1.1565829515457153, 1.194549798965454, 1.0325361490249634, 0.92222660779953, 1.0197546482086182, 0.17569299042224884, 0.3533273935317993, 0.29079073667526245, 0.3748655915260315, 0.3154647648334503, 0.31455227732658386], "betas": [2.888284206390381, 2.856163263320923, 2.8485567569732666, 2.826606273651123, 2.8259057998657227, 2.829838752746582, 2.8322792053222656, 2.8525288105010986, 2.8733129501342773, 2.900442123413086, 2.8594813346862793, 2.74373197555542, 2.6308979988098145, 2.7601935863494873, 2.8516058921813965, 2.690892457962036, 2.724658966064453, 2.572932243347168, 2.6820437908172607, 2.872939109802246, 2.958897590637207, 2.810264825820923, 2.847698926925659, 2.7304444313049316, 2.9949469566345215, 2.614638566970825, 2.7868306636810303, 2.9034571647644043, 3.1126115322113037, 2.5420241355895996, -3.09291672706604, -2.4602315425872803, -3.213310956954956, -2.9241220951080322, -2.8814921379089355, -2.9184062480926514, -1.9711353778839111, -3.251559257507324, -2.613670587539673, -3.6764516830444336, -2.6359729766845703, -2.7177560329437256, -2.887647867202759], "predicted_p_opt": 0.7783833813245578, "predicted_tts": 1.2847139648566521, "p_opt": 0.3241303563117981, "tts": 3.085178479975653, "approx": 0.9323196411132812, "opt_gap": -0.06768035888671875}