{"N": 18, "edgelist": ["0 6 {}\n", "0 10 {}\n", "0 11 {}\n", "0 17 {}\n", "1 3 {}\n", "1 4 {}\n", "1 6 {}\n", "1 7 {}\n", "1 12 {}\n", "1 15 {}\n", "1 16 {}\n", "1 17 {}\n", "2 3 {}\n", "2 4 {}\n", "2 9 {}\n", "2 12 {}\n", "2 13 {}\n", "2 15 {}\n", "2 16 {}\n", "3 9 {}\n", "3 10 {}\n", "3 14 {}\n", "3 15 {}\n", "4 7 {}\n", "4 9 {}\n", "4 11 {}\n", "4 12 {}\n", "4 14 {}\n", "4 16 {}\n", "5 6 {}\n", "5 14 {}\n", "5 16 {}\n", "5 17 {}\n", "6 9 {}\n", "6 10 {}\n", "6 11 {}\n", "6 14 {}\n", "6 17 {}\n", "7 9 {}\n", "7 11 {}\n", "7 15 {}\n", "7 17 {}\n", "8 9 {}\n", "8 11 {}\n", "8 12 {}\n", "8 15 {}\n", "8 17 {}\n", "9 10 {}\n", "9 11 {}\n", "9 15 {}\n", "10 11 {}\n", "10 12 {}\n", "10 13 {}\n", "10 15 {}\n", "10 16 {}\n", "11 12 {}\n", "11 13 {}\n", "11 14 {}\n", "11 15 {}\n", "11 16 {}\n", "12 16 {}\n", "12 17 {}\n", "13 14 {}\n", "13 16 {}\n", "14 15 {}\n", "15 17 {}\n", "16 17 {}\n"], "opt_value": 62, "opt_count": 1, "feasible_count": 48620, "mean_value": 51.23529411764706, "std": 2.739244459264718, "level": 73, "gammas": [3.1415927591260737, 3.141592757843566, 3.14159274533219, 3.141592732630253, 3.1415927266065666, 3.141592732887096, 3.141592735922005, 3.141592737549307, 3.1415927532782186, 3.1415927626040965, 3.1415927552363954, 3.141592752790993, 3.14159274723841, 3.141592741950872, 3.1415927355391706, 3.1415927173494054, 3.1415927153937138, 3.141592702911121, 3.1415927021188588, 3.141592693424623, 3.1415927002735273, 3.1415926798594467, 3.141592658039812, 3.1415926291595477, 3.1415925979216546, 3.141592565051602, 3.1415925277285828, 3.1415923137807216, 3.1415919416151747, 3.141591428628974, 3.1415907684583906, 3.141590164266442, 3.1415894877679658, 3.1415888556789295, 3.1415882441313276, 3.1415875984426713, 3.141586692593627, 3.1415842167010912, 3.141577129238337, 3.1415725997104094, 3.141568556184306, 3.1415657654658484, 3.141559350167273, 3.1415528163835416, 3.1415490919100058, 3.1415432808204953, 3.1415146764756017, 3.141495750116118, 3.1415034590749973, 3.1414994292151284, 3.1414431397642106, 3.141405961246342, 3.1413269407566746, 3.141241579189533, 3.1413334165450326, 3.141382994240543, 3.1411424376543144, 3.1409473511463966, 3.140866383922427, 3.1406512854352324, 3.1409433363095185, 3.1409271946214052, 3.1408081658240268, 3.1403152903086555, 3.140830255644802, 3.1408149985743288, 3.1401880677851874, 3.1381859889775643, 3.140118944791758, 3.137298471782917, 3.136751485682598, 3.1192273929666805, 3.134285121060474], "betas": [3.141592547622113, 3.141592553930068, 3.1415925685411543, 3.1415925754195833, 3.1415925776253957, 3.141592578415619, 3.141592569522293, 3.1415925614865476, 3.1415925592371097, 3.1415925570179444, 3.1415925565305325, 3.141592557828304, 3.1415925593853546, 3.1415925657961874, 3.1415925745236017, 3.1415925815893813, 3.1415925870272865, 3.1415925894327823, 3.1415925937697926, 3.1415925961049616, 3.141592584014492, 3.1415925628531123, 3.1415925293587423, 3.1415924756522573, 3.1415924189409394, 3.1415923781103725, 3.1415922581960154, 3.141591946006328, 3.141591528587007, 3.1415909194604175, 3.1415903086513524, 3.1415897109052153, 3.141589069885999, 3.1415884659229003, 3.1415879127848774, 3.1415870967583372, 3.1415859439679643, 3.1415808637932052, 3.1415741938929913, 3.14157064800818, 3.1415666218468057, 3.1415632661342925, 3.141554895560304, 3.1415509214285806, 3.1415467992570543, 3.141532465829428, 3.1414994118453654, 3.1415001469517327, 3.141504373382248, 3.1414791415012475, 3.1414152074567094, 3.141386075134106, 3.1412585384426137, 3.141280316886902, 3.1413713617507293, 3.1413117568020996, 3.140981571665163, 3.140965732562346, 3.1406903032892868, 3.140810611134189, 3.1409405781488124, 3.1409403226288273, 3.1404716681709894, 3.140538266138186, 3.140845638546499, 3.1408574841485013, 3.1389247111156697, 3.138881412554668, 3.1388763344477395, 3.139021731137069, 3.12610953335751, 3.1245422799794875, 3.1399141397033183], "predicted_p_opt": 0.44444672974084737, "predicted_tts": 2.2499884307464484, "p_opt": 0.38238436750952265, "tts": 2.615169669495175, "approx": 0.8927647149309751, "opt_gap": -0.10723528506902491, "th": -61.999000549316406}