{"N": 18, "edgelist": ["0 4 {}\n", "0 7 {}\n", "0 10 {}\n", "0 12 {}\n", "0 14 {}\n", "0 17 {}\n", "1 3 {}\n", "1 4 {}\n", "1 7 {}\n", "1 9 {}\n", "1 10 {}\n", "1 11 {}\n", "1 12 {}\n", "1 13 {}\n", "1 14 {}\n", "1 15 {}\n", "1 16 {}\n", "1 17 {}\n", "2 5 {}\n", "2 7 {}\n", "2 9 {}\n", "2 10 {}\n", "2 11 {}\n", "2 12 {}\n", "2 13 {}\n", "2 14 {}\n", "2 15 {}\n", "2 16 {}\n", "3 4 {}\n", "3 12 {}\n", "3 17 {}\n", "4 6 {}\n", "4 7 {}\n", "4 11 {}\n", "4 13 {}\n", "4 16 {}\n", "5 6 {}\n", "5 8 {}\n", "5 11 {}\n", "5 12 {}\n", "5 17 {}\n", "6 8 {}\n", "6 9 {}\n", "6 10 {}\n", "6 12 {}\n", "6 13 {}\n", "6 14 {}\n", "6 15 {}\n", "6 16 {}\n", "6 17 {}\n", "7 10 {}\n", "7 11 {}\n", "7 13 {}\n", "7 14 {}\n", "7 15 {}\n", "7 16 {}\n", "7 17 {}\n", "8 9 {}\n", "8 11 {}\n", "8 12 {}\n", "8 13 {}\n", "9 10 {}\n", "9 11 {}\n", "9 17 {}\n", "10 12 {}\n", "10 14 {}\n", "10 15 {}\n", "10 16 {}\n", "11 12 {}\n", "11 13 {}\n", "11 14 {}\n", "11 16 {}\n", "12 13 {}\n", "12 14 {}\n", "12 16 {}\n", "12 17 {}\n", "13 14 {}\n", "13 15 {}\n", "13 16 {}\n", "13 17 {}\n", "14 15 {}\n", "15 16 {}\n", "15 17 {}\n"], "opt_value": 75, "opt_count": 1, "feasible_count": 48620, "mean_value": 63.470588235294116, "std": 3.048966016804106, "level": 73, "gammas": [3.141592406273353, 3.141592515237341, 3.1415925527219155, 3.141592576878461, 3.141592566810122, 3.1415925712455985, 3.1415925691645694, 3.141592567795151, 3.1415925825737685, 3.1415925742415913, 3.1415925693014737, 3.141592570840213, 3.1415925720453677, 3.1415925777463207, 3.1415925757529037, 3.141592566917041, 3.1415925668990754, 3.141592559264852, 3.141592541721065, 3.141592539876161, 3.1415925360287784, 3.141592520243572, 3.1415924809178453, 3.141592486356616, 3.141592444922215, 3.1415923759719506, 3.14159222286138, 3.1415920187265454, 3.141591636287842, 3.1415909162261313, 3.141589941320254, 3.1415890097164034, 3.1415878281558083, 3.141586371060681, 3.1415835160699968, 3.141583135438316, 3.1415875066539614, 3.141587415437302, 3.1415776446798556, 3.1415673255481655, 3.1415493253387594, 3.141567877926577, 3.14167563288629, 3.1417183908015636, 3.141630953196643, 3.141559266718313, 3.141514846323551, 3.1415001723095153, 3.1414872878084696, 3.1414790105450243, 3.1414677078588698, 3.1414325820849305, 3.14127839411474, 3.141165640646669, 3.1411791582031867, 3.1412061695106224, 3.141084828042106, 3.140988917554794, 3.1407492816413543, 3.1404600679303867, 3.140687869641458, 3.1406242982983175, 3.14013796772996, 3.139122104798119, 3.1400321416037293, 3.1403553325046643, 3.1399025362416872, 3.1378844690374015, 3.1385080453777707, 3.1333611618754036, 3.135780937819822, 3.1194427723165723, 3.1339734983703362], "betas": [3.1415928335840557, 3.141592773254816, 3.1415927472224965, 3.1415927349920225, 3.1415927345696133, 3.1415927413351383, 3.141592742419124, 3.141592736865771, 3.1415927359734406, 3.1415927380291753, 3.141592741888157, 3.1415927370755976, 3.14159273565495, 3.1415927380144755, 3.1415927340490843, 3.141592738447787, 3.141592745990203, 3.1415927449055396, 3.141592743687304, 3.1415927437441282, 3.1415927298991346, 3.1415926933894576, 3.141592654658332, 3.1415926101457705, 3.141592536147322, 3.1415923995217923, 3.141592211487839, 3.1415919250896973, 3.141591419223157, 3.141590520951596, 3.141589621534502, 3.1415885727261386, 3.1415874132722688, 3.1415852358503606, 3.141582855625706, 3.14158528027734, 3.141589024777329, 3.141583316014312, 3.1415727266233375, 3.141559285808536, 3.141547311096549, 3.141615843775456, 3.1417170295514665, 3.1416818124784878, 3.1415882780459703, 3.1415359573621213, 3.1415026684623886, 3.1414979551639046, 3.1414789862859207, 3.14147959115189, 3.141453269306012, 3.141377533774751, 3.1411901361938512, 3.141177820081101, 3.141180456371485, 3.141188182746597, 3.140988449160205, 3.140961754341411, 3.140492348180131, 3.140631332410904, 3.140615637995442, 3.140595197274756, 3.139384612498826, 3.1395319019782884, 3.140186883025344, 3.1406229534945416, 3.138423045270881, 3.1387013361190736, 3.1351799933980007, 3.13653173228888, 3.1261324632865373, 3.1243948000812773, 3.1397551720957773], "predicted_p_opt": 0.44444672974084737, "predicted_tts": 2.2499884307464484, "p_opt": 0.3823843903481404, "tts": 2.6151695132993105, "approx": 0.9050548621628801, "opt_gap": -0.09494513783711989, "th": -74.9990005493164}