{"N": 18, "edgelist": ["0 1 {}\n", "0 4 {}\n", "0 6 {}\n", "0 7 {}\n", "0 8 {}\n", "0 9 {}\n", "0 10 {}\n", "0 11 {}\n", "0 14 {}\n", "0 16 {}\n", "1 3 {}\n", "1 5 {}\n", "1 9 {}\n", "1 10 {}\n", "1 11 {}\n", "1 12 {}\n", "1 16 {}\n", "1 17 {}\n", "2 3 {}\n", "2 8 {}\n", "2 12 {}\n", "2 14 {}\n", "2 17 {}\n", "3 5 {}\n", "3 8 {}\n", "3 9 {}\n", "3 10 {}\n", "3 12 {}\n", "3 16 {}\n", "4 5 {}\n", "4 6 {}\n", "4 7 {}\n", "4 9 {}\n", "4 12 {}\n", "4 13 {}\n", "4 14 {}\n", "4 17 {}\n", "5 6 {}\n", "5 7 {}\n", "5 11 {}\n", "5 12 {}\n", "5 14 {}\n", "5 15 {}\n", "5 16 {}\n", "5 17 {}\n", "6 10 {}\n", "6 17 {}\n", "7 14 {}\n", "7 17 {}\n", "8 11 {}\n", "8 12 {}\n", "8 13 {}\n", "8 14 {}\n", "8 16 {}\n", "9 11 {}\n", "9 12 {}\n", "9 13 {}\n", "9 16 {}\n", "10 13 {}\n", "10 15 {}\n", "10 16 {}\n", "11 13 {}\n", "11 14 {}\n", "11 15 {}\n", "11 16 {}\n", "11 17 {}\n", "12 14 {}\n", "12 16 {}\n", "13 14 {}\n", "15 16 {}\n", "15 17 {}\n", "16 17 {}\n"], "opt_value": 64, "opt_count": 19, "feasible_count": 48620, "mean_value": 55.05882352941177, "std": 2.6716504754506674, "level": 33, "gammas": [-0.16553251445293427, -0.28554925322532654, -0.305776447057724, -0.3077499568462372, -0.3190571069717407, -0.30963099002838135, -0.3079201281070709, -0.3133532404899597, -0.31069448590278625, -0.3086654543876648, -0.30790966749191284, -0.310412734746933, -0.30062732100486755, -0.310861736536026, -0.30411019921302795, -0.3049149513244629, -0.3028877079486847, -0.3025347590446472, -0.33016136288642883, -0.3095865249633789, -0.32457080483436584, -0.2559793293476105, 0.3786209225654602, 0.32431429624557495, 0.3423250615596771, 0.3129768967628479, 1.8383383750915527, 1.607389211654663, 1.2491415739059448, 0.3151572346687317, 0.321622759103775, 0.3257305324077606, 0.3372791111469269], "betas": [2.900287628173828, 2.82100772857666, 2.665675640106201, 2.5170745849609375, 2.6735568046569824, 2.623735189437866, 2.7606406211853027, 2.5938425064086914, 2.659099817276001, 2.6403465270996094, 2.6049797534942627, 2.7509217262268066, 2.539661169052124, 2.61724591255188, 2.5959553718566895, 2.563600540161133, 2.4497222900390625, 2.601773262023926, 2.5647871494293213, 2.833395004272461, 3.271707773208618, 2.357041835784912, -3.3183040618896484, -2.8037686347961426, -2.915745258331299, -2.817887306213379, -3.10975980758667, -3.0914413928985596, -4.093913555145264, -3.160407781600952, -3.0508601665496826, -2.6048896312713623, -3.193324565887451], "predicted_p_opt": 1.754236939531057, "predicted_tts": 0.5700484224595795, "p_opt": 0.6056190729141235, "tts": 1.6512029503763654, "approx": 0.9612643718719482, "opt_gap": -0.03873562812805176}