{"edges": [[0, 1], [0, 4], [0, 6], [0, 8], [1, 3], [1, 5], [2, 4], [2, 7], [2, 15], [3, 6], [3, 8], [3, 11], [3, 12], [4, 6], [4, 7], [4, 8], [4, 9], [4, 10], [4, 13], [5, 8], [5, 12], [6, 13], [7, 8], [7, 10], [11, 12], [11, 13], [11, 14], [12, 14]], "num_nodes": 16, "num_colors": 3, "opt_value": 28, "opt_count": 144, "feasible_count": 43046721, "mean_value": 18.666666666666668, "std": 2.494438257849294, "level": 10, "gammas": [3.139946222305298, 3.140117645263672, 3.140662908554077, 3.14104962348938, 3.141172170639038, 3.1411190032958984, 3.1408581733703613, 3.1403610706329346, 3.139857053756714, 3.1398208141326904], "betas": [3.1400108337402344, 3.1403889656066895, 3.140857219696045, 3.1411197185516357, 3.1411731243133545, 3.1410510540008545, 3.1406664848327637, 3.140044927597046, 3.139707565307617, 3.1399741172790527], "predicted_p_opt": 0.0014752343157565938, "predicted_tts": 677.858418367347, "p_opt": 0.0007529679268513614, "tts": 1328.0778162512672, "approx": 0.8909846911081659, "opt_gap": -0.10901530889183408, "th": -24.98556463228898}