{"edges": [[4, 6], [4, 8], [4, 16], [6, 10], [6, 16], [12, 13], [12, 15], [12, 7], [13, 16], [13, 10], [0, 2], [0, 8], [0, 11], [2, 17], [2, 9], [8, 11], [1, 3], [1, 5], [1, 14], [3, 14], [3, 17], [11, 5], [17, 5], [15, 14], [15, 7], [9, 10], [9, 7]], "num_nodes": 18, "opt_value": 23, "opt_count": 2, "feasible_count": 262144, "mean_value": 13.5, "std": 2.598076211353316, "level": 43, "gammas": [-0.16393150742967738, -0.2642073027706546, -0.26680361826529764, -0.2563525422224786, -0.2528480710420331, -0.252924795454713, -0.25177416511515954, -0.24589464156569074, -0.2443754983907816, -0.2521729682504424, -0.25931322982963495, -0.2645917542457748, -0.27447037319454615, -0.28614859959205646, -0.2872264262374424, -0.28463745318079575, -0.29487950707414173, -0.2868737166705678, -0.2612271870277771, -0.24247939349767297, -0.2674347688077943, -0.32487080172574767, -0.21995098948454386, -0.12727810618944488, -0.19625629314144882, -0.1639451463759634, -0.2009205868884151, -0.20428750337651974, -0.20867496308328373, -0.21437201353601748, -0.22356659204631193, -0.2364773253110197, -0.24586950397795215, -0.24875227616985093, -0.25454671996899103, -0.2676414648132392, -0.2816345021468846, -0.2941947634790672, -0.3125053092842016, -0.8897741458609266, -0.44497880848789184, 1.008641540742353, 5.961738266646993], "betas": [1.7963416329334494, 1.8897271901622916, 1.9036008158763518, 1.8293052708618818, 1.7579680002774825, 1.7478098087150629, 1.7089804612759056, 1.6638840958715035, 1.6692771478658166, 1.7101620484777926, 1.7402362084252045, 1.7761205844370032, 1.8386799035778985, 1.8725860802184426, 1.8278953428442593, 1.8157107616694985, 1.8111437479970967, 1.6762182644814545, 1.5365851294300883, 1.557703891882978, 1.3939191342904342, 1.1523038474297116, 1.4219925899420678, 1.3773243316996422, 1.4568213596698125, 1.4298731943624543, 1.4595762525461868, 1.473873734350748, 1.5021995330542248, 1.524526235966128, 1.5867137558654951, 1.6553808718517944, 1.7031549634140226, 1.7350622449918318, 1.7916853769401981, 1.885730993193505, 1.980910371038164, 2.0746237792391646, 2.2186874115404884, 0.16851838200744831, 0.13571521108608137, 2.3824128882244064, 1.8902337897901524], "predicted_p_opt": 0.05774688720703125, "predicted_tts": 17.31695072004228, "p_opt": 0.0004209473561481302, "tts": 2375.5939677362003, "approx": 0.9144101587033093, "opt_gap": -0.08558984129669067}