{"edges": [[0, 2], [0, 5], [0, 6], [0, 7], [1, 3], [1, 8], [1, 9], [2, 3], [2, 7], [2, 9], [2, 10], [2, 11], [3, 7], [3, 9], [3, 10], [3, 12], [4, 5], [4, 9], [4, 10], [6, 7], [6, 8], [6, 9], [8, 11], [9, 11], [10, 11], [10, 12], [11, 12]], "num_nodes": 13, "num_colors": 3, "opt_value": 27, "opt_count": 18, "feasible_count": 1594323, "mean_value": 18.0, "std": 2.449489742783178, "level": 49, "gammas": [-0.20464559984743677, -0.2598202980934037, -0.25348308309668705, -0.18675030395274952, -0.24468698312991594, -0.3567480452302766, -0.2958056673967393, -0.15827351945373053, -0.3604132307859568, -0.1836553117957362, -0.3100413256300967, -0.13937214693516484, -0.3764568642662987, -0.2803282583331328, -0.15858771980365605, -0.3149700677103813, -0.3419404863211946, -0.1877728610189116, -0.23965296227768218, -0.5059846061492171, -0.4364339520248162, -0.22188409145370797, -0.24821837526984555, -0.35338361988523376, -0.3640689375956362, 5.999078476344256, 5.974917790025752, 5.912241734418827, 5.750484768957668, 5.717738160456198, 5.915327700513794, 5.857181147369691, 5.923851175214517, 5.88223867781007, 5.938294680770285, 5.812474583785156, 5.8920739197474035, 5.8636899255972965, 5.843725350406233, 5.846554058567707, 5.873904257151576, 5.836460959337926, 5.916799431776596, 6.003867992713475, 5.85745610152274, 5.897270818817372, 5.9064964199821395, 5.911061988767192, 5.9392634567365405], "betas": [2.1681506747407453, 1.77231080447598, 1.6650972599593301, 1.1761554640480307, 2.0839022572976718, 2.318048618301147, 1.1127100149127542, 1.851017658424081, 1.7359712021894438, 1.7908185804688443, 0.7658628204428118, 2.446794561952172, 2.143858794980154, 0.732395510165487, 1.9898455245499769, 2.180437201268641, 1.7844276220399378, 0.9973484017077073, 2.1966862840680785, 2.2252046787012962, 2.200753894638981, 1.3868630286383496, 2.3752011870549476, 2.6824437371790535, 2.4444244543122555, 1.8351119430422187, 2.362468905383829, 3.174365870328685, -2.3927433223559755, 3.1568129056905208, 2.837950388252696, 2.4011306864382798, 2.4191309331511253, 2.2238514644953957, 3.385733971020115, 2.8396583412012015, 2.707406271322854, 2.7994693794699153, 2.9249932419639095, 3.0315870995873544, 2.961930869356144, 3.104996174366344, 1.9029460006008072, 2.487508799112009, 2.630929751048782, 2.6042380399852187, 2.459726363923077, 2.4259496542021917, 2.227230926526002], "predicted_p_opt": 0.11065386374028349, "predicted_tts": 9.037190082644628, "p_opt": 0.0008315022035969507, "tts": 1202.6426336264099, "approx": 0.926423586095527, "opt_gap": -0.073576413904473}