{"edges": [[0, 1], [0, 6], [0, 7], [0, 10], [0, 14], [1, 2], [1, 4], [1, 12], [2, 3], [2, 4], [2, 6], [2, 7], [2, 9], [2, 11], [2, 12], [3, 7], [3, 14], [4, 7], [4, 8], [4, 14], [5, 6], [5, 9], [5, 11], [5, 14], [6, 8], [7, 12], [8, 10], [8, 11], [8, 12], [10, 12], [11, 14], [12, 14], [13, 14]], "num_nodes": 15, "num_colors": 3, "opt_value": 33, "opt_count": 84, "feasible_count": 14348907, "mean_value": 22.0, "std": 2.70801280154532, "level": 24, "gammas": [1.981696367263794, 1.9767321348190308, 1.9808920621871948, 1.994065284729004, 2.015748977661133, 2.0431413650512695, 2.0718817710876465, 2.0990562438964844, 2.1225273609161377, 2.1403932571411133, 2.1511070728302, 2.1537232398986816, 2.1480183601379395, 2.134530782699585, 2.1144754886627197, 2.0895516872406006, 2.0616209506988525, 2.0325520038604736, 2.0057990550994873, 1.9846746921539307, 1.9726186990737915, 1.9699946641921997, 1.9765969514846802, 2.6021272484279097], "betas": [1.976791501045227, 1.9768019914627075, 1.986884593963623, 2.0063180923461914, 2.033108949661255, 2.062183380126953, 2.09002423286438, 2.114872455596924, 2.1348750591278076, 2.1483232975006104, 2.153994083404541, 2.1513426303863525, 2.1405742168426514, 2.122626543045044, 2.099008321762085, 2.0716118812561035, 2.0425500869750977, 2.014768600463867, 1.9923639297485352, 1.9776960611343384, 1.9710701704025269, 1.9730137586593628, 1.9838379621505737, 0.0], "predicted_p_opt": 0.01405570473068088, "predicted_tts": 71.14548997441543, "p_opt": 0.003828274360226628, "tts": 261.2142981154573, "approx": 0.9170871541742559, "opt_gap": -0.0829128458257441, "th": -29.913779315775674}