{"N": 18, "edgelist": ["0 2 {}\n", "0 3 {}\n", "0 4 {}\n", "0 5 {}\n", "0 6 {}\n", "0 7 {}\n", "0 9 {}\n", "0 11 {}\n", "0 12 {}\n", "0 13 {}\n", "0 14 {}\n", "0 15 {}\n", "0 17 {}\n", "1 7 {}\n", "1 8 {}\n", "1 9 {}\n", "1 10 {}\n", "1 11 {}\n", "1 13 {}\n", "1 15 {}\n", "1 16 {}\n", "2 7 {}\n", "2 9 {}\n", "2 11 {}\n", "2 15 {}\n", "2 16 {}\n", "2 17 {}\n", "3 12 {}\n", "3 14 {}\n", "3 15 {}\n", "4 5 {}\n", "4 7 {}\n", "4 8 {}\n", "4 9 {}\n", "4 11 {}\n", "4 14 {}\n", "4 15 {}\n", "4 16 {}\n", "5 6 {}\n", "5 7 {}\n", "5 10 {}\n", "5 12 {}\n", "5 13 {}\n", "5 15 {}\n", "5 17 {}\n", "6 7 {}\n", "6 11 {}\n", "6 14 {}\n", "6 15 {}\n", "6 17 {}\n", "7 8 {}\n", "7 9 {}\n", "7 10 {}\n", "7 12 {}\n", "7 15 {}\n", "8 11 {}\n", "8 13 {}\n", "8 16 {}\n", "8 17 {}\n", "9 10 {}\n", "9 11 {}\n", "9 13 {}\n", "9 15 {}\n", "9 17 {}\n", "10 11 {}\n", "10 12 {}\n", "10 15 {}\n", "10 17 {}\n", "11 12 {}\n", "11 15 {}\n", "11 16 {}\n", "12 13 {}\n", "12 14 {}\n", "13 14 {}\n", "13 17 {}\n", "15 17 {}\n", "16 17 {}\n"], "opt_value": 69, "opt_count": 4, "feasible_count": 48620, "mean_value": 58.88235294117647, "std": 2.8785689447276006, "level": 19, "gammas": [3.1441731452941895, 3.148420810699463, 3.151000499725342, 3.152440309524536, 3.1530873775482178, 3.1524364948272705, 3.148707628250122, 3.138314723968506, 3.125429391860962, 3.1207525730133057, 3.1198229789733887, 3.119783401489258, 3.11995792388916, 3.1201958656311035, 2.6021272484279097, 2.6021272484279097, 2.6021272484279097, 2.6021272484279097, 2.6021272484279097], "betas": [3.1204183101654053, 3.1199798583984375, 3.119774341583252, 3.1200783252716064, 3.121901035308838, 3.1281707286834717, 3.139044761657715, 3.1471192836761475, 3.1507511138916016, 3.1519181728363037, 3.151898145675659, 3.150841474533081, 3.1484031677246094, 3.144200086593628, 0.0, 0.0, 0.0, 0.0, 0.0], "predicted_p_opt": 0.12513368983957218, "predicted_tts": 7.991452991452992, "p_opt": 0.027972002581677067, "tts": 35.75003245048481, "approx": 0.9749673684577363, "opt_gap": -0.02503263154226365, "th": -66.980743270224}