{"edges": [[0, 5], [0, 10], [0, 14], [1, 5], [1, 8], [1, 9], [1, 13], [2, 4], [2, 12], [2, 14], [2, 15], [3, 4], [3, 11], [3, 15], [4, 6], [4, 10], [5, 15], [5, 16], [6, 13], [7, 11], [7, 12], [7, 16], [8, 15], [9, 14], [12, 15], [14, 16], [15, 16]], "num_nodes": 17, "num_colors": 3, "opt_value": 27, "opt_count": 1416, "feasible_count": 129140163, "mean_value": 18.0, "std": 2.449489742783178, "level": 33, "gammas": [0.16211520172770744, 0.2346174452207031, 0.22360872351516492, 0.3286325349425138, 0.18920116285485264, 0.4109855154277085, 0.36560440255004717, 0.2222757728241813, 0.16538983179961983, 0.3229452343168997, 0.34581012188755716, 0.31532209664303235, 0.19547767800542717, 0.27302600138333283, 0.3432505533087229, 0.30650995669401676, 0.23840068318338417, 0.3111565860516315, 0.3010352390314161, 0.3473160146093397, 0.2911728061368008, 0.42354037350729506, 0.517016755088219, 0.6191475708789655, 0.5241512521857715, 0.37751800019434234, 0.3683189655553593, 0.3701559546268454, 0.3663900515731526, 0.370428107769605, 0.3830345093119565, 0.390190812215772, 0.4008392050668395], "betas": [-2.5685889215721356, -1.7707639400711135, -2.035231075003478, -1.6753678482917047, -1.3114579584497237, -2.5950000299686415, -2.897203263842024, -1.4570199509436217, -1.6583682401075681, -2.184161542834373, -2.12447934150286, -1.595868422738239, -1.1988672723269804, -1.90038202277831, -1.93010847723633, -1.4428259114993587, -1.4265458064983572, -1.62221347566606, -1.2682868275184593, -1.404367533074057, -1.8383394566146793, 4.220175244607617, 4.294109097932139, 4.070883448209451, 3.724389721888976, 3.8301815115203093, 3.899278328574249, 3.907624791621385, 3.936540803500042, 3.9430628240036056, 3.8837071261325216, 3.8204042257755253, 3.6819157497601815], "predicted_p_opt": 0.0492211241827223, "predicted_tts": 20.316480304019997, "p_opt": 0.0002073827599050939, "tts": 4822.001599639418, "approx": 0.9106640657550686, "opt_gap": -0.08933593424493136}