{"edges": [[0, 3], [0, 4], [0, 12], [1, 5], [1, 6], [1, 8], [1, 9], [1, 13], [2, 5], [2, 8], [3, 13], [4, 6], [5, 6], [5, 10], [5, 13], [6, 10], [7, 9], [7, 12], [8, 10], [8, 11], [9, 10], [9, 12], [9, 13], [10, 12], [11, 13]], "num_nodes": 14, "num_colors": 3, "opt_value": 25, "opt_count": 48, "feasible_count": 4782969, "mean_value": 16.666666666666668, "std": 2.3570226039551585, "level": 2, "gammas": [3.1389744773286052, 2.6007076568906555], "betas": [3.1279231737466358, 2.189961008308185], "predicted_p_opt": 0.0002508901897545228, "predicted_tts": 3985.8075, "p_opt": 9.55517754562644e-05, "tts": 10465.530286851827, "approx": 0.8206218539753775, "opt_gap": -0.17937814602462254, "th": -19.985346735834693}