{"edges": [[0, 1], [0, 2], [0, 6], [0, 8], [0, 12], [1, 9], [1, 10], [1, 12], [2, 3], [2, 4], [2, 6], [2, 9], [2, 11], [3, 4], [4, 10], [4, 12], [4, 13], [5, 6], [6, 8], [6, 12], [7, 14], [8, 9], [8, 11], [11, 12], [11, 14], [12, 14], [13, 14]], "num_nodes": 15, "num_colors": 3, "opt_value": 27, "opt_count": 216, "feasible_count": 14348907, "mean_value": 18.0, "std": 2.449489742783178, "level": 67, "gammas": [0.1626142943338356, 0.2651611329451146, 0.27267429606205923, 0.27272456395445227, 0.27008388589945215, 0.2634665040848402, 0.24989741428358542, 0.3472679719232335, 0.21248496246021534, -0.335973334194233, 0.21559710065262447, 0.3559053153564023, 0.2589789923030353, 0.2643972944882318, 0.2399757200705829, 0.20667842968009048, 0.24654494326587523, 0.22843659456440205, 0.23866211285693564, 0.22807630279145846, 0.23539729573504842, 0.23439798310262663, 0.2224715770213081, 0.21626806910615076, 0.23579314031717052, 0.25225583453644007, 0.2221508005715481, 0.22882156636913123, 0.24533566050899525, 0.23470118097737003, 0.237380590122307, 0.24445200662219063, 0.2417374795728043, 0.23069918884811372, 0.22414132794979658, 0.24900614324454634, 0.2736334097662131, 0.28450540277155173, 0.2892793980439458, 0.27069048909485643, 0.19877761411860925, 0.19645602602869164, -0.15954896209337005, -0.31896447872240796, -0.3161002533242174, -0.30865861814399304, -0.30229985593561015, -0.2993806436945099, -0.29393780437046174, -0.29230815628756535, -0.2888372844494231, -0.2876169454503217, -0.2870239520499364, -0.2864787014085737, -0.2844851251608687, -0.28128580270996506, -0.282385205502572, -0.28220342989669117, -0.2833864987098595, -0.28558020758711233, -0.2772660030412695, -0.3001487620920387, -0.2799281679900635, -0.29775252488274667, -0.3047986677797527, -0.3099675925248968, -0.30905779202744754], "betas": [-2.6090080186421463, -2.4218600594139486, -2.3598004564302086, -2.3157535212439075, -2.2618617666630167, -2.1599662058810565, -1.9024415634496274, -3.748720287295422, -2.258907904844202, -2.3162915809493194, -3.729602359399439, -2.0145320835702623, -2.269935438900819, -2.267596953499563, -1.9465001654581373, -1.9255143343953443, -2.0462511168624316, -1.7171751059541134, -1.876459932578052, -2.0752434663273664, -2.0315101647609053, -1.9508950411523096, -1.9280797932102272, -1.9665044298450998, -1.819937013271262, -1.9955146276271172, -1.8573302996007484, -2.1376628916399194, -2.10100386634974, -2.0416588142567544, -2.0887012957876427, -2.1024018735556873, -2.009964895549473, -1.8724083183646447, -2.052439011919863, -2.297347638459185, -2.404254483141272, -2.4500200424982426, -2.4276575877288753, -2.1386622630649903, -1.9826140012512263, 2.4107281609102778, 3.232477300862644, 2.8199012224544955, 2.7065037831482996, 2.6568157847320792, 2.6265856046148675, 2.619300437673073, 2.5471392075882537, 2.52143845650226, 2.5178032769846044, 2.5221233505391116, 2.5224486414143596, 2.4894989043129625, 2.4409226093605336, 2.404855881069102, 2.433735127941894, 2.461448192324644, 2.4682466719025284, 2.520751633516725, 2.5326412647665886, 2.3298895244157456, 2.555740604323545, 2.7209269372632576, 2.749522894802483, 2.78514175380103, 2.893148949276022], "predicted_p_opt": 0.27434842249657065, "predicted_tts": 3.645, "p_opt": 0.15598037695128183, "tts": 6.411062849991286, "approx": 0.7166309569301228, "opt_gap": -0.2833690430698772}