{"edges": [[0, 3], [0, 4], [1, 6], [1, 8], [1, 10], [2, 6], [2, 9], [3, 4], [3, 5], [3, 7], [3, 8], [3, 10], [4, 5], [4, 7], [5, 8], [5, 9], [6, 9], [7, 9]], "num_nodes": 11, "num_colors": 3, "opt_value": 18, "opt_count": 48, "feasible_count": 177147, "mean_value": 12.0, "std": 2.0, "level": 47, "gammas": [0.23668941855430603, 0.37578997015953064, 0.3882826864719391, 0.3881853520870209, 0.3837605118751526, 0.3786611258983612, 0.3751242458820343, 0.37431600689888, 0.37328940629959106, 0.3702627122402191, 0.36815428733825684, 0.3693474531173706, 0.37110385298728943, 0.3801785409450531, 0.41212573647499084, 0.35227787494659424, 0.40282654762268066, 0.40739017724990845, 0.4040810167789459, 0.4020693004131317, 0.3993566930294037, 0.39055174589157104, 0.3704450726509094, 0.34624382853507996, 0.3473065495491028, 0.36844301223754883, 0.38334405422210693, 0.3883935511112213, 0.38840270042419434, 0.38385266065597534, 0.371238648891449, 0.3792038559913635, 0.39480942487716675, 0.40067824721336365, 0.40269291400909424, 0.40409910678863525, 0.4098263382911682, 0.41444456577301025, 0.41893911361694336, 0.42229753732681274, 0.4235408902168274, 0.4236202836036682, 0.4250280261039734, 0.4286079406738281, 0.43254971504211426, 0.4384852349758148, 0.4421282112598419], "betas": [-2.4796435832977295, -2.2993199825286865, -2.2288992404937744, -2.1866137981414795, -2.146212100982666, -2.1115951538085938, -2.0949933528900146, -2.0847651958465576, -2.061793327331543, -2.038994550704956, -2.0280065536499023, -2.0441367626190186, -2.0637755393981934, -1.9297707080841064, -1.9557678699493408, -2.189898729324341, -2.3866209983825684, -2.3682703971862793, -2.33076810836792, -2.296929121017456, -2.2403225898742676, -2.140859842300415, -1.9902195930480957, -1.902966022491455, -1.9825321435928345, -2.088837146759033, -2.143707275390625, -2.145871162414551, -2.0959231853485107, -2.0606932640075684, -2.0728964805603027, -2.170118808746338, -2.2490878105163574, -2.227970600128174, -2.305920124053955, -2.3264670372009277, -2.345309019088745, -2.370260238647461, -2.3914332389831543, -2.4044392108917236, -2.407491445541382, -2.4106876850128174, -2.422964334487915, -2.4526572227478027, -2.509368658065796, -2.5983386039733887, -2.7750930786132812], "predicted_p_opt": 2.4454266795373334, "predicted_tts": 0.4089265927977839, "p_opt": 0.8472917813776584, "tts": 1.1802309688098767, "approx": 0.9421816824770534, "opt_gap": -0.05781831752294664}