{"edges": [[16, 20], [16, 11], [16, 1], [20, 21], [20, 3], [22, 23], [22, 9], [22, 24], [23, 12], [23, 14], [4, 15], [4, 21], [4, 19], [15, 10], [15, 19], [21, 24], [0, 2], [0, 7], [0, 9], [2, 5], [2, 25], [14, 25], [14, 18], [25, 8], [1, 6], [1, 13], [6, 8], [6, 10], [5, 18], [5, 3], [11, 17], [11, 13], [17, 13], [17, 12], [10, 24], [8, 3], [7, 19], [7, 18], [9, 12]], "num_nodes": 26, "opt_value": 34, "opt_count": 12, "feasible_count": 67108864, "mean_value": 19.5, "std": 3.122498999199199, "level": 32, "gammas": [-0.13288025276944426, -0.233654471756447, -0.18309592637204844, -0.2166400673744725, -0.2375900841140448, -0.21064428647451408, -0.19654825138726892, -0.226149241562795, -0.2320853247713941, -0.21758060019224676, -0.22944958018312975, -0.22326229406323217, -0.22709796806647709, -0.22904732557493213, -0.2290993687236543, -0.22868115762676308, -0.22942995156588514, -0.23276383321392471, -0.23817013534083897, -0.24418944137756857, -0.2500662274988746, -0.2557944684678964, -0.2620987912210492, -0.26510368832398706, -0.2714224559912976, -0.32007421036750855, -0.37995269284442335, 5.8875742339523045, 5.936977207246669, 5.978554845937676, 5.991329994493345, 5.996708088034316], "betas": [2.7715653737506654, 2.160911719640515, 1.838832037966822, 2.4884371129630796, 2.3063221228608763, 1.8307823255019577, 1.8129953946027186, 1.9451571105921934, 1.8115363492218615, 1.7477240615155203, 1.8158672380784868, 1.886928458349499, 1.8766771638225748, 1.867045040868236, 1.8470074842242616, 1.82707926181571, 1.8218751032427989, 1.8352667618336418, 1.8565189272890483, 1.8758308081497588, 1.88946297992751, 1.8996182192496716, 1.9138468907402826, 1.9798167428690496, 1.6268992192953324, 2.070555031509073, 2.2039970835881535, 2.4179217481263464, 2.556402887641759, 2.572367820953843, 2.5675695459300063, 2.505614511458691], "predicted_p_opt": 0.0007554888725280762, "predicted_tts": 1323.6462327416173, "p_opt": 2.087884175734883e-06, "tts": 478953.77129721525, "approx": 0.8363705535307088, "opt_gap": -0.16362944646929123}