{"edges": [[0, 2], [0, 4], [0, 6], [0, 10], [0, 12], [0, 13], [1, 4], [1, 6], [1, 9], [1, 11], [1, 12], [1, 13], [2, 4], [2, 6], [2, 7], [2, 8], [3, 6], [3, 7], [3, 10], [3, 11], [4, 5], [4, 8], [4, 11], [5, 12], [5, 13], [6, 12], [8, 9], [12, 13]], "num_nodes": 14, "num_colors": 3, "opt_value": 28, "opt_count": 24, "feasible_count": 4782969, "mean_value": 18.666666666666668, "std": 2.494438257849294, "level": 39, "gammas": [-0.1677722930908203, -0.2750017046928406, -0.28522440791130066, -0.28550300002098083, -0.2856356203556061, -0.2871435284614563, -0.29047104716300964, -0.29521146416664124, -0.3017650544643402, -0.31121721863746643, -0.3276236653327942, -0.17804421484470367, 0.3452955186367035, 0.3121299743652344, 0.3047235310077667, 0.2972274422645569, 0.2926456332206726, 0.2909320890903473, 0.2888287305831909, 0.28535717725753784, 0.2851422429084778, 0.28507161140441895, 0.286226361989975, 0.30065444111824036, 0.27241647243499756, 0.2732771933078766, 0.27531611919403076, 0.2774253487586975, 0.27986234426498413, 0.28209128975868225, 0.2678113281726837, 0.29966291785240173, 0.27276232838630676, 0.292237251996994, 0.2942997217178345, 0.29441192746162415, 0.29702481627464294, 0.3001132905483246, 0.2982493042945862], "betas": [2.6863250732421875, 2.559941291809082, 2.5396499633789062, 2.5506629943847656, 2.5662033557891846, 2.595024585723877, 2.6344990730285645, 2.6895601749420166, 2.787477970123291, 3.019465208053589, 4.066854000091553, 1.052844524383545, -3.345830202102661, -2.8750932216644287, -2.719773530960083, -2.655863046646118, -2.6282739639282227, -2.6110451221466064, -2.5820837020874023, -2.6216495037078857, -2.651493787765503, -2.716578960418701, -2.7374308109283447, -2.347369909286499, -2.4752721786499023, -2.5113558769226074, -2.522759199142456, -2.5286824703216553, -2.528347969055176, -2.6132967472076416, -2.6248934268951416, -2.3703129291534424, -2.5676379203796387, -2.7470881938934326, -2.7422990798950195, -2.721280336380005, -2.7312662601470947, -2.7825911045074463, -2.906770706176758], "predicted_p_opt": 0.03131611348515953, "predicted_tts": 31.932442717513222, "p_opt": 0.020720887929201126, "tts": 48.260480121160235, "approx": 0.6512529253959656, "opt_gap": -0.3487470746040344}