{
  "locs": [
    [
      0.21,
      0.55
    ],
    [
      0.38,
      0.84
    ],
    [
      0.28,
      0.73
    ],
    [
      0.49,
      0.98
    ],
    [
      0.16,
      0.94
    ],
    [
      0.78,
      0.36
    ],
    [
      0.78,
      0.51
    ],
    [
      0.75,
      0.51
    ],
    [
      0.84,
      0.48
    ],
    [
      0.47,
      0.65
    ],
    [
      0.02,
      0.09
    ]
  ],
  "opt_value": 3.0042240619659424,
  "opt_count": 2,
  "feasible_count": 3628800,
  "mean_value": 5.382147312164307,
  "std": 0.6085785627365112,
  "level": 3,
  "gammas": [
    -1.0028022527694702,
    -1.2976815700531006,
    -1.2254997491836548
  ],
  "betas": [
    2.8860533237457275,
    2.9308431148529053,
    2.924694299697876
  ],
  "predicted_p_opt": 2.7006172839506174e-05,
  "predicted_tts": 37028.57142857143,
  "p_opt": 1.9231742044212297e-05,
  "tts": 51997.36964550985,
  "approx": 1.7297090291976929,
  "opt_gap": 0.7297090291976929
}
