{"edges": [[0, 3], [0, 6], [0, 7], [0, 8], [1, 9], [2, 5], [2, 6], [2, 11], [3, 4], [3, 6], [3, 9], [3, 10], [5, 9], [5, 12], [6, 8], [6, 12], [7, 8], [7, 10], [8, 12], [10, 11]], "num_nodes": 13, "num_colors": 3, "opt_value": 20, "opt_count": 168, "feasible_count": 1594323, "mean_value": 13.333333333333334, "std": 2.1081851067789197, "level": 41, "gammas": [3.1415927063451288, 3.1415926468216986, 3.1415926130281577, 3.1415926096234554, 3.141592636835204, 3.141592683293886, 3.141592714281108, 3.1415927373318917, 3.1415927401179413, 3.14159271212961, 3.1415926896422928, 3.1415926551410007, 3.141592631997409, 3.1415926226032105, 3.1415926100529386, 3.141592534145918, 3.141592371846558, 3.1415920904085697, 3.14159180516178, 3.1415917911478712, 3.1415918311036366, 3.1415908914667994, 3.141589816038623, 3.1415863889173443, 3.141580841927829, 3.1415766405722585, 3.1415623879445658, 3.1415609181037265, 3.1415511845238964, 3.141533281324052, 3.1414001380767695, 3.1413824137120185, 3.141377337197721, 3.1413659962130827, 3.1405328991654877, 3.1400710700587875, 3.1396864101573843, 3.138439266164674, 3.1393193875433947, 3.1311310698785393, 3.1379631312499026], "betas": [3.1415926266588574, 3.1415926810132113, 3.1415927040772336, 3.1415926911043424, 3.141592650186466, 3.141592608643182, 3.14159258110557, 3.1415925711553236, 3.1415925803862224, 3.1415926022246956, 3.141592632404954, 3.141592646276489, 3.141592626644692, 3.141592584948768, 3.1415924987973174, 3.1415923324006303, 3.1415920971645757, 3.1415918015474267, 3.1415917046812964, 3.14159189210802, 3.1415915763224316, 3.1415902970187872, 3.141588640891412, 3.1415827840078494, 3.141579136845142, 3.1415693226456387, 3.141560268611369, 3.141557722394087, 3.1415496596263734, 3.141482220904895, 3.141351400646986, 3.1414069791625816, 3.1413394252123594, 3.141198143205178, 3.1399814373212758, 3.1402533956300442, 3.138412034693935, 3.1401836851775227, 3.134359004800797, 3.133450682578325, 3.140712598210331], "predicted_p_opt": 0.7259206572319411, "predicted_tts": 1.3775610186010825, "p_opt": 0.5664294053665483, "tts": 1.7654450678683942, "approx": 0.8554613872636703, "opt_gap": -0.14453861273632973, "th": -19.999000549316406}