{"N": 20, "edgelist": ["0 1 {}\n", "0 5 {}\n", "0 6 {}\n", "0 8 {}\n", "0 9 {}\n", "0 10 {}\n", "0 15 {}\n", "0 18 {}\n", "0 19 {}\n", "1 2 {}\n", "1 3 {}\n", "1 5 {}\n", "1 6 {}\n", "1 7 {}\n", "1 8 {}\n", "1 10 {}\n", "1 12 {}\n", "1 13 {}\n", "1 17 {}\n", "1 18 {}\n", "1 19 {}\n", "2 7 {}\n", "2 8 {}\n", "2 9 {}\n", "2 10 {}\n", "2 14 {}\n", "2 15 {}\n", "2 17 {}\n", "2 18 {}\n", "2 19 {}\n", "3 4 {}\n", "3 5 {}\n", "3 6 {}\n", "3 7 {}\n", "3 12 {}\n", "3 13 {}\n", "3 14 {}\n", "3 15 {}\n", "3 16 {}\n", "3 17 {}\n", "3 18 {}\n", "3 19 {}\n", "4 6 {}\n", "4 9 {}\n", "4 12 {}\n", "4 13 {}\n", "4 14 {}\n", "4 15 {}\n", "4 16 {}\n", "4 19 {}\n", "5 8 {}\n", "5 9 {}\n", "5 13 {}\n", "5 14 {}\n", "5 15 {}\n", "5 16 {}\n", "5 17 {}\n", "6 11 {}\n", "6 12 {}\n", "6 13 {}\n", "7 8 {}\n", "7 9 {}\n", "7 11 {}\n", "7 14 {}\n", "7 15 {}\n", "7 16 {}\n", "7 19 {}\n", "8 9 {}\n", "8 10 {}\n", "8 12 {}\n", "8 14 {}\n", "8 15 {}\n", "8 19 {}\n", "9 10 {}\n", "9 11 {}\n", "9 12 {}\n", "9 13 {}\n", "9 15 {}\n", "9 16 {}\n", "9 18 {}\n", "9 19 {}\n", "10 12 {}\n", "10 14 {}\n", "10 15 {}\n", "10 16 {}\n", "10 17 {}\n", "11 13 {}\n", "11 14 {}\n", "11 17 {}\n", "11 18 {}\n", "11 19 {}\n", "12 13 {}\n", "12 14 {}\n", "12 16 {}\n", "12 17 {}\n", "12 18 {}\n", "13 15 {}\n", "13 17 {}\n", "15 17 {}\n", "15 19 {}\n", "16 17 {}\n", "16 18 {}\n", "16 19 {}\n", "17 18 {}\n"], "opt_value": 90, "opt_count": 2, "feasible_count": 184756, "mean_value": 79.36842105263158, "std": 2.6305880487368984, "level": 45, "gammas": [3.1415928866824996, 3.1415925941565965, 3.1415924983591212, 3.1415925383704204, 3.1415925674813585, 3.1415926173564936, 3.141592625120683, 3.1415926214805157, 3.1415925999287597, 3.1415925760251837, 3.1415925772427014, 3.141592577868685, 3.1415925838316885, 3.1415926017535405, 3.141592599794931, 3.141592587358215, 3.1415925357997945, 3.1415924419552366, 3.141592343879118, 3.1415922335221924, 3.141592153895742, 3.141592064641858, 3.141591853515288, 3.1415916267239363, 3.1415913399674995, 3.141590357655402, 3.1415891854067266, 3.1415869197356208, 3.1415836586930075, 3.1415789303338486, 3.1415641958576965, 3.141562817939907, 3.1415601102647783, 3.1415552794737156, 3.141542563412012, 3.1415491040606933, 3.141456904985539, 3.1414124994612376, 3.1412926572026514, 3.141216373752051, 3.1410777761176707, 3.1405955147787514, 3.140381747922413, 3.137403369306315, 3.140304696394344], "betas": [3.141592606152921, 3.1415927798246335, 3.141592798601498, 3.1415927568993607, 3.141592713387842, 3.1415926846395297, 3.141592682185068, 3.141592696530408, 3.1415927143858817, 3.1415927298683233, 3.14159272987098, 3.1415927171292375, 3.1415926990481653, 3.1415926800438085, 3.1415926624179193, 3.1415926468999484, 3.1415926150126774, 3.1415925592567695, 3.1415924848476617, 3.141592383579222, 3.1415922979192232, 3.141592117165437, 3.141591859621314, 3.1415916154554426, 3.141591094115567, 3.1415898579737926, 3.141588620766625, 3.141585157757048, 3.1415826141790317, 3.1415716104411335, 3.1415612487519833, 3.1415630150258256, 3.141557828020857, 3.1415508668876138, 3.141545532856539, 3.141519437687705, 3.1414037339259995, 3.1414058760504497, 3.1411955656998987, 3.1412768362739723, 3.1405819608006627, 3.1410923053815467, 3.138359168538262, 3.1385551840885673, 3.1412907168388977], "predicted_p_opt": 0.08964255558682803, "predicted_tts": 11.15541601255887, "p_opt": 0.0869960819601361, "tts": 11.494770539875882, "approx": 0.8921469621876668, "opt_gap": -0.10785303781233324, "th": -89.9990005493164}