{"edges": [[0, 1], [0, 6], [0, 10], [0, 11], [1, 3], [1, 4], [2, 4], [2, 13], [2, 14], [3, 8], [3, 13], [4, 6], [4, 7], [5, 7], [5, 9], [5, 10], [5, 14], [6, 7], [6, 10], [6, 13], [7, 10], [7, 12], [8, 9], [8, 11], [8, 12], [9, 12]], "num_nodes": 15, "num_colors": 3, "opt_value": 26, "opt_count": 72, "feasible_count": 14348907, "mean_value": 17.333333333333332, "std": 2.4037008503093262, "level": 61, "gammas": [3.1415926190305483, 3.1415926442158337, 3.1415926218181207, 3.141592617529579, 3.1415926257171636, 3.141592631485604, 3.141592630772909, 3.1415926521751714, 3.141592664930603, 3.1415926683462696, 3.141592665445093, 3.1415926670389274, 3.14159265936029, 3.141592654431555, 3.14159263885791, 3.1415926296440335, 3.1415926223830595, 3.1415926188541174, 3.141592609558518, 3.141592580744983, 3.1415925692253195, 3.1415925590264084, 3.1415925454258704, 3.1415924766033916, 3.141592358731393, 3.1415922224125366, 3.1415920916568325, 3.141591956902819, 3.141591756619328, 3.141591242778416, 3.141590604031465, 3.1415886724697653, 3.141584566745118, 3.141582196047255, 3.141581330829919, 3.1415788752168345, 3.141571134501968, 3.1415675478666203, 3.1415674373700133, 3.1415656734476998, 3.141549961015238, 3.141541699519942, 3.1415239588711628, 3.1415088083661766, 3.141464027377422, 3.1414401296063144, 3.1413794093429264, 3.141355288452, 3.1411402172374476, 3.1410120613804984, 3.140953930851887, 3.14093308902772, 3.1409700455093015, 3.140766689573729, 3.1406918612314474, 3.1397494410275155, 3.1407675249261873, 3.1395125500560233, 3.138213927871749, 3.126070304283075, 3.1362919322050495], "betas": [3.1415926730749346, 3.141592676146707, 3.1415926869637576, 3.141592692041014, 3.1415926884086356, 3.141592676082505, 3.1415926627242667, 3.1415926542548234, 3.1415926474412856, 3.1415926370680833, 3.141592636624129, 3.1415926427438716, 3.1415926484846692, 3.141592654612916, 3.141592663266884, 3.1415926725277594, 3.1415926728504493, 3.1415926665642324, 3.141592647947912, 3.141592619869479, 3.1415925916455203, 3.1415925610296433, 3.141592502916025, 3.1415923929888203, 3.14159226097314, 3.1415921194463308, 3.141592022176364, 3.141591899115812, 3.1415915868139215, 3.1415909936378523, 3.1415900676038238, 3.1415867217743476, 3.1415830802103315, 3.141581649761985, 3.141580656222616, 3.1415751554915645, 3.141568367037302, 3.1415673018177, 3.141567728559987, 3.141559071514861, 3.1415446299252383, 3.1415353170168956, 3.141515538754176, 3.1414913401760653, 3.1414452243890207, 3.141419225107415, 3.1413580915509214, 3.141293022987242, 3.141018645754209, 3.141030595695572, 3.1408683468263634, 3.1410381099939064, 3.140769697952537, 3.1409141720081766, 3.140115792430531, 3.140183435849287, 3.1400010178575997, 3.1405773181422783, 3.1306615301443106, 3.1296332615038405, 3.1403094811246643], "predicted_p_opt": 0.0759143536159235, "predicted_tts": 13.172739440809043, "p_opt": 0.07401272509432456, "tts": 13.511190119341814, "approx": 0.6913359752710763, "opt_gap": -0.30866402472892374, "th": -25.999000549316406}