{"N": 22, "edgelist": ["0 6 {}\n", "0 10 {}\n", "0 11 {}\n", "0 17 {}\n", "0 18 {}\n", "1 3 {}\n", "1 4 {}\n", "1 6 {}\n", "1 7 {}\n", "1 12 {}\n", "1 15 {}\n", "1 16 {}\n", "1 17 {}\n", "1 18 {}\n", "1 20 {}\n", "1 21 {}\n", "2 3 {}\n", "2 4 {}\n", "2 9 {}\n", "2 12 {}\n", "2 13 {}\n", "2 15 {}\n", "2 16 {}\n", "2 18 {}\n", "2 20 {}\n", "3 9 {}\n", "3 10 {}\n", "3 14 {}\n", "3 15 {}\n", "3 21 {}\n", "4 7 {}\n", "4 9 {}\n", "4 11 {}\n", "4 12 {}\n", "4 14 {}\n", "4 16 {}\n", "4 19 {}\n", "4 21 {}\n", "5 6 {}\n", "5 14 {}\n", "5 16 {}\n", "5 17 {}\n", "5 18 {}\n", "5 19 {}\n", "5 20 {}\n", "6 9 {}\n", "6 10 {}\n", "6 11 {}\n", "6 14 {}\n", "6 17 {}\n", "6 19 {}\n", "7 9 {}\n", "7 11 {}\n", "7 15 {}\n", "7 17 {}\n", "7 19 {}\n", "7 20 {}\n", "7 21 {}\n", "8 9 {}\n", "8 11 {}\n", "8 12 {}\n", "8 15 {}\n", "8 17 {}\n", "9 10 {}\n", "9 11 {}\n", "9 15 {}\n", "9 18 {}\n", "9 20 {}\n", "10 11 {}\n", "10 12 {}\n", "10 13 {}\n", "10 15 {}\n", "10 16 {}\n", "10 20 {}\n", "10 21 {}\n", "11 12 {}\n", "11 13 {}\n", "11 14 {}\n", "11 15 {}\n", "11 16 {}\n", "11 18 {}\n", "11 20 {}\n", "12 16 {}\n", "12 17 {}\n", "12 18 {}\n", "12 20 {}\n", "13 14 {}\n", "13 16 {}\n", "13 18 {}\n", "13 19 {}\n", "13 20 {}\n", "14 15 {}\n", "14 19 {}\n", "14 21 {}\n", "15 17 {}\n", "15 19 {}\n", "15 20 {}\n", "16 17 {}\n", "16 20 {}\n", "17 18 {}\n", "17 20 {}\n", "18 19 {}\n", "18 21 {}\n", "19 20 {}\n", "19 21 {}\n"], "opt_value": 94, "opt_count": 2, "feasible_count": 705432, "mean_value": 80.0, "std": 3.276712087636501, "level": 35, "gammas": [3.1415924783929428, 3.141592527264659, 3.141592590487881, 3.1415925950963093, 3.14159257298257, 3.1415925154648177, 3.141592488842174, 3.1415924948865515, 3.14159254752277, 3.141592587212308, 3.1415926025837537, 3.141592568048128, 3.1415925068037245, 3.1415924243156566, 3.1415922993233076, 3.141592220532193, 3.141592166599465, 3.141591770866044, 3.141591159256835, 3.1415907468143116, 3.1415907578218905, 3.141588853965491, 3.1415854596453037, 3.1415839296422363, 3.1415833446328785, 3.141570821117224, 3.141520743991354, 3.1415241349969927, 3.1415028907015348, 3.1415217233915285, 3.141353459439634, 3.1413730818397645, 3.140534225134027, 3.139290906857659, 3.141069609158327], "betas": [3.141592812907375, 3.141592745471133, 3.141592705322629, 3.141592720141917, 3.141592767028583, 3.1415928059705083, 3.141592814401079, 3.141592786232776, 3.141592737703607, 3.141592689709808, 3.141592658395612, 3.141592655668755, 3.141592649490039, 3.1415925943586727, 3.141592486837773, 3.141592387893381, 3.141592160508934, 3.1415915954445586, 3.141591103068898, 3.1415910052531646, 3.1415905504373915, 3.1415868572982415, 3.141584625478148, 3.1415827858049337, 3.1415838705831236, 3.1415468885299753, 3.1415133482683575, 3.141515366928375, 3.1415080888474374, 3.1415152866720026, 3.1411868268228016, 3.1414153850242936, 3.1393960312612754, 3.1401773390983396, 3.1414840937313455], "predicted_p_opt": 0.014291951598453147, "predicted_tts": 69.96945050585201, "p_opt": 0.01422401276455557, "tts": 70.30364894580752, "approx": 0.8531820157280401, "opt_gap": -0.1468179842719599, "th": -93.9990005493164}