{"N": 22, "edgelist": ["0 1 {}\n", "0 4 {}\n", "0 7 {}\n", "0 8 {}\n", "0 10 {}\n", "0 11 {}\n", "0 13 {}\n", "0 15 {}\n", "0 18 {}\n", "0 19 {}\n", "0 21 {}\n", "1 2 {}\n", "1 3 {}\n", "1 6 {}\n", "1 7 {}\n", "1 9 {}\n", "1 10 {}\n", "1 11 {}\n", "1 12 {}\n", "1 13 {}\n", "1 14 {}\n", "1 18 {}\n", "1 21 {}\n", "2 3 {}\n", "2 5 {}\n", "2 6 {}\n", "2 10 {}\n", "2 12 {}\n", "2 17 {}\n", "2 19 {}\n", "2 20 {}\n", "2 21 {}\n", "3 4 {}\n", "3 6 {}\n", "3 9 {}\n", "3 10 {}\n", "3 12 {}\n", "3 17 {}\n", "4 5 {}\n", "4 6 {}\n", "4 7 {}\n", "4 10 {}\n", "4 11 {}\n", "4 12 {}\n", "4 14 {}\n", "4 15 {}\n", "4 17 {}\n", "4 19 {}\n", "5 7 {}\n", "5 11 {}\n", "5 12 {}\n", "5 16 {}\n", "5 18 {}\n", "5 21 {}\n", "6 7 {}\n", "6 14 {}\n", "6 16 {}\n", "6 17 {}\n", "6 18 {}\n", "7 9 {}\n", "7 13 {}\n", "7 16 {}\n", "7 20 {}\n", "8 12 {}\n", "8 14 {}\n", "8 15 {}\n", "8 16 {}\n", "8 17 {}\n", "8 18 {}\n", "8 19 {}\n", "8 21 {}\n", "9 10 {}\n", "9 11 {}\n", "9 12 {}\n", "9 14 {}\n", "9 15 {}\n", "9 17 {}\n", "9 18 {}\n", "9 20 {}\n", "9 21 {}\n", "10 11 {}\n", "10 14 {}\n", "10 15 {}\n", "10 16 {}\n", "10 18 {}\n", "11 13 {}\n", "11 15 {}\n", "11 17 {}\n", "11 18 {}\n", "12 15 {}\n", "12 21 {}\n", "13 14 {}\n", "13 17 {}\n", "13 19 {}\n", "13 20 {}\n", "13 21 {}\n", "14 18 {}\n", "14 19 {}\n", "14 20 {}\n", "14 21 {}\n", "15 17 {}\n", "15 20 {}\n", "15 21 {}\n", "16 17 {}\n", "16 20 {}\n", "16 21 {}\n", "17 18 {}\n", "17 21 {}\n", "18 21 {}\n", "19 21 {}\n"], "opt_value": 96, "opt_count": 1, "feasible_count": 705432, "mean_value": 83.80952380952381, "std": 2.9471211940026953, "level": 35, "gammas": [3.1415930667152305, 3.1415930469099376, 3.141593032897046, 3.1415929936370754, 3.1415929097767186, 3.1415928452257367, 3.141592822706671, 3.1415928508942645, 3.141592909957131, 3.1415929388852026, 3.1415929396817748, 3.1415928802774706, 3.1415927947483664, 3.1415927084594895, 3.141592660934302, 3.141592604467884, 3.1415924668021766, 3.1415920839962608, 3.1415915932959835, 3.1415916542349422, 3.1415920523030034, 3.141590111902065, 3.1415879574844214, 3.1415817865068965, 3.141571292239423, 3.1415603014759608, 3.141506237747407, 3.141518284273853, 3.1414616349514612, 3.141450122785674, 3.1411707942757734, 3.14123946805822, 3.140733835823001, 3.1397984652375603, 3.1411764246629055], "betas": [3.1415922657021085, 3.1415922590909715, 3.1415922858661682, 3.1415923572399556, 3.1415924359227163, 3.1415924811460014, 3.141592476628806, 3.141592429191885, 3.1415923755133237, 3.141592355821305, 3.141592376869826, 3.1415924303906864, 3.141592486464742, 3.1415925016763064, 3.1415923992719357, 3.141592130390258, 3.141591665353168, 3.1415910121316712, 3.141590807579145, 3.14159146447257, 3.1415913540602207, 3.1415884856821013, 3.1415859186079644, 3.141573793135515, 3.1415695236465786, 3.141534820902328, 3.1415027470061507, 3.1415001847893627, 3.1414502180805948, 3.141378352020104, 3.1410334012787646, 3.1413493183290915, 3.1398824352890795, 3.140478585058685, 3.1415045071222214], "predicted_p_opt": 0.0071459757992265735, "predicted_tts": 139.93890101170402, "p_opt": 0.0071289757690161945, "tts": 140.27260470517786, "approx": 0.873921094936962, "opt_gap": -0.12607890506303798, "th": -95.9990005493164}