{"edges": [[0, 3], [0, 4], [0, 6], [0, 8], [0, 10], [1, 3], [1, 4], [1, 8], [2, 3], [2, 5], [2, 6], [3, 5], [4, 8], [5, 6], [5, 10], [6, 9], [6, 10], [7, 10]], "num_nodes": 11, "num_colors": 3, "opt_value": 18, "opt_count": 48, "feasible_count": 177147, "mean_value": 12.0, "std": 2.0, "level": 44, "gammas": [-0.33349481326566155, -0.46603576453398143, -0.4671984047928567, -0.41922415414276715, -0.20971299674396943, -0.35560199524027897, -0.3583264943530182, -0.2506060098873997, -0.354400587552226, -0.3754252331889281, -0.35303206901836015, -0.3434751796946037, -0.5069992317990538, -0.39164856728902026, -0.4219894774434775, 5.97601774460832, 5.738674688631985, 5.861886863545315, 5.856102182773406, 5.794096507187795, 5.777848811110428, 5.790943770084838, 5.77083120390264, 5.786265467514293, 6.024310498570606, 5.512829479061294, 0.40935034995857195, 0.7929295423032873, 0.5365063375831005, 0.5100435701815565, 0.5196122277722257, 0.48834507994703186, 0.4477120651839975, 0.5131547026424108, 0.7071339200438308, 0.45653123643624033, 0.45428832217597104, 0.4172038659755407, 0.3557581545707525, 0.5280164864691199, 0.5325343849030718, 0.5031000594855893, 0.4987146408934919, 0.48086653915955746], "betas": [2.880622232394579, 2.634156481215456, 2.6123737455876204, 1.8334621517829923, 1.4157601212939908, 2.137135176888338, 1.5450876400671751, 1.5354249288634507, 2.008414678643121, 2.033025031961187, 1.8665924672719938, 2.30627088716537, -3.4710822432073765, 1.842033100253155, 1.9750062598651428, 2.5455927913772283, 2.9841270515195633, 3.0484007256886705, 2.8762948013716345, 2.7719298644715766, 2.7614440574109693, 2.7569808782477643, 2.811309802973889, 2.380413133403472, 2.268452750312203, 3.7882184373934527, -4.543234308773057, -3.1895582988308484, -2.891490127410853, -2.626086239463489, 3.8244337166888154, 4.116164260327424, 4.632583222805872, 4.335504718053627, 4.728324437299927, 4.9552732411586655, 3.901120958636379, 3.8440914516201206, 3.592110235711865, -2.9201119807057143, 3.5398690637022723, 3.673933663772392, 3.8166091368885517, 3.7974406376388834], "predicted_p_opt": 2.1462852884892207, "predicted_tts": 0.46592128519126375, "p_opt": 0.4052495381133623, "tts": 2.467615397306796, "approx": 0.9657439769670015, "opt_gap": -0.03425602303299846}