{"edges": [[0, 7], [0, 8], [0, 9], [1, 4], [1, 7], [1, 9], [1, 10], [2, 3], [2, 5], [2, 7], [2, 8], [3, 4], [3, 7], [4, 5], [4, 7], [4, 8], [4, 9], [4, 10], [5, 9], [5, 10], [6, 10], [8, 10]], "num_nodes": 11, "num_colors": 3, "opt_value": 22, "opt_count": 12, "feasible_count": 177147, "mean_value": 14.666666666666666, "std": 2.211083193570267, "level": 44, "gammas": [-0.1442408476162288, -0.25549515634637354, -0.30452789090365584, -0.2812927322958893, -0.26783709523740556, -0.25513420096373524, -0.2616476487086385, -0.29931304818808757, -0.2963192407368965, -0.24405711844878522, -0.2745262363221966, -0.3279605348802318, -0.3431486028255509, -0.12970647218024958, -0.3392946431226907, -0.45288071129927343, -0.021657914942090847, -0.3252223551815022, 0.5566248248799202, 0.456425944942253, 0.4014312899173977, 0.362050607302955, 0.3730384344172451, 0.38280548602052283, 0.38444454932760347, 0.40319342339076414, 0.4057276699012536, 0.46438210242934946, 1.0228571513441864, -1.2282866534081873, -0.45274581192859115, -0.40726226015763123, -0.3967202606630732, -0.38565192414354843, -0.3842620266383687, -0.39163949902162054, -0.39493880497349915, -0.3908898058572674, -0.35105056483494224, -0.39106976885481176, -0.5537076020543478, -0.25732049279708435, -0.7278531575354208, 5.582204115603344], "betas": [2.2106128170766604, 1.8111353385923694, 1.9983091310175025, 1.7860546430744195, 1.7204522888365186, 1.5859727461733764, 1.732517413311059, 1.8247169088432753, 1.6244236330172561, 1.4475836980561108, 1.7944125981305652, 1.980078294331995, 1.6803718098596578, 1.1723120015627426, 3.041073488099052, 2.5046727781337856, 1.9632856597936328, 0.6641352009943251, -3.6570464060913954, -2.81495157374538, -2.428093760766924, -2.294257771422715, -2.2605924150130927, -2.266669703688922, 3.921174589979439, -2.5480590595854893, 3.025792274746159, 1.3302274087718042, 2.929288620020777, -2.4549560773205115, 2.811395091543912, 2.4545355838282306, 2.325345464352592, 2.271873277301403, 2.2332558810033434, 2.179457222822252, 2.1599071964230805, 2.0355784888294446, 1.7334658960178362, 2.3181837227082625, 1.120300998431806, 1.334038451894516, 1.1553918204404434, 1.7680423818148934], "predicted_p_opt": 0.5365713221223052, "predicted_tts": 1.863685140765055, "p_opt": 0.06560080271263548, "tts": 15.24371590970469, "approx": 0.9461605684870219, "opt_gap": -0.0538394315129781}