{"edges": [[0, 1], [0, 2], [1, 3], [1, 4], [1, 10], [2, 5], [2, 6], [3, 6], [4, 7], [4, 8], [5, 6], [5, 7], [6, 8], [6, 9], [7, 9], [7, 10], [8, 10]], "num_nodes": 11, "num_colors": 3, "opt_value": 17, "opt_count": 168, "feasible_count": 177147, "mean_value": 11.333333333333334, "std": 1.9436506316151, "level": 23, "gammas": [0.44746331542374124, -0.7111904653624893, -0.4155480947402761, -0.4387003503884912, -0.4451932497195121, -0.4469833504765254, -0.44669321963250747, -0.4405802430934177, -0.42688871749636315, -0.4203611568884942, -0.43221372858271423, -0.416333420971315, -0.4356161012986655, -0.4382223343588173, -0.3894140785563243, -0.4145251015650579, -0.44948291728281586, -0.45397672376321424, -0.4533539360032697, -0.45463326444031, -0.45858040286741714, -0.46638365934839804, -0.4703520618105951], "betas": [-0.4663182673627245, 2.4565740591121803, 2.4383830285748664, 2.4131507668416083, 2.3918259480247963, 2.3715000211424817, 2.3347716623969736, 2.2600038020406816, 2.160501592020726, 2.1459869628782045, 2.1245025314618777, 2.120962750539919, 1.8853026331971696, 2.3473906469255366, 2.1864663489702365, 2.4065253382619094, 2.466599418684894, 2.4456670999169323, 2.434889885027528, 2.442868279125192, 2.479827681115599, 2.5588906798453186, 2.697276722948627], "predicted_p_opt": 2.0949381022540603, "predicted_tts": 0.4773410722369527, "p_opt": 0.7089010167866506, "tts": 1.4106341736295716, "approx": 0.9021958954002676, "opt_gap": -0.09780410459973243}