{"edges": [[7, 17], [7, 0], [7, 18], [17, 13], [17, 19], [12, 16], [12, 4], [12, 15], [16, 22], [16, 4], [4, 10], [3, 19], [3, 22], [3, 5], [19, 10], [14, 25], [14, 24], [14, 23], [25, 20], [25, 2], [22, 13], [1, 6], [1, 9], [1, 0], [6, 11], [6, 23], [2, 11], [2, 8], [11, 21], [9, 23], [9, 24], [8, 21], [8, 20], [21, 24], [13, 10], [20, 5], [15, 0], [15, 18], [5, 18]], "num_nodes": 26, "opt_value": 37, "opt_count": 4, "feasible_count": 67108864, "mean_value": 19.5, "std": 3.122498999199199, "level": 32, "gammas": [2.4579386711120605, 2.450488328933716, 2.4474875926971436, 2.4490842819213867, 2.4549193382263184, 2.4642748832702637, 2.476781129837036, 2.4917221069335938, 2.507723808288574, 2.5236246585845947, 2.538646936416626, 2.5521395206451416, 2.563535690307617, 2.5723326206207275, 2.5781421661376953, 2.580707550048828, 2.5799078941345215, 2.5757856369018555, 2.568521499633789, 2.5584349632263184, 2.5459606647491455, 2.531611204147339, 2.5159718990325928, 2.499715805053711, 2.4837899208068848, 2.4694886207580566, 2.45773983001709, 2.4491937160491943, 2.4443979263305664, 2.4438493251800537, 2.4474713802337646, 2.4556376934051514], "betas": [2.4531760215759277, 2.4480271339416504, 2.4474616050720215, 2.451504945755005, 2.459590196609497, 2.4710493087768555, 2.485182762145996, 2.5009098052978516, 2.516913414001465, 2.5323171615600586, 2.5464775562286377, 2.558809757232666, 2.568781852722168, 2.5759496688842773, 2.5799946784973145, 2.5807175636291504, 2.578077793121338, 2.5721778869628906, 2.5632731914520264, 2.5517449378967285, 2.538076877593994, 2.5228357315063477, 2.5066676139831543, 2.490405559539795, 2.475259780883789, 2.4625494480133057, 2.45281982421875, 2.44636607170105, 2.443790912628174, 2.4454104900360107, 2.4512197971343994, 2.4613025188446045], "predicted_p_opt": 0.0002518296241760254, "predicted_tts": 3970.938698224852, "p_opt": 9.19665958840783e-05, "tts": 10873.513261929105, "approx": 0.8231582155798703, "opt_gap": -0.17684178442012966, "th": -29.981555069833906}