{"N": 18, "edgelist": ["0 2 {}\n", "0 6 {}\n", "0 12 {}\n", "0 14 {}\n", "0 15 {}\n", "0 17 {}\n", "1 3 {}\n", "1 6 {}\n", "1 7 {}\n", "1 12 {}\n", "1 13 {}\n", "2 3 {}\n", "2 7 {}\n", "2 8 {}\n", "2 12 {}\n", "2 13 {}\n", "2 15 {}\n", "3 6 {}\n", "3 8 {}\n", "3 11 {}\n", "3 14 {}\n", "3 17 {}\n", "4 6 {}\n", "4 7 {}\n", "4 10 {}\n", "4 11 {}\n", "4 12 {}\n", "4 16 {}\n", "5 9 {}\n", "5 12 {}\n", "5 16 {}\n", "5 17 {}\n", "6 7 {}\n", "6 8 {}\n", "6 9 {}\n", "6 10 {}\n", "6 13 {}\n", "6 15 {}\n", "6 17 {}\n", "7 10 {}\n", "7 11 {}\n", "7 13 {}\n", "7 15 {}\n", "7 16 {}\n", "8 9 {}\n", "8 10 {}\n", "8 13 {}\n", "8 15 {}\n", "8 17 {}\n", "9 12 {}\n", "9 15 {}\n", "9 17 {}\n", "10 11 {}\n", "10 13 {}\n", "10 14 {}\n", "10 15 {}\n", "11 15 {}\n", "11 17 {}\n", "13 14 {}\n", "13 15 {}\n", "13 17 {}\n", "14 17 {}\n"], "opt_value": 56, "opt_count": 8, "feasible_count": 48620, "mean_value": 47.411764705882355, "std": 2.652608561384585, "level": 49, "gammas": [-0.18161022663116455, -0.2914661467075348, -0.3056865334510803, -0.31013381481170654, -0.3120875060558319, -0.3135543465614319, -0.31531819701194763, -0.31630879640579224, -0.31663578748703003, -0.31621238589286804, -0.3159443736076355, -0.31629496812820435, -0.3170161843299866, -0.3176965117454529, -0.31858566403388977, -0.31969746947288513, -0.317393958568573, -0.3189711272716522, -0.3314492404460907, -0.34760528802871704, -0.30633345246315, -0.3085178732872009, -0.31187018752098083, -0.3132173418998718, -0.3140625059604645, -0.31795886158943176, -0.3181813955307007, -0.3180435001850128, -0.31735724210739136, -0.3174556791782379, -0.3186224699020386, -0.3203118145465851, -0.32267090678215027, -0.32616913318634033, -0.33148622512817383, -0.33915314078330994, -0.38395458459854126, 0.20285490155220032, 0.3479510247707367, 0.33404141664505005, 0.3254532814025879, 0.3205978274345398, 0.31774890422821045, 0.31633439660072327, 0.3159033954143524, 0.3162150979042053, 0.31714487075805664, 0.318574458360672, 0.3159997761249542], "betas": [2.6734108924865723, 2.6066527366638184, 2.5893664360046387, 2.5867862701416016, 2.5901241302490234, 2.5987462997436523, 2.6103711128234863, 2.622316837310791, 2.626075506210327, 2.62662410736084, 2.6317789554595947, 2.6413676738739014, 2.6595091819763184, 2.681034803390503, 2.707597255706787, 2.739828109741211, 2.732485294342041, 2.372992515563965, 2.6479108333587646, 2.6288206577301025, 2.7001447677612305, 2.6600215435028076, 2.641918182373047, 2.6276609897613525, 2.5971131324768066, 2.637709856033325, 2.6464591026306152, 2.64115309715271, 2.636218309402466, 2.6414411067962646, 2.6549861431121826, 2.676543951034546, 2.705321788787842, 2.7598588466644287, 2.881906270980835, 3.2129337787628174, -1.2753809690475464, -3.8348886966705322, -2.9404778480529785, -2.7575230598449707, -2.6838784217834473, -2.6462130546569824, -2.6271004676818848, -2.6183598041534424, -2.619157552719116, -2.627547025680542, -2.6470327377319336, -2.6930999755859375, -2.8113508224487305], "predicted_p_opt": 1.6126696832579186, "predicted_tts": 0.6200897867564534, "p_opt": 0.7066619396209717, "tts": 1.415103805557102, "approx": 0.9600485563278198, "opt_gap": -0.039951443672180176}