{"N": 24, "edgelist": ["0 4 {}\n", "0 7 {}\n", "0 11 {}\n", "0 17 {}\n", "0 18 {}\n", "0 19 {}\n", "0 22 {}\n", "1 3 {}\n", "1 6 {}\n", "1 10 {}\n", "1 13 {}\n", "1 15 {}\n", "1 17 {}\n", "1 19 {}\n", "1 21 {}\n", "1 23 {}\n", "2 3 {}\n", "2 6 {}\n", "2 9 {}\n", "2 10 {}\n", "2 12 {}\n", "2 13 {}\n", "2 15 {}\n", "2 16 {}\n", "2 19 {}\n", "2 21 {}\n", "2 22 {}\n", "2 23 {}\n", "3 6 {}\n", "3 8 {}\n", "3 11 {}\n", "3 14 {}\n", "3 16 {}\n", "3 19 {}\n", "3 20 {}\n", "3 23 {}\n", "4 7 {}\n", "4 8 {}\n", "4 9 {}\n", "4 16 {}\n", "4 20 {}\n", "4 21 {}\n", "4 22 {}\n", "4 23 {}\n", "5 6 {}\n", "5 7 {}\n", "5 11 {}\n", "5 14 {}\n", "5 18 {}\n", "5 19 {}\n", "5 22 {}\n", "5 23 {}\n", "6 8 {}\n", "6 10 {}\n", "6 14 {}\n", "6 15 {}\n", "6 16 {}\n", "6 21 {}\n", "6 22 {}\n", "6 23 {}\n", "7 12 {}\n", "7 13 {}\n", "7 16 {}\n", "7 18 {}\n", "7 20 {}\n", "7 21 {}\n", "7 23 {}\n", "8 9 {}\n", "8 10 {}\n", "8 13 {}\n", "8 15 {}\n", "8 18 {}\n", "8 19 {}\n", "8 20 {}\n", "8 22 {}\n", "9 10 {}\n", "9 12 {}\n", "9 14 {}\n", "9 16 {}\n", "9 18 {}\n", "9 22 {}\n", "9 23 {}\n", "10 11 {}\n", "10 15 {}\n", "10 17 {}\n", "10 19 {}\n", "10 20 {}\n", "10 21 {}\n", "10 22 {}\n", "11 12 {}\n", "11 13 {}\n", "11 14 {}\n", "11 15 {}\n", "11 16 {}\n", "11 17 {}\n", "11 19 {}\n", "11 22 {}\n", "12 14 {}\n", "12 16 {}\n", "12 17 {}\n", "12 20 {}\n", "13 14 {}\n", "13 15 {}\n", "13 17 {}\n", "13 18 {}\n", "13 19 {}\n", "13 21 {}\n", "13 23 {}\n", "14 16 {}\n", "14 18 {}\n", "14 19 {}\n", "15 19 {}\n", "15 21 {}\n", "16 18 {}\n", "16 22 {}\n", "16 23 {}\n", "17 18 {}\n", "17 22 {}\n", "17 23 {}\n", "18 19 {}\n", "18 22 {}\n", "18 23 {}\n", "19 20 {}\n", "19 22 {}\n", "20 21 {}\n", "20 22 {}\n", "21 23 {}\n", "22 23 {}\n"], "opt_value": 111, "opt_count": 2, "feasible_count": 2704156, "mean_value": 97.3913043478261, "std": 3.276443142362824, "level": 23, "gammas": [3.1415852553324246, 3.141588337359914, 3.1415889740026253, 3.1415884188906795, 3.1415878306426697, 3.141587815459722, 3.1415883609295956, 3.1415889412852045, 3.1415889772934067, 3.141588249224631, 3.141587359493601, 3.1415867246527145, 3.1415877077270693, 3.1415870723863413, 3.1415834825851223, 3.141579954240032, 3.1415457991585054, 3.141550415400462, 3.141380003131111, 3.1413780715916237, 3.14144438222478, 3.1408765815279613, 3.1414286167130583], "betas": [3.1415981368341455, 3.1415964164176353, 3.141596537345011, 3.1415972253292015, 3.141597567428143, 3.1415972641217995, 3.1415966268295836, 3.1415962404203976, 3.1415964067380417, 3.1415971483189105, 3.141597485926951, 3.1415960567499086, 3.1415928326454474, 3.141586926886327, 3.1415912278455718, 3.141579093099218, 3.1415815791513486, 3.1414615886670187, 3.141308965239858, 3.1415949386262607, 3.14101548069918, 3.1411434616096012, 3.1415616752972677], "predicted_p_opt": 0.00163378148302095, "predicted_tts": 612.0769578995021, "p_opt": 0.0016328925754352088, "tts": 612.4101579269376, "approx": 0.8775992467143803, "opt_gap": -0.12240075328561972, "th": -110.9990005493164}