{"N": 24, "edgelist": ["0 2 {}\n", "0 5 {}\n", "0 6 {}\n", "0 9 {}\n", "0 17 {}\n", "0 18 {}\n", "0 19 {}\n", "0 20 {}\n", "0 21 {}\n", "0 23 {}\n", "1 2 {}\n", "1 3 {}\n", "1 5 {}\n", "1 8 {}\n", "1 9 {}\n", "1 11 {}\n", "1 13 {}\n", "1 14 {}\n", "1 15 {}\n", "1 16 {}\n", "1 18 {}\n", "1 21 {}\n", "2 3 {}\n", "2 7 {}\n", "2 9 {}\n", "2 10 {}\n", "2 11 {}\n", "2 12 {}\n", "2 13 {}\n", "2 14 {}\n", "2 17 {}\n", "2 18 {}\n", "2 22 {}\n", "3 7 {}\n", "3 9 {}\n", "3 10 {}\n", "3 11 {}\n", "3 12 {}\n", "3 13 {}\n", "3 15 {}\n", "3 16 {}\n", "3 19 {}\n", "3 22 {}\n", "3 23 {}\n", "4 5 {}\n", "4 8 {}\n", "4 12 {}\n", "4 14 {}\n", "4 22 {}\n", "4 23 {}\n", "5 6 {}\n", "5 7 {}\n", "5 8 {}\n", "5 9 {}\n", "5 10 {}\n", "5 11 {}\n", "5 12 {}\n", "5 16 {}\n", "5 17 {}\n", "5 18 {}\n", "5 22 {}\n", "5 23 {}\n", "6 7 {}\n", "6 8 {}\n", "6 9 {}\n", "6 11 {}\n", "6 12 {}\n", "6 13 {}\n", "6 14 {}\n", "6 15 {}\n", "6 16 {}\n", "6 19 {}\n", "6 21 {}\n", "7 8 {}\n", "7 9 {}\n", "7 11 {}\n", "7 12 {}\n", "7 14 {}\n", "7 18 {}\n", "7 20 {}\n", "7 21 {}\n", "7 23 {}\n", "8 9 {}\n", "8 12 {}\n", "8 14 {}\n", "8 16 {}\n", "8 20 {}\n", "8 22 {}\n", "9 10 {}\n", "9 12 {}\n", "9 13 {}\n", "9 14 {}\n", "9 17 {}\n", "9 18 {}\n", "9 20 {}\n", "10 11 {}\n", "10 12 {}\n", "10 13 {}\n", "10 15 {}\n", "10 20 {}\n", "10 21 {}\n", "10 22 {}\n", "10 23 {}\n", "11 12 {}\n", "11 15 {}\n", "11 17 {}\n", "11 20 {}\n", "11 23 {}\n", "12 14 {}\n", "12 15 {}\n", "12 17 {}\n", "12 18 {}\n", "12 21 {}\n", "13 14 {}\n", "13 15 {}\n", "13 17 {}\n", "13 18 {}\n", "13 21 {}\n", "14 16 {}\n", "14 17 {}\n", "14 18 {}\n", "14 19 {}\n", "14 23 {}\n", "15 16 {}\n", "15 17 {}\n", "15 22 {}\n", "15 23 {}\n", "16 18 {}\n", "16 19 {}\n", "16 21 {}\n", "16 23 {}\n", "17 18 {}\n", "17 19 {}\n", "17 20 {}\n", "18 19 {}\n", "18 22 {}\n", "19 20 {}\n", "19 21 {}\n", "19 22 {}\n", "19 23 {}\n", "20 23 {}\n", "21 22 {}\n", "22 23 {}\n"], "opt_value": 123, "opt_count": 5, "feasible_count": 2704156, "mean_value": 108.80434782608695, "std": 3.265038742621327, "level": 23, "gammas": [3.1415933803653346, 3.14159203597827, 3.141592034229855, 3.1415924560916704, 3.1415926000357692, 3.141592414033906, 3.1415921984341986, 3.1415922174107402, 3.141592380592237, 3.141592291200271, 3.1415918331513715, 3.1415913491726735, 3.141591716761846, 3.141590328656952, 3.1415869095446354, 3.141580639742064, 3.141582771439657, 3.1415819925303636, 3.14147143799672, 3.141625622518007, 3.1407981695004255, 3.140783104183489, 3.141479179781718], "betas": [3.1415928157917064, 3.1415933918158485, 3.141593059503726, 3.1415927205726035, 3.1415927662611516, 3.1415930215304906, 3.1415931352853397, 3.141593008509583, 3.14159288427526, 3.1415930613373835, 3.141593156348284, 3.1415925674177334, 3.1415906265205047, 3.1415881977294284, 3.1415899460077243, 3.141580847995472, 3.1415769247693364, 3.1415471677658586, 3.141532281213062, 3.1413563227608954, 3.140533972132322, 3.1412080165079255, 3.141573739464329], "predicted_p_opt": 0.004084453707552375, "predicted_tts": 244.8307831598008, "p_opt": 0.0040788987332473926, "tts": 245.16421352874715, "approx": 0.8850587393909953, "opt_gap": -0.11494126060900467, "th": -122.9990005493164}