{"N": 20, "edgelist": ["0 1 {}\n", "0 2 {}\n", "0 4 {}\n", "0 5 {}\n", "0 6 {}\n", "0 8 {}\n", "0 9 {}\n", "0 11 {}\n", "0 13 {}\n", "0 14 {}\n", "0 16 {}\n", "1 2 {}\n", "1 7 {}\n", "1 10 {}\n", "1 12 {}\n", "1 14 {}\n", "1 15 {}\n", "1 17 {}\n", "2 4 {}\n", "2 5 {}\n", "2 6 {}\n", "2 8 {}\n", "2 10 {}\n", "2 12 {}\n", "2 14 {}\n", "2 15 {}\n", "2 16 {}\n", "2 18 {}\n", "3 5 {}\n", "3 8 {}\n", "3 9 {}\n", "3 12 {}\n", "3 13 {}\n", "3 15 {}\n", "3 16 {}\n", "3 18 {}\n", "3 19 {}\n", "4 7 {}\n", "4 9 {}\n", "4 10 {}\n", "4 11 {}\n", "4 13 {}\n", "4 14 {}\n", "4 15 {}\n", "4 18 {}\n", "5 6 {}\n", "5 7 {}\n", "5 8 {}\n", "5 12 {}\n", "5 13 {}\n", "5 14 {}\n", "5 15 {}\n", "6 7 {}\n", "6 10 {}\n", "6 11 {}\n", "6 17 {}\n", "6 18 {}\n", "6 19 {}\n", "7 8 {}\n", "7 9 {}\n", "7 10 {}\n", "7 12 {}\n", "7 13 {}\n", "7 14 {}\n", "7 16 {}\n", "7 17 {}\n", "7 18 {}\n", "8 12 {}\n", "8 13 {}\n", "8 15 {}\n", "8 17 {}\n", "8 19 {}\n", "9 10 {}\n", "9 14 {}\n", "9 16 {}\n", "9 19 {}\n", "10 13 {}\n", "10 17 {}\n", "10 19 {}\n", "11 13 {}\n", "11 15 {}\n", "11 16 {}\n", "11 18 {}\n", "11 19 {}\n", "12 13 {}\n", "12 17 {}\n", "12 18 {}\n", "12 19 {}\n", "13 14 {}\n", "13 16 {}\n", "13 17 {}\n", "14 15 {}\n", "14 16 {}\n", "14 17 {}\n", "14 19 {}\n", "15 19 {}\n", "16 18 {}\n", "16 19 {}\n", "17 18 {}\n", "18 19 {}\n"], "opt_value": 86, "opt_count": 4, "feasible_count": 184756, "mean_value": 76.3157894736842, "std": 2.4034221433244563, "level": 35, "gammas": [3.141592718852114, 3.1415927358848967, 3.141592741769711, 3.1415927294550863, 3.1415927239004526, 3.141592721259104, 3.1415927185902093, 3.1415927186078494, 3.14159272241474, 3.1415927324219295, 3.141592742743883, 3.141592728698799, 3.1415927144732714, 3.1415926872951436, 3.141592618795745, 3.141592385203245, 3.1415920403198254, 3.141591545160252, 3.1415913337555152, 3.141591452332197, 3.14159137545848, 3.1415883793496278, 3.1415817343099874, 3.1415818823287904, 3.141584382323202, 3.141586146023508, 3.141566916898105, 3.1415597381782105, 3.141460282421956, 3.1414654902225245, 3.141277679220823, 3.141052587295222, 3.1408723944529986, 3.1393060879098504, 3.140969708331588], "betas": [3.1415925794133903, 3.141592572503991, 3.1415925753966594, 3.141592582087418, 3.1415925878127124, 3.1415925911599447, 3.1415925920999146, 3.1415925900347133, 3.141592582175664, 3.1415925701695318, 3.141592549104095, 3.1415925157208724, 3.141592487326293, 3.1415924675983007, 3.1415923668249137, 3.141592120655317, 3.1415917273974165, 3.1415912387932607, 3.141591160625406, 3.1415910357369086, 3.141590098867783, 3.141584529368099, 3.141580980298981, 3.1415839984286684, 3.141587240022514, 3.141575955175489, 3.1415578590104594, 3.1415282068963544, 3.141444949514379, 3.141451541948398, 3.140978991646384, 3.141360246183942, 3.1397166291554806, 3.1400330533305265, 3.1414549815153427], "predicted_p_opt": 0.10913853947909676, "predicted_tts": 9.162666137671097, "p_opt": 0.1052262043812834, "tts": 9.50333622579919, "approx": 0.8992399908366135, "opt_gap": -0.10076000916338645, "th": -85.9990005493164}