{"edges": [[0, 8], [0, 9], [0, 11], [0, 12], [0, 13], [0, 15], [1, 2], [1, 7], [1, 13], [2, 5], [2, 6], [2, 9], [2, 12], [2, 14], [3, 5], [3, 6], [4, 8], [4, 10], [4, 12], [4, 13], [4, 15], [5, 9], [6, 8], [6, 9], [6, 10], [7, 12], [7, 14], [7, 15], [8, 11], [9, 12], [10, 13], [11, 15], [12, 14], [12, 15]], "num_nodes": 16, "num_colors": 3, "opt_value": 34, "opt_count": 12, "feasible_count": 43046721, "mean_value": 22.666666666666668, "std": 2.748737083745107, "level": 97, "gammas": [0.12570922076702118, 0.20540006458759308, 0.2071104794740677, 0.2114313393831253, 0.22014263272285461, 0.20218582451343536, 0.22396168112754822, 0.19672733545303345, 0.1943877637386322, 0.19804070889949799, 0.1967763602733612, 0.1932622641324997, 0.18994496762752533, 0.18853402137756348, 0.18570131063461304, 0.18307287991046906, 0.18097783625125885, 0.17741447687149048, 0.17495931684970856, 0.17338557541370392, 0.17072482407093048, 0.16848352551460266, 0.16748793423175812, 0.16534197330474854, 0.16280962526798248, 0.16158930957317352, 0.15975427627563477, 0.1590014547109604, 0.15837092697620392, 0.15186801552772522, 0.1435287892818451, 0.16139636933803558, 0.1672855168581009, 0.14869557321071625, 0.1604563593864441, 0.14619946479797363, 0.1576036959886551, 0.14596965909004211, 0.14868351817131042, 0.10326778143644333, 0.1502266526222229, -0.12099616229534149, -0.05159681662917137, -0.15196624398231506, -0.162809818983078, -0.170538529753685, -0.16585810482501984, -0.17307597398757935, -0.1659686267375946, -0.17134009301662445, -0.16922223567962646, -0.16442649066448212, -0.16519781947135925, -0.1669546216726303, -0.16761809587478638, -0.16793039441108704, -0.16936305165290833, -0.17007867991924286, -0.16955655813217163, -0.171133890748024, -0.17260615527629852, -0.17215681076049805, -0.1731124222278595, -0.17486223578453064, -0.17482158541679382, -0.17574410140514374, -0.1782311648130417, -0.17830948531627655, -0.18053551018238068, -0.18187323212623596, -0.18348544836044312, -0.1836230754852295, -0.1889267861843109, -0.1841856837272644, -0.17519517242908478, -0.20982493460178375, -0.202719584107399, -0.20218031108379364, -0.19343270361423492, -0.1990143209695816, -0.2060868740081787, -0.21556563675403595, -0.21727322041988373, -0.22115235030651093, -0.22451132535934448, -0.22613878548145294, -0.22873878479003906, -0.23212628066539764, -0.2351084202528, -0.23819027841091156, -0.24031056463718414, -0.2425638884305954, -0.2442139834165573, -0.2462189942598343, -0.2483498901128769, -0.2511310577392578, -0.2489810436964035], "betas": [-2.605055332183838, -2.387050151824951, -2.2845492362976074, -2.328101634979248, -2.2133631706237793, -2.0575673580169678, -2.265336275100708, -2.317969560623169, -2.170114040374756, -2.1747946739196777, -2.1423025131225586, -2.089148759841919, -2.061286449432373, -2.0347282886505127, -2.0072169303894043, -1.97976553440094, -1.9450167417526245, -1.9155312776565552, -1.890863060951233, -1.8653793334960938, -1.8416082859039307, -1.8222228288650513, -1.8013827800750732, -1.7795658111572266, -1.7618322372436523, -1.7448123693466187, -1.727622151374817, -1.70893394947052, -1.6936240196228027, -1.6897095441818237, -1.676544189453125, -1.6343775987625122, -1.6250797510147095, -1.6263362169265747, -1.613274097442627, -1.6230003833770752, -1.6184145212173462, -1.6248306035995483, -1.5604395866394043, -0.8735183477401733, 1.319455862045288, 1.7115073204040527, 1.8090537786483765, 1.7634069919586182, 1.7892667055130005, 1.7688357830047607, 1.7746186256408691, 1.7717926502227783, 1.7759158611297607, 1.7864148616790771, 1.8066145181655884, 1.813245177268982, 1.8175135850906372, 1.8221355676651, 1.8266937732696533, 1.8331607580184937, 1.8388453722000122, 1.8429811000823975, 1.8501489162445068, 1.8599332571029663, 1.8685071468353271, 1.8758615255355835, 1.885504961013794, 1.8980364799499512, 1.9090800285339355, 1.9205721616744995, 1.9375693798065186, 1.947929859161377, 1.965834379196167, 1.9809882640838623, 2.006108283996582, 2.0187876224517822, 2.039720058441162, 2.079866886138916, 2.101346015930176, 2.0951082706451416, 2.1444427967071533, 2.176650047302246, 2.237445116043091, 2.284494400024414, 2.3315253257751465, 2.3546934127807617, 2.396422863006592, 2.4410696029663086, 2.4806907176971436, 2.52249813079834, 2.5626349449157715, 2.60090970993042, 2.6359291076660156, 2.666247606277466, 2.693763017654419, 2.7176315784454346, 2.7408249378204346, 2.7623138427734375, 2.7905569076538086, 2.840353488922119, 2.950517177581787], "predicted_p_opt": 0.010600110517128588, "predicted_tts": 94.33863905325443, "p_opt": 0.006219015322897398, "tts": 160.79715969152923, "approx": 0.6537318977128016, "opt_gap": -0.3462681022871984}