{"N": 24, "edgelist": ["0 2 {}\n", "0 5 {}\n", "0 6 {}\n", "0 10 {}\n", "0 12 {}\n", "0 16 {}\n", "0 21 {}\n", "0 22 {}\n", "1 3 {}\n", "1 7 {}\n", "1 8 {}\n", "1 10 {}\n", "1 11 {}\n", "1 13 {}\n", "1 15 {}\n", "1 17 {}\n", "1 18 {}\n", "1 22 {}\n", "2 6 {}\n", "2 7 {}\n", "2 13 {}\n", "2 14 {}\n", "2 15 {}\n", "2 16 {}\n", "2 22 {}\n", "3 4 {}\n", "3 5 {}\n", "3 6 {}\n", "3 11 {}\n", "3 17 {}\n", "3 18 {}\n", "3 22 {}\n", "4 6 {}\n", "4 7 {}\n", "4 10 {}\n", "4 12 {}\n", "4 18 {}\n", "4 20 {}\n", "4 21 {}\n", "4 23 {}\n", "5 6 {}\n", "5 7 {}\n", "5 14 {}\n", "5 17 {}\n", "5 18 {}\n", "5 22 {}\n", "6 8 {}\n", "6 12 {}\n", "6 17 {}\n", "6 19 {}\n", "6 20 {}\n", "6 22 {}\n", "7 8 {}\n", "7 12 {}\n", "7 15 {}\n", "7 16 {}\n", "7 20 {}\n", "7 21 {}\n", "7 23 {}\n", "8 10 {}\n", "8 11 {}\n", "8 12 {}\n", "8 15 {}\n", "8 17 {}\n", "8 18 {}\n", "8 20 {}\n", "8 21 {}\n", "8 22 {}\n", "8 23 {}\n", "9 10 {}\n", "9 11 {}\n", "9 14 {}\n", "9 16 {}\n", "9 18 {}\n", "9 20 {}\n", "9 22 {}\n", "9 23 {}\n", "10 14 {}\n", "10 16 {}\n", "10 18 {}\n", "10 19 {}\n", "10 20 {}\n", "10 22 {}\n", "10 23 {}\n", "11 13 {}\n", "11 14 {}\n", "11 15 {}\n", "11 16 {}\n", "11 18 {}\n", "11 19 {}\n", "11 20 {}\n", "11 22 {}\n", "11 23 {}\n", "12 13 {}\n", "12 14 {}\n", "12 17 {}\n", "12 20 {}\n", "12 21 {}\n", "12 23 {}\n", "13 17 {}\n", "13 18 {}\n", "13 19 {}\n", "13 21 {}\n", "13 22 {}\n", "14 15 {}\n", "14 16 {}\n", "14 17 {}\n", "14 22 {}\n", "14 23 {}\n", "15 16 {}\n", "15 18 {}\n", "15 19 {}\n", "15 20 {}\n", "15 22 {}\n", "16 18 {}\n", "16 19 {}\n", "16 21 {}\n", "16 22 {}\n", "16 23 {}\n", "17 18 {}\n", "17 20 {}\n", "17 23 {}\n", "18 19 {}\n", "18 22 {}\n", "19 21 {}\n", "20 22 {}\n", "21 22 {}\n", "21 23 {}\n", "22 23 {}\n"], "opt_value": 114, "opt_count": 2, "feasible_count": 2704156, "mean_value": 98.15217391304348, "std": 3.612239149283669, "level": 31, "gammas": [3.1413304805755615, 3.1410086154937744, 3.1404569149017334, 3.1396663188934326, 3.1386771202087402, 3.137601137161255, 3.1366195678710938, 3.135918617248535, 3.135608673095703, 3.1356923580169678, 3.136075258255005, 3.1366262435913086, 3.1372005939483643, 3.1376752853393555, 3.1379640102386475, 3.1380233764648438, 3.137833833694458, 3.1374008655548096, 3.136770009994507, 3.1360435485839844, 3.135371208190918, 3.134925127029419, 3.13484787940979, 3.1352081298828125, 3.135967493057251, 3.1369972229003906, 3.138129472732544, 3.1392126083374023, 3.1401236057281494, 3.1407902240753174, 3.14121413230896], "betas": [3.141169548034668, 3.140737771987915, 3.1400654315948486, 3.1391637325286865, 3.138113021850586, 3.1370596885681152, 3.136194944381714, 3.1356780529022217, 3.1355674266815186, 3.1358108520507812, 3.13629412651062, 3.136873245239258, 3.1374099254608154, 3.1378002166748047, 3.13797926902771, 3.1379165649414062, 3.137603759765625, 3.13706374168396, 3.1363697052001953, 3.135648727416992, 3.135068655014038, 3.1347899436950684, 3.1349287033081055, 3.135500192642212, 3.136415719985962, 3.1375207901000977, 3.1386494636535645, 3.139662742614746, 3.1404638290405273, 3.1410090923309326, 3.141336441040039], "predicted_p_opt": 0.002935481532870145, "predicted_tts": 340.6596119929454, "p_opt": 0.001525518781706796, "tts": 655.5147088265737, "approx": 0.9631165331292424, "opt_gap": -0.03688346687075761, "th": -109.9514001146474}