{"edges": [[16, 20], [16, 12], [16, 5], [20, 2], [20, 14], [4, 9], [4, 6], [4, 17], [9, 14], [9, 1], [12, 15], [12, 17], [6, 14], [6, 17], [5, 10], [5, 21], [10, 8], [10, 19], [3, 19], [3, 1], [3, 2], [19, 13], [0, 8], [0, 7], [0, 13], [8, 15], [15, 18], [1, 18], [18, 2], [7, 21], [7, 11], [21, 11], [11, 13]], "num_nodes": 22, "opt_value": 30, "opt_count": 2, "feasible_count": 4194304, "mean_value": 16.5, "std": 2.8722813232690143, "level": 33, "gammas": [-0.21976606275353622, -0.2856904466541724, -0.27619029404576767, -0.2692708077400325, -0.2610990286921324, -0.251238786532772, -0.2469694234127271, -0.26010792937850774, -0.27345858493769254, -0.2794110280311249, -0.2692334618627497, -0.27760091702918355, -0.2806831185296537, -0.27273093023676576, -0.2762754404178441, -0.27796501291136416, -0.2797191916547771, -0.28178420763004697, -0.2839227872645485, -0.27851890187621225, -0.33317130491409325, -0.2963476594289332, -0.3052465431270637, -0.3081020738378388, -0.3003592098847352, 5.991145738676179, 5.993663370970171, 5.991752636234948, 5.3598022674450965, 5.999554746992192, 0.9100790360775831, 5.971358020228413, 5.979925097417238], "betas": [2.5567802234365296, 2.508092094683265, 2.352303205310022, 2.2282688453754984, 2.1117320552747962, 2.0098731157006213, 1.9997160715169757, 2.0831578939077504, 1.9692681396065523, 2.5649171786774945, 2.0058842750769896, 1.9491459198564467, 2.0392203587209305, 2.0569629791705295, 2.0413976192644814, 2.036088858465927, 2.0289588338258113, 2.024323402351305, 2.033990099341586, 1.941486215092967, 1.4588990323040014, 3.026248521345276, 3.0375333252572285, 2.7860547941576095, 2.6068781009865014, 2.5132352772651347, 2.4760557542272905, 2.4729983177214256, 2.639338310025233, 2.814956425352678, 2.5082121425806063, 2.638827168750196, 2.743155958806388], "predicted_p_opt": 0.002140522003173828, "predicted_tts": 467.175762976164, "p_opt": 2.59457142179819e-06, "tts": 385420.1089237857, "approx": 0.8367706961412167, "opt_gap": -0.16322930385878331}