{"edges": [[0, 4], [0, 5], [0, 7], [0, 9], [0, 12], [0, 16], [1, 7], [1, 10], [1, 13], [2, 10], [3, 9], [3, 14], [3, 15], [3, 16], [4, 5], [4, 9], [4, 12], [4, 16], [5, 8], [5, 10], [5, 13], [5, 14], [6, 12], [7, 12], [8, 9], [8, 14], [8, 16], [9, 10], [9, 11], [10, 12], [11, 12], [11, 14], [11, 16], [12, 13], [13, 15]], "num_nodes": 17, "num_colors": 3, "distribution": [[0, 3], [5, 336], [2, 18], [7, 1260], [4, 126], [9, 6078], [6, 660], [11, 24456], [10, 12222], [8, 2808], [13, 101724], [14, 201186], [12, 50478], [16, 784494], [18, 2772816], [15, 399774], [19, 4890480], [20, 8065830], [17, 1499598], [21, 12145122], [22, 16258350], [23, 18963954], [24, 19061394], [25, 16388160], [26, 12103452], [27, 7713492], [28, 4269132], [29, 2067258], [30, 878412], [3, 36], [31, 328176], [32, 110904], [1, 12], [33, 31578], [34, 6024], [35, 360]], "opt_value": 35, "opt_count": 360, "feasible_count": 129140163, "mean_value": 23.333333333333332, "std": 2.788866755113585, "level": 5, "gammas": [0.1448432058095932, 0.26805517077445984, 0.29724743962287903, 0.31960344314575195, 0.3579089641571045], "betas": [2.1213324069976807, 1.6979196071624756, 1.5134745836257935, 1.3839969635009766, 1.173600673675537], "predicted_p_opt": 0.0003373079217810806, "predicted_tts": 2964.65020661157, "p_opt": 2.3834894818719476e-05, "tts": 41955.293178580294, "approx": 0.8070253729820251, "opt_gap": -0.19297462701797485}