{"N": 22, "edgelist": ["0 4 {}\n", "0 7 {}\n", "0 11 {}\n", "0 17 {}\n", "0 18 {}\n", "0 19 {}\n", "1 3 {}\n", "1 6 {}\n", "1 10 {}\n", "1 13 {}\n", "1 15 {}\n", "1 17 {}\n", "1 19 {}\n", "1 21 {}\n", "2 3 {}\n", "2 6 {}\n", "2 9 {}\n", "2 10 {}\n", "2 12 {}\n", "2 13 {}\n", "2 15 {}\n", "2 16 {}\n", "2 19 {}\n", "2 21 {}\n", "3 6 {}\n", "3 8 {}\n", "3 11 {}\n", "3 14 {}\n", "3 16 {}\n", "3 19 {}\n", "3 20 {}\n", "4 7 {}\n", "4 8 {}\n", "4 9 {}\n", "4 16 {}\n", "4 20 {}\n", "4 21 {}\n", "5 6 {}\n", "5 7 {}\n", "5 11 {}\n", "5 14 {}\n", "5 18 {}\n", "5 19 {}\n", "6 8 {}\n", "6 10 {}\n", "6 14 {}\n", "6 15 {}\n", "6 16 {}\n", "6 21 {}\n", "7 12 {}\n", "7 13 {}\n", "7 16 {}\n", "7 18 {}\n", "7 20 {}\n", "7 21 {}\n", "8 9 {}\n", "8 10 {}\n", "8 13 {}\n", "8 15 {}\n", "8 18 {}\n", "8 19 {}\n", "8 20 {}\n", "9 10 {}\n", "9 12 {}\n", "9 14 {}\n", "9 16 {}\n", "9 18 {}\n", "10 11 {}\n", "10 15 {}\n", "10 17 {}\n", "10 19 {}\n", "10 20 {}\n", "10 21 {}\n", "11 12 {}\n", "11 13 {}\n", "11 14 {}\n", "11 15 {}\n", "11 16 {}\n", "11 17 {}\n", "11 19 {}\n", "12 14 {}\n", "12 16 {}\n", "12 17 {}\n", "12 20 {}\n", "13 14 {}\n", "13 15 {}\n", "13 17 {}\n", "13 18 {}\n", "13 19 {}\n", "13 21 {}\n", "14 16 {}\n", "14 18 {}\n", "14 19 {}\n", "15 19 {}\n", "15 21 {}\n", "16 18 {}\n", "17 18 {}\n", "18 19 {}\n", "19 20 {}\n", "20 21 {}\n"], "opt_value": 87, "opt_count": 9, "feasible_count": 705432, "mean_value": 76.19047619047619, "std": 2.804857856076044, "level": 13, "gammas": [3.1415476059181344, 3.141576574708437, 3.1415752285279988, 3.141588624489595, 3.141606365776893, 3.1416074182563793, 3.14160510128871, 3.1415750450584445, 3.14152279765199, 3.141643837081766, 3.1413538400377488, 3.141583644694904, 3.1416058168987293], "betas": [3.1416135015248785, 3.1416100945980507, 3.141605574952944, 3.1415864388081403, 3.141574470167877, 3.141580089547818, 3.141598696891711, 3.1415789385228283, 3.141569304619986, 3.1415108051857876, 3.1414354605183097, 3.141629609796674, 3.1415975531214104], "predicted_p_opt": 0.009300683836287552, "predicted_tts": 107.51897576588934, "p_opt": 0.009271926496021349, "tts": 107.85245120624147, "approx": 0.8769031758284614, "opt_gap": -0.12309682417153855, "th": -86.9990005493164}