{"edges": [[0, 7], [1, 4], [1, 6], [1, 7], [1, 8], [1, 10], [2, 3], [2, 5], [2, 6], [2, 7], [2, 9], [4, 5], [4, 6], [5, 10], [6, 7], [7, 8], [7, 9], [8, 10]], "num_nodes": 11, "num_colors": 3, "opt_value": 18, "opt_count": 24, "feasible_count": 177147, "mean_value": 12.0, "std": 2.0, "level": 41, "gammas": [2.9185009002685547, 2.559669017791748, 2.306772470474243, 2.188814163208008, 2.182082176208496, 2.2871127128601074, 2.544386625289917, 2.9465489387512207, 3.0313949584960938, 2.6884524822235107, 2.35247802734375, 2.1964313983917236, 2.1592915058135986, 2.2229363918304443, 2.412324905395508, 2.7498326301574707, 4.116569684014212, 4.116569684014212, 4.116569684014212, 4.116569684014212, 4.116569684014212, 4.116569684014212, 4.116569684014212, 4.116569684014212, 4.116569684014212, 4.116569684014212, 4.116569684014212, 4.116569684014212, 4.116569684014212, 4.116569684014212, 4.116569684014212, 4.116569684014212, 4.116569684014212, 4.116569684014212, 4.116569684014212, 4.116569684014212, 4.116569684014212, 4.116569684014212, 4.116569684014212, 4.116569684014212, 4.116569684014212], "betas": [2.7485477924346924, 2.414685010910034, 2.2331058979034424, 2.1728553771972656, 2.2206804752349854, 2.393118143081665, 2.7534782886505127, 3.051072120666504, 2.893393039703369, 2.4890804290771484, 2.2563533782958984, 2.164367198944092, 2.177159309387207, 2.300149440765381, 2.5592257976531982, 2.921311616897583, 0.0, 0.0, 0.0, 0.0, 0.0, 0.0, 0.0, 0.0, 0.0, 0.0, 0.0, 0.0, 0.0, 0.0, 0.0, 0.0, 0.0, 0.0, 0.0, 0.0, 0.0, 0.0, 0.0, 0.0, 0.0], "predicted_p_opt": 0.93332655929821, "predicted_tts": 1.071436347800842, "p_opt": 0.05263165152319285, "tts": 18.99997380016351, "approx": 0.9473697394752669, "opt_gap": -0.052630260524733075, "th": -16.994278237131653}