{"edges": [[7, 17], [7, 12], [7, 15], [17, 1], [17, 5], [3, 16], [3, 6], [3, 0], [16, 11], [16, 2], [4, 15], [4, 8], [4, 13], [15, 13], [2, 5], [2, 10], [5, 12], [6, 11], [6, 14], [11, 10], [14, 8], [14, 1], [8, 10], [12, 9], [0, 1], [0, 9], [9, 13]], "num_nodes": 18, "opt_value": 24, "opt_count": 2, "feasible_count": 262144, "mean_value": 13.5, "std": 2.598076211353316, "level": 11, "gammas": [0.13751815259456635, 0.27320268750190735, 0.3066616356372833, 0.31716474890708923, 0.3225727081298828, 0.3271748423576355, 0.33218467235565186, 0.3396681845188141, 0.3513038158416748, 0.3696681559085846, 0.4004099667072296], "betas": [-2.498359441757202, -2.2023489475250244, -2.0617570877075195, -1.983055830001831, -1.9240672588348389, -1.8651773929595947, -1.8015896081924438, -1.7402725219726562, -1.6677972078323364, -1.5429638624191284, -1.2593016624450684], "predicted_p_opt": 0.00403594970703125, "predicted_tts": 247.77315689981097, "p_opt": 0.00011228277435293421, "tts": 8906.085601846084, "approx": 0.8179650902748108, "opt_gap": -0.1820349097251892}