{"N": 22, "edgelist": ["0 3 {}\n", "0 4 {}\n", "0 7 {}\n", "0 8 {}\n", "0 15 {}\n", "0 16 {}\n", "0 18 {}\n", "0 21 {}\n", "1 3 {}\n", "1 4 {}\n", "1 6 {}\n", "1 9 {}\n", "1 13 {}\n", "1 14 {}\n", "1 15 {}\n", "1 19 {}\n", "1 20 {}\n", "1 21 {}\n", "2 5 {}\n", "2 6 {}\n", "2 10 {}\n", "2 12 {}\n", "2 13 {}\n", "2 15 {}\n", "2 19 {}\n", "2 21 {}\n", "3 5 {}\n", "3 9 {}\n", "3 10 {}\n", "3 12 {}\n", "3 13 {}\n", "3 16 {}\n", "3 20 {}\n", "4 5 {}\n", "4 7 {}\n", "4 10 {}\n", "4 12 {}\n", "4 16 {}\n", "4 17 {}\n", "4 18 {}\n", "4 21 {}\n", "5 9 {}\n", "5 12 {}\n", "5 16 {}\n", "5 17 {}\n", "5 19 {}\n", "6 7 {}\n", "6 11 {}\n", "6 12 {}\n", "6 15 {}\n", "6 17 {}\n", "6 18 {}\n", "6 21 {}\n", "7 8 {}\n", "7 9 {}\n", "7 11 {}\n", "7 12 {}\n", "7 14 {}\n", "7 15 {}\n", "7 17 {}\n", "7 18 {}\n", "7 20 {}\n", "7 21 {}\n", "8 11 {}\n", "8 14 {}\n", "8 15 {}\n", "8 16 {}\n", "8 17 {}\n", "8 18 {}\n", "8 19 {}\n", "8 21 {}\n", "9 11 {}\n", "9 13 {}\n", "9 16 {}\n", "9 18 {}\n", "10 14 {}\n", "10 16 {}\n", "10 18 {}\n", "10 19 {}\n", "10 20 {}\n", "10 21 {}\n", "11 12 {}\n", "11 13 {}\n", "11 14 {}\n", "11 15 {}\n", "11 17 {}\n", "11 18 {}\n", "11 21 {}\n", "12 13 {}\n", "12 14 {}\n", "12 16 {}\n", "12 19 {}\n", "12 20 {}\n", "12 21 {}\n", "13 14 {}\n", "13 16 {}\n", "13 19 {}\n", "13 20 {}\n", "14 16 {}\n", "14 17 {}\n", "14 18 {}\n", "14 19 {}\n", "15 16 {}\n", "15 21 {}\n", "16 18 {}\n", "16 21 {}\n", "17 18 {}\n", "17 19 {}\n", "17 21 {}\n", "18 20 {}\n", "19 20 {}\n", "19 21 {}\n"], "opt_value": 98, "opt_count": 1, "feasible_count": 705432, "mean_value": 85.33333333333333, "std": 2.919198686127648, "level": 11, "gammas": [0.12239257991313934, 0.24342091381549835, 0.2718103528022766, 0.27899661660194397, 0.28211432695388794, 0.2857951819896698, 0.2918255627155304, 0.3003963530063629, 0.31230393052101135, 0.3302628695964813, 0.36011144518852234], "betas": [-2.530726194381714, -2.2379488945007324, -2.091008424758911, -2.0043654441833496, -1.9450825452804565, -1.8983303308486938, -1.8536067008972168, -1.7973436117172241, -1.7151097059249878, -1.5751235485076904, -1.262243628501892], "predicted_p_opt": 0.000749895099740301, "predicted_tts": 1333.5198487712667, "p_opt": 1.6610592865617946e-05, "tts": 60202.54713905409, "approx": 0.9411416053771973, "opt_gap": -0.058858394622802734}