{"N": 18, "edgelist": ["0 1 {}\n", "0 7 {}\n", "0 11 {}\n", "0 13 {}\n", "0 16 {}\n", "0 17 {}\n", "1 3 {}\n", "1 4 {}\n", "1 5 {}\n", "1 7 {}\n", "1 9 {}\n", "1 11 {}\n", "1 13 {}\n", "1 15 {}\n", "1 16 {}\n", "2 4 {}\n", "2 8 {}\n", "2 11 {}\n", "2 13 {}\n", "2 14 {}\n", "2 16 {}\n", "3 5 {}\n", "3 7 {}\n", "3 11 {}\n", "3 12 {}\n", "4 5 {}\n", "4 6 {}\n", "4 7 {}\n", "4 8 {}\n", "4 9 {}\n", "4 11 {}\n", "4 12 {}\n", "4 13 {}\n", "4 14 {}\n", "4 16 {}\n", "5 6 {}\n", "5 9 {}\n", "5 10 {}\n", "5 11 {}\n", "5 12 {}\n", "5 13 {}\n", "5 14 {}\n", "5 15 {}\n", "6 7 {}\n", "6 9 {}\n", "6 13 {}\n", "6 14 {}\n", "6 16 {}\n", "7 8 {}\n", "7 9 {}\n", "7 10 {}\n", "7 11 {}\n", "7 14 {}\n", "7 17 {}\n", "8 9 {}\n", "8 10 {}\n", "8 12 {}\n", "8 15 {}\n", "8 16 {}\n", "8 17 {}\n", "9 11 {}\n", "9 12 {}\n", "9 13 {}\n", "9 14 {}\n", "9 15 {}\n", "9 16 {}\n", "10 11 {}\n", "10 12 {}\n", "10 13 {}\n", "10 14 {}\n", "10 15 {}\n", "10 16 {}\n", "11 13 {}\n", "11 14 {}\n", "11 16 {}\n", "11 17 {}\n", "12 13 {}\n", "12 14 {}\n", "12 16 {}\n", "12 17 {}\n", "13 14 {}\n", "14 16 {}\n", "15 16 {}\n", "15 17 {}\n"], "opt_value": 76, "opt_count": 1, "feasible_count": 48620, "mean_value": 64.23529411764706, "std": 3.0770385259150395, "level": 10, "gammas": [1.788491129875183, 1.8332852125167847, 1.9107320308685303, 1.986048936843872, 2.029838800430298, 2.023247003555298, 1.9676460027694702, 1.8829848766326904, 1.79150390625, 1.760109305381775], "betas": [1.8087364435195923, 1.8923381567001343, 1.9704564809799194, 2.025113344192505, 2.0302977561950684, 1.9845865964889526, 1.9056780338287354, 1.823283314704895, 1.7740108966827393, 1.7696229219436646], "predicted_p_opt": 0.009070341423282599, "predicted_tts": 110.24943310657598, "p_opt": 0.0024096365863659768, "tts": 415.00033891339643, "approx": 0.9539949974672927, "opt_gap": -0.04600500253270734, "th": -71.99408665880591}