{"edges": [[3, 7], [3, 15], [3, 5], [7, 6], [7, 1], [4, 12], [4, 17], [4, 2], [12, 15], [12, 11], [8, 9], [8, 2], [8, 14], [9, 5], [9, 13], [2, 17], [10, 15], [10, 14], [10, 13], [0, 17], [0, 1], [0, 6], [5, 14], [1, 11], [13, 16], [11, 16], [16, 6]], "num_nodes": 18, "opt_value": 24, "opt_count": 2, "feasible_count": 262144, "mean_value": 13.5, "std": 2.598076211353316, "level": 40, "gammas": [0.22474849193004592, 0.3308238375365798, 0.22367877772941974, 0.2854135982160403, 0.2277696934547785, 0.24710985636133542, 0.29193017946639666, 0.318565121902847, 0.26012280539441085, 0.4143306296170059, 0.2691470308089372, 0.33205901745112115, 0.33204446198859605, 0.34911379037572976, 0.3545747752253299, 0.3587792594440287, 0.35452363877392457, 0.37548451396505644, 0.5783332028138412, 0.15891743379285425, 0.32325867334720615, 0.26548371947727667, 0.29086776051912594, 0.3095070242162019, 0.28649341116759597, 0.3727685731891576, 0.2360380298677522, 0.41187965217003214, 0.30577094946810734, 0.3391276907780708, 0.35247591036905346, 0.35255304164602613, 0.3494622404305717, 3.698985080547144, 5.964883189096746, 5.9562585133089705, 5.961805146128513, 5.956148669595379, 5.941625040538703, 5.939151449851785], "betas": [-1.451584041470929, -2.818689985260427, -2.057944280205189, -1.766144922669357, -1.9400677524346641, -2.064784286763368, -2.2282884689325697, -3.1471655130924794, -1.507922656973099, -2.2914466928656534, -2.2069721043823525, -2.145379019381953, -2.286415432787135, -2.2067921120281224, -2.1895148362524632, -1.9364974868034688, -2.1301566273699453, -1.237359371335174, -2.6827631105325187, -3.0331333167522154, -2.196829745499829, 3.857349851879603, 4.032038266009672, 3.9646240201108176, 3.4244822190864346, 3.732780974244209, 4.334094270075715, 4.175406393777626, 3.8854512757038364, 3.868371337941455, 3.814039480420744, 3.8596548509249606, 3.9100382472428667, 2.8757833141986797, 2.5919060266115297, 2.4547208274328662, 2.423318128479311, 2.378204015832817, 2.4113161550504936, 2.276757185305853], "predicted_p_opt": 0.05005645751953125, "predicted_tts": 19.97744246303917, "p_opt": 0.0005773935644031304, "tts": 1731.9209316676936, "approx": 0.8858519325319035, "opt_gap": -0.11414806746809647}