{"N": 18, "edgelist": ["0 1 {}\n", "0 5 {}\n", "0 9 {}\n", "0 14 {}\n", "0 15 {}\n", "0 17 {}\n", "1 2 {}\n", "1 3 {}\n", "1 4 {}\n", "1 5 {}\n", "1 6 {}\n", "1 7 {}\n", "1 10 {}\n", "1 12 {}\n", "1 13 {}\n", "1 14 {}\n", "2 4 {}\n", "2 6 {}\n", "2 8 {}\n", "2 11 {}\n", "2 14 {}\n", "2 16 {}\n", "3 4 {}\n", "3 5 {}\n", "3 6 {}\n", "3 7 {}\n", "3 9 {}\n", "3 13 {}\n", "3 17 {}\n", "4 5 {}\n", "4 6 {}\n", "4 7 {}\n", "4 10 {}\n", "4 11 {}\n", "4 12 {}\n", "4 14 {}\n", "4 17 {}\n", "5 7 {}\n", "5 8 {}\n", "5 9 {}\n", "5 10 {}\n", "5 11 {}\n", "5 13 {}\n", "5 14 {}\n", "5 15 {}\n", "5 16 {}\n", "6 7 {}\n", "6 11 {}\n", "6 13 {}\n", "6 14 {}\n", "6 15 {}\n", "7 11 {}\n", "7 14 {}\n", "7 16 {}\n", "7 17 {}\n", "8 10 {}\n", "8 11 {}\n", "8 13 {}\n", "8 14 {}\n", "8 15 {}\n", "8 16 {}\n", "8 17 {}\n", "9 10 {}\n", "9 11 {}\n", "9 13 {}\n", "9 14 {}\n", "9 16 {}\n", "10 13 {}\n", "10 14 {}\n", "10 17 {}\n", "11 12 {}\n", "11 13 {}\n", "11 14 {}\n", "11 17 {}\n", "12 14 {}\n", "12 15 {}\n", "12 16 {}\n", "13 15 {}\n", "14 15 {}\n"], "opt_value": 70, "opt_count": 4, "feasible_count": 48620, "mean_value": 60.411764705882355, "std": 2.820279992971323, "level": 91, "gammas": [0.16175368428230286, 0.2618268132209778, 0.2819842994213104, 0.28644880652427673, 0.2898443937301636, 0.29064592719078064, 0.29085955023765564, 0.2912733852863312, 0.2912353277206421, 0.29077252745628357, 0.2897321283817291, 0.28790947794914246, 0.2844215929508209, 0.27787190675735474, 0.2662161886692047, 0.2490391880273819, 0.23661069571971893, 0.23841902613639832, 0.21816492080688477, 0.20683994889259338, 0.22617483139038086, 0.27391359210014343, 0.20185081660747528, 0.22654001414775848, 0.21890820562839508, 0.22579139471054077, 0.2340085357427597, 0.23415711522102356, 0.23571301996707916, 0.23710837960243225, 0.23794333636760712, 0.23801983892917633, 0.23738038539886475, 0.23692774772644043, 0.23672917485237122, 0.23650619387626648, 0.2362377643585205, 0.23588941991329193, 0.23418840765953064, 0.23313884437084198, 0.2347475290298462, 0.23211491107940674, 0.22355008125305176, 0.22506318986415863, 0.22500303387641907, 0.17160630226135254, -0.1402873694896698, -0.15254740417003632, -0.22489765286445618, -0.2514095604419708, -0.25995296239852905, -0.25834715366363525, -0.25743862986564636, -0.2592962980270386, -0.2609124183654785, -0.2622494697570801, -0.2637331187725067, -0.2649175822734833, -0.2658681273460388, -0.2665291428565979, -0.26685139536857605, -0.2671651244163513, -0.2671559751033783, -0.2663285434246063, -0.26800480484962463, -0.27037766575813293, -0.2671123147010803, -0.2694321572780609, -0.2996443510055542, -0.2585335969924927, -0.2689582407474518, -0.2774692475795746, -0.2822038233280182, -0.28797492384910583, -0.2925233244895935, -0.2954932749271393, -0.29711806774139404, -0.29830074310302734, -0.2993328273296356, -0.3000563681125641, -0.30054807662963867, -0.30091094970703125, -0.30135011672973633, -0.30172857642173767, -0.30110976099967957, -0.3005354106426239, -0.30095887184143066, -0.3009513020515442, -0.2934357821941376, -0.029671454157614158, -0.06278263451550041], "betas": [-2.739363431930542, -2.6642346382141113, -2.667651891708374, -2.6945624351501465, -2.6984457969665527, -2.707174062728882, -2.7109766006469727, -2.71236252784729, -2.7092864513397217, -2.7027180194854736, -2.690051794052124, -2.6642000675201416, -2.617931842803955, -2.546685218811035, -2.4298858642578125, -2.2751197814941406, -2.209378242492676, -2.1748855113983154, -1.8866947889328003, -1.9279311895370483, -1.6941535472869873, -1.7430614233016968, -1.9540174007415771, -2.0118837356567383, -2.049149990081787, -2.1372528076171875, -2.134234666824341, -2.1412479877471924, -2.1471972465515137, -2.147522449493408, -2.147766590118408, -2.141521453857422, -2.137253522872925, -2.1349070072174072, -2.1318719387054443, -2.125922679901123, -2.123070240020752, -2.121081829071045, -2.109004259109497, -2.1065402030944824, -2.1175527572631836, -2.096996545791626, -2.0773003101348877, -2.093979597091675, -1.7675163745880127, 1.5524389743804932, 2.3811731338500977, 2.2844347953796387, 2.3341071605682373, 2.3513190746307373, 2.3566222190856934, 2.3538177013397217, 2.36218523979187, 2.380640745162964, 2.391019821166992, 2.3996198177337646, 2.4084856510162354, 2.41882061958313, 2.429075241088867, 2.436662435531616, 2.4417176246643066, 2.4481523036956787, 2.4467408657073975, 2.44384503364563, 2.447861433029175, 2.4581055641174316, 2.4330978393554688, 2.3923115730285645, 2.2197043895721436, 2.5048160552978516, 2.6076629161834717, 2.6597161293029785, 2.7027556896209717, 2.7369258403778076, 2.7558932304382324, 2.770334005355835, 2.7829530239105225, 2.792564630508423, 2.7995972633361816, 2.804798126220703, 2.809260129928589, 2.814387083053589, 2.818607807159424, 2.815049171447754, 2.8085391521453857, 2.8068950176239014, 2.8143088817596436, 2.8204431533813477, 2.846834421157837, 0.10060709237062893, 0.06817578057995542], "predicted_p_opt": 2.755162484574249, "predicted_tts": 0.36295500014930276, "p_opt": 0.9012823521327572, "tts": 1.1095302128502145, "approx": 0.9869723532421135, "opt_gap": -0.01302764675788648}