{"edges": [[0, 5], [0, 8], [0, 11], [1, 2], [1, 8], [2, 7], [2, 8], [3, 6], [3, 9], [3, 10], [3, 13], [4, 7], [4, 8], [5, 6], [5, 10], [5, 11], [5, 12], [5, 13], [6, 7], [6, 8], [6, 11], [7, 9], [7, 10], [7, 12], [7, 13], [8, 9], [8, 11], [8, 13], [9, 11], [11, 13], [12, 13]], "num_nodes": 14, "num_colors": 3, "opt_value": 31, "opt_count": 72, "feasible_count": 4782969, "mean_value": 20.666666666666668, "std": 2.6246692913372702, "level": 61, "gammas": [3.1415926221133588, 3.1415925629738113, 3.1415925489142977, 3.1415925231382054, 3.1415925280841326, 3.1415925371576563, 3.1415925425466593, 3.1415925525602106, 3.1415925608235895, 3.141592565116222, 3.1415925583885764, 3.1415925581236395, 3.141592553164907, 3.1415925529095734, 3.141592550165292, 3.141592540792608, 3.141592545690623, 3.141592542295463, 3.141592553784948, 3.141592541133495, 3.1415925392840096, 3.141592511479628, 3.1415924511251125, 3.1415923871745104, 3.141592300347312, 3.1415921593532694, 3.1415919615977717, 3.1415917213235978, 3.1415914678178423, 3.141591020757437, 3.141590280412299, 3.1415892668900876, 3.1415880218167143, 3.1415849388900825, 3.141578149569918, 3.1415709462867563, 3.141557594250248, 3.141553962737774, 3.1415560175827735, 3.1415583324598924, 3.1415548452548094, 3.1415494778010795, 3.141548877337879, 3.1415383136458543, 3.1414213554610377, 3.141369231240147, 3.1413199997046743, 3.1412795856071014, 3.1411702103520134, 3.141124928509159, 3.140974222140694, 3.1409040433979825, 3.1406247294643235, 3.1402104614588064, 3.14023474553391, 3.1396553861549923, 3.139243478442155, 3.1371448998907274, 3.1383548142211093, 3.1303017021293953, 3.138094181993917], "betas": [3.14159271328615, 3.1415927549448015, 3.1415927730326776, 3.1415927779530928, 3.141592773243882, 3.1415927651605644, 3.1415927579647653, 3.141592751172913, 3.141592744432934, 3.1415927425175, 3.141592746463912, 3.14159275190268, 3.1415927590493467, 3.1415927617155215, 3.141592759510629, 3.141592758111118, 3.1415927509314154, 3.1415927386784794, 3.1415927258636165, 3.1415927132904016, 3.1415926852429887, 3.141592629168774, 3.141592559541642, 3.1415924870666396, 3.141592382417974, 3.1415922103492955, 3.1415920180068206, 3.1415917843455503, 3.1415914919155137, 3.141590854025018, 3.1415900159756833, 3.1415887619121414, 3.141587168453643, 3.1415816756704396, 3.141575112340362, 3.141564589516986, 3.141553901002866, 3.1415555761985097, 3.1415571354397347, 3.14155835457317, 3.1415516829514925, 3.141548335029752, 3.141550878153515, 3.1414905688728147, 3.141375193222768, 3.141360184142751, 3.141285043575149, 3.1412539939614152, 3.1411114305369114, 3.1411121951920222, 3.140852388097861, 3.140909082283286, 3.1402251562121157, 3.140472999631772, 3.139702527229307, 3.139896363965377, 3.1374187818110255, 3.139173769284877, 3.1331863405784626, 3.133294588311321, 3.1407904285712145], "predicted_p_opt": 0.2277430608477705, "predicted_tts": 4.390913146936348, "p_opt": 0.21097149268712387, "tts": 4.73997689101544, "approx": 0.7369865583304143, "opt_gap": -0.26301344166958573, "th": -30.999000549316406}