{"edges": [[0, 10], [1, 6], [1, 7], [1, 10], [1, 15], [2, 7], [2, 14], [2, 15], [3, 10], [3, 12], [4, 8], [4, 10], [4, 13], [5, 10], [5, 12], [5, 14], [6, 10], [6, 12], [6, 16], [8, 12], [8, 13], [9, 14], [11, 13], [12, 14], [12, 15], [13, 14], [14, 16]], "num_nodes": 17, "num_colors": 3, "opt_value": 27, "opt_count": 1824, "feasible_count": 129140163, "mean_value": 18.0, "std": 2.449489742783178, "level": 35, "gammas": [-0.15722237527370453, -0.2744514048099518, -0.290181040763855, -0.29239627718925476, -0.29283663630485535, -0.2932809591293335, -0.29396727681159973, -0.2948814332485199, -0.2959839999675751, -0.29726654291152954, -0.29878050088882446, -0.3006613552570343, -0.30315932631492615, -0.306729793548584, -0.3121426999568939, -0.32045677304267883, -0.33352479338645935, -0.17994137108325958, 0.3467824459075928, 0.320056676864624, 0.31531673669815063, 0.30920469760894775, 0.30474522709846497, 0.30177968740463257, 0.2998075485229492, 0.2984968423843384, 0.2976764142513275, 0.29729193449020386, 0.29736217856407166, 0.29794055223464966, 0.29909971356391907, 0.3009259104728699, 0.30349066853523254, 0.3064236640930176, 0.3027484118938446], "betas": [2.6762022972106934, 2.5389328002929688, 2.500920295715332, 2.5033652782440186, 2.520007610321045, 2.539567470550537, 2.557955265045166, 2.574108362197876, 2.588188409805298, 2.6008334159851074, 2.6130049228668213, 2.6265268325805664, 2.645632743835449, 2.6805777549743652, 2.757023811340332, 2.9586691856384277, 3.9669485092163086, 1.1074278354644775, -3.2505266666412354, -2.8369693756103516, -2.710228204727173, -2.6591544151306152, -2.6349992752075195, -2.6211390495300293, -2.6114423274993896, -2.6041219234466553, -2.5992465019226074, -2.597679853439331, -2.6006581783294678, -2.6096789836883545, -2.6264283657073975, -2.652815341949463, -2.6921565532684326, -2.7461721897125244, -2.8542449474334717], "predicted_p_opt": 0.07120003402814351, "predicted_tts": 14.04493710782113, "p_opt": 0.04513632506132126, "tts": 22.15510453368592, "approx": 0.7288720011711121, "opt_gap": -0.27112799882888794}