{"edges": [[0, 6], [0, 10], [0, 12], [0, 15], [1, 6], [1, 11], [2, 3], [2, 6], [2, 9], [2, 13], [2, 15], [3, 11], [3, 13], [4, 7], [4, 8], [5, 8], [6, 10], [7, 8], [7, 10], [7, 12], [7, 14], [7, 15], [8, 11], [8, 13], [9, 14], [10, 11], [10, 15], [11, 12], [11, 15], [12, 13], [13, 15], [14, 15]], "num_nodes": 16, "num_colors": 3, "opt_value": 32, "opt_count": 108, "feasible_count": 43046721, "mean_value": 21.333333333333332, "std": 2.6666666666666665, "level": 45, "gammas": [3.1415927923296687, 3.141592724931787, 3.1415927523537555, 3.1415927526175147, 3.141592742025308, 3.1415927231426513, 3.1415927174924345, 3.1415927110526414, 3.141592722042483, 3.141592738863202, 3.1415927355914537, 3.1415927331665134, 3.1415927210124655, 3.1415926919119057, 3.141592674212062, 3.141592640787382, 3.1415926462700012, 3.1415926566123686, 3.141592659861187, 3.1415926325618395, 3.1415925066692396, 3.141592141769744, 3.1415917605407366, 3.1415916864103806, 3.141591774480681, 3.141590500371323, 3.141588651731683, 3.1415850144786477, 3.141577996165552, 3.1415773307844668, 3.141578864687544, 3.1415734379501896, 3.1415383465735536, 3.1415329985546996, 3.141536030688107, 3.141535166542759, 3.1414558465354436, 3.1414571622009047, 3.141178933245952, 3.140729213400666, 3.144233250576488, 3.1467254461318777, 3.142705643016788, 3.136596159949686, 3.139930175437789], "betas": [3.1415925295119025, 3.1415925392211155, 3.1415925711514485, 3.141592572384166, 3.1415925771173336, 3.141592590789038, 3.1415925986971027, 3.1415925879698143, 3.1415925766491886, 3.1415925685411903, 3.141592566785386, 3.141592576370142, 3.1415925940025664, 3.1415926161703216, 3.141592623866891, 3.141592611075334, 3.141592578529497, 3.141592524878999, 3.141592467080286, 3.1415923969304558, 3.1415922043844082, 3.1415918840770503, 3.1415917686811556, 3.1415919442754734, 3.141591467581654, 3.1415892651714845, 3.1415869394899385, 3.141580495667073, 3.1415766567548857, 3.14157869685207, 3.141580875347637, 3.1415581659295393, 3.141526008968568, 3.1415321565174823, 3.1415378956200537, 3.1415257786887345, 3.14144392918422, 3.1412841690764925, 3.1410596841097362, 3.1415835098841627, 3.146412094774577, 3.145628962776542, 3.1386513710158157, 3.1377473263663354, 3.141201602180736], "predicted_p_opt": 0.02077621661357203, "predicted_tts": 48.13195870064002, "p_opt": 0.020632744286310647, "tts": 48.46665020045235, "approx": 0.6735433870408365, "opt_gap": -0.3264566129591635, "th": -31.999000549316406}