{"N": 22, "edgelist": ["0 2 {}\n", "0 5 {}\n", "0 6 {}\n", "0 10 {}\n", "0 12 {}\n", "0 16 {}\n", "0 21 {}\n", "1 3 {}\n", "1 7 {}\n", "1 8 {}\n", "1 10 {}\n", "1 11 {}\n", "1 13 {}\n", "1 15 {}\n", "1 17 {}\n", "1 18 {}\n", "2 6 {}\n", "2 7 {}\n", "2 13 {}\n", "2 14 {}\n", "2 15 {}\n", "2 16 {}\n", "3 4 {}\n", "3 5 {}\n", "3 6 {}\n", "3 11 {}\n", "3 17 {}\n", "3 18 {}\n", "4 6 {}\n", "4 7 {}\n", "4 10 {}\n", "4 12 {}\n", "4 18 {}\n", "4 20 {}\n", "4 21 {}\n", "5 6 {}\n", "5 7 {}\n", "5 14 {}\n", "5 17 {}\n", "5 18 {}\n", "6 8 {}\n", "6 12 {}\n", "6 17 {}\n", "6 19 {}\n", "6 20 {}\n", "7 8 {}\n", "7 12 {}\n", "7 15 {}\n", "7 16 {}\n", "7 20 {}\n", "7 21 {}\n", "8 10 {}\n", "8 11 {}\n", "8 12 {}\n", "8 15 {}\n", "8 17 {}\n", "8 18 {}\n", "8 20 {}\n", "8 21 {}\n", "9 10 {}\n", "9 11 {}\n", "9 14 {}\n", "9 16 {}\n", "9 18 {}\n", "9 20 {}\n", "10 14 {}\n", "10 16 {}\n", "10 18 {}\n", "10 19 {}\n", "10 20 {}\n", "11 13 {}\n", "11 14 {}\n", "11 15 {}\n", "11 16 {}\n", "11 18 {}\n", "11 19 {}\n", "11 20 {}\n", "12 13 {}\n", "12 14 {}\n", "12 17 {}\n", "12 20 {}\n", "12 21 {}\n", "13 17 {}\n", "13 18 {}\n", "13 19 {}\n", "13 21 {}\n", "14 15 {}\n", "14 16 {}\n", "14 17 {}\n", "15 16 {}\n", "15 18 {}\n", "15 19 {}\n", "15 20 {}\n", "16 18 {}\n", "16 19 {}\n", "16 21 {}\n", "17 18 {}\n", "17 20 {}\n", "18 19 {}\n", "19 21 {}\n"], "opt_value": 88, "opt_count": 7, "feasible_count": 705432, "mean_value": 76.19047619047619, "std": 2.804857856076044, "level": 25, "gammas": [3.1415940755696394, 3.1415931425492944, 3.141592959158112, 3.1415931347925157, 3.1415932754806026, 3.1415931631191403, 3.1415929301696552, 3.141592793372817, 3.141592836475177, 3.1415929069849096, 3.1415927886967454, 3.1415922669112204, 3.1415919367564333, 3.141592098683126, 3.1415923808367996, 3.1415890389829095, 3.141586969791649, 3.1415762720199134, 3.1415472755803604, 3.1415393086618963, 3.141452751425613, 3.1416661097490555, 3.140603143739224, 3.1402825278765727, 3.1413754386143795], "betas": [3.1415917857021713, 3.1415923391816394, 3.141592278857813, 3.141592073811862, 3.1415920627938125, 3.14159226314869, 3.141592468844438, 3.141592499589774, 3.1415923837652753, 3.14159231925202, 3.141592243682208, 3.1415919845448803, 3.141591427834433, 3.141590375965642, 3.1415890662134087, 3.1415877246526698, 3.1415903045511606, 3.141552200760764, 3.141532814180629, 3.1415369248657807, 3.141488020120213, 3.1414144003405373, 3.1400447751273624, 3.1409121018021358, 3.141551837133332], "predicted_p_opt": 0.025809716599190284, "predicted_tts": 38.745098039215684, "p_opt": 0.025588522661125778, "tts": 39.0800208844884, "approx": 0.8692336603592709, "opt_gap": -0.13076633964072915, "th": -87.9990005493164}