{"edges": [[4, 6], [4, 11], [4, 13], [6, 17], [6, 7], [14, 16], [14, 10], [14, 12], [16, 22], [16, 9], [22, 23], [22, 19], [23, 15], [23, 21], [0, 8], [0, 13], [0, 19], [8, 21], [8, 10], [2, 5], [2, 7], [2, 15], [5, 18], [5, 3], [21, 1], [1, 3], [1, 18], [3, 20], [18, 11], [15, 20], [20, 17], [17, 12], [11, 12], [9, 19], [9, 7], [10, 13]], "num_nodes": 24, "distribution": [[0, 2], [12, 14], [22, 120], [10, 16], [32, 634], [20, 84], [30, 596], [40, 3740], [11, 8], [23, 76], [33, 754], [19, 40], [31, 606], [41, 4652], [29, 402], [39, 3222], [27, 246], [37, 2148], [47, 16568], [28, 352], [36, 1742], [38, 2698], [46, 13406], [21, 74], [35, 1334], [43, 7176], [45, 10976], [51, 37354], [53, 57530], [34, 858], [44, 8896], [50, 30276], [49, 25082], [55, 88770], [42, 5576], [48, 20098], [18, 34], [26, 134], [52, 47174], [59, 220546], [54, 70832], [57, 137786], [25, 98], [24, 42], [56, 110710], [58, 175808], [60, 279358], [62, 451698], [64, 703072], [61, 356708], [66, 999724], [68, 1246844], [63, 568142], [65, 849756], [70, 1315500], [69, 1309462], [67, 1139322], [71, 1261212], [73, 1008034], [72, 1155432], [75, 666368], [77, 365222], [74, 839570], [76, 503524], [78, 250868], [79, 164512], [81, 61398], [80, 103192], [82, 34908], [83, 18166], [7, 2], [17, 18], [16, 2], [15, 4], [84, 9228], [85, 4162], [86, 1674], [13, 4], [87, 630], [88, 164], [90, 8], [89, 38]], "opt_value": 90, "opt_count": 8, "feasible_count": 16777216, "mean_value": 68.5, "std": 5.852349955359813, "level": 1, "gammas": [0.10197348892688751], "betas": [1.3461343050003052], "predicted_p_opt": 4.291534423828125e-06, "predicted_tts": 233016.88888888888, "p_opt": 2.00970043806592e-06, "tts": 497586.5960214311, "approx": 0.800460159778595}