{"edges": [[0, 1], [0, 5], [1, 4], [1, 10], [1, 13], [1, 15], [2, 4], [2, 5], [2, 6], [2, 14], [2, 15], [3, 6], [3, 13], [4, 8], [4, 14], [4, 16], [5, 10], [5, 14], [6, 8], [6, 12], [7, 9], [7, 11], [8, 9], [8, 15], [9, 10], [9, 11], [9, 13], [9, 16], [10, 14], [11, 14], [11, 15], [13, 15], [14, 15], [15, 16]], "num_nodes": 17, "num_colors": 3, "opt_value": 34, "opt_count": 96, "feasible_count": 129140163, "mean_value": 22.666666666666668, "std": 2.748737083745107, "level": 95, "gammas": [-0.12822678685188293, -0.21222011744976044, -0.21784280240535736, -0.2151772528886795, -0.2185356467962265, -0.21003226935863495, -0.201375350356102, -0.2259773313999176, -0.20285266637802124, -0.1905287504196167, -0.19608180224895477, -0.19411157071590424, -0.19095997512340546, -0.18862147629261017, -0.18645253777503967, -0.1839011311531067, -0.18143302202224731, -0.17858628928661346, -0.17698179185390472, -0.1737881302833557, -0.17201285064220428, -0.17059502005577087, -0.16793636977672577, -0.16627363860607147, -0.16533628106117249, -0.16276425123214722, -0.16086126863956451, -0.161406472325325, -0.1597563624382019, -0.15018126368522644, -0.15064586699008942, -0.17236118018627167, -0.16269363462924957, -0.15290917456150055, -0.15711508691310883, -0.15042413771152496, -0.1525382101535797, -0.15439803898334503, -0.15274418890476227, -0.14528484642505646, -0.144609272480011, -0.17239096760749817, 0.12224437296390533, 0.0562717579305172, 0.14668762683868408, 0.16530649363994598, 0.17087535560131073, 0.16768185794353485, 0.17638184130191803, 0.1634312868118286, 0.17913654446601868, 0.16965588927268982, 0.17875878512859344, 0.1724693328142166, 0.1708587259054184, 0.17223915457725525, 0.17322105169296265, 0.17473042011260986, 0.17482918500900269, 0.1756190061569214, 0.17758694291114807, 0.1777695119380951, 0.17835673689842224, 0.18050439655780792, 0.18093405663967133, 0.18177716434001923, 0.1845313310623169, 0.18501222133636475, 0.18797188997268677, 0.1870860606431961, 0.1893583983182907, 0.1912989467382431, 0.19612754881381989, 0.19228462874889374, 0.18396779894828796, 0.2211272269487381, 0.20818424224853516, 0.20849399268627167, 0.20235669612884521, 0.20758014917373657, 0.21414797008037567, 0.22229169309139252, 0.2275024652481079, 0.2297240048646927, 0.23221831023693085, 0.23426088690757751, 0.23681524395942688, 0.23916108906269073, 0.2416696548461914, 0.24391967058181763, 0.24592654407024384, 0.2480948269367218, 0.2502391040325165, 0.2526779770851135, 0.25015291571617126], "betas": [2.619067907333374, 2.4602222442626953, 2.4057533740997314, 2.410449981689453, 2.414799690246582, 2.1684653759002686, 2.125946283340454, 2.151231527328491, 2.2909440994262695, 2.153064250946045, 2.1436002254486084, 2.118387222290039, 2.075991153717041, 2.0429575443267822, 2.0107486248016357, 1.9816360473632812, 1.9507726430892944, 1.926103949546814, 1.8997689485549927, 1.8741891384124756, 1.85408353805542, 1.832237720489502, 1.8116157054901123, 1.7942101955413818, 1.7751903533935547, 1.758357286453247, 1.7442469596862793, 1.723578691482544, 1.7137691974639893, 1.7117996215820312, 1.6870028972625732, 1.6404896974563599, 1.6657556295394897, 1.6398338079452515, 1.6575586795806885, 1.6466847658157349, 1.6552786827087402, 1.6475927829742432, 1.647987961769104, 1.6021791696548462, 1.459531307220459, -1.276315689086914, -1.6941807270050049, -1.8179222345352173, -1.801371455192566, -1.8209422826766968, -1.823580026626587, -1.8292821645736694, -1.8314179182052612, -1.8183900117874146, -1.8430628776550293, -1.8344192504882812, -1.8567836284637451, -1.868922472000122, -1.877407193183899, -1.8832073211669922, -1.8923861980438232, -1.8996199369430542, -1.9069629907608032, -1.9150328636169434, -1.9252269268035889, -1.9365957975387573, -1.946753740310669, -1.9606573581695557, -1.9737884998321533, -1.9856843948364258, -2.005610704421997, -2.018367052078247, -2.0414650440216064, -2.061063766479492, -2.079186201095581, -2.102006196975708, -2.1301229000091553, -2.15043044090271, -2.2052433490753174, -2.1742141246795654, -2.2219018936157227, -2.2728729248046875, -2.331587553024292, -2.3802571296691895, -2.4294068813323975, -2.4673311710357666, -2.497072219848633, -2.540679454803467, -2.5758984088897705, -2.611919403076172, -2.648393392562866, -2.68121075630188, -2.7091867923736572, -2.7348387241363525, -2.7581300735473633, -2.78183913230896, -2.810831069946289, -2.85794997215271, -2.9486093521118164], "predicted_p_opt": 0.027119185222028875, "predicted_tts": 36.87426417176064, "p_opt": 0.015967406582364375, "tts": 62.62757792517643, "approx": 0.6628325509522267, "opt_gap": -0.3371674490477733}