{"edges": [[0, 2], [0, 10], [0, 13], [0, 15], [1, 4], [1, 12], [1, 15], [2, 3], [2, 10], [2, 12], [2, 15], [3, 4], [3, 7], [3, 8], [3, 12], [3, 13], [3, 14], [4, 13], [4, 15], [5, 8], [5, 9], [5, 10], [5, 13], [6, 10], [7, 9], [7, 10], [8, 11], [8, 12], [8, 16], [9, 14], [10, 11], [11, 13], [13, 14], [13, 16]], "num_nodes": 17, "num_colors": 3, "opt_value": 34, "opt_count": 84, "feasible_count": 129140163, "mean_value": 22.666666666666668, "std": 2.748737083745107, "level": 95, "gammas": [-0.13050444424152374, -0.21745789051055908, -0.22850966453552246, -0.22405891120433807, -0.21503418684005737, -0.21730297803878784, -0.21227522194385529, -0.2034328430891037, -0.23033812642097473, -0.20105914771556854, -0.18767300248146057, -0.19531568884849548, -0.19380612671375275, -0.18893146514892578, -0.1874047964811325, -0.18495884537696838, -0.18231578171253204, -0.18008635938167572, -0.17759642004966736, -0.17498883605003357, -0.17360150814056396, -0.17041240632534027, -0.16941171884536743, -0.1676046997308731, -0.16508595645427704, -0.1637641340494156, -0.1627415269613266, -0.162148579955101, -0.15839993953704834, -0.14693954586982727, -0.1604314148426056, -0.17688311636447906, -0.1539696604013443, -0.1612156331539154, -0.1490088701248169, -0.1548883318901062, -0.151547372341156, -0.15657226741313934, -0.1577010154724121, -0.1567993462085724, -0.1478143185377121, -0.1453782320022583, -0.17343847453594208, 0.11806698888540268, 0.05951232090592384, 0.14926397800445557, 0.16778866946697235, 0.17024123668670654, 0.17276059091091156, 0.1692783385515213, 0.17071522772312164, 0.1654532253742218, 0.17507044970989227, 0.1697242558002472, 0.17692290246486664, 0.17498615384101868, 0.17037034034729004, 0.17271193861961365, 0.17373274266719818, 0.17390871047973633, 0.17595724761486053, 0.1768706738948822, 0.17686761915683746, 0.17890673875808716, 0.17974857985973358, 0.18032309412956238, 0.1829891800880432, 0.18362025916576385, 0.18632856011390686, 0.18542231619358063, 0.1877075433731079, 0.1903241127729416, 0.19139020144939423, 0.19587834179401398, 0.19346866011619568, 0.1836944818496704, 0.22221878170967102, 0.20829534530639648, 0.21161200106143951, 0.2039014846086502, 0.20905405282974243, 0.2187018096446991, 0.22407811880111694, 0.22960184514522552, 0.2369336187839508, 0.2361007183790207, 0.23779964447021484, 0.2402094006538391, 0.24248448014259338, 0.24452684819698334, 0.24651186168193817, 0.24872858822345734, 0.2507978081703186, 0.2530992031097412, 0.2500922977924347], "betas": [2.613029718399048, 2.5032644271850586, 2.5009076595306396, 2.457496404647827, 2.417789936065674, 2.419779062271118, 2.209425449371338, 2.144392967224121, 2.2030510902404785, 2.2682111263275146, 2.1266982555389404, 2.141059637069702, 2.09615421295166, 2.05574893951416, 2.027463436126709, 1.9937199354171753, 1.9629335403442383, 1.9379671812057495, 1.9070988893508911, 1.8879371881484985, 1.8608111143112183, 1.8411329984664917, 1.8227123022079468, 1.7997193336486816, 1.7857942581176758, 1.7685446739196777, 1.749312400817871, 1.7354620695114136, 1.7297489643096924, 1.7205617427825928, 1.6850579977035522, 1.663845181465149, 1.676469326019287, 1.6607764959335327, 1.6741669178009033, 1.6666256189346313, 1.6717339754104614, 1.660663366317749, 1.6645320653915405, 1.6615617275238037, 1.6296278238296509, 1.4693702459335327, -1.2860922813415527, -1.708718180656433, -1.819230079650879, -1.8024324178695679, -1.8111470937728882, -1.821873426437378, -1.824683427810669, -1.8284878730773926, -1.8267836570739746, -1.8325639963150024, -1.8369920253753662, -1.8430556058883667, -1.8561265468597412, -1.8691788911819458, -1.8801264762878418, -1.8888453245162964, -1.8963103294372559, -1.904043197631836, -1.9146617650985718, -1.925065040588379, -1.9329149723052979, -1.946948528289795, -1.9603376388549805, -1.9698392152786255, -1.9904266595840454, -2.001281261444092, -2.0248019695281982, -2.0416829586029053, -2.0588603019714355, -2.084716796875, -2.1067745685577393, -2.125398635864258, -2.178910255432129, -2.2077670097351074, -2.169018268585205, -2.2700631618499756, -2.283747911453247, -2.34565806388855, -2.4131486415863037, -2.4604387283325195, -2.502138614654541, -2.5735509395599365, -2.614684581756592, -2.617922306060791, -2.6518280506134033, -2.6887476444244385, -2.719845771789551, -2.7461423873901367, -2.7693581581115723, -2.7914891242980957, -2.818493366241455, -2.861429452896118, -2.9493534564971924], "predicted_p_opt": 0.023729287069275264, "predicted_tts": 42.14201619629788, "p_opt": 0.014020281427720554, "tts": 71.32524444358333, "approx": 0.6645674020684194, "opt_gap": -0.33543259793158064}