{"N": 26, "edgelist": ["0 1 {}\n", "0 2 {}\n", "0 3 {}\n", "0 4 {}\n", "0 5 {}\n", "0 10 {}\n", "0 12 {}\n", "0 14 {}\n", "0 15 {}\n", "0 16 {}\n", "0 18 {}\n", "0 19 {}\n", "0 22 {}\n", "0 25 {}\n", "1 2 {}\n", "1 3 {}\n", "1 4 {}\n", "1 5 {}\n", "1 8 {}\n", "1 11 {}\n", "1 13 {}\n", "1 14 {}\n", "1 16 {}\n", "1 17 {}\n", "1 18 {}\n", "1 20 {}\n", "1 21 {}\n", "1 23 {}\n", "2 3 {}\n", "2 4 {}\n", "2 6 {}\n", "2 7 {}\n", "2 9 {}\n", "2 12 {}\n", "2 13 {}\n", "2 14 {}\n", "2 15 {}\n", "2 20 {}\n", "2 21 {}\n", "2 22 {}\n", "2 24 {}\n", "3 5 {}\n", "3 10 {}\n", "3 11 {}\n", "3 14 {}\n", "3 16 {}\n", "3 17 {}\n", "3 18 {}\n", "3 19 {}\n", "3 22 {}\n", "3 25 {}\n", "4 5 {}\n", "4 6 {}\n", "4 7 {}\n", "4 10 {}\n", "4 12 {}\n", "4 13 {}\n", "4 14 {}\n", "4 15 {}\n", "4 19 {}\n", "4 20 {}\n", "4 21 {}\n", "4 23 {}\n", "4 24 {}\n", "4 25 {}\n", "5 6 {}\n", "5 7 {}\n", "5 8 {}\n", "5 10 {}\n", "5 12 {}\n", "5 13 {}\n", "5 15 {}\n", "5 16 {}\n", "5 17 {}\n", "5 24 {}\n", "6 7 {}\n", "6 8 {}\n", "6 11 {}\n", "6 13 {}\n", "6 15 {}\n", "6 16 {}\n", "6 17 {}\n", "6 18 {}\n", "6 21 {}\n", "6 25 {}\n", "7 8 {}\n", "7 9 {}\n", "7 15 {}\n", "7 16 {}\n", "7 17 {}\n", "7 19 {}\n", "7 20 {}\n", "7 22 {}\n", "7 23 {}\n", "7 25 {}\n", "8 9 {}\n", "8 11 {}\n", "8 13 {}\n", "8 14 {}\n", "8 16 {}\n", "8 17 {}\n", "8 19 {}\n", "8 21 {}\n", "8 22 {}\n", "8 23 {}\n", "8 24 {}\n", "9 10 {}\n", "9 12 {}\n", "9 13 {}\n", "9 15 {}\n", "9 16 {}\n", "9 20 {}\n", "9 22 {}\n", "9 23 {}\n", "9 24 {}\n", "9 25 {}\n", "10 13 {}\n", "10 14 {}\n", "10 15 {}\n", "10 18 {}\n", "10 20 {}\n", "10 21 {}\n", "10 22 {}\n", "10 24 {}\n", "11 14 {}\n", "11 18 {}\n", "11 19 {}\n", "11 20 {}\n", "11 25 {}\n", "12 18 {}\n", "12 19 {}\n", "12 22 {}\n", "12 23 {}\n", "12 24 {}\n", "13 18 {}\n", "13 19 {}\n", "13 21 {}\n", "13 22 {}\n", "13 24 {}\n", "13 25 {}\n", "14 17 {}\n", "14 19 {}\n", "15 16 {}\n", "15 18 {}\n", "15 20 {}\n", "15 21 {}\n", "15 22 {}\n", "15 24 {}\n", "16 18 {}\n", "16 19 {}\n", "16 20 {}\n", "16 24 {}\n", "16 25 {}\n", "17 24 {}\n", "18 22 {}\n", "18 24 {}\n", "19 21 {}\n", "20 23 {}\n", "20 24 {}\n", "21 23 {}\n", "22 24 {}\n", "23 25 {}\n"], "opt_value": 140, "opt_count": 2, "feasible_count": 10400600, "mean_value": 123.12, "std": 3.690815863617479, "level": 51, "gammas": [0.09706798940896988, 0.17293572425842285, 0.18312428891658783, 0.1817922741174698, 0.17921121418476105, 0.1776411533355713, 0.17716358602046967, 0.17716504633426666, 0.17718923091888428, 0.17714425921440125, 0.17709490656852722, 0.17705437541007996, 0.17699049413204193, 0.17684394121170044, 0.17659394443035126, 0.17626945674419403, 0.1759059578180313, 0.1755552738904953, 0.17525158822536469, 0.1751604825258255, 0.17567522823810577, 0.17710267007350922, 0.17882433533668518, 0.178085595369339, 0.1661229133605957, 0.1337457001209259, -0.08348338305950165, -0.18318110704421997, -0.1851491928100586, -0.18087297677993774, -0.1768895387649536, -0.1749512404203415, -0.1747414469718933, -0.1752840131521225, -0.17588873207569122, -0.176351398229599, -0.1766771376132965, -0.17691707611083984, -0.17709699273109436, -0.1772381216287613, -0.17734919488430023, -0.17746220529079437, -0.17757456004619598, -0.1776794046163559, -0.17775025963783264, -0.1777922511100769, -0.17783857882022858, -0.1779404729604721, -0.17809344828128815, -0.17782635986804962, -0.17228837311267853], "betas": [-2.972099781036377, -2.9485929012298584, -2.9528629779815674, -2.965393304824829, -2.9761617183685303, -2.980882167816162, -2.979536771774292, -2.9750680923461914, -2.970642328262329, -2.968374729156494, -2.967400312423706, -2.9668211936950684, -2.9650678634643555, -2.96132493019104, -2.9556174278259277, -2.9492177963256836, -2.9436872005462646, -2.9413692951202393, -2.9417316913604736, -2.9421157836914062, -2.937138319015503, -2.9205756187438965, -2.888928174972534, -2.850864887237549, -2.9012866020202637, 2.0389792919158936, 3.4440646171569824, 3.024723768234253, 2.9548909664154053, 2.9304332733154297, 2.9250502586364746, 2.9298410415649414, 2.937790632247925, 2.945046901702881, 2.951399326324463, 2.957489490509033, 2.9626667499542236, 2.9667274951934814, 2.9697775840759277, 2.972104549407959, 2.9741854667663574, 2.976456880569458, 2.978886604309082, 2.98110032081604, 2.9824912548065186, 2.9826290607452393, 2.9811015129089355, 2.978153944015503, 2.9764504432678223, 2.9795475006103516, 2.991237163543701], "predicted_p_opt": 0.00204007461108013, "predicted_tts": 490.1781506268263, "p_opt": 0.001641641297386452, "tts": 609.1464692025191, "approx": 0.8840350575511259, "opt_gap": -0.11596494244887412}