{"edges": [[0, 3], [0, 9], [0, 13], [0, 14], [1, 4], [1, 14], [1, 15], [2, 4], [2, 7], [2, 8], [2, 9], [2, 10], [2, 12], [3, 12], [4, 7], [4, 12], [4, 13], [5, 8], [5, 9], [5, 11], [6, 9], [6, 10], [7, 10], [7, 11], [7, 15], [8, 10], [8, 15], [10, 12], [12, 14]], "num_nodes": 16, "num_colors": 3, "opt_value": 29, "opt_count": 240, "feasible_count": 43046721, "mean_value": 19.333333333333332, "std": 2.5385910352879693, "level": 43, "gammas": [-0.39503064720178305, -0.21307906631536938, -0.15063923872703586, -0.32693487942199967, -0.23559931316292973, -0.2672375211761116, -0.2588918286070912, -0.24043751177176442, -0.22532573898118807, -0.2571536384449173, -0.2958675362214373, -0.2443507480521724, -0.22438637197579964, -0.26895012917256034, -0.10431209574627713, -0.32266061958551245, -0.3690120483090708, -0.3012977891238336, -0.3130663016028089, -0.3933512478839758, -0.5310957977625457, -0.14294620128757876, -0.39976556902652577, -0.3214141897153358, -0.36874104167420535, 5.969304094901186, 5.9757881486228905, 5.92435648842027, 5.976425973071885, 5.9154212716256644, 5.950331894589123, 5.890244974827787, 6.074336715040847, 0.4216514000218089, 0.34048270984233986, 0.3508953911219939, 0.3318029253214903, 0.3334986190115253, 0.3285906645971996, 0.33051079924836346, 0.34277754837059055, 0.349003616370714, 0.36770974930044775], "betas": [2.6575597949585297, 1.7886150839296284, 1.301265857558448, 1.608323515971564, 2.4296497194672244, 1.5150244669371646, 1.417303474218391, 1.7701727487922003, 1.7223777940403964, 1.562326223525625, 2.24985884023604, 1.7285763573700161, 1.4601712608432313, 3.062858100976037, 1.3890675694850148, 0.32387213880882254, 0.5007577942301575, 1.0656399129590275, 1.0238022926784163, 0.3632640594715135, 0.8490380940135672, 4.372238427563903, 2.617585916226892, 3.1866377336602825, 1.7957096671995434, 2.486968649302515, 2.269350747035297, 2.185062324634856, 2.6034450623176575, 2.1236089837808096, 3.341551756792246, 2.3190095482821387, 1.8125260903135239, -3.0259593934863847, 3.7014394103864543, 3.8840394689109603, 3.9653962403114797, 4.046736106490442, 4.052020561147973, 4.083823717534231, 4.0460181267092805, 4.079890136893644, 4.20234473646259], "predicted_p_opt": 0.042199729916710726, "predicted_tts": 23.69683412604043, "p_opt": 0.0002406277688996951, "tts": 4155.796334615257, "approx": 0.91421663025249, "opt_gap": -0.08578336974751}