{"edges": [[0, 2], [0, 3], [0, 6], [0, 10], [0, 13], [1, 6], [1, 11], [2, 5], [2, 9], [2, 14], [3, 7], [3, 8], [3, 12], [3, 14], [4, 5], [4, 6], [4, 7], [4, 13], [5, 6], [5, 12], [5, 14], [6, 8], [6, 9], [6, 12], [7, 8], [7, 12], [8, 13], [9, 11], [9, 12], [10, 12], [12, 15]], "num_nodes": 16, "num_colors": 3, "opt_value": 31, "opt_count": 324, "feasible_count": 43046721, "mean_value": 20.666666666666668, "std": 2.6246692913372702, "level": 35, "gammas": [-0.3168889525609189, -0.272920976389858, -0.1370409973750721, -0.24032389881293753, -0.28480904034553534, -0.23110970948237114, -0.1555100587596818, -0.2701291527334148, -0.2670859092469888, -0.1857749705047074, -0.23934512253711607, -0.28166327981889844, -0.24709598305539238, -0.22882700686303523, -0.270825694315052, -0.2561246844381459, -0.2706803122316208, -0.2665513027490415, -0.2681001404318565, -0.2712619345278069, -0.26599210093640807, -0.288577844350839, -0.38051971938658524, -0.18763584705308717, -0.34575383250553976, -0.32728944115660485, -0.3280072678209333, 5.966336186288352, 5.970091473689251, 5.958666799499949, 5.960337834086124, 5.94864742175144, 5.9495269054504805, 5.945558979130184, 5.930657482354047], "betas": [2.2424609271223663, 1.716594967654339, 1.1276327348332342, 2.012254244422454, 1.9323759548944894, 1.1414552074729254, 1.4978634305040257, 1.8975708376808051, 1.5477040884721056, 1.2577914947969309, 1.786338066009545, 1.7511385087597615, 1.417668678139036, 1.562995850099269, 1.6089390529270462, 1.525561087645577, 1.529870594152362, 1.5866285018151516, 1.587894368351863, 1.6056618137103682, 1.5587980950154945, 1.0249680800044494, 1.2518523751569774, 3.0388409410752297, 2.801057223588233, 2.5473439742548107, 2.367721324700539, 2.314716979129106, 2.2957918752085265, 2.3031123661463133, 2.3396911936490805, 2.3351590781099256, 2.385014123872142, 2.4643930174475845, 2.444208611334691], "predicted_p_opt": 0.03794212339657648, "predicted_tts": 26.355931362824833, "p_opt": 0.00020336440087611148, "tts": 4917.28146957832, "approx": 0.9059588905404584, "opt_gap": -0.09404110945954158}