{"edges": [[6, 21], [6, 11], [6, 17], [21, 17], [21, 0], [5, 10], [5, 15], [5, 14], [10, 12], [10, 18], [3, 19], [3, 22], [3, 1], [19, 11], [19, 0], [22, 9], [22, 4], [17, 15], [0, 14], [14, 20], [1, 23], [1, 16], [12, 7], [12, 23], [9, 20], [9, 7], [20, 2], [2, 8], [2, 13], [8, 4], [8, 23], [18, 13], [18, 16], [11, 15], [4, 7], [13, 16]], "num_nodes": 24, "opt_value": 32, "opt_count": 4, "feasible_count": 16777216, "mean_value": 18.0, "std": 3.0, "level": 42, "gammas": [-0.24262803544257328, -0.26760658171293866, -0.24209810340136062, -0.23866254759501246, -0.2276083471640476, -0.21709134579204992, -0.22305659033456243, -0.2459994426593655, -0.21753182114989725, -0.24820615272216032, -0.27745198468179616, -0.24621835530095368, -0.25486926038886554, -0.24823079803487613, -0.24508267313977292, -0.26654072548610097, -0.2575188437900185, -0.26221439328366464, -0.26671439407102454, -0.27023069701210783, -0.2725218137252785, -0.25985851959888007, -0.35267482150478985, -0.2600151896274093, -0.265610159035827, 5.9929092347828465, 6.010952430783313, 6.019634953368902, 6.021484033001904, 5.51471491711303, 6.054984194607092, 6.006595868427602, 6.000071425620089, 5.991047733892765, 6.009309282026441, 1.8561936116943172, 6.011789366478467, 6.005151038572292, 6.001002501926496, 5.999436451829987, 5.978415993597619, 6.057422688379528], "betas": [2.4030609674729835, 2.466919891831859, 2.2285815187623665, 2.0785135954911698, 1.9521600459988764, 1.847869727046585, 1.983643241748886, 1.7136956545604367, 3.01666880876523, 1.8559871267146535, 2.1938023479513684, 2.097917286390683, 1.9892408026598274, 1.8838750988143427, 1.8684301124337168, 1.8996954931863106, 1.9981499770476938, 2.001048118531041, 2.0120947786767327, 2.0165915994513184, 2.0396962818704, 1.827782110218315, 1.1596404162650644, 3.172317150944421, 3.1324617484708916, 2.7340930065006166, 2.5122953106809374, 2.410666425550017, 2.2926091990342568, 2.246735054843909, 2.4064501002949825, 2.467932065659413, 2.5638770558580823, 2.643877761625191, 2.329431470928797, 2.2049390587683626, 2.64112746256503, 2.5584882690222517, 2.5730622431230272, 2.566466299404479, 2.523434985927262, 2.019798584331478], "predicted_p_opt": 0.001722574234008789, "predicted_tts": 580.5265051903115, "p_opt": 2.467796187479265e-06, "tts": 405219.8496268251, "approx": 0.8487945751512002, "opt_gap": -0.15120542484879984}