{"N": 22, "edgelist": ["0 4 {}\n", "0 7 {}\n", "0 10 {}\n", "0 12 {}\n", "0 14 {}\n", "0 17 {}\n", "0 18 {}\n", "0 21 {}\n", "1 3 {}\n", "1 4 {}\n", "1 7 {}\n", "1 9 {}\n", "1 10 {}\n", "1 11 {}\n", "1 12 {}\n", "1 13 {}\n", "1 14 {}\n", "1 15 {}\n", "1 16 {}\n", "1 17 {}\n", "1 18 {}\n", "1 19 {}\n", "2 5 {}\n", "2 7 {}\n", "2 9 {}\n", "2 10 {}\n", "2 11 {}\n", "2 12 {}\n", "2 13 {}\n", "2 14 {}\n", "2 15 {}\n", "2 16 {}\n", "2 19 {}\n", "2 20 {}\n", "2 21 {}\n", "3 4 {}\n", "3 12 {}\n", "3 17 {}\n", "3 18 {}\n", "3 20 {}\n", "3 21 {}\n", "4 6 {}\n", "4 7 {}\n", "4 11 {}\n", "4 13 {}\n", "4 16 {}\n", "4 18 {}\n", "4 20 {}\n", "4 21 {}\n", "5 6 {}\n", "5 8 {}\n", "5 11 {}\n", "5 12 {}\n", "5 17 {}\n", "5 18 {}\n", "6 8 {}\n", "6 9 {}\n", "6 10 {}\n", "6 12 {}\n", "6 13 {}\n", "6 14 {}\n", "6 15 {}\n", "6 16 {}\n", "6 17 {}\n", "6 18 {}\n", "7 10 {}\n", "7 11 {}\n", "7 13 {}\n", "7 14 {}\n", "7 15 {}\n", "7 16 {}\n", "7 17 {}\n", "7 18 {}\n", "7 19 {}\n", "8 9 {}\n", "8 11 {}\n", "8 12 {}\n", "8 13 {}\n", "8 20 {}\n", "8 21 {}\n", "9 10 {}\n", "9 11 {}\n", "9 17 {}\n", "9 18 {}\n", "9 21 {}\n", "10 12 {}\n", "10 14 {}\n", "10 15 {}\n", "10 16 {}\n", "10 18 {}\n", "10 20 {}\n", "11 12 {}\n", "11 13 {}\n", "11 14 {}\n", "11 16 {}\n", "12 13 {}\n", "12 14 {}\n", "12 16 {}\n", "12 17 {}\n", "12 18 {}\n", "12 19 {}\n", "13 14 {}\n", "13 15 {}\n", "13 16 {}\n", "13 17 {}\n", "14 15 {}\n", "14 20 {}\n", "14 21 {}\n", "15 16 {}\n", "15 17 {}\n", "15 18 {}\n", "15 19 {}\n", "15 20 {}\n", "16 19 {}\n", "16 21 {}\n", "17 18 {}\n", "18 19 {}\n"], "opt_value": 103, "opt_count": 4, "feasible_count": 705432, "mean_value": 89.14285714285714, "std": 3.5155783428697753, "level": 30, "gammas": [2.0850589275360107, 2.0759847164154053, 2.072530746459961, 2.0749294757843018, 2.0827629566192627, 2.0955705642700195, 2.113274335861206, 2.134248733520508, 2.1560463905334473, 2.176959276199341, 2.1959304809570312, 2.2121074199676514, 2.2247366905212402, 2.2332041263580322, 2.2370705604553223, 2.236140489578247, 2.230468511581421, 2.2203500270843506, 2.206298589706421, 2.1889848709106445, 2.169156312942505, 2.14760684967041, 2.1254146099090576, 2.1045823097229004, 2.0872299671173096, 2.074686288833618, 2.067547082901001, 2.0660247802734375, 2.0701022148132324, 2.0803868770599365], "betas": [2.0770246982574463, 2.070807933807373, 2.0703036785125732, 2.075742483139038, 2.086803436279297, 2.103191614151001, 2.1239590644836426, 2.1465137004852295, 2.168309211730957, 2.1883761882781982, 2.205839157104492, 2.2200281620025635, 2.230266809463501, 2.236072540283203, 2.2371256351470947, 2.233386754989624, 2.2250430583953857, 2.2125394344329834, 2.1964893341064453, 2.177684783935547, 2.1569509506225586, 2.1353423595428467, 2.1143856048583984, 2.0962016582489014, 2.082244873046875, 2.0728495121002197, 2.068634271621704, 2.0699803829193115, 2.076871395111084, 2.0897092819213867], "predicted_p_opt": 0.02109912791027342, "predicted_tts": 47.39532383767804, "p_opt": 0.006578949444026712, "tts": 151.999952045222, "approx": 0.9740677790250685, "opt_gap": -0.02593222097493153, "th": -99.92878093599874}