{"N": 20, "edgelist": ["0 2 {}\n", "0 4 {}\n", "0 5 {}\n", "0 9 {}\n", "0 10 {}\n", "0 12 {}\n", "0 19 {}\n", "1 2 {}\n", "1 6 {}\n", "1 9 {}\n", "1 10 {}\n", "1 11 {}\n", "1 17 {}\n", "1 18 {}\n", "1 19 {}\n", "2 3 {}\n", "2 4 {}\n", "2 6 {}\n", "2 8 {}\n", "2 9 {}\n", "2 12 {}\n", "2 13 {}\n", "2 15 {}\n", "2 16 {}\n", "2 19 {}\n", "3 4 {}\n", "3 6 {}\n", "3 8 {}\n", "3 9 {}\n", "3 10 {}\n", "3 11 {}\n", "3 12 {}\n", "3 13 {}\n", "3 14 {}\n", "3 16 {}\n", "3 19 {}\n", "4 6 {}\n", "4 9 {}\n", "4 10 {}\n", "4 13 {}\n", "4 15 {}\n", "4 19 {}\n", "5 6 {}\n", "5 8 {}\n", "5 12 {}\n", "5 13 {}\n", "5 14 {}\n", "5 18 {}\n", "5 19 {}\n", "6 8 {}\n", "6 10 {}\n", "6 11 {}\n", "6 13 {}\n", "6 14 {}\n", "6 17 {}\n", "7 9 {}\n", "7 10 {}\n", "7 13 {}\n", "7 16 {}\n", "8 10 {}\n", "8 12 {}\n", "8 13 {}\n", "8 19 {}\n", "9 11 {}\n", "9 12 {}\n", "9 13 {}\n", "9 14 {}\n", "9 15 {}\n", "9 17 {}\n", "10 15 {}\n", "10 18 {}\n", "11 13 {}\n", "11 14 {}\n", "11 15 {}\n", "11 16 {}\n", "11 17 {}\n", "11 19 {}\n", "12 13 {}\n", "12 16 {}\n", "12 18 {}\n", "12 19 {}\n", "13 16 {}\n", "13 18 {}\n", "14 17 {}\n", "14 18 {}\n", "14 19 {}\n", "15 17 {}\n", "15 18 {}\n", "16 17 {}\n", "16 18 {}\n", "17 18 {}\n", "18 19 {}\n"], "opt_value": 82, "opt_count": 7, "feasible_count": 184756, "mean_value": 70.21052631578948, "std": 2.9293456039300203, "level": 23, "gammas": [3.1415947997989226, 3.1415929008580865, 3.141593368644273, 3.1415937813628125, 3.1415935903455154, 3.141593211240874, 3.1415931170750273, 3.141593440670783, 3.1415938171181312, 3.141593716057373, 3.1415933453631313, 3.141591118614586, 3.1415887617061737, 3.1415840717145835, 3.1415757753279547, 3.1415777017432767, 3.141552060211217, 3.1415527610393594, 3.141528630291342, 3.1416294475938655, 3.1406506144308604, 3.1403761935277474, 3.1413988887624864], "betas": [3.141592018895707, 3.1415922720884644, 3.1415916600272125, 3.141591563322413, 3.1415919234673266, 3.1415921912325198, 3.141592050404633, 3.141591689790372, 3.141591402281655, 3.141591473786867, 3.1415908968429886, 3.141587957357706, 3.1415859402350943, 3.141577694055977, 3.1415791766647105, 3.141561506666796, 3.1415301705081724, 3.141591348386512, 3.141513550413511, 3.1413883004651835, 3.1401427282352965, 3.140970446892867, 3.141557698145173], "predicted_p_opt": 0.0836941696074823, "predicted_tts": 11.94826359697342, "p_opt": 0.08138617724184803, "tts": 12.287098791093104, "approx": 0.8679221998419787, "opt_gap": -0.13207780015802129, "th": -81.9990005493164}