{"N": 20, "edgelist": ["0 1 {}\n", "0 5 {}\n", "0 9 {}\n", "0 14 {}\n", "0 15 {}\n", "0 17 {}\n", "0 18 {}\n", "1 2 {}\n", "1 3 {}\n", "1 4 {}\n", "1 5 {}\n", "1 6 {}\n", "1 7 {}\n", "1 10 {}\n", "1 12 {}\n", "1 13 {}\n", "1 14 {}\n", "1 19 {}\n", "2 4 {}\n", "2 6 {}\n", "2 8 {}\n", "2 11 {}\n", "2 14 {}\n", "2 16 {}\n", "2 18 {}\n", "2 19 {}\n", "3 4 {}\n", "3 5 {}\n", "3 6 {}\n", "3 7 {}\n", "3 9 {}\n", "3 13 {}\n", "3 17 {}\n", "3 19 {}\n", "4 5 {}\n", "4 6 {}\n", "4 7 {}\n", "4 10 {}\n", "4 11 {}\n", "4 12 {}\n", "4 14 {}\n", "4 17 {}\n", "4 18 {}\n", "4 19 {}\n", "5 7 {}\n", "5 8 {}\n", "5 9 {}\n", "5 10 {}\n", "5 11 {}\n", "5 13 {}\n", "5 14 {}\n", "5 15 {}\n", "5 16 {}\n", "5 18 {}\n", "6 7 {}\n", "6 11 {}\n", "6 13 {}\n", "6 14 {}\n", "6 15 {}\n", "6 19 {}\n", "7 11 {}\n", "7 14 {}\n", "7 16 {}\n", "7 17 {}\n", "7 18 {}\n", "8 10 {}\n", "8 11 {}\n", "8 13 {}\n", "8 14 {}\n", "8 15 {}\n", "8 16 {}\n", "8 17 {}\n", "8 19 {}\n", "9 10 {}\n", "9 11 {}\n", "9 13 {}\n", "9 14 {}\n", "9 16 {}\n", "9 18 {}\n", "10 13 {}\n", "10 14 {}\n", "10 17 {}\n", "10 19 {}\n", "11 12 {}\n", "11 13 {}\n", "11 14 {}\n", "11 17 {}\n", "11 18 {}\n", "11 19 {}\n", "12 14 {}\n", "12 15 {}\n", "12 16 {}\n", "12 18 {}\n", "12 19 {}\n", "13 15 {}\n", "13 19 {}\n", "14 15 {}\n", "14 18 {}\n", "14 19 {}\n", "15 18 {}\n", "15 19 {}\n", "16 18 {}\n", "17 18 {}\n"], "opt_value": 90, "opt_count": 3, "feasible_count": 184756, "mean_value": 78.60526315789474, "std": 3.0805346388895023, "level": 23, "gammas": [3.1415935795133807, 3.1415924840805336, 3.141592507793758, 3.1415927278785705, 3.1415927595135016, 3.1415926776037844, 3.1415926332113115, 3.141592670225112, 3.1415926226364816, 3.141592150810342, 3.1415916747666497, 3.1415916898136964, 3.141592168256948, 3.1415904386198474, 3.141588384566184, 3.1415753708099983, 3.1415432646940844, 3.141536715333407, 3.141457731185413, 3.1416397401940657, 3.140786798713233, 3.1406553645098425, 3.1414532778813817], "betas": [3.14159249489155, 3.141592882810013, 3.141592676907919, 3.1415925358281167, 3.141592579331872, 3.1415926623755475, 3.141592655170895, 3.1415926174588904, 3.1415925259468844, 3.1415922751837866, 3.141592041718106, 3.141591368851723, 3.1415906660769553, 3.141589309728264, 3.141590860121903, 3.1415529586508457, 3.141529755644328, 3.1415273114616635, 3.1415044587848326, 3.141408686005196, 3.1404229269659907, 3.1411315493004466, 3.1415684390797245], "predicted_p_opt": 0.035868929831778126, "predicted_tts": 27.879281726271316, "p_opt": 0.03544231069298749, "tts": 28.214864675791496, "approx": 0.877877163783246, "opt_gap": -0.12212283621675402, "th": -89.9990005493164}