{"edges": [[0, 1], [0, 2], [0, 4], [0, 5], [1, 5], [1, 7], [1, 8], [2, 6], [2, 10], [3, 7], [3, 9], [4, 5], [4, 6], [4, 7], [4, 9], [4, 10], [5, 6], [6, 7], [6, 8], [6, 10], [8, 9], [9, 10]], "num_nodes": 11, "num_colors": 3, "opt_value": 22, "opt_count": 6, "feasible_count": 177147, "mean_value": 14.666666666666666, "std": 2.2110831935702664, "level": 39, "gammas": [-0.19686219096183777, -0.314233660697937, -0.32296282052993774, -0.3210449516773224, -0.3147639334201813, -0.3079026937484741, -0.2970830202102661, -0.2829253375530243, -0.2757984399795532, -0.2844908535480499, -0.2999902069568634, -0.31154167652130127, -0.31645822525024414, -0.31420573592185974, -0.30428603291511536, -0.2880778908729553, -0.2818187177181244, -0.2978045642375946, -0.33817118406295776, -0.2968224585056305, -0.3268580734729767, -0.3331678807735443, -0.3359687328338623, -0.33061468601226807, -0.33081650733947754, -0.33048325777053833, -0.3302353322505951, -0.33025258779525757, -0.33135786652565, -0.33395132422447205, -0.33717459440231323, -0.340727835893631, -0.3446131944656372, -0.34899845719337463, -0.35354098677635193, -0.3608757257461548, -0.36412888765335083, -0.3701092004776001, -0.3701036870479584], "betas": [2.5199544429779053, 2.3221492767333984, 2.24373459815979, 2.191032886505127, 2.1413891315460205, 2.076859951019287, 1.9833935499191284, 1.9016706943511963, 1.9098906517028809, 2.0092599391937256, 2.1114377975463867, 2.172858238220215, 2.1863534450531006, 2.1506428718566895, 2.0550029277801514, 1.9788204431533813, 2.06172513961792, 2.015211582183838, 2.0340476036071777, 2.192507266998291, 2.382906198501587, 2.3876214027404785, 2.3536314964294434, 2.3524036407470703, 2.315788984298706, 2.3033738136291504, 2.3030474185943604, 2.3084452152252197, 2.3238394260406494, 2.3453032970428467, 2.3718044757843018, 2.4034056663513184, 2.4393386840820312, 2.486013174057007, 2.525026321411133, 2.5361270904541016, 2.6092212200164795, 2.7042675018310547, 2.852996587753296], "predicted_p_opt": 0.21138376602482684, "predicted_tts": 4.730732254446403, "p_opt": 0.12320705825862799, "tts": 8.116418118683324, "approx": 0.662964635922908, "opt_gap": -0.337035364077092}