{"edges": [[12, 16], [12, 17], [12, 23], [16, 21], [16, 18], [3, 10], [3, 21], [3, 20], [10, 17], [10, 20], [5, 7], [5, 13], [5, 17], [7, 2], [7, 1], [13, 0], [13, 15], [4, 15], [4, 22], [4, 1], [15, 11], [14, 19], [14, 9], [14, 2], [19, 11], [19, 6], [9, 21], [9, 24], [8, 18], [8, 24], [8, 23], [18, 22], [2, 11], [24, 23], [22, 20], [0, 25], [0, 6], [25, 6], [25, 1]], "num_nodes": 26, "opt_value": 35, "opt_count": 6, "feasible_count": 67108864, "mean_value": 19.5, "std": 3.122498999199199, "level": 5, "gammas": [3.141572498999793, 3.1417865863596366, 3.141832505446404, 3.1404993070314875, 4.16906593282985], "betas": [3.1410561675280397, 3.140627435923678, 3.1397596435534587, 3.14446652768211, 5.1607709208632935], "predicted_p_opt": 1.0818243026733398e-05, "predicted_tts": 92436.45179063361, "p_opt": 3.691380730441633e-06, "tts": 270901.3437040836, "approx": 0.7613908164409543, "opt_gap": -0.2386091835590457, "th": -25.978533706892062}