{"edges": [[0, 2], [0, 9], [1, 2], [1, 3], [1, 8], [1, 9], [2, 6], [2, 7], [2, 8], [3, 4], [3, 7], [4, 5], [4, 8], [4, 9], [4, 10], [5, 9], [6, 7], [6, 9], [6, 10], [7, 10], [8, 9], [8, 10]], "num_nodes": 11, "num_colors": 3, "opt_value": 22, "opt_count": 36, "feasible_count": 177147, "mean_value": 14.666666666666666, "std": 2.211083193570267, "level": 47, "gammas": [3.1415927302106708, 3.1415926008777726, 3.141592662905044, 3.1415926778237058, 3.1415926297862953, 3.1415922435168464, 3.1415908482134527, 3.1415872584465596, 3.1415799054504463, 3.141567450796041, 3.1415493632832927, 3.141526318892453, 3.14150022334428, 3.141473793976968, 3.1414500491197073, 3.141431541594244, 3.141419809616549, 3.1414149557922735, 3.1414154997982866, 3.1414189176852516, 3.1414225010332406, 3.14142411885277, 3.1414224610475516, 3.141417111868083, 3.1414087349745223, 3.141399127645944, 3.1413912820794834, 3.1413887126797557, 3.1413942247039173, 3.1414087634475347, 3.141431384152324, 3.141459588783725, 3.141490055842795, 3.141519344771863, 3.14154461184215, 3.141564125392438, 3.1415776490933878, 3.141586475778384, 3.1415933192879186, 3.1416012225987866, 3.141608825625074, 3.141595171684772, 3.141507580032119, 3.141505180180963, 3.142856607904919, 3.1469902625510198, 3.1371511212315255], "betas": [3.1415928267035014, 3.14159265148436, 3.141592621889419, 3.1415925714244186, 3.1415923605733713, 3.141591561322352, 3.1415892328658495, 3.1415839494396556, 3.141574190980221, 3.1415589473503776, 3.1415382591273655, 3.1415134349570057, 3.1414868495996786, 3.1414614427234873, 3.1414400762624552, 3.1414248630023898, 3.141416654384316, 3.1414147417183385, 3.1414170266898456, 3.1414207755341694, 3.1414234999618853, 3.1414234955511446, 3.1414198948774237, 3.1414128025291483, 3.141403463368426, 3.1413943221616076, 3.1413887686612614, 3.141390154167478, 3.1414004164209453, 3.1414194943782427, 3.141445573741801, 3.141475609768823, 3.141506099942643, 3.141533832446275, 3.1415564729150445, 3.141572903240379, 3.1415830734637393, 3.1415873107021013, 3.1415856339149713, 3.1415789986251057, 3.1415777714369777, 3.1416218103534668, 3.141735061242962, 3.1412187175562636, 3.1460709818734807, 3.142252263094473, 3.1377951282040932], "predicted_p_opt": 1.834070009653, "predicted_tts": 0.5452354570637119, "p_opt": 0.9538676221754551, "tts": 1.048363501131669, "approx": 0.9846196850380408, "opt_gap": -0.01538031496195924, "th": -21.999000549316406}