{"N": 20, "edgelist": ["0 1 {}\n", "0 2 {}\n", "0 3 {}\n", "0 6 {}\n", "0 8 {}\n", "0 10 {}\n", "0 11 {}\n", "0 13 {}\n", "0 15 {}\n", "0 16 {}\n", "0 19 {}\n", "1 3 {}\n", "1 5 {}\n", "1 6 {}\n", "1 9 {}\n", "1 12 {}\n", "1 13 {}\n", "1 16 {}\n", "1 17 {}\n", "2 3 {}\n", "2 5 {}\n", "2 6 {}\n", "2 13 {}\n", "2 14 {}\n", "2 16 {}\n", "2 18 {}\n", "3 5 {}\n", "3 9 {}\n", "3 11 {}\n", "3 12 {}\n", "3 15 {}\n", "3 18 {}\n", "3 19 {}\n", "4 12 {}\n", "4 13 {}\n", "4 14 {}\n", "4 16 {}\n", "4 17 {}\n", "4 18 {}\n", "4 19 {}\n", "5 6 {}\n", "5 7 {}\n", "5 9 {}\n", "5 10 {}\n", "5 11 {}\n", "5 13 {}\n", "5 16 {}\n", "5 17 {}\n", "5 19 {}\n", "6 7 {}\n", "6 8 {}\n", "6 11 {}\n", "6 15 {}\n", "7 8 {}\n", "7 10 {}\n", "7 11 {}\n", "7 13 {}\n", "7 15 {}\n", "7 17 {}\n", "7 19 {}\n", "8 11 {}\n", "8 12 {}\n", "8 17 {}\n", "8 18 {}\n", "8 19 {}\n", "9 12 {}\n", "9 13 {}\n", "9 14 {}\n", "9 15 {}\n", "9 17 {}\n", "9 19 {}\n", "10 14 {}\n", "10 17 {}\n", "10 18 {}\n", "10 19 {}\n", "11 12 {}\n", "11 15 {}\n", "11 16 {}\n", "11 17 {}\n", "11 18 {}\n", "12 13 {}\n", "12 15 {}\n", "12 17 {}\n", "12 18 {}\n", "12 19 {}\n", "13 15 {}\n", "14 16 {}\n", "14 17 {}\n", "14 19 {}\n", "15 18 {}\n", "15 19 {}\n", "16 18 {}\n", "16 19 {}\n", "17 18 {}\n", "17 19 {}\n"], "opt_value": 83, "opt_count": 3, "feasible_count": 184756, "mean_value": 72.5, "std": 2.638574293705897, "level": 37, "gammas": [0.1881892998461918, 0.28708439438228933, 0.29373314766842146, 0.2949574674669558, 0.2974393728986216, 0.3006004600373379, 0.15535957635754294, -0.2980915061044813, -0.2889848226223729, -0.2939215100720671, -0.2953475267279449, -0.2936214303312924, -0.2870825042615978, -0.2989355642414989, -0.280592729360563, -0.28462124585813264, -0.2872368895157207, -0.2845882532402259, -0.28748780606006363, -0.28745769050043163, -0.28745752899448074, -0.28688849967832625, -0.2863367455753827, -0.28574443213806566, -0.2855384419179572, -0.27968435043118633, -0.2871194886388321, -0.2778075305105909, -0.2824179163612551, -0.282922966194241, -0.2839682888253309, -0.28484975747502383, -0.2848816518261632, -0.2839987993630999, -0.28417829342549816, -0.28327107341489505, -0.2740470381037331], "betas": [-2.9702040024915193, -3.001074515117769, -3.0376467384734727, -3.094939627718614, -3.2501624809366545, -4.112719433091369, -1.1034893674313873, 3.4516564130264396, 3.127146892730834, 3.0767789111461137, 3.109944796983839, 3.1892457876855365, 3.216497667351492, 2.6323796066656495, 2.8767095520247636, 2.94387805526979, 2.9782246871388818, 2.9859983071877845, 2.9928598387687146, 2.991655928935888, 2.9872897012062443, 2.9792777140806255, 2.9705532987249073, 2.9676666893963883, 2.951636727856201, 3.0600376100578184, 2.615164852478889, 2.863831411317531, 3.0191186003679404, 3.026618467314714, 2.990777684743014, 2.9650978438073996, 2.9572042427064145, 2.9556744667107187, 2.919443298360052, 2.9136814326333824, 2.9314641071363408], "predicted_p_opt": 0.09133668189395744, "predicted_tts": 10.948503703703704, "p_opt": 0.06206563228186576, "tts": 16.111976358487503, "approx": 0.8913308990814617, "opt_gap": -0.10866910091853832}