{"edges": [[0, 1], [0, 2], [0, 5], [0, 8], [0, 11], [1, 6], [2, 5], [2, 6], [2, 9], [2, 12], [2, 13], [3, 7], [3, 8], [3, 12], [4, 8], [4, 13], [4, 14], [5, 10], [6, 14], [7, 8], [7, 14], [8, 14], [9, 10], [11, 12], [12, 14]], "num_nodes": 15, "num_colors": 3, "opt_value": 25, "opt_count": 288, "feasible_count": 14348907, "mean_value": 16.666666666666668, "std": 2.3570226039551585, "level": 48, "gammas": [-0.39836818038978894, -0.2763423777003066, -0.21451385889549265, -0.24482914539659814, -0.26592120522720897, -0.2855844050414699, -0.28197261260650636, -0.20246438280756757, -0.27079423668358527, -0.32149308991263126, -0.1574225706985261, -0.27857085535512055, -0.3688471277481833, -0.3558334806736488, -0.2666081948182227, -0.41013488276161725, -0.4301835696864492, -0.40497253264891003, -0.4880796945092127, -0.10168503626245287, -0.10619305725719344, -0.36490659728529135, -0.3658993680807737, -0.357062875904674, -0.35482738697898053, -0.39852838234770505, -0.34150021265662345, 5.873585091716599, 6.1183574526698665, 6.046253744189256, 5.8221622552481325, 2.817282458636243, 1.353665320853424, 0.3398790858512645, 1.399237562472018, 1.4422538839710664, 0.3648357541401147, 0.37376889826200166, 0.3630547577694408, 0.36191497817798457, 0.3416877757425696, 0.3616009704663268, 0.3809666621438793, 0.362764694888729, 0.3420265837757418, 0.4117449340293846, 0.42072075706838935, 0.4140252600849506], "betas": [1.7745481503006033, 2.3713277093423173, 1.2681840449753683, 1.7660036450043886, 1.74777783668054, 1.6026896100411454, 1.7574134380284268, 1.5034563708298971, 1.7891752636172067, 2.1147684129434103, 2.3003065500000974, 0.6485341792979666, 0.7240126083746846, 1.1426983112483626, 1.6250734731721577, 1.838887975197889, 1.8529728535342476, 0.6685709012731423, 0.6719521702034329, 1.3314140960491534, 2.9547704960936425, 2.3193095465764313, 2.5946951068752764, 2.45355455411309, 2.4260494349267527, 2.2971327105439365, 3.0101325768752707, 1.804486843672582, 1.6420935345418668, 1.0245071010761775, 1.8088874485963113, -2.8684908913747447, 4.692649547647517, -1.7084248729848939, 0.9721453987600572, -2.765081290706035, 3.740860051627719, 3.933610947082768, 4.0750075548330384, 3.9443397661276607, 4.186393689019387, 4.138422474270477, 4.248204634364771, 4.368260197023536, 4.1777661157536805, 4.360737858846226, 4.109633465086459, 4.463109339190864], "predicted_p_opt": 0.1888500636320244, "predicted_tts": 5.295206052715485, "p_opt": 0.005256354999489087, "tts": 190.24590235956268, "approx": 0.9285357992114407, "opt_gap": -0.0714642007885593}