{"edges": [[0, 2], [0, 4], [0, 7], [0, 12], [0, 16], [1, 10], [1, 13], [1, 14], [1, 15], [2, 11], [3, 5], [3, 13], [3, 15], [4, 6], [4, 9], [4, 13], [4, 14], [4, 16], [5, 9], [5, 13], [5, 14], [5, 15], [6, 10], [7, 14], [7, 15], [8, 13], [8, 16], [9, 10], [9, 12], [9, 13], [10, 13], [10, 16], [11, 12], [11, 15], [12, 15], [12, 16]], "num_nodes": 17, "num_colors": 3, "opt_value": 36, "opt_count": 72, "feasible_count": 129140163, "mean_value": 24.0, "std": 2.8284271247461903, "level": 38, "gammas": [-0.21556631261992915, -0.2546670698422772, -0.17159467219725147, -0.1984215922993349, -0.2576618744674105, -0.2281944831587875, -0.16174117037528565, -0.23162602494812057, -0.23965970489433625, -0.18657270006982754, -0.22165602887924876, -0.24104818860801958, -0.2165161293738008, -0.2330899289578805, -0.2437440110160227, -0.24440208700483182, -0.23822304152172066, -0.24154683756099318, -0.2445118857857035, -0.2466398949746125, -0.24880830285763658, -0.2501803375567277, -0.24779814078933837, -0.26147885563284434, -0.3159127644600588, -0.2041390817210857, -0.31143152672228613, 5.992544949616758, 5.981849893629239, 5.981778470388804, 5.989319744159822, 5.100074954948043, 6.017040694310901, 1.1457150346736318, 5.977710106678391, 5.960960526663345, 5.974346011525305, 5.939222813900847], "betas": [2.227813659539944, 1.8185185587253494, 1.2176101218101596, 1.8952834468660997, 1.9330423151950251, 1.4063949845196855, 1.3958012306512915, 1.813968531918743, 1.5364507383021888, 1.3569164574407921, 1.5642661883617732, 2.0152858270673675, 1.5438119443235412, 1.5726549424298668, 1.485863306119735, 1.5934209080992252, 1.6417833770362704, 1.6349009624240733, 1.6346488577330538, 1.6358934118783566, 1.6382530802793316, 1.652110998081645, 1.6111840772697952, 1.249524940990156, 1.399336412388298, 2.6014878589240404, 2.7100543952876026, 2.5361086493041403, 2.4211427828784973, 2.380966834858453, 2.366641179724769, 2.694925405735315, 2.69976034546848, 2.410423328831908, 2.3183016371241933, 2.452141278519584, 2.8859364080873866, 2.348390207538011], "predicted_p_opt": 0.00330561763345459, "predicted_tts": 302.5153272052623, "p_opt": 7.106609492141015e-06, "tts": 140714.0776633175, "approx": 0.8908127736785298, "opt_gap": -0.10918722632147015}