{"edges": [[0, 2], [0, 3], [0, 6], [0, 10], [0, 12], [0, 14], [1, 4], [1, 8], [1, 10], [1, 13], [2, 6], [2, 7], [2, 8], [2, 9], [2, 10], [2, 13], [3, 4], [3, 10], [4, 8], [5, 6], [5, 11], [7, 9], [7, 12], [8, 10], [8, 12], [10, 14], [13, 14]], "num_nodes": 15, "num_colors": 3, "opt_value": 27, "opt_count": 144, "feasible_count": 14348907, "mean_value": 18.0, "std": 2.449489742783178, "level": 8, "gammas": [0.1414145589114704, 0.2755325638994981, 0.30812120045739905, 0.32230128508503936, 0.33456181095257187, 0.3497802428996765, 0.3726414732162804, 0.41372685649289553], "betas": [-2.1855945644535444, -1.7477888974536095, -1.557213029278911, -1.4598266734807186, -1.3946446472678204, -1.3325930863507671, -1.2459640263760274, 5.221201116635527], "predicted_p_opt": 0.0029002905935622833, "predicted_tts": 344.7930363321799, "p_opt": 0.00013149011617704206, "tts": 7605.134355905287, "approx": 0.8392900156807783, "opt_gap": -0.16070998431922168}