{"edges": [[4, 9], [4, 6], [4, 16], [9, 8], [9, 14], [12, 16], [12, 5], [12, 11], [16, 3], [6, 17], [6, 3], [3, 10], [10, 7], [10, 2], [8, 15], [8, 13], [14, 0], [14, 5], [0, 11], [0, 1], [15, 7], [15, 11], [13, 17], [13, 2], [17, 5], [7, 1], [1, 2]], "num_nodes": 18, "opt_value": 25, "opt_count": 4, "feasible_count": 262144, "mean_value": 13.5, "std": 2.598076211353316, "level": 16, "gammas": [2.341217279434204, 2.350835084915161, 2.3817217350006104, 2.4252028465270996, 2.4688754081726074, 2.5029056072235107, 2.519425392150879, 2.514519453048706, 2.489504337310791, 2.449901580810547, 2.40277099609375, 2.3582582473754883, 2.332296133041382, 2.3306033611297607, 4.116569684014212, 4.116569684014212], "betas": [2.343132734298706, 2.368346929550171, 2.409503221511841, 2.4530770778656006, 2.4910287857055664, 2.5151405334472656, 2.5193417072296143, 2.5019965171813965, 2.466648817062378, 2.42051362991333, 2.374093770980835, 2.3417956829071045, 2.329684257507324, 2.338164806365967, 0.0, 0.0], "predicted_p_opt": 0.0166168212890625, "predicted_tts": 60.17998163452709, "p_opt": 0.004545454391347732, "tts": 220.00000745877003, "approx": 0.8547273372900093, "opt_gap": -0.14527266270999073, "th": -20.998161769781138}