{"N": 26, "edgelist": ["0 1 {}\n", "0 4 {}\n", "0 5 {}\n", "0 8 {}\n", "0 9 {}\n", "0 12 {}\n", "0 13 {}\n", "0 14 {}\n", "0 15 {}\n", "0 16 {}\n", "0 21 {}\n", "0 22 {}\n", "0 23 {}\n", "0 24 {}\n", "0 25 {}\n", "1 2 {}\n", "1 4 {}\n", "1 5 {}\n", "1 7 {}\n", "1 12 {}\n", "1 14 {}\n", "1 16 {}\n", "1 18 {}\n", "1 19 {}\n", "1 21 {}\n", "1 22 {}\n", "1 25 {}\n", "2 3 {}\n", "2 4 {}\n", "2 7 {}\n", "2 11 {}\n", "2 12 {}\n", "2 13 {}\n", "2 15 {}\n", "2 17 {}\n", "2 20 {}\n", "2 23 {}\n", "2 24 {}\n", "3 4 {}\n", "3 5 {}\n", "3 7 {}\n", "3 8 {}\n", "3 11 {}\n", "3 19 {}\n", "3 21 {}\n", "3 22 {}\n", "3 24 {}\n", "3 25 {}\n", "4 11 {}\n", "4 12 {}\n", "4 13 {}\n", "4 14 {}\n", "4 15 {}\n", "4 16 {}\n", "4 17 {}\n", "4 18 {}\n", "4 19 {}\n", "4 20 {}\n", "4 24 {}\n", "4 25 {}\n", "5 6 {}\n", "5 7 {}\n", "5 8 {}\n", "5 9 {}\n", "5 10 {}\n", "5 11 {}\n", "5 17 {}\n", "5 18 {}\n", "5 19 {}\n", "5 20 {}\n", "5 22 {}\n", "5 23 {}\n", "5 24 {}\n", "6 7 {}\n", "6 8 {}\n", "6 9 {}\n", "6 10 {}\n", "6 11 {}\n", "6 12 {}\n", "6 13 {}\n", "6 16 {}\n", "6 19 {}\n", "6 20 {}\n", "6 21 {}\n", "6 22 {}\n", "6 23 {}\n", "6 24 {}\n", "6 25 {}\n", "7 8 {}\n", "7 10 {}\n", "7 13 {}\n", "7 14 {}\n", "7 16 {}\n", "7 17 {}\n", "7 19 {}\n", "7 21 {}\n", "7 22 {}\n", "7 24 {}\n", "8 9 {}\n", "8 10 {}\n", "8 11 {}\n", "8 12 {}\n", "8 13 {}\n", "8 14 {}\n", "8 16 {}\n", "8 17 {}\n", "8 20 {}\n", "8 22 {}\n", "8 24 {}\n", "9 12 {}\n", "9 14 {}\n", "9 16 {}\n", "9 17 {}\n", "9 19 {}\n", "9 21 {}\n", "9 25 {}\n", "10 14 {}\n", "10 17 {}\n", "10 18 {}\n", "10 24 {}\n", "10 25 {}\n", "11 13 {}\n", "11 14 {}\n", "11 16 {}\n", "11 18 {}\n", "11 21 {}\n", "11 23 {}\n", "12 15 {}\n", "12 16 {}\n", "12 17 {}\n", "12 18 {}\n", "12 20 {}\n", "12 21 {}\n", "12 22 {}\n", "12 24 {}\n", "13 15 {}\n", "13 16 {}\n", "13 20 {}\n", "13 21 {}\n", "13 22 {}\n", "13 23 {}\n", "13 24 {}\n", "13 25 {}\n", "14 15 {}\n", "14 17 {}\n", "14 18 {}\n", "14 19 {}\n", "14 21 {}\n", "14 24 {}\n", "14 25 {}\n", "15 16 {}\n", "15 17 {}\n", "15 19 {}\n", "15 21 {}\n", "15 23 {}\n", "15 25 {}\n", "16 19 {}\n", "16 23 {}\n", "16 25 {}\n", "17 18 {}\n", "17 20 {}\n", "17 22 {}\n", "17 23 {}\n", "18 24 {}\n", "18 25 {}\n", "19 23 {}\n", "20 21 {}\n", "20 24 {}\n", "21 23 {}\n", "21 25 {}\n", "22 23 {}\n", "22 24 {}\n"], "opt_value": 148, "opt_count": 1, "feasible_count": 10400600, "mean_value": 130.72, "std": 3.534653294602383, "level": 79, "gammas": [0.09651488810777664, 0.17624688148498535, 0.18760211765766144, 0.18578292429447174, 0.18166124820709229, 0.17809434235095978, 0.1763051450252533, 0.17600002884864807, 0.17594653367996216, 0.17534969747066498, 0.17418716847896576, 0.17283719778060913, 0.1714114397764206, 0.1698487550020218, 0.16815024614334106, 0.1669108122587204, 0.1656752973794937, 0.16365773975849152, 0.16144366562366486, 0.16129963099956512, 0.16255049407482147, 0.15885841846466064, 0.15728378295898438, 0.16765007376670837, 0.16594646871089935, 0.10833326727151871, -0.08186856657266617, -0.11862334609031677, -0.14414498209953308, -0.152638241648674, -0.14895448088645935, -0.14478681981563568, -0.14510227739810944, -0.1438107043504715, -0.14298447966575623, -0.14390091598033905, -0.14342808723449707, -0.1430012285709381, -0.14331987500190735, -0.14373572170734406, -0.14386285841464996, -0.14366425573825836, -0.1433442234992981, -0.14408710598945618, -0.14407731592655182, -0.1445094496011734, -0.1446962207555771, -0.1450052559375763, -0.1456235945224762, -0.14602474868297577, -0.14654476940631866, -0.14760473370552063, -0.14805427193641663, -0.14775997400283813, -0.14758504927158356, -0.1482221782207489, -0.15219123661518097, -0.1608658879995346, -0.14785316586494446, -0.15329518914222717, -0.156942218542099, -0.15708312392234802, -0.15951886773109436, -0.16038666665554047, -0.16444239020347595, -0.15052548050880432, -0.17610996961593628, -0.1705627143383026, -0.16483251750469208, -0.16718289256095886, -0.17090435326099396, -0.1738971620798111, -0.17546597123146057, -0.17557455599308014, -0.17550964653491974, -0.1755201518535614, -0.17597168684005737, -0.1763012856245041, -0.17095638811588287], "betas": [-3.1055538654327393, -3.1363186836242676, -3.142451524734497, -3.1145126819610596, -3.071918487548828, -3.0387043952941895, -3.0256383419036865, -3.0245471000671387, -3.019085168838501, -3.002143144607544, -2.977151870727539, -2.951566696166992, -2.919760227203369, -2.890953779220581, -2.8624813556671143, -2.8378002643585205, -2.8143138885498047, -2.769317388534546, -2.7313709259033203, -2.731482744216919, -2.7039756774902344, -2.642852783203125, -2.6813271045684814, -2.8137826919555664, -2.636110544204712, 1.692643165588379, 2.914034843444824, 2.522751569747925, 2.5502123832702637, 2.4841792583465576, 2.408625841140747, 2.42253041267395, 2.4267964363098145, 2.411132574081421, 2.420908212661743, 2.4227235317230225, 2.419729232788086, 2.422898769378662, 2.4211201667785645, 2.4227397441864014, 2.4233105182647705, 2.4300663471221924, 2.427581310272217, 2.4329400062561035, 2.4370617866516113, 2.442279577255249, 2.4462404251098633, 2.4548306465148926, 2.462188720703125, 2.466193199157715, 2.4769701957702637, 2.4898626804351807, 2.499833583831787, 2.529329538345337, 2.5645720958709717, 2.588070869445801, 2.54598069190979, 2.558842658996582, 2.579989194869995, 2.6595537662506104, 2.6676883697509766, 2.6924057006835938, 2.719858169555664, 2.7547452449798584, 2.7117021083831787, 2.909435749053955, 2.763413906097412, 2.819483757019043, 2.9006168842315674, 2.9364147186279297, 2.974030017852783, 2.9973080158233643, 3.0058505535125732, 3.0088918209075928, 3.0102522373199463, 3.015537977218628, 3.0214829444885254, 3.0207536220550537, 3.0072765350341797], "predicted_p_opt": 0.0024307251504720882, "predicted_tts": 411.39986551164907, "p_opt": 0.0019193962459848918, "tts": 520.9971636090568, "approx": 0.8871156886459157, "opt_gap": -0.11288431135408428}