{"edges": [[5, 7], [5, 10], [5, 4], [7, 13], [7, 11], [4, 15], [4, 8], [15, 9], [15, 2], [10, 11], [10, 6], [9, 14], [9, 11], [14, 13], [14, 8], [8, 12], [12, 0], [12, 2], [1, 6], [1, 0], [1, 13], [6, 3], [3, 0], [3, 2]], "num_nodes": 16, "opt_value": 22, "opt_count": 4, "feasible_count": 65536, "mean_value": 12.0, "std": 2.449489742783178, "level": 2, "gammas": [0.23930595599024762, 0.4223098254104335], "betas": [4.325485163904236, 4.932429211664969], "predicted_p_opt": 0.00152587890625, "predicted_tts": 655.36, "p_opt": 0.00026083815318701304, "tts": 3833.794971255721, "approx": 0.6889664358428509, "opt_gap": -0.3110335641571491}