{"edges": [[4, 9], [4, 5], [4, 14], [9, 1], [9, 15], [12, 16], [12, 17], [12, 0], [16, 0], [16, 6], [5, 10], [5, 6], [10, 11], [10, 8], [1, 3], [1, 14], [3, 8], [3, 17], [2, 11], [2, 17], [2, 15], [11, 13], [7, 13], [7, 8], [7, 14], [13, 6], [0, 15]], "num_nodes": 18, "opt_value": 23, "opt_count": 24, "feasible_count": 262144, "mean_value": 13.5, "std": 2.598076211353316, "level": 46, "gammas": [0.35659580524898143, 0.3205656007143625, 0.2614863488715748, 0.24167555990144476, 0.25572379452273286, 0.2629442178220797, 0.24342966097036153, 0.2480277239630244, 0.2575637660496695, 0.24788032040110203, 0.2446832843829617, 0.26165701081460796, 0.28992257947015093, 0.31477898611470073, 0.3359608739303117, 0.3479833847564947, 0.33029997498289365, 0.32751452745177045, 0.9225144129245932, 0.1693061618752108, 0.1630273770210284, 0.32393107436154545, 0.31560131073639547, 0.29826360574622096, 0.2919510414902873, 0.2853979813015582, 0.2815580702450048, 0.28900055033933947, 0.30115740289129783, 0.3168543817221689, 0.3347081433864463, 0.3525648913484814, 0.3865047299828304, 0.3721032232644354, 1.1603669096337013, 0.4356240704688516, 0.46003924771516097, 0.4608734901746512, 0.3906233584232578, 0.351853925559265, 0.3373184689384095, 0.32877464921116756, 0.3251260149158761, 0.326887952681781, 0.33495165135756594, 0.3365191623570738], "betas": [-2.1162562746483244, -2.8405066828020273, -2.171250704458916, -2.307662638590387, -2.147855814233366, -1.9541253672471586, -1.8575453932567054, -1.9097930506032306, -1.8531566364282397, -1.7633982602847924, -1.7824454136647416, -1.912579550226528, -2.0514536981286136, -2.153945623861284, -2.2433447365049104, -2.2891402931870957, -2.147992656041263, -2.325485877355798, -1.7814955666039847, -2.129132546708176, -2.323246819304845, 3.461037961638164, 3.2484005478057636, 3.557272960967462, 3.8933644583901765, 4.088796213611142, 4.082928332469443, 4.026698568691523, 3.9548583150692047, 3.8511132838202875, 3.7526657061526443, 3.6926567946705453, 3.769667120752178, 3.372622234938357, 4.107119879877561, -2.328301337561435, 3.8098477997660645, 3.648246978608075, 3.5808742816298884, 3.5981870834376717, 3.6570538509035666, 3.719459706121193, 3.751827061373322, 3.7250837999960384, 3.694633013468757, 3.6984260496199286], "predicted_p_opt": 0.791839599609375, "predicted_tts": 1.2628820287509153, "p_opt": 0.03195852722258781, "tts": 31.29055331727599, "approx": 0.9305583459443977, "opt_gap": -0.06944165405560232}