{"edges": [[6, 12], [6, 15], [6, 4], [12, 5], [12, 2], [15, 8], [15, 10], [4, 14], [4, 16], [5, 7], [5, 0], [7, 2], [7, 11], [9, 14], [9, 3], [9, 13], [14, 8], [0, 11], [0, 10], [8, 3], [11, 1], [10, 1], [2, 17], [17, 3], [17, 16], [13, 16], [13, 1]], "num_nodes": 18, "opt_value": 25, "opt_count": 2, "feasible_count": 262144, "mean_value": 13.5, "std": 2.598076211353316, "level": 46, "gammas": [-0.14901124818667982, -0.2843300374488004, -0.2629661119730117, -0.2257432096144258, -0.42235367114288885, -0.11970157489291933, -0.1570221482407729, -0.2145385657866039, -0.19681423783824292, -0.19166438757183346, -0.18844662947673987, -0.18743542328562282, -0.1852518903049882, -0.1886525206225605, -0.19498409992572563, -0.1799389874669507, -0.19602191959918677, -0.20164194574376484, -0.1876309538479945, -0.20875040301688508, -0.21730958777730028, -0.20588493665327018, -0.2201506283010808, -0.2413288632513016, -0.24629746296460678, -0.2879161722229597, -0.30456546174661386, -0.38122749069336975, -0.4848046012731423, -0.6053308639658072, -0.35194069276594064, -0.2619600179088788, -0.27832006715651647, -0.2820934900847025, -0.292286349852025, -0.29368977587024664, -0.2984651005811038, 5.986895845661095, 5.9825573752008845, 5.98586958109317, 5.9773611535756235, 5.981549173574005, 5.9803607345499135, 5.9572082874835255, 5.9762927741332135, 5.9639208241456085], "betas": [2.886639780901896, 2.575919353481544, 1.443419605053012, 1.947867611143427, 2.128017041018461, 1.9972827765708123, 2.2853131837754144, 1.6486749264702487, 1.3837994216369995, 1.64882685196343, 1.4648653116575, 1.4833633002616087, 1.4295789950625888, 1.44764872785938, 1.4538989953288313, 1.4227094346610034, 1.5269859702526158, 1.4362578508473378, 1.47222664094124, 1.5992672430718464, 1.5107595586807583, 1.5375966271639474, 1.6341383048042755, 1.6873580353959352, 1.7295612520729988, 1.792616624933591, 2.2248075786349215, 2.2996011411485355, 2.051190091077084, 2.2741672557747488, 2.289778429048901, 2.298597810093803, 2.3206497821421626, 2.342975796662689, 2.4245688997306347, 2.3745821013170407, 2.391943134773093, 2.355890031898332, 2.335270751793054, 2.320132141044435, 2.2841115478093763, 2.304719875346432, 2.2766953883855607, 2.15720039609521, 2.419813371486569, 2.6807108294511965], "predicted_p_opt": 0.06598663330078125, "predicted_tts": 15.154584345010983, "p_opt": 1.2979507034971822e-06, "tts": 770445.2852528316, "approx": 0.8720616489040321, "opt_gap": -0.12793835109596785}