{"N": 20, "edgelist": ["0 2 {}\n", "0 3 {}\n", "0 5 {}\n", "0 6 {}\n", "0 13 {}\n", "0 16 {}\n", "0 17 {}\n", "0 19 {}\n", "1 8 {}\n", "1 12 {}\n", "1 15 {}\n", "1 16 {}\n", "1 17 {}\n", "1 19 {}\n", "2 4 {}\n", "2 7 {}\n", "2 9 {}\n", "2 11 {}\n", "2 15 {}\n", "2 16 {}\n", "2 18 {}\n", "3 4 {}\n", "3 5 {}\n", "3 6 {}\n", "3 7 {}\n", "3 8 {}\n", "3 12 {}\n", "3 13 {}\n", "3 17 {}\n", "3 19 {}\n", "4 5 {}\n", "4 6 {}\n", "4 7 {}\n", "4 8 {}\n", "4 9 {}\n", "4 11 {}\n", "4 12 {}\n", "4 15 {}\n", "4 16 {}\n", "4 18 {}\n", "4 19 {}\n", "5 10 {}\n", "5 11 {}\n", "5 12 {}\n", "5 13 {}\n", "5 14 {}\n", "5 15 {}\n", "5 17 {}\n", "5 19 {}\n", "6 9 {}\n", "6 10 {}\n", "6 12 {}\n", "6 13 {}\n", "6 14 {}\n", "6 15 {}\n", "6 16 {}\n", "6 17 {}\n", "6 19 {}\n", "7 8 {}\n", "7 11 {}\n", "7 15 {}\n", "7 16 {}\n", "7 17 {}\n", "8 11 {}\n", "8 12 {}\n", "8 13 {}\n", "8 18 {}\n", "9 13 {}\n", "9 17 {}\n", "10 11 {}\n", "10 15 {}\n", "10 16 {}\n", "10 18 {}\n", "10 19 {}\n", "11 14 {}\n", "11 15 {}\n", "11 16 {}\n", "11 17 {}\n", "11 18 {}\n", "12 14 {}\n", "12 15 {}\n", "12 16 {}\n", "12 18 {}\n", "13 16 {}\n", "13 19 {}\n", "14 16 {}\n", "15 16 {}\n", "15 17 {}\n", "15 18 {}\n", "15 19 {}\n", "16 17 {}\n", "16 18 {}\n", "17 19 {}\n", "18 19 {}\n"], "opt_value": 84, "opt_count": 10, "feasible_count": 184756, "mean_value": 71.73684210526316, "std": 3.377503235852808, "level": 99, "gammas": [-0.1124696284532547, -0.2005258947610855, -0.22252921760082245, -0.2282164990901947, -0.21434952318668365, -0.21730582416057587, -0.20301096141338348, -0.20868250727653503, -0.2097606062889099, -0.20765168964862823, -0.20550011098384857, -0.2051183432340622, -0.2048913687467575, -0.2031906694173813, -0.20085178315639496, -0.19980677962303162, -0.19821834564208984, -0.1959543526172638, -0.19428454339504242, -0.19344449043273926, -0.19145186245441437, -0.18884611129760742, -0.18872006237506866, -0.18735870718955994, -0.1832922399044037, -0.18402525782585144, -0.1833343654870987, -0.17638619244098663, -0.17697174847126007, -0.1929885447025299, -0.1704907864332199, -0.17186762392520905, -0.16990171372890472, -0.14413945376873016, -0.1562926024198532, -0.14434118568897247, 0.10605809092521667, 0.06599584221839905, 0.15256871283054352, 0.17386594414710999, 0.1665581911802292, 0.1844329982995987, 0.17673233151435852, 0.18343162536621094, 0.18001241981983185, 0.17921006679534912, 0.17993153631687164, 0.18070223927497864, 0.18054533004760742, 0.1809592843055725, 0.1811622828245163, 0.18129873275756836, 0.1813507229089737, 0.1815422624349594, 0.18162764608860016, 0.18178625404834747, 0.18222834169864655, 0.18254582583904266, 0.18296994268894196, 0.1834021806716919, 0.18379054963588715, 0.18447870016098022, 0.18508553504943848, 0.1854466050863266, 0.18613301217556, 0.18739905953407288, 0.18793126940727234, 0.18495330214500427, 0.19700932502746582, 0.20658496022224426, 0.1862015724182129, 0.18499137461185455, 0.19208523631095886, 0.18955636024475098, 0.198008731007576, 0.20170708000659943, 0.20453277230262756, 0.20766514539718628, 0.20994685590267181, 0.2118224799633026, 0.21443966031074524, 0.2170722633600235, 0.2196318358182907, 0.22205084562301636, 0.2240646481513977, 0.22630496323108673, 0.22865618765354156, 0.2313515990972519, 0.23374420404434204, 0.23593589663505554, 0.23757173120975494, 0.23883654177188873, 0.23969241976737976, 0.24022704362869263, 0.24086309969425201, 0.23806947469711304, 0.24362397193908691, 0.23850984871387482, 0.2292463481426239], "betas": [2.857372760772705, 2.800389051437378, 2.7702364921569824, 2.5672242641448975, 2.145042896270752, 2.369378089904785, 2.378135919570923, 2.418865203857422, 2.419762134552002, 2.396681308746338, 2.3860526084899902, 2.3885085582733154, 2.3749797344207764, 2.3506760597229004, 2.3311002254486084, 2.317656993865967, 2.296938896179199, 2.267052412033081, 2.2542102336883545, 2.2357544898986816, 2.2028069496154785, 2.184044361114502, 2.178290605545044, 2.1428637504577637, 2.115964651107788, 2.1260201930999756, 2.0794687271118164, 2.0548508167266846, 2.083034038543701, 1.9462112188339233, 2.0204274654388428, 2.0077011585235596, 1.9896719455718994, 1.9436023235321045, 1.7183568477630615, -1.4027493000030518, -1.9653128385543823, -2.05043363571167, -2.0690035820007324, -2.0327060222625732, -2.0474987030029297, -2.0766334533691406, -2.009101629257202, -2.082998514175415, -2.0649337768554688, -2.065279483795166, -2.084294319152832, -2.0793421268463135, -2.08331298828125, -2.0871660709381104, -2.0888073444366455, -2.088186740875244, -2.0926787853240967, -2.095122814178467, -2.0959103107452393, -2.101346015930176, -2.1040313243865967, -2.108011245727539, -2.113715171813965, -2.1178815364837646, -2.1237950325012207, -2.1308727264404297, -2.137077569961548, -2.1435604095458984, -2.1514217853546143, -2.162442445755005, -2.163137912750244, -2.1879167556762695, -2.1559934616088867, -2.176939010620117, -2.2174770832061768, -2.274702787399292, -2.2902843952178955, -2.3390450477600098, -2.3687448501586914, -2.3825607299804688, -2.418902635574341, -2.448596239089966, -2.4738125801086426, -2.5041873455047607, -2.536529302597046, -2.575741767883301, -2.6118080615997314, -2.642197608947754, -2.6706018447875977, -2.7003846168518066, -2.736166477203369, -2.772655487060547, -2.807156562805176, -2.8358876705169678, -2.8577356338500977, -2.873366355895996, -2.8830502033233643, -2.8912017345428467, -2.886646270751953, -2.896314859390259, -2.8947207927703857, -2.8711814880371094, -2.895275831222534], "predicted_p_opt": 2.14342159388599, "predicted_tts": 0.4665437741471175, "p_opt": 0.8230814525912311, "tts": 1.214946584996895, "approx": 0.9750801999936224, "opt_gap": -0.024919800006377613}