{"N": 20, "edgelist": ["0 2 {}\n", "0 6 {}\n", "0 12 {}\n", "0 14 {}\n", "0 15 {}\n", "0 17 {}\n", "0 18 {}\n", "0 19 {}\n", "1 3 {}\n", "1 6 {}\n", "1 7 {}\n", "1 12 {}\n", "1 13 {}\n", "1 18 {}\n", "1 19 {}\n", "2 3 {}\n", "2 7 {}\n", "2 8 {}\n", "2 12 {}\n", "2 13 {}\n", "2 15 {}\n", "2 18 {}\n", "3 6 {}\n", "3 8 {}\n", "3 11 {}\n", "3 14 {}\n", "3 17 {}\n", "4 6 {}\n", "4 7 {}\n", "4 10 {}\n", "4 11 {}\n", "4 12 {}\n", "4 16 {}\n", "4 19 {}\n", "5 9 {}\n", "5 12 {}\n", "5 16 {}\n", "5 17 {}\n", "5 18 {}\n", "5 19 {}\n", "6 7 {}\n", "6 8 {}\n", "6 9 {}\n", "6 10 {}\n", "6 13 {}\n", "6 15 {}\n", "6 17 {}\n", "6 18 {}\n", "7 10 {}\n", "7 11 {}\n", "7 13 {}\n", "7 15 {}\n", "7 16 {}\n", "7 18 {}\n", "8 9 {}\n", "8 10 {}\n", "8 13 {}\n", "8 15 {}\n", "8 17 {}\n", "9 12 {}\n", "9 15 {}\n", "9 17 {}\n", "9 18 {}\n", "10 11 {}\n", "10 13 {}\n", "10 14 {}\n", "10 15 {}\n", "10 18 {}\n", "11 15 {}\n", "11 17 {}\n", "12 19 {}\n", "13 14 {}\n", "13 15 {}\n", "13 17 {}\n", "13 18 {}\n", "14 17 {}\n", "14 18 {}\n", "14 19 {}\n", "15 18 {}\n", "16 18 {}\n", "17 18 {}\n", "17 19 {}\n"], "opt_value": 74, "opt_count": 1, "feasible_count": 184756, "mean_value": 62.578947368421055, "std": 3.0029587278330894, "level": 99, "gammas": [-0.1298493891954422, -0.22190292179584503, -0.23310700058937073, -0.2365601658821106, -0.2363758683204651, -0.2337242066860199, -0.2300461381673813, -0.22792039811611176, -0.22920545935630798, -0.2255982756614685, -0.20993466675281525, -0.23674196004867554, -0.21176013350486755, -0.2114201933145523, -0.21267671883106232, -0.21201951801776886, -0.2105529010295868, -0.20934070646762848, -0.20850849151611328, -0.2068767547607422, -0.20452256500720978, -0.2032131403684616, -0.20294389128684998, -0.2019570767879486, -0.19819241762161255, -0.19184370338916779, -0.20092886686325073, -0.2134668529033661, -0.19689102470874786, -0.19072142243385315, -0.2002839893102646, -0.19800645112991333, -0.2001025676727295, -0.2037750780582428, -0.20451277494430542, -0.20437084138393402, -0.2058308869600296, -0.21021988987922668, -0.20904257893562317, -0.15440180897712708, 0.11870848387479782, 0.16042305529117584, 0.2063688039779663, 0.21861128509044647, 0.21871566772460938, 0.2169574648141861, 0.21420440077781677, 0.21178050339221954, 0.21147219836711884, 0.21153950691223145, 0.20813100039958954, 0.21074415743350983, 0.2181997299194336, 0.21255891025066376, 0.21126601099967957, 0.2116052359342575, 0.21157905459403992, 0.21250587701797485, 0.2134302258491516, 0.21384172141551971, 0.21423795819282532, 0.21467970311641693, 0.21520018577575684, 0.21601228415966034, 0.2168443650007248, 0.21517878770828247, 0.21069706976413727, 0.23617635667324066, 0.22500470280647278, 0.223062202334404, 0.21435138583183289, 0.21935193240642548, 0.22803059220314026, 0.23400448262691498, 0.23638702929019928, 0.23637892305850983, 0.2366790473461151, 0.24102188646793365, 0.2419470250606537, 0.24109512567520142, 0.24067899584770203, 0.2413754016160965, 0.24243314564228058, 0.24309569597244263, 0.24353960156440735, 0.24386191368103027, 0.24424318969249725, 0.24450820684432983, 0.2446640133857727, 0.24473698437213898, 0.24580834805965424, 0.24338307976722717, 0.2454216182231903, 0.24742215871810913, 0.248051717877388, 0.2477174699306488, 0.24752072989940643, 0.24875397980213165, 0.24534288048744202], "betas": [2.69667387008667, 2.573237895965576, 2.5792031288146973, 2.5832033157348633, 2.6036722660064697, 2.615089178085327, 2.6223793029785156, 2.633676528930664, 2.5964324474334717, 2.3597185611724854, 2.1664838790893555, 2.318213701248169, 2.422419786453247, 2.352198362350464, 2.3551745414733887, 2.3427605628967285, 2.3218555450439453, 2.3077797889709473, 2.2897675037384033, 2.2670092582702637, 2.2433691024780273, 2.2330195903778076, 2.223414421081543, 2.1900203227996826, 2.162447214126587, 2.209846019744873, 2.055568218231201, 2.150691509246826, 2.0718235969543457, 2.203441619873047, 2.2182695865631104, 2.2156012058258057, 2.2312238216400146, 2.228149652481079, 2.2176401615142822, 2.2118775844573975, 2.2350480556488037, 2.283541440963745, 2.088327169418335, -1.6457439661026, -2.6121037006378174, -2.384050130844116, -2.3863742351531982, -2.374737024307251, -2.3664557933807373, -2.360313653945923, -2.3497772216796875, -2.3364086151123047, -2.3448898792266846, -2.328294515609741, -2.260019063949585, -2.314570903778076, -2.2955732345581055, -2.3252320289611816, -2.3329544067382812, -2.3326027393341064, -2.3403384685516357, -2.3511786460876465, -2.3592233657836914, -2.3630754947662354, -2.368901491165161, -2.3754148483276367, -2.382843255996704, -2.3903722763061523, -2.389280080795288, -2.3995676040649414, -2.4713571071624756, -2.3127593994140625, -2.4329066276550293, -2.4216959476470947, -2.4796016216278076, -2.5536863803863525, -2.5982773303985596, -2.6214518547058105, -2.620252847671509, -2.662205457687378, -2.677217960357666, -2.6885788440704346, -2.6802845001220703, -2.6648714542388916, -2.680121898651123, -2.703296661376953, -2.719177484512329, -2.728938579559326, -2.735658884048462, -2.739344358444214, -2.741612434387207, -2.7427732944488525, -2.74517560005188, -2.745567560195923, -2.7461090087890625, -2.7703685760498047, -2.7253618240356445, -2.771677017211914, -2.778611421585083, -2.77872371673584, -2.8006412982940674, -2.8378193378448486, -2.9146196842193604], "predicted_p_opt": 0.21434215938859902, "predicted_tts": 4.665437741471175, "p_opt": 0.14259116927006127, "tts": 7.013057015515771, "approx": 0.8697407032672578, "opt_gap": -0.13025929673274217}