{"edges": [[0, 7], [0, 9], [1, 6], [1, 10], [1, 12], [1, 13], [2, 7], [2, 13], [3, 5], [3, 11], [4, 7], [4, 13], [5, 8], [6, 7], [6, 11], [7, 9], [7, 11], [7, 13], [10, 11], [11, 12], [12, 13]], "num_nodes": 14, "num_colors": 3, "distribution": [[0, 3], [5, 1848], [3, 258], [6, 4878], [7, 12408], [10, 159084], [9, 74688], [11, 303714], [2, 72], [8, 31452], [12, 510096], [13, 739158], [4, 714], [14, 890844], [1, 18], [15, 859518], [16, 649056], [17, 363252], [18, 140220], [19, 36072], [20, 5328], [21, 288]], "opt_value": 21, "opt_count": 288, "feasible_count": 4782969, "mean_value": 14.0, "std": 2.160246899469287, "level": 3, "gammas": [0.22027413547039032, 0.41046056151390076, 0.47705358266830444], "betas": [1.9205396175384521, 1.4104923009872437, 1.076612949371338], "predicted_p_opt": 0.0029504686315131876, "predicted_tts": 338.9292091836735, "p_opt": 0.000498825975228101, "tts": 2004.7071517130282, "approx": 0.8047944903373718}