{"edges": [[0, 6], [0, 7], [0, 11], [1, 4], [1, 8], [1, 9], [2, 3], [2, 7], [2, 8], [2, 10], [3, 8], [4, 5], [4, 8], [4, 10], [4, 11], [5, 11], [6, 7], [6, 8], [6, 11], [7, 9], [9, 11]], "num_nodes": 12, "num_colors": 3, "opt_value": 21, "opt_count": 60, "feasible_count": 531441, "mean_value": 14.0, "std": 2.160246899469287, "level": 21, "gammas": [-0.26062798500061035, -0.40776166319847107, -0.42918649315834045, -0.2841334044933319, -0.115976482629776, -0.026314502581954002, -0.3923485577106476, 0.6193145513534546, 0.41232800483703613, 0.4206438958644867, 0.4032384753227234, 0.4417606592178345, 0.31641456484794617, 0.32839083671569824, 0.3465586006641388, 0.36156854033470154, 0.3741278350353241, 0.3883504867553711, 0.4077512323856354, 0.43891650438308716, 0.3897627294063568], "betas": [2.3894996643066406, 2.3556947708129883, 2.313765287399292, 1.1989696025848389, 1.7259929180145264, 1.4779157638549805, 0.5589994788169861, -2.6091082096099854, -2.627732992172241, -2.460930824279785, -2.3460819721221924, -1.2174506187438965, -1.315963625907898, -1.4008699655532837, -1.4558148384094238, -1.4750463962554932, -1.4698431491851807, -1.4506416320800781, -1.4191166162490845, -1.518990397453308, -2.21950101852417], "predicted_p_opt": 0.20875318238525067, "predicted_tts": 4.790346133044889, "p_opt": 0.013324667699635029, "tts": 75.04877589010273, "approx": 0.9109864830970764, "opt_gap": -0.08901351690292358}