{"edges": [[0, 1], [0, 4], [0, 7], [0, 11], [0, 13], [0, 14], [1, 2], [1, 3], [1, 6], [1, 7], [1, 8], [1, 10], [1, 11], [1, 14], [2, 6], [2, 11], [2, 13], [3, 7], [3, 12], [4, 6], [4, 11], [5, 7], [5, 11], [7, 13], [8, 9], [8, 12], [10, 14], [11, 12], [11, 13]], "num_nodes": 15, "num_colors": 3, "opt_value": 29, "opt_count": 48, "feasible_count": 14348907, "mean_value": 19.333333333333332, "std": 2.5385910352879693, "level": 16, "gammas": [0.10967176097877815, 0.22428477335777278, 0.25478873432954297, 0.26555605192516685, 0.27135713835243574, 0.2756046572777923, 0.27943081516973955, 0.28318486213961747, 0.28728584570087506, 0.2922380454387738, 0.29837355249311914, 0.3058594498541449, 0.31558757926394276, 0.3296991221571287, 0.35241773346374833, 0.3943643642534522], "betas": [-2.2871165001255074, -1.8496220576765579, -1.6525576308840944, -1.5569905988801631, -1.504649899192585, -1.472433044983598, -1.4492391174079624, -1.4287475250265416, -1.4093966231966069, -1.3899081726249651, -1.3680859598665434, -1.3404698767631538, -1.3060536349555145, -1.2610585386887292, -1.1903875161512878, 5.259926602016858], "predicted_p_opt": 0.0036429255552356704, "predicted_tts": 274.5046487603306, "p_opt": 6.017450064188691e-05, "tts": 16618.334831746146, "approx": 0.8586298865257319, "opt_gap": -0.1413701134742681}