{"edges": [[0, 2], [0, 3], [0, 7], [0, 14], [1, 2], [1, 4], [1, 11], [2, 4], [2, 6], [2, 8], [2, 13], [3, 4], [3, 5], [3, 6], [3, 7], [3, 10], [4, 6], [5, 10], [5, 12], [6, 11], [7, 9], [7, 11], [7, 12], [9, 12], [9, 13], [10, 11], [11, 12], [11, 13], [13, 14]], "num_nodes": 15, "num_colors": 3, "opt_value": 29, "opt_count": 84, "feasible_count": 14348907, "mean_value": 19.333333333333332, "std": 2.5385910352879697, "level": 11, "gammas": [3.1415780914417315, 3.141589930281554, 3.141562600856075, 3.141489721584119, 3.1415400899064427, 3.141665821640693, 3.1415117290879078, 3.1416725776480745, 3.1410737758236693, 3.1422379967925758, 3.1416951622131317], "betas": [3.1416107246280203, 3.1415950008806135, 3.141665130939867, 3.141692049216344, 3.1415646906164496, 3.1415729406766753, 3.141764644062091, 3.141160586259108, 3.141677456769658, 3.1419687541669896, 3.141489808349139], "predicted_p_opt": 0.003096821242203326, "predicted_tts": 322.91176073453954, "p_opt": 0.0030936317620133456, "tts": 323.24467710701185, "approx": 0.6676958788269076, "opt_gap": -0.3323041211730924, "th": -28.999000549316406}