{"edges": [[0, 2], [0, 3], [0, 4], [0, 7], [0, 10], [1, 3], [1, 5], [2, 3], [2, 11], [3, 4], [3, 8], [4, 7], [4, 11], [5, 8], [5, 9], [6, 7], [7, 8], [10, 11]], "num_nodes": 12, "num_colors": 3, "opt_value": 18, "opt_count": 432, "feasible_count": 531441, "mean_value": 12.0, "std": 2.0, "level": 41, "gammas": [-0.29383476245654583, -0.4351157225860119, -0.4492342686891238, -0.37789456495606427, -0.2781496997127799, -0.37977317044540754, -0.40920579183972855, -0.41697239516229223, -0.3434621437127476, -0.35579873168410314, -0.3817742300227599, -0.3387288909583222, -0.35080650407883013, -0.3759929697065063, -0.41728070831127967, -0.3258984779402633, -0.4421646014254715, -0.4477132113662366, -0.44819262910291485, 5.767575537253377, 5.741646617298107, 5.853811482234835, 5.998527572883944, 5.89795837954291, 5.19735651480684, 1.7705838469904744, 0.6841199365956984, 0.4694777809283295, 0.3943021476034759, 0.4466286166548927, 0.5410028757847674, 0.42112212498560936, 0.39528077100806264, 0.3871470364265592, 0.5145136653153627, 0.9751435571216072, 0.711919855662775, 0.6705041234586739, 0.4421964534305997, 0.41676127642922906, 0.4208993595008004], "betas": [2.7066907036225367, 2.5531538656329977, 2.398489635605488, 1.7417618543033553, 1.9519288010996814, 2.3612949135370167, 2.436505457509563, 2.172407598182253, 1.9560839104822252, 1.8700027571309634, 1.7175237154653626, 2.0843352124563763, -4.429901487908791, 1.7201828148297997, 1.8747650178861135, 2.282621202950036, 2.7602588064176468, 2.693773764740473, 2.770125366644987, 2.9594200656305945, 3.246933164592062, 2.2466292161357186, 2.9632339040836313, 1.0871773784013115, 2.83771685012716, -3.761117662616856, 2.6932256617408203, 3.6866227700602736, 4.017357445753723, 3.774772051025122, 3.831173959159406, 3.9396227438962916, 4.324132743476817, 4.449411329426108, 5.6863401218875635, -5.179476435650378, 2.1816926905235277, 3.351768372177751, 3.7605824945441686, 3.9308679405738767, 3.840160483752391], "predicted_p_opt": 5.5999593557892595, "predicted_tts": 0.17857272463347365, "p_opt": 0.8887395990510921, "tts": 1.1251889766897982, "approx": 0.990685903611657, "opt_gap": -0.009314096388343018}