{"N": 24, "edgelist": ["0 1 {}\n", "0 4 {}\n", "0 6 {}\n", "0 8 {}\n", "0 12 {}\n", "0 13 {}\n", "0 15 {}\n", "0 20 {}\n", "1 5 {}\n", "1 7 {}\n", "1 9 {}\n", "1 10 {}\n", "1 11 {}\n", "1 12 {}\n", "1 13 {}\n", "1 15 {}\n", "1 16 {}\n", "1 17 {}\n", "1 23 {}\n", "2 3 {}\n", "2 4 {}\n", "2 6 {}\n", "2 8 {}\n", "2 9 {}\n", "2 10 {}\n", "2 11 {}\n", "2 12 {}\n", "2 14 {}\n", "2 17 {}\n", "2 18 {}\n", "2 19 {}\n", "2 20 {}\n", "2 21 {}\n", "2 22 {}\n", "3 5 {}\n", "3 7 {}\n", "3 8 {}\n", "3 9 {}\n", "3 10 {}\n", "3 11 {}\n", "3 12 {}\n", "3 13 {}\n", "3 14 {}\n", "3 15 {}\n", "3 17 {}\n", "3 18 {}\n", "3 20 {}\n", "3 21 {}\n", "3 22 {}\n", "3 23 {}\n", "4 5 {}\n", "4 12 {}\n", "4 13 {}\n", "4 15 {}\n", "4 16 {}\n", "4 19 {}\n", "4 21 {}\n", "4 23 {}\n", "5 7 {}\n", "5 8 {}\n", "5 9 {}\n", "5 10 {}\n", "5 13 {}\n", "5 15 {}\n", "5 17 {}\n", "5 18 {}\n", "5 23 {}\n", "6 7 {}\n", "6 11 {}\n", "6 14 {}\n", "6 16 {}\n", "6 19 {}\n", "6 20 {}\n", "6 22 {}\n", "7 8 {}\n", "7 9 {}\n", "7 10 {}\n", "7 11 {}\n", "7 12 {}\n", "7 13 {}\n", "7 15 {}\n", "7 16 {}\n", "7 18 {}\n", "7 19 {}\n", "7 20 {}\n", "7 21 {}\n", "7 23 {}\n", "8 10 {}\n", "8 12 {}\n", "8 13 {}\n", "8 14 {}\n", "8 15 {}\n", "8 16 {}\n", "8 19 {}\n", "8 21 {}\n", "8 23 {}\n", "9 14 {}\n", "9 15 {}\n", "9 18 {}\n", "9 21 {}\n", "9 23 {}\n", "10 12 {}\n", "10 14 {}\n", "10 15 {}\n", "10 16 {}\n", "10 17 {}\n", "10 18 {}\n", "10 19 {}\n", "11 12 {}\n", "11 13 {}\n", "11 14 {}\n", "11 17 {}\n", "11 19 {}\n", "12 14 {}\n", "12 16 {}\n", "12 18 {}\n", "12 19 {}\n", "12 20 {}\n", "12 21 {}\n", "13 14 {}\n", "13 17 {}\n", "13 18 {}\n", "13 19 {}\n", "13 20 {}\n", "13 23 {}\n", "14 16 {}\n", "14 17 {}\n", "14 20 {}\n", "14 21 {}\n", "15 16 {}\n", "15 20 {}\n", "15 23 {}\n", "16 19 {}\n", "16 20 {}\n", "16 21 {}\n", "16 22 {}\n", "16 23 {}\n", "17 19 {}\n", "17 20 {}\n", "17 23 {}\n", "18 20 {}\n", "18 22 {}\n", "19 20 {}\n", "19 21 {}\n", "19 22 {}\n", "19 23 {}\n", "20 21 {}\n", "21 22 {}\n", "21 23 {}\n", "22 23 {}\n"], "opt_value": 130, "opt_count": 6, "feasible_count": 2704156, "mean_value": 114.1304347826087, "std": 3.757609975798279, "level": 27, "gammas": [3.1415598392486572, 3.1415152549743652, 3.14143443107605, 3.1413142681121826, 3.1411609649658203, 3.140998601913452, 3.1408681869506836, 3.140794277191162, 3.1407880783081055, 3.1408331394195557, 3.1409010887145996, 3.140965700149536, 3.1410043239593506, 3.1410043239593506, 3.1409599781036377, 3.1408755779266357, 3.140765905380249, 3.1406619548797607, 3.1406023502349854, 3.140618324279785, 3.140716314315796, 3.1408774852752686, 3.1410648822784424, 3.141242265701294, 3.141385555267334, 3.1414847373962402, 3.141542911529541], "betas": [3.141540288925171, 3.1414787769317627, 3.1413793563842773, 3.141242027282715, 3.1410818099975586, 3.140930652618408, 3.1408262252807617, 3.1407854557037354, 3.1408066749572754, 3.140866994857788, 3.1409354209899902, 3.1409904956817627, 3.141009569168091, 3.1409897804260254, 3.1409239768981934, 3.140824556350708, 3.140712261199951, 3.140624523162842, 3.1405985355377197, 3.1406562328338623, 3.14078950881958, 3.1409695148468018, 3.141157388687134, 3.1413187980651855, 3.1414425373077393, 3.1415200233459473, 3.1415634155273438], "predicted_p_opt": 0.006711890882034912, "predicted_tts": 148.98931129476586, "p_opt": 0.003157857079296111, "tts": 316.67044292672705, "approx": 0.9709897188320995, "opt_gap": -0.029010281167900498, "th": -125.99612416374453}