{"edges": [[0, 2], [0, 3], [0, 4], [0, 6], [1, 3], [1, 4], [1, 5], [1, 12], [2, 8], [2, 9], [2, 11], [2, 12], [3, 5], [3, 6], [3, 10], [3, 12], [4, 6], [4, 7], [4, 9], [4, 10], [5, 7], [6, 11], [6, 12], [7, 8], [10, 11]], "num_nodes": 13, "num_colors": 3, "distribution": [[0, 3], [4, 54], [3, 30], [7, 768], [8, 1704], [5, 156], [9, 3816], [2, 12], [6, 318], [10, 8112], [11, 17832], [12, 35880], [13, 71736], [14, 128646], [15, 198030], [16, 259752], [17, 277350], [18, 244050], [19, 175452], [20, 102612], [21, 47286], [22, 16248], [23, 3858], [24, 570], [25, 48]], "opt_value": 25, "opt_count": 48, "feasible_count": 1594323, "mean_value": 16.666666666666668, "std": 2.357022603955159, "level": 7, "gammas": [0.22589877247810364, 0.32449889183044434, 0.32560786604881287, 0.3251208961009979, 0.32698318362236023, 0.33096739649772644, 0.33048856258392334], "betas": [2.629396915435791, 2.549619674682617, 2.5700814723968506, -3.6674489974975586, 2.669975757598877, -3.5359387397766113, -3.417430877685547], "predicted_p_opt": 0.006774035123372115, "predicted_tts": 147.6225, "p_opt": 0.00437542051076889, "tts": 228.54946114065515}