{"edges": [[6, 15], [6, 14], [6, 5], [15, 8], [15, 9], [12, 16], [12, 13], [12, 0], [16, 9], [16, 1], [13, 19], [13, 4], [0, 2], [0, 3], [2, 14], [2, 8], [5, 10], [5, 9], [10, 1], [10, 19], [17, 18], [17, 11], [17, 3], [18, 3], [18, 7], [8, 14], [11, 1], [11, 7], [19, 4], [7, 4]], "num_nodes": 20, "distribution": [[0, 2], [6, 4], [7, 2], [13, 22], [5, 2], [11, 8], [12, 24], [18, 100], [9, 6], [15, 32], [14, 32], [20, 152], [19, 128], [25, 576], [10, 2], [16, 38], [21, 174], [26, 718], [17, 60], [23, 310], [22, 244], [28, 1142], [31, 2520], [27, 898], [32, 3136], [24, 408], [30, 1930], [29, 1490], [35, 6872], [34, 5362], [33, 4222], [36, 9066], [39, 21444], [38, 15636], [41, 37516], [8, 10], [37, 12068], [40, 28324], [43, 61752], [42, 49464], [45, 87822], [44, 76390], [47, 101732], [46, 97306], [49, 88310], [48, 98210], [51, 56696], [50, 72586], [53, 26712], [52, 40318], [54, 16888], [56, 5182], [55, 9712], [57, 2574], [58, 1320], [60, 252], [59, 542], [61, 78], [62, 40], [63, 8], [64, 2]], "opt_value": 64, "opt_count": 2, "feasible_count": 1048576, "mean_value": 46.0, "std": 4.795831523312719, "level": 1, "gammas": [0.14399658143520355], "betas": [2.8099117279052734], "predicted_p_opt": 1.71661376953125e-05, "predicted_tts": 58254.22222222222, "p_opt": 1.218706529471092e-05, "tts": 82054.2087711626, "approx": 0.7082476615905762, "opt_gap": -0.29175233840942383}