{"N": 26, "edgelist": ["0 2 {}\n", "0 5 {}\n", "0 6 {}\n", "0 10 {}\n", "0 15 {}\n", "0 17 {}\n", "0 18 {}\n", "0 19 {}\n", "0 20 {}\n", "0 22 {}\n", "0 24 {}\n", "1 2 {}\n", "1 3 {}\n", "1 4 {}\n", "1 7 {}\n", "1 11 {}\n", "1 13 {}\n", "1 18 {}\n", "1 20 {}\n", "1 21 {}\n", "1 22 {}\n", "1 25 {}\n", "2 5 {}\n", "2 6 {}\n", "2 7 {}\n", "2 9 {}\n", "2 10 {}\n", "2 11 {}\n", "2 12 {}\n", "2 15 {}\n", "2 17 {}\n", "2 25 {}\n", "3 6 {}\n", "3 7 {}\n", "3 12 {}\n", "3 14 {}\n", "3 15 {}\n", "3 17 {}\n", "3 22 {}\n", "4 5 {}\n", "4 8 {}\n", "4 11 {}\n", "4 17 {}\n", "4 18 {}\n", "4 19 {}\n", "4 23 {}\n", "4 25 {}\n", "5 6 {}\n", "5 7 {}\n", "5 9 {}\n", "5 10 {}\n", "5 11 {}\n", "5 12 {}\n", "5 13 {}\n", "5 14 {}\n", "5 15 {}\n", "5 18 {}\n", "5 24 {}\n", "6 7 {}\n", "6 9 {}\n", "6 11 {}\n", "6 12 {}\n", "6 13 {}\n", "6 14 {}\n", "6 15 {}\n", "6 16 {}\n", "6 17 {}\n", "6 18 {}\n", "6 19 {}\n", "6 20 {}\n", "6 21 {}\n", "6 23 {}\n", "7 9 {}\n", "7 10 {}\n", "7 11 {}\n", "7 12 {}\n", "7 16 {}\n", "7 17 {}\n", "7 18 {}\n", "7 19 {}\n", "7 20 {}\n", "7 23 {}\n", "7 24 {}\n", "8 9 {}\n", "8 12 {}\n", "8 13 {}\n", "8 14 {}\n", "8 15 {}\n", "8 16 {}\n", "8 20 {}\n", "8 24 {}\n", "9 10 {}\n", "9 11 {}\n", "9 14 {}\n", "9 15 {}\n", "9 17 {}\n", "9 19 {}\n", "9 20 {}\n", "9 21 {}\n", "9 22 {}\n", "9 23 {}\n", "9 24 {}\n", "9 25 {}\n", "10 13 {}\n", "10 14 {}\n", "10 15 {}\n", "10 16 {}\n", "10 23 {}\n", "10 24 {}\n", "10 25 {}\n", "11 12 {}\n", "11 16 {}\n", "11 20 {}\n", "11 22 {}\n", "11 25 {}\n", "12 13 {}\n", "12 14 {}\n", "12 18 {}\n", "12 20 {}\n", "12 21 {}\n", "12 23 {}\n", "13 14 {}\n", "13 16 {}\n", "13 17 {}\n", "13 18 {}\n", "13 19 {}\n", "13 22 {}\n", "13 25 {}\n", "14 16 {}\n", "14 17 {}\n", "14 19 {}\n", "14 20 {}\n", "14 22 {}\n", "14 23 {}\n", "14 25 {}\n", "15 17 {}\n", "15 20 {}\n", "15 24 {}\n", "16 18 {}\n", "16 20 {}\n", "16 21 {}\n", "16 22 {}\n", "16 24 {}\n", "17 19 {}\n", "17 22 {}\n", "17 24 {}\n", "17 25 {}\n", "18 22 {}\n", "19 20 {}\n", "19 21 {}\n", "19 22 {}\n", "19 23 {}\n", "19 24 {}\n", "20 21 {}\n", "20 23 {}\n", "20 24 {}\n", "20 25 {}\n", "21 22 {}\n", "21 23 {}\n", "22 23 {}\n", "22 24 {}\n"], "opt_value": 140, "opt_count": 6, "feasible_count": 10400600, "mean_value": 122.36, "std": 3.9956454558300902, "level": 53, "gammas": [-0.09339965879917145, -0.16362062096595764, -0.17283572256565094, -0.17203570902347565, -0.16977207362651825, -0.16792213916778564, -0.1668597161769867, -0.16644802689552307, -0.16637073457241058, -0.16637542843818665, -0.1663333624601364, -0.16626328229904175, -0.16625088453292847, -0.16626043617725372, -0.1659359633922577, -0.1651938557624817, -0.1655188798904419, -0.16538119316101074, -0.1651952564716339, -0.16503581404685974, -0.164882093667984, -0.16477051377296448, -0.16469185054302216, -0.16464084386825562, -0.16461427509784698, -0.1646037995815277, -0.16459302604198456, -0.1645975410938263, -0.16463178396224976, -0.1646943986415863, -0.1647716909646988, -0.16491280496120453, -0.16513407230377197, -0.16543284058570862, -0.1668606698513031, -0.15857230126857758, -0.1723766028881073, -0.16995753347873688, -0.165050208568573, -0.16543447971343994, -0.16811344027519226, -0.16963152587413788, -0.1697116196155548, -0.1693325936794281, -0.16909946501255035, -0.16908235847949982, -0.16916720569133759, -0.16929741203784943, -0.16948704421520233, -0.16931527853012085, -0.16440123319625854, -0.21090750637124528, -0.2647138562252674], "betas": [2.9519646167755127, 2.927032232284546, 2.9303903579711914, 2.9331319332122803, 2.928943395614624, 2.9209861755371094, 2.913827419281006, 2.909522533416748, 2.907562732696533, 2.906717538833618, 2.906017541885376, 2.9047093391418457, 2.9008138179779053, 2.8915345668792725, 2.8824727535247803, 2.8952908515930176, 2.884282112121582, 2.8829643726348877, 2.879680871963501, 2.8772151470184326, 2.8752059936523438, 2.8732898235321045, 2.8718607425689697, 2.871015787124634, 2.8704416751861572, 2.869936227798462, 2.869577646255493, 2.8699629306793213, 2.871166944503784, 2.8726840019226074, 2.873922109603882, 2.8750498294830322, 2.8807199001312256, 2.873664140701294, 2.9515233039855957, 2.835974931716919, 2.8994081020355225, 2.92295503616333, 2.934112787246704, 2.949604034423828, 2.958850145339966, 2.9603512287139893, 2.9591872692108154, 2.9587302207946777, 2.9596025943756104, 2.9609415531158447, 2.961928367614746, 2.9618113040924072, 2.9603495597839355, 2.9597580432891846, 2.9766690731048584, 2.8171537826588864, 2.8744992605688147], "predicted_p_opt": 0.006604811260888795, "predicted_tts": 151.40478062130606, "p_opt": 0.0051183438834992556, "tts": 195.37569627235177, "approx": 0.8848662439430569, "opt_gap": -0.11513375605694309}