{"edges": [[0, 2], [0, 6], [0, 9], [0, 10], [0, 12], [1, 9], [1, 10], [1, 11], [2, 6], [2, 7], [2, 8], [2, 12], [3, 4], [3, 8], [3, 10], [4, 6], [5, 9], [5, 12], [7, 9], [7, 10], [7, 11], [7, 12], [8, 10], [8, 12], [9, 11], [10, 11]], "num_nodes": 13, "num_colors": 3, "opt_value": 26, "opt_count": 24, "feasible_count": 1594323, "mean_value": 17.333333333333332, "std": 2.4037008503093262, "level": 9, "gammas": [2.281450033187866, 2.328887701034546, 2.410202980041504, 2.4772934913635254, 2.495349884033203, 2.455239772796631, 2.377998113632202, 2.292606830596924, 2.2592275142669678], "betas": [2.306553840637207, 2.384286880493164, 2.4577391147613525, 2.4965765476226807, 2.4769444465637207, 2.4066481590270996, 2.31998348236084, 2.2673678398132324, 2.2639036178588867], "predicted_p_opt": 0.005434281510082963, "predicted_tts": 184.01696675900277, "p_opt": 0.0018921411968362883, "tts": 528.5017849999922, "approx": 0.8944759221102202, "opt_gap": -0.1055240778897798, "th": -22.961026778068906}