{"N": 24, "edgelist": ["0 1 {}\n", "0 2 {}\n", "0 3 {}\n", "0 4 {}\n", "0 5 {}\n", "0 6 {}\n", "0 9 {}\n", "0 10 {}\n", "0 11 {}\n", "0 15 {}\n", "0 17 {}\n", "0 21 {}\n", "1 2 {}\n", "1 3 {}\n", "1 4 {}\n", "1 5 {}\n", "1 6 {}\n", "1 8 {}\n", "1 10 {}\n", "1 11 {}\n", "1 13 {}\n", "1 14 {}\n", "1 15 {}\n", "1 21 {}\n", "1 22 {}\n", "1 23 {}\n", "2 5 {}\n", "2 9 {}\n", "2 10 {}\n", "2 12 {}\n", "2 13 {}\n", "2 14 {}\n", "2 15 {}\n", "2 16 {}\n", "2 19 {}\n", "3 4 {}\n", "3 5 {}\n", "3 7 {}\n", "3 9 {}\n", "3 16 {}\n", "3 18 {}\n", "3 20 {}\n", "3 22 {}\n", "3 23 {}\n", "4 6 {}\n", "4 7 {}\n", "4 8 {}\n", "4 9 {}\n", "4 10 {}\n", "4 12 {}\n", "4 14 {}\n", "4 15 {}\n", "4 16 {}\n", "4 18 {}\n", "4 19 {}\n", "4 20 {}\n", "4 23 {}\n", "5 9 {}\n", "5 12 {}\n", "5 13 {}\n", "5 14 {}\n", "5 16 {}\n", "5 17 {}\n", "5 18 {}\n", "5 19 {}\n", "5 20 {}\n", "5 22 {}\n", "5 23 {}\n", "6 8 {}\n", "6 9 {}\n", "6 12 {}\n", "6 13 {}\n", "6 14 {}\n", "6 16 {}\n", "6 18 {}\n", "6 19 {}\n", "6 20 {}\n", "6 22 {}\n", "7 8 {}\n", "7 11 {}\n", "7 12 {}\n", "7 14 {}\n", "7 16 {}\n", "7 18 {}\n", "7 19 {}\n", "7 22 {}\n", "7 23 {}\n", "8 12 {}\n", "8 14 {}\n", "8 17 {}\n", "8 18 {}\n", "8 19 {}\n", "8 20 {}\n", "8 23 {}\n", "9 10 {}\n", "9 12 {}\n", "9 14 {}\n", "9 15 {}\n", "9 16 {}\n", "9 17 {}\n", "9 19 {}\n", "9 21 {}\n", "10 11 {}\n", "10 13 {}\n", "10 14 {}\n", "10 18 {}\n", "10 19 {}\n", "10 21 {}\n", "10 22 {}\n", "11 12 {}\n", "11 13 {}\n", "11 17 {}\n", "11 18 {}\n", "11 20 {}\n", "11 21 {}\n", "12 14 {}\n", "12 15 {}\n", "12 17 {}\n", "12 18 {}\n", "12 22 {}\n", "12 23 {}\n", "13 16 {}\n", "13 17 {}\n", "13 18 {}\n", "13 19 {}\n", "13 21 {}\n", "13 22 {}\n", "13 23 {}\n", "14 15 {}\n", "14 16 {}\n", "14 17 {}\n", "14 18 {}\n", "14 19 {}\n", "14 20 {}\n", "14 21 {}\n", "14 22 {}\n", "15 20 {}\n", "15 22 {}\n", "15 23 {}\n", "16 17 {}\n", "16 18 {}\n", "16 20 {}\n", "16 21 {}\n", "16 23 {}\n", "17 20 {}\n", "17 22 {}\n", "18 19 {}\n", "18 20 {}\n", "18 21 {}\n", "18 22 {}\n", "19 20 {}\n", "19 21 {}\n", "19 22 {}\n", "20 21 {}\n", "20 22 {}\n", "21 22 {}\n", "21 23 {}\n"], "opt_value": 137, "opt_count": 2, "feasible_count": 2704156, "mean_value": 119.45652173913044, "std": 3.3277915495645907, "level": 25, "gammas": [-0.13463841378688812, -0.2305869460105896, -0.24318185448646545, -0.2435520589351654, -0.24261178076267242, -0.24284765124320984, -0.24645206332206726, -0.25757697224617004, -0.13094095885753632, 0.26252609491348267, 0.23410971462726593, 0.22355355322360992, 0.20797617733478546, 0.20070616900920868, 0.20145931839942932, 0.21035709977149963, 0.23271630704402924, 0.2546614110469818, 0.3133201599121094, 0.27020004391670227, 0.27197402715682983, 0.2781970202922821, 0.2866441309452057, 0.2988060414791107, 0.32014355063438416], "betas": [2.7124454975128174, 2.5490946769714355, 2.475979804992676, 2.460768699645996, 2.5039007663726807, 2.6368021965026855, 2.983819007873535, 4.470156669616699, 0.7119810581207275, -3.5012431144714355, -2.6498148441314697, -2.2539236545562744, -2.03885555267334, -1.963664174079895, -1.96432363986969, -2.082820415496826, -2.3038361072540283, -2.5628271102905273, -1.959923505783081, -1.9703490734100342, -1.939017653465271, -1.8763853311538696, -1.7801998853683472, -1.622175931930542, -1.293436050415039], "predicted_p_opt": 0.0019237055850328162, "predicted_tts": 519.8300653594771, "p_opt": 7.442322839779081e-06, "tts": 134366.65158558, "approx": 0.9438312649726868, "opt_gap": -0.05616873502731323}