{"edges": [[0, 1], [0, 2], [0, 6], [0, 7], [0, 8], [0, 9], [0, 11], [1, 2], [1, 10], [1, 14], [2, 10], [2, 12], [3, 7], [4, 10], [4, 12], [5, 6], [5, 9], [5, 10], [6, 7], [6, 8], [6, 12], [6, 13], [7, 12], [7, 14], [8, 10], [9, 11], [9, 12], [11, 14], [11, 15], [12, 13]], "num_nodes": 16, "num_colors": 3, "opt_value": 30, "opt_count": 144, "feasible_count": 43046721, "mean_value": 20.0, "std": 2.581988897471611, "level": 24, "gammas": [-0.1045898923796555, -0.19013507394406506, -0.2217197013937367, -0.23340544832530868, -0.2322182502800811, -0.23110163469134296, -0.23006011192264827, -0.2288902849874158, -0.2286032753490112, -0.22999286369418212, -0.23301157529026187, -0.23677739782579107, -0.24050198450400745, -0.2440335930202785, -0.24779668469077978, -0.2524919855990444, -0.2584553329196694, -0.2653542353389914, -0.27323983065660523, -0.28308959162324265, -0.2960901983115648, -0.30794347453702486, -0.32420322781887856, 5.839786746220247], "betas": [2.2894217355661732, 1.942908785001198, 1.6209809558685238, 1.4904825617003716, 1.4311977329780912, 1.3856284177355562, 1.3497813106330245, 1.3225738697915934, 1.3061898055089731, 1.3008045429098063, 1.3018780436827244, 1.3030799438827112, 1.301096418751787, 1.2960746204503257, 1.2905171218174123, 1.2866403187513404, 1.282647685573306, 1.2749049942259554, 1.2635246969612155, 1.2512018083485974, 1.2497354234172078, 1.255277131408682, 0.9589944136468772, 1.526387167940811], "predicted_p_opt": 0.00803183127467479, "predicted_tts": 124.50460745522697, "p_opt": 7.661458456776791e-05, "tts": 13052.345133001012, "approx": 0.8766647027678818, "opt_gap": -0.12333529723211822}