{"edges": [[0, 3], [0, 4], [0, 7], [0, 10], [0, 11], [0, 13], [0, 14], [1, 7], [1, 8], [1, 9], [1, 11], [1, 13], [2, 6], [2, 13], [2, 15], [2, 16], [3, 6], [3, 8], [3, 9], [3, 10], [3, 15], [4, 5], [4, 8], [4, 10], [4, 15], [5, 7], [5, 12], [5, 15], [6, 7], [6, 11], [6, 13], [7, 8], [7, 12], [9, 14], [9, 16], [10, 14], [11, 15], [11, 16], [12, 13]], "num_nodes": 17, "num_colors": 3, "opt_value": 39, "opt_count": 36, "feasible_count": 129140163, "mean_value": 26.0, "std": 2.943920288775949, "level": 89, "gammas": [3.1415925406332588, 3.141592543542275, 3.141592533169227, 3.141592536801696, 3.1415925426029894, 3.14159253570904, 3.1415925424265096, 3.141592532711951, 3.1415925343524047, 3.1415925352278617, 3.1415925328631813, 3.141592535994965, 3.141592545996111, 3.1415925289963806, 3.14159252985396, 3.1415925349391194, 3.141592525921611, 3.141592539118042, 3.1415925383509937, 3.141592526196569, 3.1415925271802365, 3.141592519569257, 3.141592514196103, 3.141592503975229, 3.141592500496004, 3.141592480326102, 3.1415924632736494, 3.1415924517194136, 3.141592437134408, 3.141592426423491, 3.1415923698276536, 3.1415922708635704, 3.1415920784794586, 3.141591511598049, 3.1415906162629046, 3.1415903601695145, 3.141590798913615, 3.1415907967773977, 3.1415901309097514, 3.1415891447917836, 3.141587569511229, 3.141587039974665, 3.1415878616504567, 3.1415873140901454, 3.1415846358838206, 3.1415826514055394, 3.141580147460613, 3.1415750255518193, 3.1415659235512763, 3.1415630453692818, 3.1415667564168044, 3.1415662412394294, 3.141552987021582, 3.141541853753501, 3.1415429410688986, 3.141538046518411, 3.141506105944398, 3.1414910091028125, 3.1414876212666387, 3.1414792573074832, 3.1414418194858107, 3.141427640295937, 3.1414584033733766, 3.141457892523961, 3.141431989533119, 3.1414048970020576, 3.141442396415541, 3.1414457220136627, 3.141371253403029, 3.141313843604638, 3.1412565315162935, 3.141228290684703, 3.141085771034721, 3.140927436565563, 3.140932400165334, 3.140942774565578, 3.140759651960557, 3.1403772228259546, 3.1405486675627983, 3.1402059794365145, 3.140904230673714, 3.1413340388350037, 3.140375653900891, 3.138364276325689, 3.140040656832417, 3.138916756482371, 3.1396248895705967, 3.1352409810976556, 3.139341088643675], "betas": [3.141592748632504, 3.1415927626698332, 3.141592768585727, 3.141592772460111, 3.1415927711285963, 3.1415927706115285, 3.1415927717915784, 3.141592769868089, 3.141592770108194, 3.1415927696300527, 3.141592772485147, 3.141592778461654, 3.1415927755673176, 3.141592770788951, 3.141592773340847, 3.1415927734976874, 3.1415927752415787, 3.1415927793454808, 3.1415927777355215, 3.1415927751071706, 3.1415927723639996, 3.1415927664248247, 3.1415927567890622, 3.141592748428551, 3.1415927371419006, 3.141592724205217, 3.1415927092459444, 3.141592698207375, 3.14159269191228, 3.1415926634916027, 3.14159259650077, 3.1415924728040943, 3.141592140485617, 3.1415913315442134, 3.1415906412156183, 3.141590833883373, 3.141591168965608, 3.1415907488309927, 3.1415899510235934, 3.141588597670421, 3.141587283270426, 3.141587648234055, 3.141588164338279, 3.141586295980513, 3.1415837630595083, 3.1415818697360036, 3.141578377752863, 3.141570876467631, 3.1415633455640832, 3.1415651085562506, 3.1415679560589993, 3.141561331282588, 3.1415458569397967, 3.141541862277586, 3.141543454629587, 3.141524407210561, 3.1414940344606497, 3.141490995992689, 3.1414839702354143, 3.1414659811892527, 3.14142402367351, 3.1414461648768484, 3.141460052999938, 3.141451767172164, 3.141409364817051, 3.1414230664444123, 3.1414509319018284, 3.1414200068823925, 3.1413287540186343, 3.1412989653126444, 3.1412230559095673, 3.1412042610003676, 3.1409540009367514, 3.140960509962513, 3.1408916379121936, 3.140969744656371, 3.140449284766172, 3.140529893089064, 3.1403170165183796, 3.1404841596992474, 3.1411656329333844, 3.1412630739995024, 3.138979601829979, 3.1391095500067956, 3.1396217487593305, 3.1396112529945683, 3.137147386466441, 3.1365825934043667, 3.141045720096541], "predicted_p_opt": 0.008931969522138516, "predicted_tts": 111.9573905308823, "p_opt": 0.008905457081946448, "tts": 112.29069892743023, "approx": 0.6696423375920741, "opt_gap": -0.33035766240792586, "th": -38.999000549316406}