{"edges": [[0, 1], [0, 14], [0, 16], [1, 3], [1, 6], [1, 12], [1, 14], [1, 16], [2, 3], [2, 12], [2, 14], [3, 9], [3, 15], [4, 5], [4, 7], [4, 12], [5, 8], [5, 10], [5, 11], [5, 15], [5, 16], [6, 10], [6, 13], [7, 12], [8, 15], [9, 15], [9, 16], [10, 11], [10, 16], [13, 14], [13, 15], [13, 16]], "num_nodes": 17, "num_colors": 3, "opt_value": 32, "opt_count": 120, "feasible_count": 129140163, "mean_value": 21.333333333333332, "std": 2.6666666666666665, "level": 17, "gammas": [0.11005408316850662, 0.22598320245742798, 0.25659751892089844, 0.26619622111320496, 0.27069005370140076, 0.2735925316810608, 0.2760387063026428, 0.2784537076950073, 0.2810247242450714, 0.28423216938972473, 0.2886621654033661, 0.2946040630340576, 0.30222055315971375, 0.3122539520263672, 0.3263380527496338, 0.3476983904838562, 0.3841670751571655], "betas": [-2.3973686695098877, -2.015826940536499, -1.835067868232727, -1.7438911199569702, -1.6926459074020386, -1.6597117185592651, -1.6350129842758179, -1.612841248512268, -1.590752124786377, -1.5695408582687378, -1.5492477416992188, -1.5269455909729004, -1.4992784261703491, -1.462546944618225, -1.408905267715454, -1.3167426586151123, -1.10885488986969], "predicted_p_opt": 0.00113829808314552, "predicted_tts": 878.5045102040816, "p_opt": 1.6626905562588945e-05, "tts": 60143.48227550117, "approx": 0.8619871139526367, "opt_gap": -0.13801288604736328}