{"edges": [[0, 8], [0, 11], [0, 12], [1, 4], [1, 6], [1, 7], [1, 10], [1, 13], [2, 7], [2, 8], [2, 9], [2, 10], [3, 7], [3, 11], [3, 12], [4, 10], [5, 11], [5, 13], [6, 10], [6, 11], [6, 13], [7, 10], [8, 13], [11, 12], [11, 13]], "num_nodes": 14, "num_colors": 3, "opt_value": 25, "opt_count": 12, "feasible_count": 4782969, "mean_value": 16.666666666666668, "std": 2.3570226039551585, "level": 10, "gammas": [0.13970351614351662, 0.28151480313762856, 0.3193775908235199, 0.3334108418032616, 0.342099347508005, 0.35100409812407657, 0.36178266996321123, 0.3755693551471616, 0.3964417441438643, 0.43417411132333134], "betas": [-2.2278181159744754, -1.7910622213435239, -1.5917754940146798, -1.4864273882611074, -1.4213213712350503, -1.3751511343196354, -1.3283580483677335, -1.2702145405744714, -1.1823078521999315, 5.282311997564399], "predicted_p_opt": 0.0011064257368174455, "predicted_tts": 903.8112244897959, "p_opt": 3.530392034693775e-05, "tts": 28325.466128770586, "approx": 0.848510995756221, "opt_gap": -0.15148900424377898}