{"edges": [[3, 10], [3, 14], [3, 2], [10, 5], [10, 9], [4, 15], [4, 0], [4, 13], [15, 16], [15, 2], [5, 12], [5, 1], [9, 14], [9, 6], [14, 17], [8, 12], [8, 11], [8, 7], [12, 17], [1, 6], [1, 16], [6, 16], [0, 17], [0, 7], [11, 13], [11, 7], [13, 2]], "num_nodes": 18, "opt_value": 23, "opt_count": 20, "feasible_count": 262144, "mean_value": 13.5, "std": 2.598076211353316, "level": 18, "gammas": [0.1471848581272517, 0.271862194353603, 0.29167531051096085, 0.2801088938584913, 0.2370058539528472, 0.24017953019331081, 0.2898648697018922, 0.31359613115441065, 0.3237788174017395, 0.3298416990274611, 0.3344209664944593, 0.33844498552853325, 0.3425474824354828, 0.3472833599348515, 0.3535955955656941, 0.36198457984575044, 0.3801726842328787, 0.38846691076884177], "betas": [-2.4026861070023533, -2.203444944787143, -2.0382268174286295, -1.7646244184336826, -1.4957475917754512, -1.7263128429647963, -1.9395169319981571, -2.010720810844759, -2.025617505145315, -2.015518778543888, -1.990959440554219, -1.956177203102989, -1.9139195953016925, -1.8592126456977487, -1.7947637734807165, -1.711844412283684, -1.6163407974574693, 4.199873251646569], "predicted_p_opt": 0.1044464111328125, "predicted_tts": 9.574287801314828, "p_opt": 0.002306913025714924, "tts": 433.4797146026322, "approx": 0.8792265274657121, "opt_gap": -0.12077347253428794}