{"edges": [[12, 16], [12, 14], [12, 17], [16, 5], [16, 7], [3, 13], [3, 1], [3, 9], [13, 2], [13, 8], [5, 6], [5, 14], [1, 2], [1, 8], [2, 8], [7, 4], [7, 11], [15, 17], [15, 9], [15, 0], [17, 4], [9, 6], [6, 0], [4, 11], [11, 10], [10, 0], [10, 14]], "num_nodes": 18, "opt_value": 24, "opt_count": 2, "feasible_count": 262144, "mean_value": 13.5, "std": 2.598076211353316, "level": 18, "gammas": [0.14470442146807438, 0.2660777363996009, 0.2854487722903877, 0.28406819423503543, 0.27239690493426244, 0.2671461834803029, 0.28135796823607206, 0.30023980032344494, 0.31355042540662614, 0.32236015560871406, 0.3289411946108614, 0.33443697613067463, 0.3394410571254157, 0.3448249215272294, 0.35087448021703177, 0.3606539991663757, 0.38109399324619564, 0.3924328249884179], "betas": [-2.376266046494533, -2.1720103280350487, -2.036474867802787, -1.8964438387041542, -1.7754982653731646, -1.7733681108838784, -1.8649371819417642, -1.9401104605206463, -1.9746400628687055, -1.981038745249667, -1.969090502622825, -1.9429932383933664, -1.9047561976436067, -1.8544056443342845, -1.790885180824643, -1.7032860049911491, -1.615354372886384, 4.21032581408095], "predicted_p_opt": 0.01044464111328125, "predicted_tts": 95.74287801314829, "p_opt": 0.00012312107169530523, "tts": 8122.086546442329, "approx": 0.8418629150655866, "opt_gap": -0.15813708493441336}