{"edges": [[0, 5], [0, 7], [0, 8], [1, 3], [1, 5], [1, 9], [1, 10], [1, 11], [2, 3], [2, 5], [2, 8], [2, 10], [2, 11], [3, 6], [3, 7], [3, 9], [3, 11], [4, 5], [4, 8], [4, 11], [5, 11], [6, 9], [7, 8], [7, 9], [8, 9], [9, 10], [10, 11]], "num_nodes": 12, "num_colors": 3, "opt_value": 27, "opt_count": 6, "feasible_count": 531441, "mean_value": 18.0, "std": 2.449489742783178, "level": 25, "gammas": [3.141545057296753, 3.1414737701416016, 3.141348361968994, 3.1411616802215576, 3.140929698944092, 3.1407036781311035, 3.140538454055786, 3.1404824256896973, 3.1405386924743652, 3.140660285949707, 3.140779972076416, 3.140860080718994, 3.1408841609954834, 3.1408450603485107, 3.140740156173706, 3.1405868530273438, 3.140432834625244, 3.1403584480285645, 3.1404128074645996, 3.1405904293060303, 3.1408350467681885, 3.1410837173461914, 3.141289710998535, 3.1414358615875244, 3.141523599624634], "betas": [3.1415138244628906, 3.141417980194092, 3.1412625312805176, 3.141050338745117, 3.1408162117004395, 3.1406142711639404, 3.1404988765716553, 3.140500783920288, 3.1405951976776123, 3.1407220363616943, 3.1408259868621826, 3.1408793926239014, 3.140873670578003, 3.140803098678589, 3.14067006111145, 3.1405062675476074, 3.1403791904449463, 3.1403653621673584, 3.140486240386963, 3.1407058238983154, 3.1409618854522705, 3.1411936283111572, 3.1413724422454834, 3.1414878368377686, 3.1415514945983887], "predicted_p_opt": 0.029365442259818117, "predicted_tts": 34.05363321799308, "p_opt": 0.015351808945725753, "tts": 65.13890340450203, "approx": 0.9191103239563412, "opt_gap": -0.08088967604365882, "th": -24.989154440043947}