{"edges": [[0, 1], [0, 7], [0, 9], [1, 9], [2, 5], [2, 6], [2, 7], [2, 8], [2, 9], [2, 10], [3, 5], [3, 6], [3, 9], [4, 8], [4, 9], [5, 9], [5, 11], [6, 8], [7, 10], [7, 11], [9, 10], [10, 11]], "num_nodes": 12, "num_colors": 3, "opt_value": 22, "opt_count": 36, "feasible_count": 531441, "mean_value": 14.666666666666666, "std": 2.211083193570267, "level": 25, "gammas": [3.1415926419982556, 3.1415926299669183, 3.141591409541481, 3.14158273213679, 3.1415512139347723, 3.141486738844364, 3.1414083586394987, 3.141356127530267, 3.141350586438429, 3.141371622867414, 3.141380263080784, 3.1413495633074873, 3.141281978267449, 3.1412182774160464, 3.141214783131179, 3.1412906683206985, 3.1414080989212483, 3.1415091836352165, 3.1415660711970035, 3.141590208927758, 3.141595041799488, 3.141575487920528, 3.1412036071338525, 3.1427006507081976, 3.1437592794897276], "betas": [3.1415926330946427, 3.1415923072356677, 3.1415887685742696, 3.141570900606493, 3.141522729847141, 3.1414468536977807, 3.141376758205256, 3.1413479030163827, 3.14136018576196, 3.141379700972845, 3.141370565547045, 3.1413187931759348, 3.141245927834925, 3.1412062155321525, 3.1412435591400016, 3.1413476245898253, 3.1414647135748694, 3.141546846730276, 3.1415802006816502, 3.1415808811510257, 3.141571525448599, 3.141582479385513, 3.1412173047140906, 3.1441534671927376, 3.142452039284215], "predicted_p_opt": 0.1761926535589087, "predicted_tts": 5.67560553633218, "p_opt": 0.0850869710368546, "tts": 11.75268067265974, "approx": 0.9522189396531732, "opt_gap": -0.04778106034682683, "th": -20.954550488496487}