{"edges": [[12, 16], [12, 8], [12, 18], [16, 14], [16, 4], [14, 2], [14, 10], [8, 3], [8, 13], [9, 11], [9, 5], [9, 6], [11, 17], [11, 19], [2, 5], [2, 10], [5, 3], [1, 3], [1, 4], [1, 19], [17, 0], [17, 15], [0, 10], [0, 15], [15, 7], [18, 7], [18, 13], [19, 6], [6, 13], [7, 4]], "num_nodes": 20, "opt_value": 27, "opt_count": 2, "feasible_count": 1048576, "mean_value": 15.0, "std": 2.7386127875258306, "level": 8, "gammas": [3.140202760696411, 3.1405868530273438, 3.1411068439483643, 3.1412553787231445, 3.1411705017089844, 3.1407928466796875, 3.140246868133545, 3.1400816440582275], "betas": [3.140401601791382, 3.140855550765991, 3.141188859939575, 3.1412510871887207, 3.1410772800445557, 3.140502452850342, 3.1400227546691895, 3.1401922702789307], "predicted_p_opt": 0.0005512237548828125, "predicted_tts": 1814.1453287197232, "p_opt": 0.00026345348831110236, "tts": 3795.736417880098, "approx": 0.8246715884870136, "opt_gap": -0.1753284115129864, "th": -21.989069075855078}