{"edges": [[0, 4], [0, 8], [0, 10], [0, 16], [1, 3], [1, 9], [1, 13], [2, 11], [2, 12], [3, 4], [3, 13], [4, 10], [4, 11], [4, 12], [5, 9], [5, 10], [5, 13], [6, 9], [6, 10], [6, 11], [6, 13], [6, 15], [7, 9], [7, 13], [8, 16], [9, 14], [10, 12], [10, 15], [11, 12], [11, 13], [11, 14], [11, 15], [12, 16], [14, 15]], "num_nodes": 17, "num_colors": 3, "opt_value": 34, "opt_count": 96, "feasible_count": 129140163, "mean_value": 22.666666666666668, "std": 2.748737083745107, "level": 39, "gammas": [-0.3844964519818021, -0.27736490395173163, -0.26879264281187004, -0.07200841094812127, -0.31160909910944223, -0.23212751796922423, -0.3136928230846505, -0.2062347512574166, -0.12616352331666986, -0.270133274084317, -0.28938772768660925, -0.2773094899296308, -0.21643599827009222, -0.2512995008336982, -0.23198886349857153, -0.2877298334814008, -0.2301374672664976, -0.32142396798158934, -0.29144528819642723, -0.2822966372015894, -0.30650062870537376, -0.429917408100644, -0.1720575444606487, -0.44239550581302245, -0.3304376828486604, 6.019410097755617, 5.914669515280759, 6.032707746164742, 5.974105902441398, 5.996385007095033, 5.984953787948949, 5.986112913001863, 5.999508417261947, 5.923765030935857, 5.93125379208295, 6.048745519184058, 0.4140265098418675, 0.3601250292453025, 0.3509208303445253], "betas": [3.2932797409173142, 2.122003424346562, 1.1345226377530835, 1.204448265323663, 2.132406480054207, 2.1282556934495864, 1.617097622326306, 0.9753977971684228, 1.6034656038717898, 1.8473955702062728, 1.9470143915480993, 1.5455659118931915, 1.2690874983388247, 1.775149902729939, 1.7509817859242456, 2.0806115607084905, 1.2951567455462372, 1.1923281455186523, 1.4765981709483902, 1.4660844694815782, 0.991613106844388, 1.153993308575644, 3.922295769382179, 2.9699632275981607, 2.52643172771659, 2.3709906307092172, 2.10224214022632, 2.2544537559840623, 1.9483518620883031, 2.100429124473963, 1.9742210860186677, 1.994475501840864, 2.2548879437704996, 2.215715104672543, 2.5639418583018574, 2.1380560069126773, -2.692182272256442, -2.5821405594058895, 3.8141004100459948], "predicted_p_opt": 0.004639424220023634, "predicted_tts": 215.54398834321424, "p_opt": 1.0455141727516518e-05, "tts": 95646.71872100359, "approx": 0.8864810934479016, "opt_gap": -0.1135189065520984}