{"edges": [[0, 2], [0, 12], [1, 3], [1, 4], [1, 7], [1, 12], [2, 4], [2, 9], [2, 12], [3, 6], [3, 8], [5, 6], [5, 9], [5, 12], [6, 9], [6, 11], [7, 8], [7, 10], [7, 12], [8, 9], [11, 12]], "num_nodes": 13, "num_colors": 3, "opt_value": 21, "opt_count": 228, "feasible_count": 1594323, "mean_value": 14.0, "std": 2.160246899469287, "level": 35, "gammas": [3.141592558158462, 3.1415925876053596, 3.141592569590599, 3.1415925550381085, 3.141592558279073, 3.1415925920874463, 3.1415926139340127, 3.1415926237519427, 3.141592597325527, 3.141592565729369, 3.1415925296249725, 3.141592480510796, 3.1415924381358935, 3.141592366839357, 3.1415921085552996, 3.1415910995202716, 3.1415898597025373, 3.1415892928756644, 3.141588767852681, 3.141588373866705, 3.1415881376865546, 3.141584694405467, 3.141577782667551, 3.1415697382392, 3.141536354882537, 3.141528757513973, 3.1414468353470237, 3.141449076598755, 3.141364336579772, 3.1414256089900974, 3.140562705717685, 3.139656192939841, 3.138565782932896, 3.130776844514707, 3.1383111921485534], "betas": [3.141592715153969, 3.1415927264350216, 3.1415927497246305, 3.141592753593792, 3.14159273255978, 3.141592706633135, 3.1415926913660215, 3.141592695832538, 3.1415927180744085, 3.141592736105108, 3.1415927029652675, 3.1415926004726824, 3.141592472191216, 3.1415923007589694, 3.141591732210478, 3.1415905112058415, 3.1415897763509206, 3.1415893068816065, 3.1415887788898913, 3.141588112058666, 3.141587072273313, 3.1415800871942317, 3.1415772177292136, 3.1415547272344098, 3.141535841848772, 3.1414926613235497, 3.1414127142774357, 3.141455821667698, 3.1413673212200197, 3.141299224257442, 3.1394167140814906, 3.1407677976552275, 3.133188745742066, 3.133807326704239, 3.140829333615655], "predicted_p_opt": 0.7209003445349531, "predicted_tts": 1.3871542822539387, "p_opt": 0.563508256972804, "tts": 1.7745968894440918, "approx": 0.854482054321171, "opt_gap": -0.14551794567882903, "th": -20.999000549316406}