{"edges": [[7, 17], [7, 3], [7, 5], [17, 8], [17, 16], [3, 13], [3, 14], [12, 16], [12, 4], [12, 9], [16, 14], [4, 15], [4, 14], [5, 1], [5, 11], [15, 10], [15, 0], [13, 0], [13, 10], [1, 9], [1, 11], [9, 0], [2, 8], [2, 10], [2, 6], [8, 6], [6, 11]], "num_nodes": 18, "opt_value": 23, "opt_count": 20, "feasible_count": 262144, "mean_value": 13.5, "std": 2.598076211353316, "level": 12, "gammas": [3.140223741531372, 3.140256404876709, 3.140605926513672, 3.1409668922424316, 3.141165256500244, 3.1412296295166016, 3.1411893367767334, 3.141023874282837, 3.140686273574829, 3.140256643295288, 3.139983654022217, 3.140061616897583], "betas": [3.1403260231018066, 3.140564441680908, 3.1408677101135254, 3.141105890274048, 3.141227960586548, 3.141249418258667, 3.1411702632904053, 3.1409518718719482, 3.1405587196350098, 3.140160083770752, 3.140017032623291, 3.1402807235717773], "predicted_p_opt": 0.0476837158203125, "predicted_tts": 20.97152, "p_opt": 0.02807060068819059, "tts": 35.62446030664046, "approx": 0.8862438026481932, "opt_gap": -0.11375619735180675, "th": -20.9499679678719}