{"locs": [[0.87, 0.63], [0.92, 0.6], [0.16, 0.9], [0.42, 0.6], [0.39, 0.57], [0.11, 0.55], [0.94, 0.3]], "opt_value": 2.3956069946289062, "opt_count": 2.0, "feasible_count": 720.0, "mean_value": 3.5560617446899414, "std": 0.5511125922203064, "level": 5, "gammas": [3.1415690757904575, 3.141519225512341, 3.1415469693981803, 3.1418192432391208, 3.141596720395721], "betas": [3.141715840768471, 3.1415231748958883, 3.1415906205676927, 3.141693275969975, 3.141683631108653], "predicted_p_opt": 0.33611111111111114, "predicted_tts": 2.975206611570248, "p_opt": 0.30034826640806683, "tts": 3.329468193571507, "approx": 1.3398619890213013, "opt_gap": 0.33986198902130127, "th": 2.396606922149658}