{"locs": [[0.61, 0.75], [0.79, 0.11], [0.98, 0.36], [0.63, 0.31], [0.33, 0.37], [0.39, 0.19], [0.78, 0.18]], "opt_value": 2.050879955291748, "opt_count": 2.0, "feasible_count": 720.0, "mean_value": 2.87210750579834, "std": 0.3024634122848511, "level": 5, "gammas": [3.1417230996920433, 3.1415350190103606, 3.1414008209234043, 3.141823330417385, 3.1416214154578794], "betas": [3.141805446838817, 3.1414257863640125, 3.1416588623183705, 3.1416814392720105, 3.1415891791300643], "predicted_p_opt": 0.33611111111111114, "predicted_tts": 2.975206611570248, "p_opt": 0.3003482713235495, "tts": 3.3294681390816203, "approx": 1.280940055847168, "opt_gap": 0.28094005584716797, "th": 2.0518798828125}