{"N": 22, "edgelist": ["0 2 {}\n", "0 3 {}\n", "0 4 {}\n", "0 10 {}\n", "0 11 {}\n", "0 13 {}\n", "0 15 {}\n", "0 16 {}\n", "0 17 {}\n", "0 18 {}\n", "0 19 {}\n", "0 21 {}\n", "1 4 {}\n", "1 7 {}\n", "1 8 {}\n", "1 9 {}\n", "1 12 {}\n", "1 13 {}\n", "1 14 {}\n", "1 15 {}\n", "1 19 {}\n", "1 21 {}\n", "2 6 {}\n", "2 10 {}\n", "2 11 {}\n", "2 12 {}\n", "2 13 {}\n", "2 15 {}\n", "2 17 {}\n", "2 21 {}\n", "3 4 {}\n", "3 5 {}\n", "3 6 {}\n", "3 7 {}\n", "3 8 {}\n", "3 9 {}\n", "3 10 {}\n", "3 12 {}\n", "3 14 {}\n", "3 16 {}\n", "3 17 {}\n", "3 19 {}\n", "3 20 {}\n", "3 21 {}\n", "4 8 {}\n", "4 9 {}\n", "4 11 {}\n", "4 13 {}\n", "4 14 {}\n", "4 15 {}\n", "4 16 {}\n", "4 17 {}\n", "5 6 {}\n", "5 9 {}\n", "5 11 {}\n", "5 13 {}\n", "5 14 {}\n", "5 18 {}\n", "5 21 {}\n", "6 9 {}\n", "6 10 {}\n", "6 11 {}\n", "6 13 {}\n", "6 14 {}\n", "6 16 {}\n", "6 17 {}\n", "6 18 {}\n", "6 19 {}\n", "6 20 {}\n", "7 9 {}\n", "7 12 {}\n", "7 13 {}\n", "7 14 {}\n", "7 15 {}\n", "7 16 {}\n", "7 18 {}\n", "7 21 {}\n", "8 13 {}\n", "8 14 {}\n", "8 15 {}\n", "8 16 {}\n", "8 17 {}\n", "8 18 {}\n", "8 21 {}\n", "9 12 {}\n", "9 13 {}\n", "9 14 {}\n", "9 15 {}\n", "9 17 {}\n", "9 20 {}\n", "9 21 {}\n", "10 12 {}\n", "10 14 {}\n", "10 15 {}\n", "10 17 {}\n", "11 12 {}\n", "11 14 {}\n", "11 15 {}\n", "11 18 {}\n", "11 19 {}\n", "11 20 {}\n", "12 13 {}\n", "12 16 {}\n", "12 17 {}\n", "12 18 {}\n", "13 14 {}\n", "13 17 {}\n", "13 18 {}\n", "13 20 {}\n", "14 15 {}\n", "14 16 {}\n", "14 18 {}\n", "14 19 {}\n", "14 21 {}\n", "15 16 {}\n", "15 19 {}\n", "15 21 {}\n", "16 18 {}\n", "16 20 {}\n", "18 19 {}\n", "18 20 {}\n", "19 21 {}\n"], "opt_value": 108, "opt_count": 5, "feasible_count": 705432, "mean_value": 92.95238095238095, "std": 3.283243413687431, "level": 99, "gammas": [3.1415926958383937, 3.14159266369583, 3.1415926444901183, 3.141592630263057, 3.141592617298575, 3.1415926174560385, 3.1415926196140083, 3.1415926280411766, 3.141592634865755, 3.1415926430188588, 3.1415926430946004, 3.1415926473389724, 3.1415926442504696, 3.1415926466309108, 3.1415926400290894, 3.141592651181284, 3.1415926333909043, 3.1415926515403076, 3.141592642927524, 3.1415926465293142, 3.1415926343309484, 3.141592632425619, 3.14159264013088, 3.1415926178791307, 3.1415926270351924, 3.141592622052758, 3.141592618269351, 3.141592583303661, 3.1415925462443974, 3.1415924845391414, 3.1415924265934416, 3.1415923544696587, 3.1415922737777016, 3.1415920654979153, 3.141591789908376, 3.141591438379685, 3.141590954860593, 3.141590296068224, 3.1415893472788934, 3.141589099892533, 3.1415894616921087, 3.1415881009624917, 3.1415845211837157, 3.1415823007162187, 3.1415819458903607, 3.1415826905648556, 3.141583818385033, 3.1415807540670855, 3.14157103713615, 3.1415634667515087, 3.1415543419839023, 3.141550222385901, 3.141555214759466, 3.141557667958249, 3.1415558963297068, 3.1415459368818186, 3.141517236936257, 3.141502701324085, 3.1415075679183984, 3.1415020622416625, 3.1414583329457955, 3.1414287713897666, 3.141427716740139, 3.141421199398803, 3.1414401894192667, 3.1414409117206836, 3.1413875103173634, 3.141355384393575, 3.1413960077440706, 3.141418653626581, 3.1413206051000664, 3.1411959000837943, 3.141108989411125, 3.141062714962792, 3.1409965254053325, 3.1408830297804835, 3.1411367877315155, 3.1413394150277276, 3.14097318277659, 3.140478742761979, 3.1408091494216364, 3.141000747134166, 3.1405180712998244, 3.1398629261645112, 3.1400356620604857, 3.1400262541403925, 3.1402380589366112, 3.140032500217937, 3.139882642333107, 3.1386967573208957, 3.138659515735219, 3.1370372728234726, 3.139003073017357, 3.1389317598310096, 3.139908456839174, 3.1330375118632046, 3.136495708044469, 3.123479563999726, 3.1319904557712133], "betas": [3.1415926218688486, 3.1415926522896864, 3.1415926686147655, 3.141592674354817, 3.141592680786098, 3.1415926852323337, 3.1415926838181107, 3.1415926807474097, 3.1415926740508495, 3.141592670850317, 3.141592667577437, 3.141592666991978, 3.141592665686664, 3.1415926604149287, 3.1415926643232632, 3.1415926624511146, 3.1415926621956336, 3.1415926685672355, 3.141592667028898, 3.141592661085082, 3.1415926519420814, 3.1415926537151253, 3.141592652531964, 3.1415926516104298, 3.1415926539022823, 3.141592652134911, 3.141592635074779, 3.1415925926436277, 3.1415925414708514, 3.141592476796511, 3.1415924128206436, 3.141592345753907, 3.141592208628186, 3.1415919607158362, 3.1415916585348582, 3.1415912451361536, 3.1415907100250298, 3.141589865177688, 3.141589127780746, 3.141589353781284, 3.141589193281598, 3.1415864224675194, 3.141583128848036, 3.141582025364274, 3.1415822031017786, 3.1415834064941834, 3.141583282933092, 3.1415762303715375, 3.1415668746764718, 3.1415594062117487, 3.1415506327036122, 3.1415525677072096, 3.1415570174982683, 3.1415573936650962, 3.1415528842032234, 3.141533224694567, 3.1415056851245957, 3.141505249314674, 3.141507670702375, 3.141485175435611, 3.141435847580283, 3.1414306049464713, 3.1414209065366854, 3.141430543387684, 3.14144452157741, 3.14142195476741, 3.141357984422817, 3.141374732933531, 3.141412145492812, 3.141391916798928, 3.141242148778766, 3.141162714082817, 3.141063052841839, 3.1410641905324383, 3.1408979751544326, 3.1409871311296964, 3.141267583921067, 3.1412617887104073, 3.1406217711038638, 3.1406064679973236, 3.1409391953765957, 3.1409030274679317, 3.1400414124543934, 3.1399830675199105, 3.13995485740334, 3.1402481354624214, 3.1400078445823096, 3.1402364503914364, 3.13900652899383, 3.1390203018582854, 3.137471325653993, 3.138014138177092, 3.138949605496774, 3.1398983526586095, 3.1366341770195096, 3.1342875734350177, 3.131401094644072, 3.1239418229469047, 3.1388034867038517], "predicted_p_opt": 0.28068616110411776, "predicted_tts": 3.5626979116688973, "p_opt": 0.25538829501871785, "tts": 3.9156062337418724, "approx": 0.8962528689592004, "opt_gap": -0.10374713104079958, "th": -107.9990005493164}