{"edges": [[0, 1], [0, 5], [0, 6], [0, 10], [1, 2], [1, 8], [1, 13], [2, 4], [2, 8], [3, 7], [3, 10], [4, 12], [5, 9], [6, 8], [7, 10], [7, 13], [9, 10], [9, 11], [10, 12], [11, 13]], "num_nodes": 14, "num_colors": 3, "opt_value": 20, "opt_count": 948, "feasible_count": 4782969, "mean_value": 13.333333333333334, "std": 2.1081851067789192, "level": 46, "gammas": [-0.28886046249618774, 0.615650959730688, 0.3331861790195492, 0.32484413805429874, 0.3747477662458732, 0.2875270374594678, 0.5416312235834907, 0.26580453812666033, 0.3502477839608126, 0.38687037758649934, 0.26021673818093727, 0.3677223276271415, 0.4204742011170375, 0.6669276077503093, 0.4900876830258751, 0.3861979678194829, 0.25424690515305426, 0.3788180778674122, 1.0252353558683187, 0.2640614132940783, 0.6100395935388019, 0.2904420759349461, 0.4852266532642665, 0.35319385179022617, 0.535692444886141, 0.6983679613847872, 2.4209022482571863, 0.3081013843133489, 0.4119585681856585, 0.3586343099731755, 0.2813593906148729, 0.3873864847821879, 0.347498732006811, 0.3566411746561966, 0.4071001006183974, 0.5975740839635195, 1.074940831619355, 1.697209462125946, 0.6990459372884404, 0.30196505291567055, 2.150757315046739, 4.585882809419705, 0.35147413628776814, 0.49897954267344413, 0.30920784755381553, -0.5106129845292807], "betas": [0.7605037095827356, -1.8982349999473433, -1.8619126506854766, -1.5242321572832704, -3.227264654204818, -1.9684263144892804, -1.7214177776828563, -3.0825647883365734, -1.3498861095621186, -1.2644518450576225, -1.9171925126065232, -1.5521421145691356, -1.8025297329322607, 4.9701826215456615, 5.388846158527675, 3.676459778887204, 3.979182818076274, 3.884416380529925, 3.6996019361558767, 4.344419667898136, 3.7839053299105885, 4.2911894270023465, 4.282138244009079, 3.757836692527763, 2.3396262967062214, 3.681344603060428, 4.755114359552639, 3.4992018120951807, 4.485447739639878, 4.213378748668841, 4.5646044792024725, 4.625015632608943, 4.237601417018819, 4.38730620247447, -2.6632417749236055, -3.4574059239356005, -1.7880202127708578, 0.9969801717004751, 4.0997000707480415, -2.535485270989528, -2.482093180212929, 4.256037612435336, -2.4326866564152025, 4.089577713782409, 3.816873817350854, 2.532888670342212], "predicted_p_opt": 1.7142599084376253, "predicted_tts": 0.5833421146221631, "p_opt": 0.10406964644037806, "tts": 9.608949719771598, "approx": 0.9546899608537238, "opt_gap": -0.04531003914627618}