{"edges": [[0, 2], [0, 4], [0, 6], [0, 10], [0, 12], [0, 13], [1, 4], [1, 6], [1, 9], [1, 11], [1, 12], [1, 13], [2, 4], [2, 6], [2, 7], [2, 8], [3, 6], [3, 7], [3, 10], [3, 11], [4, 5], [4, 8], [4, 11], [5, 12], [5, 13], [6, 12], [8, 9], [12, 13]], "num_nodes": 14, "num_colors": 3, "opt_value": 28, "opt_count": 24, "feasible_count": 4782969, "mean_value": 18.666666666666668, "std": 2.494438257849294, "level": 3, "gammas": [3.1377296447753906, 3.1382062435150146, 3.1333911418914795], "betas": [3.1387224197387695, 3.1366803646087646, 3.130955696105957], "predicted_p_opt": 0.00024587238595943234, "predicted_tts": 4067.150510204081, "p_opt": 0.00010334933778206044, "tts": 9675.920731188098, "approx": 0.8364935010379375, "opt_gap": -0.16350649896206249, "th": -22.9793695808429}