{"edges": [[0, 5], [0, 12], [1, 7], [1, 8], [1, 9], [1, 10], [2, 4], [2, 11], [2, 13], [3, 6], [3, 7], [3, 8], [3, 11], [4, 7], [4, 10], [4, 11], [4, 13], [5, 6], [5, 7], [5, 8], [6, 12], [7, 9], [7, 11], [8, 10], [9, 10], [9, 12], [10, 13], [12, 13]], "num_nodes": 14, "num_colors": 3, "opt_value": 28, "opt_count": 30, "feasible_count": 4782969, "mean_value": 18.666666666666668, "std": 2.4944382578492945, "level": 3, "gammas": [3.139543294906616, 3.139655113220215, 3.1368165016174316], "betas": [3.14003586769104, 3.138728141784668, 3.1354169845581055], "predicted_p_opt": 0.0003073404824492904, "predicted_tts": 3253.7204081632653, "p_opt": 0.00012746011685041623, "tts": 7845.591426638759, "approx": 0.8364896392181674, "opt_gap": -0.16351036078183256, "th": -22.99190237376739}