{"edges": [[2, 27], [2, 4], [2, 19], [27, 23], [27, 18], [16, 26], [16, 3], [16, 8], [26, 17], [26, 14], [3, 19], [3, 11], [22, 23], [22, 0], [22, 13], [23, 6], [21, 25], [21, 4], [21, 12], [25, 20], [25, 10], [4, 17], [19, 11], [8, 9], [8, 18], [9, 20], [9, 0], [18, 1], [20, 24], [1, 12], [1, 7], [12, 24], [6, 17], [6, 5], [5, 24], [5, 11], [14, 15], [14, 7], [15, 7], [15, 13], [0, 10], [10, 13]], "num_nodes": 28, "opt_value": 36, "opt_count": 46, "feasible_count": 268435456, "mean_value": 21.0, "std": 3.24037034920393, "level": 37, "gammas": [3.141592165888884, 3.1415922379147374, 3.141592186615043, 3.14159204270106, 3.1415915285939793, 3.141589675770194, 3.14158443735088, 3.141573281818844, 3.141554584597885, 3.141529047555259, 3.1414997884004556, 3.1414710777908836, 3.1414465634067934, 3.1414281331013036, 3.1414156260591404, 3.1414074481077248, 3.141401461157296, 3.141396010782782, 3.141390375053786, 3.1413850412133772, 3.1413820590351302, 3.141384491282843, 3.141395574557083, 3.1414170883350856, 3.14144798438758, 3.141484002028481, 3.1415189569993482, 3.141547153798255, 3.1415659188683653, 3.141576954118674, 3.1415863584421295, 3.141602436991809, 3.141626429055396, 3.141617268342487, 3.1414137985641464, 3.1413706918151303, 3.137500994189117], "betas": [3.141593101969591, 3.1415930743188283, 3.1415931312758105, 3.1415930583141884, 3.141592215251328, 3.1415890475721078, 3.14158111997059, 3.141566148246549, 3.141543591044032, 3.1415154779649925, 3.141485769922452, 3.1414586759932184, 3.141437085286254, 3.1414218610100337, 3.141412008700073, 3.141405502730587, 3.1414002798927476, 3.141395046244668, 3.1413895173297317, 3.141384861531435, 3.1413836672613122, 3.141389232812866, 3.141404412525477, 3.1414300291282222, 3.1414639233097392, 3.141501322366181, 3.141536553096681, 3.141565116881919, 3.141584548153004, 3.1415933575787505, 3.1415892040548847, 3.1415704194852037, 3.141552974033742, 3.1416299470402334, 3.141972608240221, 3.1385366878575143, 3.139434004915962], "predicted_p_opt": 0.0009639188647270203, "predicted_tts": 1037.4317140096618, "p_opt": 0.00047215972906226606, "tts": 2117.927342058698, "approx": 0.8892962683737279, "opt_gap": -0.11070373162627212, "th": -31.97191233503282}