{"N": 20, "edgelist": ["0 2 {}\n", "0 4 {}\n", "0 5 {}\n", "0 9 {}\n", "0 10 {}\n", "0 12 {}\n", "0 19 {}\n", "1 2 {}\n", "1 6 {}\n", "1 9 {}\n", "1 10 {}\n", "1 11 {}\n", "1 17 {}\n", "1 18 {}\n", "1 19 {}\n", "2 3 {}\n", "2 4 {}\n", "2 6 {}\n", "2 8 {}\n", "2 9 {}\n", "2 12 {}\n", "2 13 {}\n", "2 15 {}\n", "2 16 {}\n", "2 19 {}\n", "3 4 {}\n", "3 6 {}\n", "3 8 {}\n", "3 9 {}\n", "3 10 {}\n", "3 11 {}\n", "3 12 {}\n", "3 13 {}\n", "3 14 {}\n", "3 16 {}\n", "3 19 {}\n", "4 6 {}\n", "4 9 {}\n", "4 10 {}\n", "4 13 {}\n", "4 15 {}\n", "4 19 {}\n", "5 6 {}\n", "5 8 {}\n", "5 12 {}\n", "5 13 {}\n", "5 14 {}\n", "5 18 {}\n", "5 19 {}\n", "6 8 {}\n", "6 10 {}\n", "6 11 {}\n", "6 13 {}\n", "6 14 {}\n", "6 17 {}\n", "7 9 {}\n", "7 10 {}\n", "7 13 {}\n", "7 16 {}\n", "8 10 {}\n", "8 12 {}\n", "8 13 {}\n", "8 19 {}\n", "9 11 {}\n", "9 12 {}\n", "9 13 {}\n", "9 14 {}\n", "9 15 {}\n", "9 17 {}\n", "10 15 {}\n", "10 18 {}\n", "11 13 {}\n", "11 14 {}\n", "11 15 {}\n", "11 16 {}\n", "11 17 {}\n", "11 19 {}\n", "12 13 {}\n", "12 16 {}\n", "12 18 {}\n", "12 19 {}\n", "13 16 {}\n", "13 18 {}\n", "14 17 {}\n", "14 18 {}\n", "14 19 {}\n", "15 17 {}\n", "15 18 {}\n", "16 17 {}\n", "16 18 {}\n", "17 18 {}\n", "18 19 {}\n"], "opt_value": 82, "opt_count": 7, "feasible_count": 184756, "mean_value": 70.21052631578948, "std": 2.9293456039300203, "level": 29, "gammas": [0.14110985398292542, 0.24253690242767334, 0.25568896532058716, 0.2562289535999298, 0.254903644323349, 0.2539316415786743, 0.2532447874546051, 0.2525881826877594, 0.2556460201740265, 0.252821147441864, 0.2527465522289276, 0.25323793292045593, 0.2538621127605438, 0.25447165966033936, 0.255787193775177, 0.2584270238876343, 0.2617509067058563, 0.2628942131996155, 0.1323731541633606, -0.2141956239938736, -0.24230225384235382, -0.25123903155326843, -0.2524348497390747, -0.2520716190338135, -0.2517698109149933, -0.2516157627105713, -0.25143131613731384, -0.25082987546920776, -0.24364176392555237], "betas": [-2.9441072940826416, -2.9258975982666016, -2.9353153705596924, -2.944631814956665, -2.9487037658691406, -2.9479546546936035, -2.9469008445739746, -2.9408609867095947, -2.947542190551758, -2.9516565799713135, -2.953204393386841, -2.9537527561187744, -2.9548070430755615, -2.9593260288238525, -2.965451717376709, -2.982393264770508, -3.046736001968384, -3.469512701034546, -1.9034090042114258, 2.9375524520874023, 2.848640203475952, 2.881319284439087, 2.9084317684173584, 2.9217119216918945, 2.9251813888549805, 2.926569938659668, 2.9242770671844482, 2.9220850467681885, 2.938535690307617], "predicted_p_opt": 0.13188746238281843, "predicted_tts": 7.58222185743013, "p_opt": 0.08970413357019424, "tts": 11.147758305000421, "approx": 0.883094072341919, "opt_gap": -0.11690592765808105}