{"edges": [[0, 3], [0, 5], [1, 3], [1, 4], [1, 8], [1, 11], [1, 12], [2, 4], [2, 8], [2, 9], [2, 11], [3, 9], [3, 10], [3, 13], [3, 15], [4, 5], [4, 13], [5, 7], [5, 8], [5, 10], [5, 11], [6, 7], [6, 8], [6, 9], [6, 13], [6, 14], [7, 14], [7, 15], [8, 12], [8, 13], [9, 12], [9, 14], [10, 15], [11, 12], [11, 13], [11, 14], [12, 13], [12, 15]], "num_nodes": 16, "num_colors": 3, "opt_value": 38, "opt_count": 42, "feasible_count": 43046721, "mean_value": 25.333333333333332, "std": 2.905932629027116, "level": 20, "gammas": [3.1414430141448975, 3.141317367553711, 3.141151189804077, 3.140968084335327, 3.140826463699341, 3.1407697200775146, 3.140789747238159, 3.1408419609069824, 3.1408839225769043, 3.140892505645752, 3.1408579349517822, 3.140781879425049, 3.1406779289245605, 3.1405885219573975, 3.1405720710754395, 3.140662670135498, 3.140840530395508, 3.141049861907959, 3.1412458419799805, 3.1413986682891846], "betas": [3.141385555267334, 3.1412391662597656, 3.1410624980926514, 3.1408941745758057, 3.140791654586792, 3.140774965286255, 3.1408143043518066, 3.1408655643463135, 3.1408932209014893, 3.1408820152282715, 3.1408259868621826, 3.140733480453491, 3.1406288146972656, 3.1405646800994873, 3.140599012374878, 3.140740394592285, 3.140941858291626, 3.141150712966919, 3.141329288482666, 3.141458511352539], "predicted_p_opt": 0.0016401249238008164, "predicted_tts": 609.709654117447, "p_opt": 0.00075746609350262, "tts": 1320.1911063449352, "approx": 0.899639914777009, "opt_gap": -0.100360085222991, "th": -33.97430465108902}