{"edges": [[0, 2], [0, 5], [0, 6], [0, 9], [1, 8], [1, 9], [1, 13], [2, 3], [3, 5], [3, 8], [3, 9], [3, 12], [3, 14], [4, 6], [4, 9], [4, 10], [4, 12], [5, 7], [5, 11], [5, 12], [5, 13], [5, 14], [7, 9], [7, 10], [9, 12], [10, 13], [10, 14], [11, 14]], "num_nodes": 15, "num_colors": 3, "opt_value": 28, "opt_count": 180, "feasible_count": 14348907, "mean_value": 18.666666666666668, "std": 2.4944382578492945, "level": 13, "gammas": [0.12233567237854004, 0.24610275030136108, 0.27748405933380127, 0.2887554168701172, 0.2951605021953583, 0.29995274543762207, 0.30527758598327637, 0.31191790103912354, 0.31986233592033386, 0.3301254212856293, 0.3448030352592468, 0.3668542206287384, 0.4056778848171234], "betas": [-2.3317856788635254, -1.9275052547454834, -1.7453458309173584, -1.6567639112472534, -1.6043968200683594, -1.5689173936843872, -1.5431374311447144, -1.5185730457305908, -1.489142656326294, -1.4524322748184204, -1.4015535116195679, -1.3153389692306519, -1.116776943206787], "predicted_p_opt": 0.009144947416552356, "predicted_tts": 109.35, "p_opt": 0.0002332492731511593, "tts": 4287.258804669204, "approx": 0.8651948571205139, "opt_gap": -0.13480514287948608}