{"edges": [[0, 3], [0, 5], [0, 12], [1, 10], [1, 13], [1, 14], [2, 3], [2, 8], [2, 12], [2, 14], [3, 4], [3, 7], [3, 14], [4, 5], [4, 6], [4, 8], [4, 12], [6, 13], [7, 11], [7, 12], [8, 10], [8, 11], [8, 12], [9, 11], [9, 14], [11, 12]], "num_nodes": 15, "num_colors": 3, "distribution": [[0, 3], [4, 234], [2, 36], [6, 1518], [10, 45276], [8, 8286], [12, 223890], [14, 827454], [9, 19998], [13, 450036], [11, 104886], [15, 1349460], [16, 1936422], [17, 2351604], [5, 576], [7, 3516], [18, 2408208], [3, 60], [19, 2025102], [20, 1386522], [21, 750174], [22, 320976], [23, 105702], [24, 25284], [25, 3594], [26, 90]], "opt_value": 26, "opt_count": 90, "feasible_count": 14348907, "mean_value": 17.333333333333332, "std": 2.4037008503093262, "level": 5, "gammas": [0.16977092623710632, 0.319315642118454, 0.3565863370895386, 0.38305726647377014, 0.42365995049476624], "betas": [2.109989881515503, 1.6673051118850708, 1.4672696590423584, 1.3286454677581787, 1.1124091148376465], "predicted_p_opt": 0.0007589428240074314, "predicted_tts": 1317.6223140495867, "p_opt": 5.69069707125891e-05, "tts": 17572.539663911113, "approx": 0.8238217234611511}