{"edges": [[0, 1], [0, 6], [0, 10], [0, 11], [1, 3], [1, 4], [2, 4], [2, 13], [2, 14], [3, 8], [3, 13], [4, 6], [4, 7], [5, 7], [5, 9], [5, 10], [5, 14], [6, 7], [6, 10], [6, 13], [7, 10], [7, 12], [8, 9], [8, 11], [8, 12], [9, 12]], "num_nodes": 15, "num_colors": 3, "opt_value": 26, "opt_count": 72, "feasible_count": 14348907, "mean_value": 17.333333333333332, "std": 2.4037008503093262, "level": 5, "gammas": [0.17277319729328156, 0.3282301425933838, 0.36774855852127075, 0.3932182490825653, 0.43027281761169434], "betas": [-2.130990505218506, -1.6873209476470947, -1.4736955165863037, -1.3175313472747803, -1.085754156112671], "predicted_p_opt": 0.0006071542592059451, "predicted_tts": 1647.0278925619837, "p_opt": 4.436778181116097e-05, "tts": 22538.877518290632, "approx": 0.8225365877151489, "opt_gap": -0.17746341228485107}