{"edges": [[18, 23], [18, 3], [18, 9], [23, 19], [23, 3], [12, 13], [12, 8], [12, 21], [13, 5], [13, 4], [14, 16], [14, 3], [14, 7], [16, 5], [16, 8], [5, 1], [8, 15], [15, 0], [15, 11], [10, 21], [10, 11], [10, 4], [21, 20], [0, 20], [0, 1], [20, 4], [2, 17], [2, 1], [2, 19], [17, 6], [17, 22], [6, 19], [6, 9], [7, 22], [7, 9], [22, 11]], "num_nodes": 24, "opt_value": 32, "opt_count": 6, "feasible_count": 16777216, "mean_value": 18.0, "std": 3.0, "level": 7, "gammas": [0.13396413624286652, 0.25768011808395386, 0.28570556640625, 0.296371191740036, 0.30684739351272583, 0.32252752780914307, 0.3493829667568207], "betas": [-2.4137210845947266, -2.0818116664886475, -1.914218544960022, -1.804752230644226, -1.7034001350402832, -1.561645746231079, -1.2664997577667236], "predicted_p_opt": 8.046627044677734e-05, "predicted_tts": 12427.567407407407, "p_opt": 2.942968421848491e-06, "tts": 339792.97656612156, "approx": 0.7588318586349487, "opt_gap": -0.24116814136505127}