{"edges": [[3, 7], [3, 12], [3, 5], [7, 9], [7, 1], [4, 6], [4, 11], [4, 10], [6, 8], [6, 9], [0, 5], [0, 10], [0, 13], [5, 14], [9, 14], [14, 13], [8, 15], [8, 2], [15, 10], [15, 2], [2, 12], [1, 12], [1, 11], [13, 11]], "num_nodes": 16, "opt_value": 21, "opt_count": 2, "feasible_count": 65536, "mean_value": 12.0, "std": 2.449489742783178, "level": 28, "gammas": [3.1415906721480797, 3.1415907154483453, 3.141590643516268, 3.1415894653082463, 3.14158304265002, 3.1415658411622185, 3.1415404015962443, 3.1415027267797937, 3.1414301466466363, 3.1413683633002574, 3.1413530296262477, 3.1412764527481634, 3.141238926553005, 3.1413551850472485, 3.1414268837833452, 3.141427088417258, 3.141443864072674, 3.1414705758980475, 3.141517158204056, 3.141563952190359, 3.141585573097391, 3.141592353510112, 3.1415863048118076, 3.1415516726887356, 3.1415536552617715, 3.14159473492742, 3.1404743731286735, 3.1401529862721453], "betas": [3.1415945954438382, 3.141594514133706, 3.1415940455919573, 3.141590919073613, 3.141579415909455, 3.1415571826561006, 3.141528081244728, 3.141473926482168, 3.1413951499257506, 3.141364129040226, 3.141327901112778, 3.1412401069707383, 3.141290801566569, 3.141409411455874, 3.14143088798221, 3.1414364072097403, 3.1414592456274764, 3.141494940382599, 3.1415465582081437, 3.141580357353209, 3.141590204701088, 3.141593000184167, 3.141586274745645, 3.1415796518442582, 3.1414584598132547, 3.141471869140127, 3.1397049137048145, 3.141061989693849], "predicted_p_opt": 0.099151611328125, "predicted_tts": 10.085564789165897, "p_opt": 0.046847156218079514, "tts": 21.34601287951977, "approx": 0.9484327716450898, "opt_gap": -0.05156722835491023, "th": -19.990417085686676}