{"edges": [[0, 2], [0, 3], [0, 11], [1, 4], [1, 10], [1, 11], [2, 5], [2, 6], [2, 12], [2, 13], [3, 4], [3, 11], [4, 6], [4, 8], [4, 9], [6, 10], [7, 10], [7, 11], [7, 12], [8, 10], [8, 13], [10, 12], [12, 13]], "num_nodes": 14, "num_colors": 3, "opt_value": 23, "opt_count": 360, "feasible_count": 4782969, "mean_value": 15.333333333333334, "std": 2.260776661041756, "level": 6, "gammas": [3.142379749087826, 3.141976124319684, 3.1403287877805526, 3.139428890895351, 4.147253838611391, 4.116569684014212], "betas": [3.140341716528507, 3.1411572006489386, 3.141907679557912, 3.1342248194120197, 5.144801045143399, 0.0], "predicted_p_opt": 0.012720132620554304, "predicted_tts": 78.6155325443787, "p_opt": 0.00311622813006374, "tts": 320.90076793560866, "approx": 0.882217125874875, "opt_gap": -0.117782874125125, "th": -19.997223685691523}