{"edges": [[3, 4], [3, 7], [3, 12], [4, 7], [4, 13], [7, 12], [9, 14], [9, 15], [9, 2], [14, 1], [14, 5], [0, 5], [0, 10], [0, 6], [5, 12], [2, 11], [2, 15], [11, 6], [11, 1], [10, 15], [10, 8], [6, 13], [1, 8], [8, 13]], "num_nodes": 16, "opt_value": 21, "opt_count": 2, "feasible_count": 65536, "mean_value": 12.0, "std": 2.449489742783178, "level": 42, "gammas": [-0.2694319183635097, -0.3326700164459782, -0.3027393037371349, -0.24691976963268025, -0.24833619747563818, -0.2516771767547983, -0.26432168639319925, -0.26408990504988356, -0.23528796699722143, -0.26008048365159364, -0.3097663725329024, -0.33759436724957037, -0.35207450534853724, -0.3543611116278257, -0.3495100126064078, -0.32628935446584784, -0.4751842109327618, -0.4832181315936825, -0.34180199807761996, -0.2658082104891419, -0.3129289307005739, -0.28769169163667996, -0.24232765522207023, -0.2807099117419844, -0.29230394091868067, -0.2920185713153663, -0.29476235387119804, -0.31536046114753075, -0.3520034970438891, -0.3846283111970299, -0.3703523807757362, -0.3856865884403902, -1.0239889924526782, -0.4974232993233817, -0.48333358516754105, -0.5022148501710547, -0.4380534415320945, -0.3972623881897385, -0.3793836726086085, -0.36876130625734804, -0.3679110505816331, 5.923566221517435], "betas": [2.481895749365307, 2.5373276320314724, 2.042179590958017, 1.7048615873562476, 1.686426076698045, 1.7015177523182332, 1.7587919711168452, 1.6082071256540071, 1.5145531284809834, 1.7960601335067818, 2.009391861724597, 2.1114748452697594, 2.184602382647633, 2.171813880780913, 2.0496897471924655, 2.0420445865184753, 2.0900483760539657, 1.394137651950754, 2.327009974756001, 2.4291560723184054, 2.731250102581367, 2.0072966659011757, 1.8795199808462337, 2.0026605785679283, 1.976074474686187, 1.9772552015763294, 2.032745050439402, 2.234503597284025, 2.3941221652083473, 2.3492067159131826, 2.535424147501047, 2.4191904772313126, 2.0433819334197905, 2.2187654054067254, 2.383859343513546, 2.725302390014837, 2.8465133970804515, 2.7806948282425212, 2.68763941652236, 2.6449602404083645, 2.6467346522025923, 2.645188685165732], "predicted_p_opt": 0.220489501953125, "predicted_tts": 4.535363321799308, "p_opt": 0.0044594944216248345, "tts": 224.2406661954397, "approx": 0.9106724761820862, "opt_gap": -0.08932752381791376}