{"edges": [[0, 3], [0, 4], [0, 6], [0, 8], [0, 10], [1, 3], [1, 4], [1, 8], [2, 3], [2, 5], [2, 6], [3, 5], [4, 8], [5, 6], [5, 10], [6, 9], [6, 10], [7, 10]], "num_nodes": 11, "num_colors": 3, "distribution": [[0, 3], [4, 192], [1, 12], [5, 450], [3, 36], [7, 2226], [8, 5058], [2, 12], [6, 924], [10, 17808], [11, 28176], [9, 10056], [12, 36378], [13, 35610], [14, 24948], [15, 11118], [16, 3444], [17, 648], [18, 48]], "opt_value": 18, "opt_count": 48, "feasible_count": 177147, "mean_value": 12.0, "std": 2.0, "level": 3, "gammas": [0.23071973025798798, 0.42920127511024475, 0.5031534433364868], "betas": [1.852916955947876, 1.3407131433486938, 1.04317045211792], "predicted_p_opt": 0.013277108841809345, "predicted_tts": 75.31760204081633, "p_opt": 0.002556250896304846, "tts": 391.1979068430007, "approx": 0.8096445798873901}