{"edges": [[0, 1], [0, 4], [0, 11], [1, 2], [1, 6], [1, 7], [2, 6], [2, 11], [3, 4], [3, 6], [4, 5], [4, 9], [4, 10], [4, 11], [5, 9], [7, 8], [8, 11]], "num_nodes": 12, "num_colors": 3, "opt_value": 17, "opt_count": 216, "feasible_count": 531441, "mean_value": 11.333333333333334, "std": 1.9436506316151, "level": 26, "gammas": [-0.5931793350574822, -0.33151245850607625, -0.4431859619513413, -0.4349740725068873, -0.4615284732375969, -0.41284646306125555, -0.333951751250575, -0.35264532243010194, -0.4126635092256571, -0.44221205450591283, -0.4418836259889512, -0.4634260473697886, -0.6020733555648311, -0.2506789057950775, -0.6302872181132924, 5.843017780732088, 5.816855741724061, 5.874011924561298, 5.932006641695825, 5.820233904196246, 5.913301651421072, 5.678104246931978, 1.3278089589029278, 0.5137338338284281, 0.525951877034542, 0.5216801771244041], "betas": [2.5660115727072847, 1.9439932701514095, 1.7559931416885624, 2.076186576989189, 2.0319117363618693, 1.7285385598956644, 2.123466356524195, 1.001818283104377, 1.1436662452698882, 1.0752866500645857, 1.1353037441382716, 0.8881344884851026, 1.1525655206199583, 3.758260584805365, 2.37967254052839, 2.2510693609801797, 2.018225551237503, 1.7510122453640435, 1.5465560351266732, 2.588231356540706, 1.6568395579267063, 2.3262784734503104, -2.6098042223740445, -2.3835553945166055, 3.96423182847469, 3.966560454840032], "predicted_p_opt": 1.1416958796931362, "predicted_tts": 0.8758899964400142, "p_opt": 0.08582479107742925, "tts": 11.651645025244767, "approx": 0.9459282084041568, "opt_gap": -0.05407179159584319}