{"N": 24, "edgelist": ["0 1 {}\n", "0 2 {}\n", "0 4 {}\n", "0 5 {}\n", "0 6 {}\n", "0 8 {}\n", "0 9 {}\n", "0 11 {}\n", "0 13 {}\n", "0 14 {}\n", "0 16 {}\n", "0 20 {}\n", "0 21 {}\n", "1 2 {}\n", "1 7 {}\n", "1 10 {}\n", "1 12 {}\n", "1 14 {}\n", "1 15 {}\n", "1 17 {}\n", "1 20 {}\n", "1 21 {}\n", "1 22 {}\n", "2 4 {}\n", "2 5 {}\n", "2 6 {}\n", "2 8 {}\n", "2 10 {}\n", "2 12 {}\n", "2 14 {}\n", "2 15 {}\n", "2 16 {}\n", "2 18 {}\n", "2 20 {}\n", "3 5 {}\n", "3 8 {}\n", "3 9 {}\n", "3 12 {}\n", "3 13 {}\n", "3 15 {}\n", "3 16 {}\n", "3 18 {}\n", "3 19 {}\n", "3 22 {}\n", "3 23 {}\n", "4 7 {}\n", "4 9 {}\n", "4 10 {}\n", "4 11 {}\n", "4 13 {}\n", "4 14 {}\n", "4 15 {}\n", "4 18 {}\n", "4 20 {}\n", "5 6 {}\n", "5 7 {}\n", "5 8 {}\n", "5 12 {}\n", "5 13 {}\n", "5 14 {}\n", "5 15 {}\n", "5 20 {}\n", "5 22 {}\n", "6 7 {}\n", "6 10 {}\n", "6 11 {}\n", "6 17 {}\n", "6 18 {}\n", "6 19 {}\n", "7 8 {}\n", "7 9 {}\n", "7 10 {}\n", "7 12 {}\n", "7 13 {}\n", "7 14 {}\n", "7 16 {}\n", "7 17 {}\n", "7 18 {}\n", "7 21 {}\n", "7 22 {}\n", "7 23 {}\n", "8 12 {}\n", "8 13 {}\n", "8 15 {}\n", "8 17 {}\n", "8 19 {}\n", "8 22 {}\n", "8 23 {}\n", "9 10 {}\n", "9 14 {}\n", "9 16 {}\n", "9 19 {}\n", "9 23 {}\n", "10 13 {}\n", "10 17 {}\n", "10 19 {}\n", "10 22 {}\n", "11 13 {}\n", "11 15 {}\n", "11 16 {}\n", "11 18 {}\n", "11 19 {}\n", "11 21 {}\n", "12 13 {}\n", "12 17 {}\n", "12 18 {}\n", "12 19 {}\n", "12 23 {}\n", "13 14 {}\n", "13 16 {}\n", "13 17 {}\n", "13 22 {}\n", "14 15 {}\n", "14 16 {}\n", "14 17 {}\n", "14 19 {}\n", "14 20 {}\n", "14 21 {}\n", "14 22 {}\n", "14 23 {}\n", "15 19 {}\n", "15 21 {}\n", "16 18 {}\n", "16 19 {}\n", "16 20 {}\n", "16 22 {}\n", "17 18 {}\n", "17 21 {}\n", "17 23 {}\n", "18 19 {}\n", "18 20 {}\n", "18 22 {}\n", "19 22 {}\n", "20 23 {}\n", "21 22 {}\n", "21 23 {}\n"], "opt_value": 116, "opt_count": 19, "feasible_count": 2704156, "mean_value": 103.47826086956522, "std": 3.2227586588109354, "level": 43, "gammas": [0.15581168234348297, 0.2382545918226242, 0.24385586380958557, 0.24477988481521606, 0.2467462122440338, 0.24868306517601013, 0.12870806455612183, -0.24934899806976318, -0.24016422033309937, -0.24365709722042084, -0.24404963850975037, -0.24207612872123718, -0.23671855032444, -0.24437253177165985, -0.2298828363418579, -0.23240618407726288, -0.23324953019618988, -0.2337113916873932, -0.2325202077627182, -0.23375999927520752, -0.23387572169303894, -0.23389385640621185, -0.2338816076517105, -0.2338656634092331, -0.23387321829795837, -0.23397503793239594, -0.2340465486049652, -0.2340465784072876, -0.23391789197921753, -0.23401106894016266, -0.22537371516227722, -0.24946758151054382, -0.22646644711494446, -0.22876010835170746, -0.23400229215621948, -0.23711122572422028, -0.23824650049209595, -0.23817019164562225, -0.23746520280838013, -0.2382308542728424, -0.23738983273506165, -0.23566797375679016, -0.22806407511234283], "betas": [-2.936068296432495, -2.9546730518341064, -2.988588333129883, -3.0541892051696777, -3.232178211212158, -4.173769474029541, -1.028895378112793, 3.468254804611206, 3.1007301807403564, 3.0267832279205322, 3.0505411624908447, 3.123419761657715, 3.134773015975952, 2.5436208248138428, 2.7972638607025146, 2.864809036254883, 2.8761038780212402, 2.869403839111328, 2.8943235874176025, 2.8861606121063232, 2.8854727745056152, 2.883357286453247, 2.8818483352661133, 2.8812639713287354, 2.881679058074951, 2.8830811977386475, 2.8855555057525635, 2.8888773918151855, 2.892467975616455, 2.9021363258361816, 2.949028253555298, 2.675605297088623, 2.781473159790039, 2.9321656227111816, 2.982970714569092, 2.974271297454834, 2.958441734313965, 2.9529643058776855, 2.945608615875244, 2.91398286819458, 2.9050040245056152, 2.9082515239715576, 2.925152063369751], "predicted_p_opt": 0.0531814732581996, "predicted_tts": 18.803540758356455, "p_opt": 0.03689059242606163, "tts": 27.10718191919148, "approx": 0.9030250906944275, "opt_gap": -0.09697490930557251}