{"N": 18, "edgelist": ["0 1 {}\n", "0 2 {}\n", "0 3 {}\n", "0 6 {}\n", "0 8 {}\n", "0 10 {}\n", "0 11 {}\n", "0 13 {}\n", "0 15 {}\n", "0 16 {}\n", "1 3 {}\n", "1 5 {}\n", "1 6 {}\n", "1 9 {}\n", "1 12 {}\n", "1 13 {}\n", "1 16 {}\n", "1 17 {}\n", "2 3 {}\n", "2 5 {}\n", "2 6 {}\n", "2 13 {}\n", "2 14 {}\n", "2 16 {}\n", "3 5 {}\n", "3 9 {}\n", "3 11 {}\n", "3 12 {}\n", "3 15 {}\n", "4 12 {}\n", "4 13 {}\n", "4 14 {}\n", "4 16 {}\n", "4 17 {}\n", "5 6 {}\n", "5 7 {}\n", "5 9 {}\n", "5 10 {}\n", "5 11 {}\n", "5 13 {}\n", "5 16 {}\n", "5 17 {}\n", "6 7 {}\n", "6 8 {}\n", "6 11 {}\n", "6 15 {}\n", "7 8 {}\n", "7 10 {}\n", "7 11 {}\n", "7 13 {}\n", "7 15 {}\n", "7 17 {}\n", "8 11 {}\n", "8 12 {}\n", "8 17 {}\n", "9 12 {}\n", "9 13 {}\n", "9 14 {}\n", "9 15 {}\n", "9 17 {}\n", "10 14 {}\n", "10 17 {}\n", "11 12 {}\n", "11 15 {}\n", "11 16 {}\n", "11 17 {}\n", "12 13 {}\n", "12 15 {}\n", "12 17 {}\n", "13 15 {}\n", "14 16 {}\n", "14 17 {}\n"], "opt_value": 64, "opt_count": 4, "feasible_count": 48620, "mean_value": 55.05882352941177, "std": 2.4294900998622575, "level": 57, "gammas": [3.1415928782727165, 3.141592759959888, 3.141592687349924, 3.141592673431362, 3.1415926727006154, 3.1415926868097785, 3.141592687169929, 3.1415926987230187, 3.141592708340376, 3.1415927082404598, 3.1415927054470694, 3.1415926914665406, 3.1415926844261097, 3.141592684281552, 3.141592678986131, 3.1415926813691546, 3.1415926592826064, 3.1415926035121613, 3.1415925555704054, 3.141592525903854, 3.141592496618162, 3.1415922684618645, 3.1415918986112015, 3.1415917301759344, 3.1415916955143897, 3.141590025388076, 3.1415865489169956, 3.1415836555708774, 3.1415807046366444, 3.1415795263264417, 3.141576577315571, 3.141568771837417, 3.141542567562416, 3.14153122887312, 3.141519522566369, 3.141508063385739, 3.141467214273819, 3.141443490643687, 3.141341477424178, 3.141285549386903, 3.141304014529845, 3.141239414357949, 3.140778091541178, 3.14030645797048, 3.1405824172573347, 3.140676764804212, 3.140711653687348, 3.1403193309246804, 3.140278961010909, 3.1382822705997127, 3.138532376081415, 3.1347312712804904, 3.137961377551667, 3.1384025224554506, 3.140418369464261, 3.121783901364779, 3.127536651641168], "betas": [3.1415924993639326, 3.1415925899478006, 3.141592630322835, 3.1415926380595254, 3.1415926321862764, 3.141592616089861, 3.141592602033767, 3.1415926014841546, 3.1415926045235976, 3.1415926086968025, 3.1415926145803104, 3.1415926161709953, 3.1415926204828266, 3.141592621804289, 3.1415926178356046, 3.14159260618885, 3.1415925664907576, 3.14159250008517, 3.1415924476431716, 3.1415924272784697, 3.14159231534011, 3.141591980390629, 3.14159169402239, 3.1415916863905724, 3.141591166434594, 3.1415882514455262, 3.1415850782815027, 3.1415819985526467, 3.1415800539660483, 3.1415781492860946, 3.1415743570684875, 3.141556697799195, 3.1415335909042597, 3.1415272971504393, 3.141513192683465, 3.141492474813679, 3.141450719160298, 3.141412518411184, 3.1412813898142717, 3.1413173716205907, 3.141265730806782, 3.1411134370999902, 3.1404064941033694, 3.1404585534831204, 3.1405933535053614, 3.140813821005231, 3.1403914868716774, 3.1405869490086435, 3.1390649984743306, 3.138657470383842, 3.1365174863763676, 3.135505157834401, 3.139409595226182, 3.1386297917755988, 3.1344041694553626, 3.118386853905295, 3.13720762351402], "predicted_p_opt": 1.0880296174413822, "predicted_tts": 0.9190926275992438, "p_opt": 0.746442172962986, "tts": 1.3396885066535318, "approx": 0.9645734773434042, "opt_gap": -0.03542652265659585, "th": -63.999000549316406}