{"edges": [[0, 2], [0, 6], [0, 9], [1, 4], [1, 7], [1, 9], [2, 3], [2, 4], [2, 5], [2, 7], [2, 9], [2, 10], [4, 6], [4, 8], [4, 9], [4, 10], [5, 7], [6, 7], [6, 9], [7, 10], [8, 10]], "num_nodes": 11, "num_colors": 3, "opt_value": 21, "opt_count": 12, "feasible_count": 177147, "mean_value": 14.0, "std": 2.160246899469287, "level": 38, "gammas": [0.1708019084868574, 0.28423894813662964, 0.2863756223689692, 0.31327563733081126, 0.2947752193539123, 0.5565810063209957, 0.31486146488747335, 0.1060545903607361, 0.4151201016682487, 0.3493067259100512, 0.3923552227642387, 0.2470600451584747, 0.2645839790727071, 0.3594479129693479, 0.3155709561724484, 0.2782634645506665, 0.34958048790143487, 0.3787692701797135, 0.5127961126130708, 0.2888699762048956, 1.4235706706101594, 0.40815480361950673, 0.4978690388345137, 0.3829327331126604, 0.3899861075985187, 0.43003498176088983, 0.391507028199824, 0.37721207161220777, 0.4036629675371917, 0.3557050030645411, 0.6149912270721245, 5.919198798299583, 5.883541722659655, 5.863466085451518, 5.878103422416922, 5.8867396424914, 5.877114020492253, 5.85591190491396], "betas": [-2.1740351548827017, -1.8756651864443685, -1.560908233688917, -1.5254098016517716, -1.606871738774894, -3.356976675368617, -1.8921271821135177, -0.8790269598333597, -2.458412822877144, -2.159712340689108, -1.7081921298597043, -0.8567367837323274, -1.8260956088775078, -1.8401876064671072, -1.3981317346850517, -1.5785831508267103, -1.784215729747817, 3.9226173275242284, 2.468144353174141, 5.2343957959363525, 3.4756494750366844, 3.65615262165844, 3.906088391806214, 4.134041680496662, 4.119341548422586, 4.192411603754207, 4.21883774861316, 4.479485611387666, 4.236165325176062, 3.3398513361097906, 2.423125546449701, 2.7770031310635304, 2.249796575255132, 2.064777274230654, 2.0637476874235343, 2.0711447262347296, 2.113339012865576, 2.0369892303344432], "predicted_p_opt": 0.4016325424647327, "predicted_tts": 2.489838083993928, "p_opt": 0.0006444351225874644, "tts": 1551.7465838685373, "approx": 0.9436436268858034, "opt_gap": -0.05635637311419661}