{"edges": [[15, 21], [15, 7], [15, 13], [21, 6], [21, 1], [6, 11], [6, 19], [12, 16], [12, 8], [12, 2], [16, 3], [16, 5], [3, 1], [3, 2], [8, 9], [8, 7], [9, 14], [9, 13], [5, 4], [5, 11], [14, 17], [14, 20], [17, 18], [17, 1], [18, 19], [18, 0], [0, 11], [0, 20], [20, 10], [7, 10], [10, 19], [4, 2], [4, 13]], "num_nodes": 22, "opt_value": 30, "opt_count": 2, "feasible_count": 4194304, "mean_value": 16.5, "std": 2.8722813232690143, "level": 1, "gammas": [-0.24729405343532562], "betas": [1.5725651979446411], "predicted_p_opt": 4.291534423828125e-06, "predicted_tts": 233016.88888888888, "p_opt": 1.6358436596419779e-06, "tts": 611305.3616742695, "approx": 0.6324796080589294, "opt_gap": -0.36752039194107056}