{"N": 24, "edgelist": ["0 2 {}\n", "0 3 {}\n", "0 4 {}\n", "0 10 {}\n", "0 11 {}\n", "0 13 {}\n", "0 15 {}\n", "0 16 {}\n", "0 17 {}\n", "0 18 {}\n", "0 19 {}\n", "0 21 {}\n", "1 4 {}\n", "1 7 {}\n", "1 8 {}\n", "1 9 {}\n", "1 12 {}\n", "1 13 {}\n", "1 14 {}\n", "1 15 {}\n", "1 19 {}\n", "1 21 {}\n", "1 22 {}\n", "2 6 {}\n", "2 10 {}\n", "2 11 {}\n", "2 12 {}\n", "2 13 {}\n", "2 15 {}\n", "2 17 {}\n", "2 21 {}\n", "2 23 {}\n", "3 4 {}\n", "3 5 {}\n", "3 6 {}\n", "3 7 {}\n", "3 8 {}\n", "3 9 {}\n", "3 10 {}\n", "3 12 {}\n", "3 14 {}\n", "3 16 {}\n", "3 17 {}\n", "3 19 {}\n", "3 20 {}\n", "3 21 {}\n", "3 22 {}\n", "4 8 {}\n", "4 9 {}\n", "4 11 {}\n", "4 13 {}\n", "4 14 {}\n", "4 15 {}\n", "4 16 {}\n", "4 17 {}\n", "5 6 {}\n", "5 9 {}\n", "5 11 {}\n", "5 13 {}\n", "5 14 {}\n", "5 18 {}\n", "5 21 {}\n", "5 23 {}\n", "6 9 {}\n", "6 10 {}\n", "6 11 {}\n", "6 13 {}\n", "6 14 {}\n", "6 16 {}\n", "6 17 {}\n", "6 18 {}\n", "6 19 {}\n", "6 20 {}\n", "6 23 {}\n", "7 9 {}\n", "7 12 {}\n", "7 13 {}\n", "7 14 {}\n", "7 15 {}\n", "7 16 {}\n", "7 18 {}\n", "7 21 {}\n", "7 23 {}\n", "8 13 {}\n", "8 14 {}\n", "8 15 {}\n", "8 16 {}\n", "8 17 {}\n", "8 18 {}\n", "8 21 {}\n", "8 23 {}\n", "9 12 {}\n", "9 13 {}\n", "9 14 {}\n", "9 15 {}\n", "9 17 {}\n", "9 20 {}\n", "9 21 {}\n", "10 12 {}\n", "10 14 {}\n", "10 15 {}\n", "10 17 {}\n", "11 12 {}\n", "11 14 {}\n", "11 15 {}\n", "11 18 {}\n", "11 19 {}\n", "11 20 {}\n", "11 22 {}\n", "11 23 {}\n", "12 13 {}\n", "12 16 {}\n", "12 17 {}\n", "12 18 {}\n", "13 14 {}\n", "13 17 {}\n", "13 18 {}\n", "13 20 {}\n", "13 22 {}\n", "14 15 {}\n", "14 16 {}\n", "14 18 {}\n", "14 19 {}\n", "14 21 {}\n", "14 22 {}\n", "14 23 {}\n", "15 16 {}\n", "15 19 {}\n", "15 21 {}\n", "15 23 {}\n", "16 18 {}\n", "16 20 {}\n", "16 23 {}\n", "17 23 {}\n", "18 19 {}\n", "18 20 {}\n", "19 21 {}\n", "19 22 {}\n", "20 22 {}\n", "20 23 {}\n", "22 23 {}\n"], "opt_value": 125, "opt_count": 2, "feasible_count": 2704156, "mean_value": 107.28260869565217, "std": 3.614705390216612, "level": 13, "gammas": [3.1417590945991822, 3.14158258478579, 3.141551961549677, 3.141582948453144, 3.141607173475668, 3.141601562286265, 3.1416117368906193, 3.1416251812692737, 3.1416573875386637, 3.1415837536788658, 3.141196134645022, 3.1410473097376768, 3.1416250430101127], "betas": [3.1415380256249446, 3.1416307740083016, 3.1416208532548335, 3.1415862113896926, 3.1415775398181127, 3.141582251630749, 3.141572064229719, 3.1414755414689983, 3.14154304498247, 3.141860678263132, 3.1406273054964466, 3.1418270435166127, 3.1417481945075116], "predicted_p_opt": 0.0005391700774659451, "predicted_tts": 1854.702331961591, "p_opt": 0.0005390733457987074, "tts": 1855.0351409386967, "approx": 0.8583371772522898, "opt_gap": -0.14166282274771025, "th": -124.9990005493164}