{"N": 24, "edgelist": ["0 2 {}\n", "0 3 {}\n", "0 4 {}\n", "0 6 {}\n", "0 9 {}\n", "0 10 {}\n", "0 14 {}\n", "0 15 {}\n", "0 19 {}\n", "0 21 {}\n", "0 23 {}\n", "1 2 {}\n", "1 3 {}\n", "1 6 {}\n", "1 7 {}\n", "1 9 {}\n", "1 10 {}\n", "1 11 {}\n", "1 12 {}\n", "1 13 {}\n", "1 14 {}\n", "1 16 {}\n", "1 18 {}\n", "1 19 {}\n", "1 20 {}\n", "1 22 {}\n", "1 23 {}\n", "2 4 {}\n", "2 5 {}\n", "2 8 {}\n", "2 9 {}\n", "2 13 {}\n", "2 17 {}\n", "2 19 {}\n", "2 21 {}\n", "3 5 {}\n", "3 6 {}\n", "3 7 {}\n", "3 8 {}\n", "3 11 {}\n", "3 13 {}\n", "3 17 {}\n", "3 19 {}\n", "3 20 {}\n", "3 21 {}\n", "4 5 {}\n", "4 6 {}\n", "4 7 {}\n", "4 10 {}\n", "4 12 {}\n", "4 13 {}\n", "4 16 {}\n", "4 21 {}\n", "4 22 {}\n", "5 6 {}\n", "5 13 {}\n", "5 14 {}\n", "5 16 {}\n", "5 17 {}\n", "5 18 {}\n", "5 19 {}\n", "5 21 {}\n", "5 22 {}\n", "5 23 {}\n", "6 7 {}\n", "6 8 {}\n", "6 10 {}\n", "6 12 {}\n", "6 13 {}\n", "6 16 {}\n", "6 17 {}\n", "6 18 {}\n", "7 9 {}\n", "7 13 {}\n", "7 14 {}\n", "7 15 {}\n", "7 16 {}\n", "7 18 {}\n", "7 22 {}\n", "8 9 {}\n", "8 13 {}\n", "8 16 {}\n", "8 19 {}\n", "9 10 {}\n", "9 11 {}\n", "9 12 {}\n", "9 14 {}\n", "9 15 {}\n", "9 16 {}\n", "9 19 {}\n", "9 20 {}\n", "9 22 {}\n", "9 23 {}\n", "10 11 {}\n", "10 13 {}\n", "10 14 {}\n", "10 17 {}\n", "10 19 {}\n", "10 21 {}\n", "10 22 {}\n", "11 12 {}\n", "11 13 {}\n", "11 15 {}\n", "11 17 {}\n", "11 19 {}\n", "12 13 {}\n", "12 14 {}\n", "12 17 {}\n", "12 20 {}\n", "12 23 {}\n", "13 14 {}\n", "13 15 {}\n", "13 17 {}\n", "13 20 {}\n", "13 22 {}\n", "13 23 {}\n", "14 16 {}\n", "14 21 {}\n", "14 23 {}\n", "15 17 {}\n", "15 20 {}\n", "15 21 {}\n", "15 22 {}\n", "16 17 {}\n", "16 18 {}\n", "17 20 {}\n", "17 21 {}\n", "18 21 {}\n", "18 22 {}\n", "18 23 {}\n", "19 20 {}\n", "20 22 {}\n", "21 22 {}\n"], "opt_value": 117, "opt_count": 1, "feasible_count": 2704156, "mean_value": 101.19565217391305, "std": 3.642687694957141, "level": 13, "gammas": [3.1416045008435676, 3.1416099316979516, 3.1416390859278773, 3.141603280918356, 3.141549886696131, 3.141567318374074, 3.141646333061596, 3.1415950276798816, 3.1414822750210423, 3.1418021167843233, 3.1408881923052623, 3.1418063495544044, 3.1418049062549103], "betas": [3.141592308851866, 3.141554559443203, 3.1415565589240435, 3.1416124012825666, 3.141638417881264, 3.141578705291628, 3.141541664902865, 3.141651519850046, 3.1416094207344947, 3.14145197282692, 3.1410329687557823, 3.1418895963041846, 3.1414742210214155], "predicted_p_opt": 0.00026958503873297253, "predicted_tts": 3709.404663923182, "p_opt": 0.0002695608798278275, "tts": 3709.737112591095, "approx": 0.8649564710708607, "opt_gap": -0.1350435289291393, "th": -116.9990005493164}