{"N": 24, "edgelist": ["0 4 {}\n", "0 7 {}\n", "0 10 {}\n", "0 12 {}\n", "0 14 {}\n", "0 17 {}\n", "0 18 {}\n", "0 21 {}\n", "0 22 {}\n", "0 23 {}\n", "1 3 {}\n", "1 4 {}\n", "1 7 {}\n", "1 9 {}\n", "1 10 {}\n", "1 11 {}\n", "1 12 {}\n", "1 13 {}\n", "1 14 {}\n", "1 15 {}\n", "1 16 {}\n", "1 17 {}\n", "1 18 {}\n", "1 19 {}\n", "1 22 {}\n", "2 5 {}\n", "2 7 {}\n", "2 9 {}\n", "2 10 {}\n", "2 11 {}\n", "2 12 {}\n", "2 13 {}\n", "2 14 {}\n", "2 15 {}\n", "2 16 {}\n", "2 19 {}\n", "2 20 {}\n", "2 21 {}\n", "2 22 {}\n", "2 23 {}\n", "3 4 {}\n", "3 12 {}\n", "3 17 {}\n", "3 18 {}\n", "3 20 {}\n", "3 21 {}\n", "3 23 {}\n", "4 6 {}\n", "4 7 {}\n", "4 11 {}\n", "4 13 {}\n", "4 16 {}\n", "4 18 {}\n", "4 20 {}\n", "4 21 {}\n", "4 23 {}\n", "5 6 {}\n", "5 8 {}\n", "5 11 {}\n", "5 12 {}\n", "5 17 {}\n", "5 18 {}\n", "5 23 {}\n", "6 8 {}\n", "6 9 {}\n", "6 10 {}\n", "6 12 {}\n", "6 13 {}\n", "6 14 {}\n", "6 15 {}\n", "6 16 {}\n", "6 17 {}\n", "6 18 {}\n", "6 22 {}\n", "7 10 {}\n", "7 11 {}\n", "7 13 {}\n", "7 14 {}\n", "7 15 {}\n", "7 16 {}\n", "7 17 {}\n", "7 18 {}\n", "7 19 {}\n", "8 9 {}\n", "8 11 {}\n", "8 12 {}\n", "8 13 {}\n", "8 20 {}\n", "8 21 {}\n", "8 22 {}\n", "8 23 {}\n", "9 10 {}\n", "9 11 {}\n", "9 17 {}\n", "9 18 {}\n", "9 21 {}\n", "9 22 {}\n", "10 12 {}\n", "10 14 {}\n", "10 15 {}\n", "10 16 {}\n", "10 18 {}\n", "10 20 {}\n", "10 23 {}\n", "11 12 {}\n", "11 13 {}\n", "11 14 {}\n", "11 16 {}\n", "11 22 {}\n", "11 23 {}\n", "12 13 {}\n", "12 14 {}\n", "12 16 {}\n", "12 17 {}\n", "12 18 {}\n", "12 19 {}\n", "12 22 {}\n", "12 23 {}\n", "13 14 {}\n", "13 15 {}\n", "13 16 {}\n", "13 17 {}\n", "13 23 {}\n", "14 15 {}\n", "14 20 {}\n", "14 21 {}\n", "14 22 {}\n", "15 16 {}\n", "15 17 {}\n", "15 18 {}\n", "15 19 {}\n", "15 20 {}\n", "16 19 {}\n", "16 21 {}\n", "16 22 {}\n", "16 23 {}\n", "17 18 {}\n", "17 23 {}\n", "18 19 {}\n", "18 22 {}\n", "18 23 {}\n", "19 22 {}\n", "20 22 {}\n", "20 23 {}\n", "21 22 {}\n"], "opt_value": 126, "opt_count": 3, "feasible_count": 2704156, "mean_value": 110.32608695652173, "std": 3.7261710275563114, "level": 35, "gammas": [0.10618585348129272, 0.18368126451969147, 0.19424495100975037, 0.19426798820495605, 0.19073829054832458, 0.19022974371910095, 0.18942296504974365, 0.1892789900302887, 0.18933837115764618, 0.18946829438209534, 0.18957851827144623, 0.18964022397994995, 0.18971726298332214, 0.18976323306560516, 0.18973258137702942, 0.1896549016237259, 0.18957649171352386, 0.18950189650058746, 0.18941566348075867, 0.18940183520317078, 0.18944823741912842, 0.1895115226507187, 0.18955150246620178, 0.18958991765975952, 0.18963709473609924, 0.1896541863679886, 0.1896669566631317, 0.18974024057388306, 0.18960794806480408, 0.19135814905166626, 0.18308968842029572, 0.19846276938915253, 0.19018788635730743, 0.18718427419662476, 0.18330861628055573], "betas": [-2.953594923019409, -2.927443027496338, -2.927717447280884, -2.937037229537964, -2.9354758262634277, -2.9359333515167236, -2.936873435974121, -2.937771797180176, -2.9386942386627197, -2.939809799194336, -2.9410219192504883, -2.9423882961273193, -2.9438090324401855, -2.9442269802093506, -2.94337797164917, -2.941810369491577, -2.9401042461395264, -2.938318967819214, -2.937340021133423, -2.93766713142395, -2.9387519359588623, -2.9400641918182373, -2.9412009716033936, -2.9418869018554688, -2.9421448707580566, -2.9422144889831543, -2.9417471885681152, -2.941422939300537, -2.941054582595825, -2.94677996635437, -2.9759721755981445, -2.9357056617736816, -2.9413177967071533, -2.946420669555664, -2.9547765254974365], "predicted_p_opt": 0.005592502799394709, "predicted_tts": 178.8108179593996, "p_opt": 0.004506777040660381, "tts": 221.88805680377507, "approx": 0.879638671875, "opt_gap": -0.120361328125}