{"edges": [[0, 11], [0, 12], [1, 11], [2, 4], [2, 7], [2, 9], [2, 14], [3, 9], [3, 10], [4, 5], [4, 7], [4, 12], [6, 7], [6, 10], [7, 8], [7, 10], [7, 11], [7, 12], [7, 15], [8, 10], [8, 13], [8, 14], [9, 10], [10, 11], [10, 13], [10, 14], [10, 15], [12, 14], [13, 15]], "num_nodes": 16, "num_colors": 3, "opt_value": 29, "opt_count": 96, "feasible_count": 43046721, "mean_value": 19.333333333333332, "std": 2.5385910352879693, "level": 83, "gammas": [3.1415923545652134, 3.1415925068164143, 3.1415926019423064, 3.1415926594406107, 3.141592667869568, 3.141592673655229, 3.1415926624896717, 3.1415926552518325, 3.141592636670116, 3.1415926202963207, 3.1415926273878383, 3.141592634720675, 3.1415926323444823, 3.1415926348584424, 3.141592644605245, 3.1415926479389213, 3.1415926535494263, 3.1415926572081965, 3.141592656592637, 3.1415926703040156, 3.1415926661425697, 3.141592663081422, 3.1415926423821148, 3.141592636575123, 3.1415926189121985, 3.1415926127111384, 3.141592600176963, 3.141592590877755, 3.141592547689247, 3.1415924376284097, 3.1415922231740465, 3.141592046869538, 3.1415918971792305, 3.1415918224847394, 3.1415917656507455, 3.141591216803642, 3.141590138936206, 3.1415889409792914, 3.1415876547646864, 3.1415870774145866, 3.1415866888646327, 3.1415848409368685, 3.141580742774808, 3.1415798274037567, 3.1415771570069326, 3.1416229173453862, 3.1418920737458893, 3.1419105139739782, 3.1418319787150315, 3.141924996066104, 3.1418555500942613, 3.1417372419727356, 3.1416155368342134, 3.141535052399387, 3.1414835039960156, 3.1414628575397856, 3.14146815603456, 3.14147990873177, 3.141485312556789, 3.141475935810766, 3.1414409963857404, 3.1413992858375406, 3.1413559054004314, 3.14133311051264, 3.1412776900287467, 3.1412027726952, 3.1410575075349674, 3.1408988007396283, 3.1409089690494714, 3.1408491820553572, 3.141101390632134, 3.1411285470515535, 3.1408663172550333, 3.1406602726646473, 3.1399097486375, 3.1386990176113896, 3.140458017527431, 3.1407248613787093, 3.1394382557470775, 3.134967809931223, 3.139485579243628, 3.131723998817493, 3.136171963078953], "betas": [3.141592868895939, 3.141592740390814, 3.141592668878644, 3.141592640978998, 3.1415926355413513, 3.1415926370941625, 3.141592647635488, 3.141592663268972, 3.141592669611832, 3.1415926762825244, 3.141592683131972, 3.141592679200384, 3.1415926725659102, 3.141592668352274, 3.141592664779511, 3.1415926592104393, 3.1415926476819673, 3.1415926357123856, 3.141592634150124, 3.1415926370957448, 3.1415926379910073, 3.1415926385544823, 3.141592640116946, 3.1415926425956515, 3.141592635565419, 3.141592621869601, 3.1415926116114483, 3.1415925874298223, 3.141592510782719, 3.141592330350631, 3.14159211986665, 3.1415919473256233, 3.141591820371584, 3.141591779103111, 3.1415915458757238, 3.1415906742360717, 3.141589539404286, 3.1415882346151363, 3.1415872544923507, 3.1415869180765443, 3.1415860795602986, 3.1415830202525887, 3.1415789977373527, 3.141581473977051, 3.141576766535704, 3.1417455472752835, 3.141957551059666, 3.141837490138367, 3.141885838611668, 3.1419086680997377, 3.1417957552817386, 3.1416757237901556, 3.141567766003364, 3.1415086759364304, 3.141466417837567, 3.141466351496436, 3.1414712698431115, 3.1414874152973824, 3.1414792057306316, 3.1414661763757885, 3.141413363731977, 3.141385044308356, 3.1413314061042796, 3.1413274149404025, 3.1412209052408673, 3.141171774641761, 3.1409284356269778, 3.1409366249181, 3.140831329361265, 3.140988220509823, 3.141115132917765, 3.141095217832337, 3.1406179695020424, 3.140622446049764, 3.138939798310868, 3.139537085366308, 3.140622937409707, 3.140715761004918, 3.1367903606036385, 3.136828112103617, 3.1368931961883084, 3.1315747578864457, 3.1400609432557864], "predicted_p_opt": 0.06219623557390121, "predicted_tts": 16.078143488472158, "p_opt": 0.060917442730992075, "tts": 16.415659541322878, "approx": 0.6869717459927216, "opt_gap": -0.3130282540072784, "th": -28.999000549316406}