{"edges": [[0, 3], [0, 14], [0, 15], [1, 11], [1, 12], [1, 15], [2, 9], [2, 15], [3, 6], [4, 7], [4, 8], [4, 9], [4, 10], [4, 11], [5, 7], [6, 7], [6, 8], [6, 9], [6, 11], [6, 12], [6, 13], [7, 15], [8, 11], [9, 11], [10, 15], [13, 14]], "num_nodes": 16, "num_colors": 3, "opt_value": 26, "opt_count": 876, "feasible_count": 43046721, "mean_value": 17.333333333333332, "std": 2.4037008503093262, "level": 83, "gammas": [3.1415926508484233, 3.14159264044362, 3.141592644076285, 3.141592634625237, 3.141592624413683, 3.1415926232416376, 3.141592625292406, 3.141592627205908, 3.1415926304394413, 3.141592630041659, 3.141592638202175, 3.1415926429002563, 3.1415926432522134, 3.14159264661354, 3.141592651686488, 3.141592641826106, 3.1415926511460515, 3.141592640686972, 3.1415926447948075, 3.1415926360899697, 3.1415926399220013, 3.1415926343523677, 3.1415926175450237, 3.1415926056259447, 3.1415925630386345, 3.141592487520339, 3.141592396263158, 3.1415923879565857, 3.141592417266072, 3.1415922127549263, 3.141591829635194, 3.14159154215982, 3.1415912202320175, 3.1415904005079134, 3.1415892187878462, 3.1415883193538114, 3.141587525524277, 3.141585398231026, 3.14158007588375, 3.141576396068893, 3.141574160332598, 3.1415735649199514, 3.141573175004538, 3.141572904928624, 3.1415734475775263, 3.1415681124231125, 3.1415510451032373, 3.1415417253951583, 3.1415363510722325, 3.1415227181974648, 3.1414899753948142, 3.1414689255653037, 3.1414285835347653, 3.1414008227375443, 3.1414755371616594, 3.1415208450469403, 3.1414002682747992, 3.1412985791191255, 3.141225636705629, 3.1411568147707745, 3.1410272464292874, 3.1408962496162256, 3.141057667619639, 3.1410778535942288, 3.1408487294944054, 3.140567857974582, 3.140749338033605, 3.140746727664034, 3.1404754412613536, 3.140184254493477, 3.1408410861795213, 3.140733542878554, 3.14055246242238, 3.1395850585966287, 3.1392383225721034, 3.137564079462906, 3.138233241356794, 3.134462258084779, 3.1382385831418174, 3.1391236406176155, 3.1386351757167272, 3.1181816395122772, 3.1331384369456647], "betas": [3.141592652683409, 3.141592664078194, 3.141592673308214, 3.141592682065297, 3.141592681890686, 3.1415926813755055, 3.141592685050793, 3.141592684690075, 3.1415926808947177, 3.1415926743139337, 3.141592669761822, 3.141592668380645, 3.1415926611053857, 3.141592656329639, 3.141592655715493, 3.1415926550004727, 3.1415926547662067, 3.1415926538120837, 3.141592652910701, 3.141592654583796, 3.1415926559263623, 3.141592648227407, 3.141592631836087, 3.1415926002087127, 3.1415925387921737, 3.141592441232053, 3.141592373671105, 3.141592395988494, 3.1415923341788603, 3.1415919923804094, 3.141591631393279, 3.1415913822150743, 3.1415908651326605, 3.1415897720978583, 3.1415887273897973, 3.1415879168749816, 3.1415868685046506, 3.141582950697902, 3.1415778630648843, 3.1415753133337465, 3.1415735847746338, 3.141573666114881, 3.1415727697012925, 3.141573442771366, 3.141572122852539, 3.1415604150451153, 3.1415442262564026, 3.1415400441757044, 3.141530723214515, 3.141508441817446, 3.141476007108631, 3.1414559227639693, 3.141401869227872, 3.1414311558474015, 3.141512829048014, 3.141480420616842, 3.141329539197091, 3.1412765018987545, 3.141174100708099, 3.1411279700897645, 3.1409105285088943, 3.140982193939628, 3.141076114257711, 3.141027122314543, 3.1406287699883713, 3.1406718713213673, 3.140743511082009, 3.140710917296792, 3.1401802535095333, 3.140542197431797, 3.140812634544062, 3.14076518501516, 3.13994113572417, 3.1396670964282585, 3.1380506945651625, 3.138394840786042, 3.136126389771376, 3.1352997620994616, 3.1395907270170236, 3.1407071156931132, 3.1271585993704623, 3.1226173928778542, 3.1396085926780946], "predicted_p_opt": 0.5675406496118485, "predicted_tts": 1.7619883275037982, "p_opt": 0.4679784345962635, "tts": 2.136850602662331, "approx": 0.8226558728108967, "opt_gap": -0.1773441271891033, "th": -25.999000549316406}