{"edges": [[0, 3], [0, 5], [0, 14], [1, 6], [1, 10], [1, 14], [2, 6], [2, 8], [2, 9], [2, 11], [2, 13], [2, 15], [3, 8], [3, 14], [4, 14], [5, 6], [5, 7], [6, 9], [6, 11], [6, 13], [7, 11], [7, 13], [8, 11], [9, 12], [10, 15], [12, 14], [13, 14], [14, 15]], "num_nodes": 16, "num_colors": 3, "opt_value": 28, "opt_count": 216, "feasible_count": 43046721, "mean_value": 18.666666666666668, "std": 2.4944382578492945, "level": 83, "gammas": [3.141592419013717, 3.14159252145773, 3.1415925828082174, 3.1415926024532244, 3.141592601019211, 3.141592590050386, 3.1415925779484852, 3.141592571761249, 3.1415925619302505, 3.141592556951051, 3.141592553656518, 3.141592564433922, 3.1415925627188495, 3.141592568634888, 3.1415925839379133, 3.1415925930627817, 3.141592596940377, 3.1415926055269185, 3.1415926106916174, 3.14159259628226, 3.141592591613673, 3.1415925865989154, 3.1415925588928495, 3.1415925422475635, 3.1415925043709327, 3.14159247777829, 3.1415924342631634, 3.1415923398307295, 3.1415922146213977, 3.1415920592118822, 3.1415918737194692, 3.141591887525392, 3.141592112992799, 3.141592311239455, 3.141592245594341, 3.141591178945978, 3.141589190147225, 3.141587234871132, 3.141584893134599, 3.14158460141372, 3.1415865207134384, 3.1415869282905535, 3.141584271940084, 3.1415782225098554, 3.141566647715261, 3.1415615693378194, 3.1415624821822417, 3.1415622378962937, 3.1415599190568337, 3.1415555130183264, 3.141540704106267, 3.1415278473271915, 3.1415100309822743, 3.1414900977204576, 3.1414406677534563, 3.1414047375488723, 3.141371824045982, 3.1413637900862432, 3.1414337429616705, 3.1414612160898168, 3.1413491419086843, 3.1412542221091493, 3.1413086848889966, 3.1413514538131335, 3.1413509905037813, 3.141262290435767, 3.1411150894504223, 3.1409949229015104, 3.1406995101652915, 3.1404191769980176, 3.140892333764536, 3.1407601449230973, 3.14045663703968, 3.1400325956760318, 3.1406684895112114, 3.1400576988912268, 3.1399376444059737, 3.1390456920700096, 3.138003715184121, 3.1329925154065625, 3.138183934223731, 3.127134227442574, 3.135410545354264], "betas": [3.1415928358685465, 3.1415927504498695, 3.141592712895155, 3.1415927038461686, 3.14159271016168, 3.141592720541795, 3.141592728831264, 3.1415927366932253, 3.1415927422704955, 3.1415927475692733, 3.141592754960024, 3.1415927486865423, 3.1415927341185066, 3.141592727040178, 3.141592724378041, 3.1415927146347036, 3.1415927099622336, 3.1415927116156874, 3.1415927095382097, 3.1415927061228834, 3.141592701898812, 3.1415926974464603, 3.1415926876744007, 3.141592665572, 3.1415926374758496, 3.1415926123934885, 3.14159255202915, 3.141592435879321, 3.141592292296504, 3.1415921001327574, 3.141591982583612, 3.141592115062196, 3.14159234573389, 3.1415924488953686, 3.1415919909061882, 3.141590291291337, 3.141588343989378, 3.141586125768113, 3.1415844118424676, 3.1415856055056692, 3.141587233129186, 3.141586026166136, 3.1415821099661607, 3.141572813401776, 3.1415627887779762, 3.141562244741004, 3.141562625171572, 3.141561530120142, 3.1415584288660936, 3.141549490357094, 3.1415333427757934, 3.141520514368577, 3.141500454700952, 3.1414703123385728, 3.1414161760635673, 3.1413938849106087, 3.141354351481803, 3.141397952656054, 3.141458117566487, 3.141425684933967, 3.1412755130502936, 3.1412802592395708, 3.1413258993765756, 3.1413725973750006, 3.1412995294083075, 3.141215344118221, 3.1410209113774052, 3.140933208553568, 3.1404298709965803, 3.140684369260819, 3.1408635823525675, 3.1406786618322156, 3.140094182569999, 3.1404015561676615, 3.140414741789013, 3.1401582808597643, 3.139109331891829, 3.1394323338033177, 3.1345121023912235, 3.136240608842555, 3.1329589031318728, 3.1289250457396336, 3.1399787217926654], "predicted_p_opt": 0.1399415300412777, "predicted_tts": 7.14584155043207, "p_opt": 0.13353433408414522, "tts": 7.488710726410338, "approx": 0.7111766297217663, "opt_gap": -0.2888233702782337, "th": -27.999000549316406}