{"edges": [[0, 1], [0, 4], [0, 5], [0, 8], [0, 9], [0, 11], [0, 12], [1, 2], [1, 6], [1, 13], [1, 14], [2, 5], [3, 9], [3, 11], [3, 14], [4, 14], [4, 15], [5, 8], [5, 11], [6, 15], [7, 8], [7, 10], [7, 11], [8, 15], [9, 10], [9, 12], [9, 14], [9, 15], [11, 14], [11, 15]], "num_nodes": 16, "num_colors": 3, "opt_value": 30, "opt_count": 312, "feasible_count": 43046721, "mean_value": 20.0, "std": 2.581988897471611, "level": 83, "gammas": [3.1415926952382134, 3.1415926081034113, 3.141592564648366, 3.141592560359274, 3.141592552751567, 3.1415925693137123, 3.141592583822295, 3.1415925956591977, 3.141592599418037, 3.141592609180207, 3.141592606592855, 3.141592607041274, 3.1415926054155965, 3.1415926058850876, 3.14159261108719, 3.1415926082385854, 3.141592615095207, 3.1415926137429597, 3.141592629795404, 3.141592621710905, 3.1415926133829335, 3.141592609904642, 3.1415926007343815, 3.1415925992583316, 3.1415925869734997, 3.141592553402877, 3.14159251870974, 3.1415924938661672, 3.14159247525649, 3.1415923845987264, 3.141592258701895, 3.141592148073222, 3.141591984806874, 3.141591536797241, 3.1415907068107662, 3.141589456429772, 3.141587775737348, 3.141587479923067, 3.141588255799077, 3.141586983369704, 3.14158269545923, 3.1415778228828546, 3.1415716184383635, 3.1415691697108055, 3.1415694327760932, 3.1415665363748277, 3.1415529808536666, 3.141546941301749, 3.141553609591255, 3.141557829299584, 3.141558838559598, 3.141545844061718, 3.1414931154954, 3.1414567166067573, 3.141438390262035, 3.14142808707286, 3.1413819142888477, 3.1413517719045676, 3.141437185346203, 3.1414888657472, 3.141451829548051, 3.1413826775959985, 3.1413187546773287, 3.141302260547339, 3.1413151809942454, 3.1412227804555894, 3.1408868569273753, 3.1406107455942434, 3.1407820366476416, 3.1408678268064962, 3.1407377491199595, 3.140289783573869, 3.1405003594358334, 3.1403313200434413, 3.1398176621630047, 3.138517175807599, 3.1395811449308497, 3.139699732927743, 3.138821490153234, 3.1321963860891042, 3.1354352375234558, 3.123464431448677, 3.1360430131532606], "betas": [3.141592670587464, 3.1415927257870444, 3.1415927447797434, 3.1415927466825817, 3.1415927393303735, 3.1415927273218758, 3.141592717707327, 3.1415927095617158, 3.141592706293808, 3.141592704161219, 3.1415926992117136, 3.1415926965863465, 3.1415926941757717, 3.1415926921945965, 3.1415926889774757, 3.141592687685255, 3.1415926891961306, 3.141592691472386, 3.1415926879593217, 3.1415926818818476, 3.141592675283215, 3.141592669015267, 3.1415926674812567, 3.1415926653941098, 3.141592655361411, 3.141592630824148, 3.141592610824612, 3.1415925990545133, 3.1415925547614902, 3.1415924429821005, 3.1415923141870166, 3.1415921941879352, 3.141591921391763, 3.1415912443075005, 3.1415902518518255, 3.1415886361590832, 3.1415874298943014, 3.1415879408525154, 3.141588125653807, 3.1415850679556083, 3.1415804444579765, 3.141574773076494, 3.1415697858570795, 3.1415694342944986, 3.1415691027720225, 3.1415609048177005, 3.1415475582542, 3.141550280648062, 3.141556147795053, 3.141559023019571, 3.1415561363412405, 3.141523281329228, 3.1414687938796324, 3.1414487197733183, 3.1414309197927683, 3.1414148990546016, 3.141350232258045, 3.141390083765574, 3.1414721881143572, 3.1414837221301735, 3.1414118304404157, 3.141357726097567, 3.14128936283219, 3.1413290852357254, 3.141269165975079, 3.1411131258727525, 3.1406584964202215, 3.140712200886164, 3.1407986906133223, 3.14092396510372, 3.140405943109022, 3.140450756904309, 3.1403307013738484, 3.1403404402038446, 3.1388835298369244, 3.1391266957156465, 3.139467345279972, 3.1402518189722657, 3.1343156104843133, 3.13546766929161, 3.127975809839236, 3.1282959199434544, 3.1403436926537585], "predicted_p_opt": 0.2021377656151789, "predicted_tts": 4.9471210733760485, "p_opt": 0.1888798853662975, "tts": 5.294370006952755, "approx": 0.729624652590402, "opt_gap": -0.270375347409598, "th": -29.999000549316406}