{"edges": [[15, 21], [15, 20], [15, 12], [21, 19], [21, 18], [16, 20], [16, 18], [16, 10], [20, 1], [4, 6], [4, 5], [4, 10], [6, 5], [6, 13], [0, 8], [0, 11], [0, 3], [8, 17], [8, 7], [17, 18], [17, 10], [19, 9], [19, 2], [11, 12], [11, 7], [13, 14], [13, 2], [14, 1], [14, 5], [3, 9], [3, 12], [9, 2], [1, 7]], "num_nodes": 22, "opt_value": 30, "opt_count": 2, "feasible_count": 4194304, "mean_value": 16.5, "std": 2.8722813232690143, "level": 25, "gammas": [-0.10492289811372757, -0.202090784907341, -0.23654836416244507, -0.23823322355747223, -0.23498468101024628, -0.22807231545448303, -0.22111737728118896, -0.21897616982460022, -0.2216235101222992, -0.22450271248817444, -0.22412940859794617, -0.22093811631202698, -0.21979525685310364, -0.2236139327287674, -0.22786815464496613, -0.22947140038013458, -0.23231196403503418, -0.2393941879272461, -0.2486664056777954, -0.25896182656288147, -0.27138271927833557, -0.28680458664894104, -0.30572035908699036, -0.30248311161994934, -0.408012330532074], "betas": [2.569782018661499, 2.1814894676208496, 2.0058767795562744, 1.920262098312378, 1.82315993309021, 1.731537938117981, 1.669206976890564, 1.6523518562316895, 1.6564680337905884, 1.647351622581482, 1.6111797094345093, 1.5679959058761597, 1.5537002086639404, 1.560754418373108, 1.5519462823867798, 1.5305055379867554, 1.5268758535385132, 1.5394736528396606, 1.5510269403457642, 1.5586521625518799, 1.5616827011108398, 1.5531795024871826, 1.5861181020736694, 1.5242648124694824, 1.4481128454208374], "predicted_p_opt": 0.0012402534484863281, "predicted_tts": 806.2868127643214, "p_opt": 6.5385438574594446e-06, "tts": 152939.25097086534, "approx": 0.8118225336074829, "opt_gap": -0.1881774663925171}