{"edges": [[0, 1], [0, 5], [0, 6], [0, 9], [0, 10], [0, 14], [1, 4], [1, 8], [1, 9], [1, 12], [2, 3], [2, 5], [2, 6], [2, 11], [2, 12], [2, 14], [3, 10], [3, 13], [4, 9], [4, 11], [5, 7], [5, 11], [6, 7], [6, 8], [6, 11], [7, 10], [7, 11], [8, 12], [8, 14], [9, 10], [9, 13], [10, 14], [11, 12], [12, 13]], "num_nodes": 15, "num_colors": 3, "opt_value": 34, "opt_count": 12, "feasible_count": 14348907, "mean_value": 22.666666666666668, "std": 2.748737083745107, "level": 83, "gammas": [-0.1355505734682083, -0.2240348905324936, -0.23040422797203064, -0.228120818734169, -0.22509774565696716, -0.2224978506565094, -0.2205493152141571, -0.2191602885723114, -0.21358950436115265, -0.19159239530563354, -0.19817960262298584, -0.22377339005470276, -0.20799386501312256, -0.20531298220157623, -0.21088770031929016, -0.2074628323316574, -0.20406906306743622, -0.19993165135383606, -0.1965177357196808, -0.19559012353420258, -0.19733315706253052, -0.20036299526691437, -0.20244236290454865, -0.20330964028835297, -0.20561662316322327, -0.2077261507511139, -0.1967659294605255, -0.20388932526111603, -0.2077978104352951, -0.20568585395812988, -0.17974761128425598, -0.1933174729347229, -0.20444287359714508, -0.208596870303154, -0.21326830983161926, -0.2181437909603119, -0.22292065620422363, -0.22701714932918549, -0.22490531206130981, -0.19445659220218658, 0.12346256524324417, 0.22853563725948334, 0.2366480678319931, 0.2308114916086197, 0.22618703544139862, 0.22265762090682983, 0.22026601433753967, 0.21829402446746826, 0.2152388095855713, 0.21345765888690948, 0.21831431984901428, 0.22337102890014648, 0.21891143918037415, 0.2166271209716797, 0.2161518633365631, 0.2184663712978363, 0.22128649055957794, 0.220825657248497, 0.2213432639837265, 0.22092023491859436, 0.22203528881072998, 0.22188787162303925, 0.22172392904758453, 0.22246308624744415, 0.22253583371639252, 0.2140110731124878, 0.23808592557907104, 0.21754103899002075, 0.2280644029378891, 0.23471853137016296, 0.23691950738430023, 0.23940879106521606, 0.24130158126354218, 0.2426385134458542, 0.24368880689144135, 0.244277223944664, 0.2453220784664154, 0.24637335538864136, 0.24693644046783447, 0.24780228734016418, 0.24955061078071594, 0.25202247500419617, 0.2497384399175644], "betas": [2.675034761428833, 2.517918348312378, 2.4528868198394775, 2.429807186126709, 2.42923641204834, 2.4491491317749023, 2.484058380126953, 2.48555588722229, 2.310957670211792, 2.0347821712493896, 2.210386276245117, 2.1521246433258057, 2.4232120513916016, 2.330082416534424, 2.2958385944366455, 2.2686750888824463, 2.213878870010376, 2.1644749641418457, 2.1404001712799072, 2.1466822624206543, 2.1725001335144043, 2.2032551765441895, 2.225209951400757, 2.24459171295166, 2.249473810195923, 2.296098470687866, 2.292074680328369, 2.020974636077881, 2.235316038131714, 2.0790624618530273, 2.0774667263031006, 2.2501718997955322, 2.2932002544403076, 2.312697410583496, 2.340667963027954, 2.3736650943756104, 2.421116352081299, 2.5076963901519775, 2.5580365657806396, -1.901474952697754, -3.1506872177124023, -2.589513063430786, -2.5036182403564453, -2.4660069942474365, -2.4469776153564453, -2.440291404724121, -2.4376776218414307, -2.41507625579834, -2.3627710342407227, -2.3466784954071045, -2.3999369144439697, -2.4144105911254883, -2.4136509895324707, -2.4018163681030273, -2.4054696559906006, -2.427133083343506, -2.432523250579834, -2.42165470123291, -2.4511301517486572, -2.4440207481384277, -2.444892406463623, -2.4512157440185547, -2.4516632556915283, -2.432405948638916, -2.527421474456787, -2.5043721199035645, -2.3427047729492188, -2.4296774864196777, -2.6313259601593018, -2.674527168273926, -2.66813063621521, -2.6693434715270996, -2.6842167377471924, -2.7053136825561523, -2.7268617153167725, -2.7413699626922607, -2.7445366382598877, -2.7479729652404785, -2.7592923641204834, -2.778326988220215, -2.805743932723999, -2.8520212173461914, -2.9506685733795166], "predicted_p_opt": 0.02332358834021295, "predicted_tts": 42.87504930259242, "p_opt": 0.01673657896759874, "tts": 59.749367056192, "approx": 0.6548036415174882, "opt_gap": -0.34519635848251184}