{"N": 18, "edgelist": ["0 1 {}\n", "0 2 {}\n", "0 4 {}\n", "0 5 {}\n", "0 6 {}\n", "0 9 {}\n", "0 10 {}\n", "0 14 {}\n", "0 16 {}\n", "0 17 {}\n", "1 2 {}\n", "1 3 {}\n", "1 4 {}\n", "1 5 {}\n", "1 6 {}\n", "1 8 {}\n", "1 9 {}\n", "1 10 {}\n", "1 11 {}\n", "1 13 {}\n", "1 14 {}\n", "1 16 {}\n", "2 3 {}\n", "2 8 {}\n", "2 9 {}\n", "2 10 {}\n", "2 13 {}\n", "2 14 {}\n", "2 16 {}\n", "2 17 {}\n", "3 5 {}\n", "3 6 {}\n", "3 8 {}\n", "3 9 {}\n", "3 17 {}\n", "4 6 {}\n", "4 9 {}\n", "4 10 {}\n", "4 11 {}\n", "4 14 {}\n", "4 15 {}\n", "4 16 {}\n", "4 17 {}\n", "5 6 {}\n", "5 11 {}\n", "5 12 {}\n", "5 13 {}\n", "6 10 {}\n", "6 11 {}\n", "6 12 {}\n", "6 16 {}\n", "7 13 {}\n", "7 14 {}\n", "8 12 {}\n", "8 13 {}\n", "8 16 {}\n", "8 17 {}\n", "9 11 {}\n", "9 16 {}\n", "10 13 {}\n", "10 16 {}\n", "10 17 {}\n", "11 12 {}\n", "11 13 {}\n", "12 13 {}\n", "12 14 {}\n", "12 15 {}\n", "14 16 {}\n"], "opt_value": 63, "opt_count": 2, "feasible_count": 48620, "mean_value": 52.0, "std": 3.159486183096307, "level": 16, "gammas": [0.10555771257170572, 0.22256477813413117, 0.2587232750582928, 0.27137519571754476, 0.27694336033281136, 0.27972782183001804, 0.28175135510881577, 0.2835972089572128, 0.28576808165713696, 0.2883446171180002, 0.29152377405351904, 0.29584176264775547, 0.3015459552299211, 0.30955948748920886, 0.3211774028715704, 0.3402735157557387], "betas": [-2.5596135365861907, -2.2682578302648198, -2.1259277322520207, -2.046540138684687, -1.9957513881378866, -1.9582960742097737, -1.926638924475705, -1.895672021264465, -1.8639126688942633, -1.829410110340942, -1.7873561422238933, -1.733920709816329, -1.6601109127685303, -1.5628150424539518, -1.4149311074978799, 5.158560682771864], "predicted_p_opt": 0.04479638009049774, "predicted_tts": 22.32323232323232, "p_opt": 0.0009669824047996846, "tts": 1034.1449803392804, "approx": 0.9408838668311822, "opt_gap": -0.05911613316881781}