{"N": 22, "edgelist": ["0 2 {}\n", "0 3 {}\n", "0 4 {}\n", "0 6 {}\n", "0 9 {}\n", "0 10 {}\n", "0 14 {}\n", "0 15 {}\n", "0 19 {}\n", "0 21 {}\n", "1 2 {}\n", "1 3 {}\n", "1 6 {}\n", "1 7 {}\n", "1 9 {}\n", "1 10 {}\n", "1 11 {}\n", "1 12 {}\n", "1 13 {}\n", "1 14 {}\n", "1 16 {}\n", "1 18 {}\n", "1 19 {}\n", "1 20 {}\n", "2 4 {}\n", "2 5 {}\n", "2 8 {}\n", "2 9 {}\n", "2 13 {}\n", "2 17 {}\n", "2 19 {}\n", "2 21 {}\n", "3 5 {}\n", "3 6 {}\n", "3 7 {}\n", "3 8 {}\n", "3 11 {}\n", "3 13 {}\n", "3 17 {}\n", "3 19 {}\n", "3 20 {}\n", "3 21 {}\n", "4 5 {}\n", "4 6 {}\n", "4 7 {}\n", "4 10 {}\n", "4 12 {}\n", "4 13 {}\n", "4 16 {}\n", "4 21 {}\n", "5 6 {}\n", "5 13 {}\n", "5 14 {}\n", "5 16 {}\n", "5 17 {}\n", "5 18 {}\n", "5 19 {}\n", "5 21 {}\n", "6 7 {}\n", "6 8 {}\n", "6 10 {}\n", "6 12 {}\n", "6 13 {}\n", "6 16 {}\n", "6 17 {}\n", "6 18 {}\n", "7 9 {}\n", "7 13 {}\n", "7 14 {}\n", "7 15 {}\n", "7 16 {}\n", "7 18 {}\n", "8 9 {}\n", "8 13 {}\n", "8 16 {}\n", "8 19 {}\n", "9 10 {}\n", "9 11 {}\n", "9 12 {}\n", "9 14 {}\n", "9 15 {}\n", "9 16 {}\n", "9 19 {}\n", "9 20 {}\n", "10 11 {}\n", "10 13 {}\n", "10 14 {}\n", "10 17 {}\n", "10 19 {}\n", "10 21 {}\n", "11 12 {}\n", "11 13 {}\n", "11 15 {}\n", "11 17 {}\n", "11 19 {}\n", "12 13 {}\n", "12 14 {}\n", "12 17 {}\n", "12 20 {}\n", "13 14 {}\n", "13 15 {}\n", "13 17 {}\n", "13 20 {}\n", "14 16 {}\n", "14 21 {}\n", "15 17 {}\n", "15 20 {}\n", "15 21 {}\n", "16 17 {}\n", "16 18 {}\n", "17 20 {}\n", "17 21 {}\n", "18 21 {}\n", "19 20 {}\n"], "opt_value": 101, "opt_count": 2, "feasible_count": 705432, "mean_value": 86.85714285714286, "std": 3.2016040555421617, "level": 85, "gammas": [-0.11251978576183319, -0.1952325701713562, -0.2012086659669876, -0.18877238035202026, -0.180368572473526, -0.18369057774543762, -0.1854996532201767, -0.18286694586277008, -0.18292130529880524, -0.18499553203582764, -0.1847309172153473, -0.18357940018177032, -0.18381614983081818, -0.18394644558429718, -0.1825389713048935, -0.18136589229106903, -0.18136724829673767, -0.18021173775196075, -0.17811474204063416, -0.17796757817268372, -0.17746184766292572, -0.17449422180652618, -0.17488740384578705, -0.17565558850765228, -0.17152030766010284, -0.17458507418632507, -0.1769685298204422, -0.16789419949054718, -0.1788112372159958, -0.18593992292881012, -0.12344873696565628, 0.09704570472240448, 0.139853835105896, 0.17619268596172333, 0.18949368596076965, 0.1870654672384262, 0.1810099482536316, 0.18128839135169983, 0.18168209493160248, 0.17977644503116608, 0.17958764731884003, 0.18025091290473938, 0.18002301454544067, 0.18002432584762573, 0.18050630390644073, 0.18073861300945282, 0.18079817295074463, 0.18118177354335785, 0.18162333965301514, 0.1818602830171585, 0.18220536410808563, 0.1826532483100891, 0.183110773563385, 0.1836494654417038, 0.18483145534992218, 0.18628840148448944, 0.18497633934020996, 0.18637575209140778, 0.18676215410232544, 0.18660876154899597, 0.18462057411670685, 0.18596167862415314, 0.19065411388874054, 0.2140694409608841, 0.19560401141643524, 0.18765044212341309, 0.18761947751045227, 0.19297067821025848, 0.19981981813907623, 0.20390890538692474, 0.20530082285404205, 0.2058466523885727, 0.2068634331226349, 0.20816291868686676, 0.2093680500984192, 0.21037060022354126, 0.2111755609512329, 0.21183466911315918, 0.21242064237594604, 0.21277844905853271, 0.21302975714206696, 0.213342547416687, 0.21367700397968292, 0.21341966092586517, 0.20638920366764069], "betas": [2.9144959449768066, 2.8251991271972656, 2.6615216732025146, 2.4867427349090576, 2.4667935371398926, 2.5199904441833496, 2.5155553817749023, 2.500641345977783, 2.529960870742798, 2.5494225025177, 2.5380313396453857, 2.5321638584136963, 2.5380899906158447, 2.5292251110076904, 2.5088021755218506, 2.4996249675750732, 2.4930083751678467, 2.4653234481811523, 2.4442741870880127, 2.444770336151123, 2.4146769046783447, 2.3789632320404053, 2.3950345516204834, 2.3649816513061523, 2.319317102432251, 2.387265682220459, 2.362975835800171, 2.3138060569763184, 2.5500848293304443, 2.4717941284179688, -1.8032480478286743, -2.8106935024261475, -2.535959482192993, -2.6076767444610596, -2.536802291870117, -2.4799563884735107, -2.4740149974823, -2.475555896759033, -2.468569278717041, -2.4668545722961426, -2.4748375415802, -2.479444980621338, -2.4807028770446777, -2.4852263927459717, -2.489837884902954, -2.492340326309204, -2.4960196018218994, -2.500825881958008, -2.505141019821167, -2.5095462799072266, -2.5149295330047607, -2.5198187828063965, -2.5254342555999756, -2.5305063724517822, -2.5398738384246826, -2.554196834564209, -2.562335729598999, -2.578407049179077, -2.5982840061187744, -2.6237499713897705, -2.652411699295044, -2.6738831996917725, -2.690014362335205, -2.5508644580841064, -2.6285266876220703, -2.682034969329834, -2.7324788570404053, -2.793362617492676, -2.827354669570923, -2.8403637409210205, -2.8547637462615967, -2.8744957447052, -2.895998239517212, -2.9177374839782715, -2.936044692993164, -2.951737880706787, -2.9648842811584473, -2.9745609760284424, -2.9809048175811768, -2.985206365585327, -2.9878809452056885, -2.991659164428711, -2.994434118270874, -2.987532138824463, -2.975860595703125], "predicted_p_opt": 0.08290239172592113, "predicted_tts": 12.062378167641326, "p_opt": 0.06073996867616494, "tts": 16.463623900293705, "approx": 0.8751497012080965, "opt_gap": -0.12485029879190346}