{"edges": [[0, 7], [0, 13], [0, 14], [1, 4], [1, 6], [2, 3], [2, 5], [2, 7], [2, 8], [2, 9], [3, 4], [4, 8], [5, 6], [5, 8], [6, 10], [6, 12], [7, 9], [7, 14], [9, 11], [9, 13], [9, 14], [10, 12], [10, 14], [11, 12], [11, 13], [13, 14]], "num_nodes": 15, "num_colors": 3, "opt_value": 26, "opt_count": 120, "feasible_count": 14348907, "mean_value": 17.333333333333332, "std": 2.4037008503093262, "level": 7, "gammas": [0.21954034268856049, 0.3161925971508026, 0.3154796361923218, 0.31331586837768555, 0.3147226572036743, 0.3181692361831665, 0.316771000623703], "betas": [-2.622112274169922, -2.5610973834991455, -2.591219186782837, -2.639129877090454, -2.688201427459717, -2.754713296890259, -2.883486270904541], "predicted_p_opt": 0.0018816764231589208, "predicted_tts": 531.441, "p_opt": 0.0012809677282348275, "tts": 780.6597917794535, "approx": 0.6519001722335815, "opt_gap": -0.34809982776641846}