{"edges": [[6, 12], [6, 14], [6, 3], [12, 4], [12, 2], [15, 21], [15, 19], [15, 11], [21, 4], [21, 1], [4, 18], [8, 9], [8, 16], [8, 10], [9, 20], [9, 7], [18, 3], [18, 11], [0, 5], [0, 7], [0, 13], [5, 11], [5, 17], [20, 19], [20, 14], [1, 2], [1, 13], [7, 16], [16, 13], [14, 17], [3, 17], [2, 10], [19, 10]], "num_nodes": 22, "opt_value": 29, "opt_count": 16, "feasible_count": 4194304, "mean_value": 16.5, "std": 2.8722813232690143, "level": 9, "gammas": [0.12961460649967194, 0.2542230188846588, 0.2835148572921753, 0.2927830219268799, 0.29902878403663635, 0.3068068325519562, 0.3180641829967499, 0.33531954884529114, 0.36423763632774353], "betas": [-2.4824299812316895, -2.177112340927124, -2.0259344577789307, -1.9347258806228638, -1.865220546722412, -1.7973688840866089, -1.7119810581207275, -1.575332760810852, -1.281420111656189], "predicted_p_opt": 0.001377105712890625, "predicted_tts": 726.1606648199446, "p_opt": 4.312470628065057e-05, "tts": 23188.56373170675, "approx": 0.7938357591629028, "opt_gap": -0.20616424083709717}