{"edges": [[0, 2], [0, 5], [0, 9], [0, 13], [1, 2], [1, 6], [1, 7], [1, 9], [2, 5], [2, 11], [2, 12], [2, 14], [3, 5], [3, 7], [4, 5], [4, 10], [5, 11], [5, 13], [6, 7], [6, 11], [6, 13], [7, 8], [7, 9], [7, 10], [7, 14], [8, 9], [8, 13], [8, 14], [9, 10], [10, 13], [11, 13], [12, 13]], "num_nodes": 15, "num_colors": 3, "opt_value": 32, "opt_count": 12, "feasible_count": 14348907, "mean_value": 21.333333333333332, "std": 2.6666666666666665, "level": 69, "gammas": [3.1415926933612814, 3.1415926750930288, 3.141592676057708, 3.141592652421347, 3.1415926360805337, 3.1415926348922723, 3.1415926496000677, 3.1415926634022107, 3.1415926701165002, 3.141592679714593, 3.1415926861345604, 3.1415926816996675, 3.1415926897314392, 3.141592680853785, 3.1415926806434067, 3.141592667069692, 3.1415926587480003, 3.141592646192025, 3.141592633344629, 3.141592617429276, 3.1415926080970142, 3.141592585214537, 3.141592568896732, 3.1415925437467314, 3.1415925263678948, 3.1415925157734397, 3.1415924998191183, 3.1415924023585813, 3.141592216307469, 3.141591750962882, 3.1415910236916367, 3.1415900798723886, 3.141588893538775, 3.1415887826732627, 3.141589639103501, 3.1415899653549966, 3.141588738739978, 3.14158546620583, 3.1415806918884166, 3.141580217712254, 3.141583075191378, 3.1415799958845545, 3.1415625910954366, 3.1415512498462927, 3.1415464067849665, 3.1415491364816677, 3.1415573685686367, 3.141546325733591, 3.1414665619938877, 3.141435631511217, 3.141498130179629, 3.141517356677587, 3.1413533504108906, 3.1412832455004027, 3.1412805250462044, 3.141213645474762, 3.141141785007539, 3.141128354270012, 3.1408462032205864, 3.1405019483084335, 3.140888441234039, 3.1410503332391806, 3.1403730606821183, 3.1396993154207142, 3.1399368682364837, 3.1383292687864754, 3.1404327382624677, 3.135635043225128, 3.1387224937173333], "betas": [3.1415926323455188, 3.1415926322490306, 3.141592643572186, 3.141592663341056, 3.1415926726675782, 3.141592667074781, 3.141592657074997, 3.141592642559209, 3.141592629451113, 3.1415926256440496, 3.141592619765908, 3.1415926161340506, 3.1415926168511987, 3.1415926213952776, 3.141592631513063, 3.141592640676069, 3.1415926457429664, 3.1415926508078926, 3.1415926582254623, 3.141592662161541, 3.1415926526191225, 3.1415926337710833, 3.1415926062582136, 3.1415925665646802, 3.1415925323021874, 3.1415925071565023, 3.1415924401085324, 3.1415922892109363, 3.1415919858679975, 3.141591359860544, 3.1415905772054056, 3.141589434130888, 3.1415886478127395, 3.141589208539344, 3.141589998370011, 3.1415896060318014, 3.141587477471136, 3.141582983776552, 3.141579743782425, 3.1415816389852633, 3.1415832426491046, 3.1415723160816404, 3.1415550977375992, 3.141548792124986, 3.141546157520092, 3.141553595693061, 3.1415579779826097, 3.1415131951303823, 3.1414341218631834, 3.1414636709788986, 3.14152343968582, 3.141455016054807, 3.141282492370031, 3.1413049311646413, 3.141231535970643, 3.141199137232558, 3.1411021325058748, 3.141089962879763, 3.1405443120980756, 3.1407157501328733, 3.140953585082582, 3.1409961730207034, 3.139619715929409, 3.140209534672971, 3.1388243547281314, 3.13955936251083, 3.1383627418520166, 3.1360167695901673, 3.140807026326432], "predicted_p_opt": 0.016158164520823783, "predicted_tts": 61.8882174835671, "p_opt": 0.016071324851783957, "tts": 62.222623786302066, "approx": 0.6720234489816219, "opt_gap": -0.3279765510183781, "th": -31.999000549316406}