{"N": 24, "edgelist": ["0 1 {}\n", "0 5 {}\n", "0 6 {}\n", "0 8 {}\n", "0 9 {}\n", "0 10 {}\n", "0 15 {}\n", "0 18 {}\n", "0 19 {}\n", "0 20 {}\n", "0 21 {}\n", "0 23 {}\n", "1 2 {}\n", "1 3 {}\n", "1 5 {}\n", "1 6 {}\n", "1 7 {}\n", "1 8 {}\n", "1 10 {}\n", "1 12 {}\n", "1 13 {}\n", "1 17 {}\n", "1 18 {}\n", "1 19 {}\n", "1 20 {}\n", "1 22 {}\n", "1 23 {}\n", "2 7 {}\n", "2 8 {}\n", "2 9 {}\n", "2 10 {}\n", "2 14 {}\n", "2 15 {}\n", "2 17 {}\n", "2 18 {}\n", "2 19 {}\n", "2 22 {}\n", "3 4 {}\n", "3 5 {}\n", "3 6 {}\n", "3 7 {}\n", "3 12 {}\n", "3 13 {}\n", "3 14 {}\n", "3 15 {}\n", "3 16 {}\n", "3 17 {}\n", "3 18 {}\n", "3 19 {}\n", "3 20 {}\n", "3 22 {}\n", "3 23 {}\n", "4 6 {}\n", "4 9 {}\n", "4 12 {}\n", "4 13 {}\n", "4 14 {}\n", "4 15 {}\n", "4 16 {}\n", "4 19 {}\n", "4 22 {}\n", "4 23 {}\n", "5 8 {}\n", "5 9 {}\n", "5 13 {}\n", "5 14 {}\n", "5 15 {}\n", "5 16 {}\n", "5 17 {}\n", "5 20 {}\n", "5 21 {}\n", "5 22 {}\n", "6 11 {}\n", "6 12 {}\n", "6 13 {}\n", "6 22 {}\n", "6 23 {}\n", "7 8 {}\n", "7 9 {}\n", "7 11 {}\n", "7 14 {}\n", "7 15 {}\n", "7 16 {}\n", "7 19 {}\n", "7 21 {}\n", "7 23 {}\n", "8 9 {}\n", "8 10 {}\n", "8 12 {}\n", "8 14 {}\n", "8 15 {}\n", "8 19 {}\n", "8 22 {}\n", "9 10 {}\n", "9 11 {}\n", "9 12 {}\n", "9 13 {}\n", "9 15 {}\n", "9 16 {}\n", "9 18 {}\n", "9 19 {}\n", "9 22 {}\n", "9 23 {}\n", "10 12 {}\n", "10 14 {}\n", "10 15 {}\n", "10 16 {}\n", "10 17 {}\n", "10 20 {}\n", "10 21 {}\n", "10 22 {}\n", "11 13 {}\n", "11 14 {}\n", "11 17 {}\n", "11 18 {}\n", "11 19 {}\n", "11 21 {}\n", "11 22 {}\n", "11 23 {}\n", "12 13 {}\n", "12 14 {}\n", "12 16 {}\n", "12 17 {}\n", "12 18 {}\n", "12 23 {}\n", "13 15 {}\n", "13 17 {}\n", "13 20 {}\n", "13 22 {}\n", "14 22 {}\n", "15 17 {}\n", "15 19 {}\n", "15 20 {}\n", "15 21 {}\n", "16 17 {}\n", "16 18 {}\n", "16 19 {}\n", "16 23 {}\n", "17 18 {}\n", "17 21 {}\n", "17 22 {}\n", "18 20 {}\n", "18 21 {}\n", "18 22 {}\n", "18 23 {}\n", "19 20 {}\n", "19 22 {}\n", "20 22 {}\n", "20 23 {}\n", "21 22 {}\n", "21 23 {}\n", "22 23 {}\n"], "opt_value": 130, "opt_count": 2, "feasible_count": 2704156, "mean_value": 115.65217391304348, "std": 3.384768347285425, "level": 21, "gammas": [-0.15512578189373016, -0.24932803213596344, -0.25997331738471985, -0.26203271746635437, -0.2652570903301239, -0.27203166484832764, -0.13143737614154816, 0.26729485392570496, 0.24650712311267853, 0.23687437176704407, 0.21143405139446259, 0.1951817274093628, 0.221051424741745, 0.24870704114437103, 0.32069793343544006, 0.258272647857666, 0.25606417655944824, 0.25980547070503235, 0.34747034311294556, 0.20400699973106384, -0.3229343593120575], "betas": [2.7523112297058105, 2.6595914363861084, 2.6653783321380615, 2.765936851501465, 3.071237802505493, 4.464907646179199, 0.7518899440765381, -3.5486812591552734, -2.720599412918091, -2.2604944705963135, -1.9043289422988892, -1.9054396152496338, -2.2301809787750244, -2.5652387142181396, -1.9561477899551392, -1.9412952661514282, -1.906075358390808, -1.7241750955581665, -3.1959078311920166, -1.0223206281661987, 2.9209487438201904], "predicted_p_opt": 0.0013675246546427054, "predicted_tts": 731.2482422931315, "p_opt": 3.191065843566321e-05, "tts": 31337.491892126065, "approx": 0.962287425994873, "opt_gap": -0.03771257400512695}