{"edges": [[0, 2], [0, 4], [0, 5], [0, 6], [0, 12], [1, 4], [1, 11], [1, 12], [2, 6], [2, 7], [2, 10], [2, 12], [3, 9], [5, 6], [6, 11], [7, 8], [8, 10], [8, 13], [9, 10], [10, 12]], "num_nodes": 14, "num_colors": 3, "opt_value": 20, "opt_count": 432, "feasible_count": 4782969, "mean_value": 13.333333333333334, "std": 2.1081851067789197, "level": 35, "gammas": [3.1415927491185287, 3.1415928022197015, 3.141592775688229, 3.141592738959158, 3.141592688205485, 3.1415926886272296, 3.1415926899876054, 3.1415926999654853, 3.1415927022646697, 3.141592680256068, 3.141592668118747, 3.141592643600597, 3.1415926092939457, 3.1415925749068445, 3.141592486102517, 3.141592254091192, 3.141592086051075, 3.1415918330549215, 3.1415908508392283, 3.1415898967780067, 3.1415902718638646, 3.1415884327423633, 3.14158381520148, 3.1415787229813508, 3.1415642301302804, 3.1415583320281875, 3.141495452539081, 3.1415049632795764, 3.1413204085554707, 3.141287905903278, 3.1408730424728826, 3.1406562498759043, 3.1396919086619643, 3.1354565981107814, 3.139851327512622], "betas": [3.1415925139660437, 3.141592512068057, 3.1415925547617793, 3.1415925997709975, 3.141592621542843, 3.141592620159151, 3.1415926114373733, 3.141592603542833, 3.1415925994310085, 3.1415926088692934, 3.1415926226964808, 3.1415926147632636, 3.14159256342749, 3.1415924684605234, 3.141592278392832, 3.141592020943255, 3.1415919325988146, 3.141591367053854, 3.141590237729521, 3.141589830894853, 3.141589845845903, 3.1415852958627943, 3.1415824728050055, 3.141571260942858, 3.1415655857871503, 3.141530274761679, 3.141481659500656, 3.1414554799028007, 3.1412673447195174, 3.1412389633902147, 3.140356304504796, 3.1412144207514183, 3.136590494354439, 3.1373361695326416, 3.141197318877937], "predicted_p_opt": 0.45530548075891775, "predicted_tts": 2.1963276135687364, "p_opt": 0.39027552393815, "tts": 2.5622923772142006, "approx": 0.7967401708655362, "opt_gap": -0.20325982913446383, "th": -19.999000549316406}