{"edges": [[0, 5], [0, 6], [0, 7], [0, 8], [1, 10], [2, 7], [2, 10], [3, 5], [3, 9], [3, 10], [4, 5], [4, 6], [5, 9], [5, 11], [6, 10], [6, 11], [7, 10], [8, 10], [8, 11]], "num_nodes": 12, "num_colors": 3, "opt_value": 19, "opt_count": 264, "feasible_count": 531441, "mean_value": 12.666666666666666, "std": 2.0548046676563256, "level": 28, "gammas": [3.141589332578947, 3.1415357175423857, 3.141404239195881, 3.1413481749766885, 3.1411846110034563, 3.140566520554458, 3.1401544586928183, 3.1404806137816066, 3.140923474685497, 3.1412883261376527, 3.141314479909423, 3.1413114780271814, 3.14149002791075, 3.1415838837766343, 3.1415696978687553, 3.1414754722649834, 3.141428469715884, 3.1414951527941124, 3.141409072792186, 3.14097433794126, 3.1407880093572453, 3.141119531866371, 3.1414289947634235, 3.1415352726539885, 3.1415869611859017, 3.141717261397498, 3.140372521257687, 3.139751123435044], "betas": [3.1415745571371625, 3.1414711837172646, 3.1413642082171953, 3.141310291333094, 3.140924707086003, 3.140256785803009, 3.1402698727110496, 3.1406989747625804, 3.1411398556211756, 3.1413368046309627, 3.1412873364132947, 3.14139318780144, 3.1415557007561277, 3.141585725782863, 3.1415302358276196, 3.141433351448198, 3.141461882563602, 3.141494141460234, 3.1412192638887153, 3.14079206016023, 3.1409171879430366, 3.141301028698701, 3.1415400994538922, 3.1415766528841815, 3.141446334950414, 3.141715608036653, 3.1392122806679055, 3.1409204788326006], "predicted_p_opt": 1.6139816084946401, "predicted_tts": 0.619585746663309, "p_opt": 0.9125180753232189, "tts": 1.095868703363267, "approx": 0.9708249914195256, "opt_gap": -0.029175008580474393, "th": -18.999000549316406}