{"N": 24, "edgelist": ["0 2 {}\n", "0 3 {}\n", "0 4 {}\n", "0 5 {}\n", "0 6 {}\n", "0 7 {}\n", "0 9 {}\n", "0 11 {}\n", "0 12 {}\n", "0 13 {}\n", "0 14 {}\n", "0 15 {}\n", "0 17 {}\n", "0 18 {}\n", "0 23 {}\n", "1 7 {}\n", "1 8 {}\n", "1 9 {}\n", "1 10 {}\n", "1 11 {}\n", "1 13 {}\n", "1 15 {}\n", "1 16 {}\n", "1 18 {}\n", "1 22 {}\n", "1 23 {}\n", "2 7 {}\n", "2 9 {}\n", "2 11 {}\n", "2 15 {}\n", "2 16 {}\n", "2 17 {}\n", "2 19 {}\n", "3 12 {}\n", "3 14 {}\n", "3 15 {}\n", "3 20 {}\n", "3 22 {}\n", "4 5 {}\n", "4 7 {}\n", "4 8 {}\n", "4 9 {}\n", "4 11 {}\n", "4 14 {}\n", "4 15 {}\n", "4 16 {}\n", "4 20 {}\n", "5 6 {}\n", "5 7 {}\n", "5 10 {}\n", "5 12 {}\n", "5 13 {}\n", "5 15 {}\n", "5 17 {}\n", "5 18 {}\n", "5 19 {}\n", "6 7 {}\n", "6 11 {}\n", "6 14 {}\n", "6 15 {}\n", "6 17 {}\n", "6 21 {}\n", "6 22 {}\n", "7 8 {}\n", "7 9 {}\n", "7 10 {}\n", "7 12 {}\n", "7 15 {}\n", "7 18 {}\n", "7 19 {}\n", "7 21 {}\n", "7 23 {}\n", "8 11 {}\n", "8 13 {}\n", "8 16 {}\n", "8 17 {}\n", "8 18 {}\n", "8 20 {}\n", "8 21 {}\n", "8 22 {}\n", "9 10 {}\n", "9 11 {}\n", "9 13 {}\n", "9 15 {}\n", "9 17 {}\n", "10 11 {}\n", "10 12 {}\n", "10 15 {}\n", "10 17 {}\n", "10 18 {}\n", "10 19 {}\n", "10 21 {}\n", "10 22 {}\n", "10 23 {}\n", "11 12 {}\n", "11 15 {}\n", "11 16 {}\n", "11 18 {}\n", "11 19 {}\n", "11 22 {}\n", "11 23 {}\n", "12 13 {}\n", "12 14 {}\n", "12 18 {}\n", "12 22 {}\n", "12 23 {}\n", "13 14 {}\n", "13 17 {}\n", "13 19 {}\n", "13 21 {}\n", "13 22 {}\n", "14 18 {}\n", "14 21 {}\n", "14 22 {}\n", "15 17 {}\n", "15 20 {}\n", "15 22 {}\n", "16 17 {}\n", "16 20 {}\n", "16 22 {}\n", "16 23 {}\n", "17 21 {}\n", "17 22 {}\n", "19 20 {}\n", "19 21 {}\n", "21 23 {}\n", "22 23 {}\n"], "opt_value": 112, "opt_count": 4, "feasible_count": 2704156, "mean_value": 96.6304347826087, "std": 3.789910493678514, "level": 37, "gammas": [0.11112148733289416, 0.1948421015094137, 0.2089751918692808, 0.2101223858451644, 0.2063834386685832, 0.19985450149667386, 0.1949135588484831, 0.19790003442622126, 0.19982371030784488, 0.1923658241567024, 0.19436447065736379, 0.2030066663585328, 0.2117472918892496, 0.21341108094040873, 0.21828069283172327, 0.2211828724253209, 0.22337899356727692, 0.22515436318323634, 0.22660523256877912, 0.22792240792942586, 0.22914144445341744, 0.23034893470391496, 0.23157233833774843, 0.23278100477532113, 0.23402285539396803, 0.23414539453257308, 0.24397604765415523, 0.24434376547745468, 0.24329516396346731, 0.23526095111161333, 0.23149374644189086, 0.22911139710493172, 0.2283651848332035, 0.22902156288102057, 0.7134832299681525, 0.20997030082496776, 5.583993582107701], "betas": [-2.7409828799476355, -2.5731054622932765, -2.4586184721202904, -2.3537023552894905, -2.241095924154512, -2.1303349097254123, -2.0703073880736826, -2.074927786752542, -1.9495343374839393, -2.295844402364723, -2.1325241835055846, -2.1349872888501045, -2.244154755358023, -2.292939459561411, -2.316900029707044, -2.3342229978787215, -2.3432458620918366, -2.3472135833423455, -2.3468753787370056, -2.344764332422608, -2.3398185928886814, -2.333238449627657, -2.3243294845465283, -2.3145654698434184, -2.3046190957836754, -2.284397989284089, -2.082728278497826, -2.803839250840472, -2.7821614059956485, -2.6914888045833396, -2.627517451212454, 3.6970792379233735, 3.7256362603275477, 3.7358132595550213, 3.9242482660369156, 3.3538056150509346, 3.7850995532496303], "predicted_p_opt": 0.008320525886820139, "predicted_tts": 120.18471111111111, "p_opt": 3.9102406717915585e-05, "tts": 25573.873424569265, "approx": 0.9651792920717309, "opt_gap": -0.03482070792826908}