{"edges": [[0, 1], [0, 7], [1, 5], [1, 8], [1, 9], [1, 11], [2, 11], [3, 6], [3, 9], [3, 11], [4, 7], [4, 10], [6, 8], [7, 11], [8, 9], [8, 10], [8, 11]], "num_nodes": 12, "num_colors": 3, "opt_value": 17, "opt_count": 576, "feasible_count": 531441, "mean_value": 11.333333333333334, "std": 1.9436506316151, "level": 20, "gammas": [-0.22759776585867378, -0.28176045414322626, -0.318586813462195, -0.37391054377478466, -0.3015525595194769, -0.3626580603502756, -0.35238811508109646, -0.37026467145619063, -0.35778530956045534, -0.35723612143732253, -0.36098665628262183, -0.3657356212555353, -0.3728470886116291, -0.38098158320503134, -0.3693724790929807, -0.37995104556854814, -0.49875721797663697, 5.634821891446, 5.670391687631916, 5.737628652788147], "betas": [2.3797076200173675, 1.6360377165500952, 2.168311639720943, 1.7882203411191095, 1.57698109345548, 1.63570041948966, 1.423683792364796, 1.41033722543593, 1.4580577811909545, 1.445540360703951, 1.4285701284526091, 1.4168920589410763, 1.4152538212183274, 1.4664169901812614, 1.5672183659497316, 1.1129231944122475, 1.8733043216931904, 2.266034736635051, 2.4963119228841864, 2.6461874907913585], "predicted_p_opt": 1.821944486782164, "predicted_tts": 0.5488641433670435, "p_opt": 0.10942238006161553, "tts": 9.138898271422189, "approx": 0.9469126768539825, "opt_gap": -0.053087323146017495}