{"edges": [[0, 5], [0, 8], [1, 4], [1, 6], [1, 10], [2, 4], [2, 5], [2, 10], [3, 6], [3, 7], [3, 9], [4, 6], [4, 9], [5, 10], [6, 10], [6, 11], [7, 8], [7, 11], [9, 10]], "num_nodes": 12, "num_colors": 3, "opt_value": 19, "opt_count": 276, "feasible_count": 531441, "mean_value": 12.666666666666666, "std": 2.0548046676563256, "level": 20, "gammas": [0.2469458530489421, 0.3705846194279141, 0.3354156297460226, 0.33055736991599216, 0.38385413079001807, 0.361187948658664, 0.3782928150554095, 0.36709704405504895, 0.36779771727798377, 0.3703882257005267, 0.37184286992729754, 0.3730307054611756, 0.3739525185451034, 0.3849182767367463, 0.429578820485053, 0.345272556933118, 0.4733373856368515, 0.46177809939237147, 0.4659089256885174, 0.4958593026440687], "betas": [-2.386193326810549, -1.9942116163770154, -1.6457940308722647, -1.7720727892169876, -1.7908691314303213, -1.6441738339969878, -1.6600111876132697, -1.696092432334499, -1.6758267237161948, -1.6536818320480533, -1.6362353250872408, 4.662896002916506, 4.697971427022651, 4.838095591099415, 4.701676122693316, 3.8500596453300338, 3.6901251839546947, 3.7600317243842665, 3.705303661458326, 3.616864789197468], "predicted_p_opt": 0.8730150665831202, "predicted_tts": 1.1454556035486123, "p_opt": 0.02801100183756604, "tts": 35.700258269908886, "approx": 0.9485851467424101, "opt_gap": -0.051414853257589876}