{"N": 22, "edgelist": ["0 3 {}\n", "0 6 {}\n", "0 7 {}\n", "0 8 {}\n", "0 12 {}\n", "0 13 {}\n", "0 14 {}\n", "0 20 {}\n", "0 21 {}\n", "1 6 {}\n", "1 7 {}\n", "1 9 {}\n", "1 11 {}\n", "1 13 {}\n", "1 15 {}\n", "2 4 {}\n", "2 5 {}\n", "2 7 {}\n", "2 8 {}\n", "2 12 {}\n", "2 14 {}\n", "2 17 {}\n", "2 18 {}\n", "2 19 {}\n", "2 21 {}\n", "3 5 {}\n", "3 6 {}\n", "3 7 {}\n", "3 9 {}\n", "3 11 {}\n", "3 12 {}\n", "3 13 {}\n", "3 14 {}\n", "4 6 {}\n", "4 7 {}\n", "4 8 {}\n", "4 10 {}\n", "4 11 {}\n", "4 12 {}\n", "4 14 {}\n", "4 16 {}\n", "4 18 {}\n", "4 20 {}\n", "5 6 {}\n", "5 8 {}\n", "5 9 {}\n", "5 10 {}\n", "5 11 {}\n", "5 12 {}\n", "5 15 {}\n", "5 16 {}\n", "5 17 {}\n", "5 18 {}\n", "5 20 {}\n", "5 21 {}\n", "6 7 {}\n", "6 8 {}\n", "6 11 {}\n", "6 13 {}\n", "6 16 {}\n", "6 20 {}\n", "7 9 {}\n", "7 13 {}\n", "7 14 {}\n", "7 15 {}\n", "7 16 {}\n", "7 19 {}\n", "7 21 {}\n", "8 10 {}\n", "8 11 {}\n", "8 12 {}\n", "8 13 {}\n", "8 19 {}\n", "8 21 {}\n", "9 10 {}\n", "9 12 {}\n", "9 13 {}\n", "9 14 {}\n", "9 19 {}\n", "9 21 {}\n", "10 11 {}\n", "10 12 {}\n", "10 13 {}\n", "10 16 {}\n", "10 17 {}\n", "10 20 {}\n", "10 21 {}\n", "11 12 {}\n", "11 18 {}\n", "11 19 {}\n", "12 14 {}\n", "12 15 {}\n", "12 16 {}\n", "12 17 {}\n", "12 18 {}\n", "12 19 {}\n", "13 14 {}\n", "13 15 {}\n", "13 18 {}\n", "13 20 {}\n", "13 21 {}\n", "14 18 {}\n", "14 19 {}\n", "15 18 {}\n", "15 21 {}\n", "16 18 {}\n", "17 19 {}\n", "17 20 {}\n", "17 21 {}\n", "18 19 {}\n", "19 20 {}\n", "20 21 {}\n"], "opt_value": 100, "opt_count": 4, "feasible_count": 705432, "mean_value": 85.33333333333333, "std": 3.279451734033649, "level": 95, "gammas": [3.141592479150624, 3.141592616014863, 3.1415927295786488, 3.141592775380952, 3.141592805974566, 3.141592809297967, 3.141592799735013, 3.1415927950608977, 3.141592770339106, 3.141592750689079, 3.1415927402785444, 3.1415927281055525, 3.141592709005366, 3.141592729573438, 3.141592727781452, 3.1415927283144462, 3.1415927216743906, 3.1415927245799007, 3.14159273395306, 3.141592741660539, 3.1415927316333243, 3.1415927436190096, 3.1415927439990607, 3.1415927370360794, 3.14159273346813, 3.141592698780259, 3.1415926774838403, 3.141592655993747, 3.1415926171670097, 3.141592492338542, 3.141592306927179, 3.141592089206366, 3.1415918389557724, 3.141591578974254, 3.1415913218951146, 3.1415910795215547, 3.141590870192436, 3.1415910492253056, 3.141591581446949, 3.141590551077939, 3.141587285089738, 3.141585411374937, 3.1415853510495584, 3.141585799078749, 3.1415859909394657, 3.1415858593029666, 3.1415864384597354, 3.141583450051453, 3.1415731377465437, 3.1415634834489286, 3.14155314219238, 3.1415510413902674, 3.1415596166059734, 3.14155957059407, 3.1415420912302814, 3.141525103224707, 3.1414891427945686, 3.141464165869221, 3.141472271293802, 3.141489475276542, 3.1415087568571907, 3.141508277526359, 3.1414895356334096, 3.1414770729590455, 3.141488773721488, 3.14147162360363, 3.141351943636423, 3.141257754229969, 3.1412079752356497, 3.141193901615088, 3.141298637404817, 3.1413343485002554, 3.141355275583284, 3.141365955721123, 3.141253224224029, 3.1410716751584706, 3.141049383501526, 3.140951265722658, 3.1407421407601976, 3.140222746548164, 3.1406231055024754, 3.1410217432278404, 3.140395555683018, 3.1395078366622258, 3.1393365496994647, 3.1384437642252703, 3.1387987292355044, 3.1375977278402454, 3.1390524830377866, 3.1377870001250887, 3.137790142411683, 3.130396843132034, 3.1372349933362202, 3.1326690182204517, 3.136220858574267], "betas": [3.1415927613604206, 3.1415926282448465, 3.141592549875554, 3.1415925135125975, 3.1415924975930247, 3.141592498157855, 3.141592513522489, 3.1415925287633963, 3.141592542619011, 3.141592564041924, 3.141592578860752, 3.1415925794438406, 3.1415925851532247, 3.1415925938465916, 3.14159259101751, 3.141592580067068, 3.1415925725983533, 3.141592571747843, 3.141592569228254, 3.1415925647090988, 3.141592560532106, 3.14159255622977, 3.1415925485220226, 3.1415925388140384, 3.141592524121749, 3.1415925060754377, 3.141592492080986, 3.141592478108141, 3.1415924161074127, 3.1415922633387097, 3.1415920669152655, 3.141591831183897, 3.141591573204993, 3.1415913149817887, 3.1415910589608456, 3.1415908069583898, 3.1415907220142354, 3.141591180880996, 3.1415912378535276, 3.141588821294765, 3.1415858264646346, 3.1415850850874882, 3.1415853420454987, 3.1415858064260833, 3.141585684518722, 3.1415859651589377, 3.1415857502832685, 3.1415786332434807, 3.1415679029909698, 3.1415582843090792, 3.14154996765407, 3.1415550065298214, 3.1415617817302115, 3.1415518820614174, 3.1415335328495826, 3.1415102385224714, 3.1414706734018956, 3.1414668171272004, 3.141478644823485, 3.1415012858102074, 3.141509896071262, 3.1415017288406046, 3.141477960579674, 3.1414836001822914, 3.1414871715619856, 3.141425489108373, 3.1412869759133453, 3.141241434818267, 3.14117765718632, 3.1412500828727183, 3.141319487573338, 3.141350476139415, 3.1413553618491497, 3.14134816038424, 3.141126352169602, 3.1410814724995197, 3.140973000116345, 3.1409358694126563, 3.1404031121895537, 3.140356649077282, 3.1408507746416947, 3.1409495365419953, 3.1396926469458233, 3.139667188942526, 3.1385868378724364, 3.1389239175936123, 3.137915434064635, 3.138475426802662, 3.1381838443927443, 3.13866017122779, 3.1337426738704295, 3.13250680951816, 3.136955717841541, 3.1321082265173152, 3.140010161119293], "predicted_p_opt": 0.20685764184216196, "predicted_tts": 4.834242482388093, "p_opt": 0.19298221940347007, "tts": 5.181824538504705, "approx": 0.8816369219235344, "opt_gap": -0.11836307807646562, "th": -99.9990005493164}