{"edges": [[3, 10], [3, 1], [3, 8], [10, 9], [10, 4], [0, 2], [0, 7], [0, 6], [2, 14], [2, 12], [8, 9], [8, 5], [9, 5], [1, 13], [1, 16], [14, 15], [14, 7], [6, 11], [6, 5], [11, 13], [11, 12], [15, 17], [15, 12], [17, 4], [17, 16], [7, 13], [4, 16]], "num_nodes": 18, "opt_value": 23, "opt_count": 24, "feasible_count": 262144, "mean_value": 13.5, "std": 2.598076211353316, "level": 9, "gammas": [2.160776138305664, 2.2128713130950928, 2.29781436920166, 2.368021011352539, 2.387857437133789, 2.3463075160980225, 2.264880895614624, 2.17246413230896, 2.1344778537750244], "betas": [2.1873550415039062, 2.2716665267944336, 2.3486759662628174, 2.3888254165649414, 2.3670284748077393, 2.29311466217041, 2.2023656368255615, 2.145608901977539, 2.1395270824432373], "predicted_p_opt": 0.033050537109375, "predicted_tts": 30.25669436749769, "p_opt": 0.010918929387968268, "tts": 91.58407060511949, "approx": 0.8862576140767476, "opt_gap": -0.11374238592325236, "th": -19.977240185696598}