{"edges": [[6, 18], [6, 16], [6, 2], [18, 8], [18, 16], [3, 7], [3, 13], [3, 9], [7, 10], [7, 11], [13, 2], [13, 15], [0, 5], [0, 4], [0, 19], [5, 12], [5, 17], [8, 14], [8, 1], [9, 11], [9, 17], [11, 19], [17, 4], [1, 15], [1, 10], [15, 12], [10, 14], [12, 14], [4, 19], [2, 16]], "num_nodes": 20, "opt_value": 26, "opt_count": 10, "feasible_count": 1048576, "mean_value": 15.0, "std": 2.7386127875258306, "level": 10, "gammas": [2.2105953693389893, 2.2415826320648193, 2.3127551078796387, 2.3841605186462402, 2.4235987663269043, 2.413666248321533, 2.3601067066192627, 2.2823119163513184, 2.2044553756713867, 2.1873586177825928], "betas": [2.2176806926727295, 2.2888379096984863, 2.363034248352051, 2.414963483810425, 2.4237167835235596, 2.3825840950012207, 2.308513879776001, 2.2324070930480957, 2.1911797523498535, 2.203683376312256], "predicted_p_opt": 0.0042057037353515625, "predicted_tts": 237.77233560090704, "p_opt": 0.0014216568927726916, "tts": 703.4046014082033, "approx": 0.8609372361957328, "opt_gap": -0.1390627638042672, "th": -21.952312794556686}