{"edges": [[6, 15], [6, 11], [6, 0], [15, 4], [15, 17], [18, 23], [18, 12], [18, 16], [23, 17], [23, 1], [12, 13], [12, 8], [13, 2], [13, 4], [14, 16], [14, 9], [14, 8], [16, 9], [4, 5], [3, 19], [3, 5], [3, 11], [19, 22], [19, 1], [9, 21], [8, 21], [5, 22], [22, 2], [21, 20], [11, 20], [20, 10], [7, 10], [7, 0], [7, 2], [10, 0], [17, 1]], "num_nodes": 24, "opt_value": 32, "opt_count": 2, "feasible_count": 16777216, "mean_value": 18.0, "std": 3.0, "level": 8, "gammas": [0.12872466820082487, 0.25179555390356273, 0.28121868984765885, 0.29129371389236525, 0.29896962537137933, 0.3090069145263771, 0.32427643064912715, 0.35026846930598], "betas": [-2.427704088630042, -2.099353693163599, -1.9366744077101194, -1.8360511590321948, -1.7542018000127528, -1.6620008196949916, -1.5213018357874961, 5.050672098997034], "predicted_p_opt": 3.445148468017578e-05, "predicted_tts": 29026.32525951557, "p_opt": 9.854383019721484e-07, "tts": 1014776.8744108174, "approx": 0.762011107058903, "opt_gap": -0.23798889294109704}