{"N": 22, "edgelist": ["0 1 {}\n", "0 2 {}\n", "0 3 {}\n", "0 4 {}\n", "0 5 {}\n", "0 12 {}\n", "0 13 {}\n", "0 14 {}\n", "0 15 {}\n", "0 19 {}\n", "0 21 {}\n", "1 2 {}\n", "1 4 {}\n", "1 5 {}\n", "1 6 {}\n", "1 8 {}\n", "1 10 {}\n", "1 14 {}\n", "1 17 {}\n", "1 19 {}\n", "2 3 {}\n", "2 4 {}\n", "2 6 {}\n", "2 7 {}\n", "2 8 {}\n", "2 9 {}\n", "2 11 {}\n", "2 13 {}\n", "2 18 {}\n", "2 19 {}\n", "3 4 {}\n", "3 9 {}\n", "3 11 {}\n", "3 14 {}\n", "3 15 {}\n", "3 18 {}\n", "3 20 {}\n", "3 21 {}\n", "4 6 {}\n", "4 8 {}\n", "4 9 {}\n", "4 10 {}\n", "4 11 {}\n", "4 12 {}\n", "4 14 {}\n", "4 17 {}\n", "4 18 {}\n", "4 20 {}\n", "5 8 {}\n", "5 10 {}\n", "5 11 {}\n", "5 13 {}\n", "5 15 {}\n", "5 17 {}\n", "5 20 {}\n", "6 7 {}\n", "6 9 {}\n", "6 11 {}\n", "6 14 {}\n", "6 16 {}\n", "6 17 {}\n", "6 18 {}\n", "6 21 {}\n", "7 13 {}\n", "7 14 {}\n", "7 15 {}\n", "8 9 {}\n", "8 10 {}\n", "8 11 {}\n", "8 12 {}\n", "8 14 {}\n", "8 15 {}\n", "8 16 {}\n", "8 18 {}\n", "8 20 {}\n", "8 21 {}\n", "9 11 {}\n", "9 13 {}\n", "9 15 {}\n", "9 16 {}\n", "9 17 {}\n", "9 20 {}\n", "10 13 {}\n", "10 18 {}\n", "10 19 {}\n", "10 20 {}\n", "10 21 {}\n", "11 12 {}\n", "11 14 {}\n", "11 17 {}\n", "11 18 {}\n", "11 20 {}\n", "11 21 {}\n", "12 14 {}\n", "12 20 {}\n", "12 21 {}\n", "13 18 {}\n", "13 20 {}\n", "14 15 {}\n", "14 17 {}\n", "14 20 {}\n", "15 16 {}\n", "15 17 {}\n", "15 19 {}\n", "15 20 {}\n", "15 21 {}\n", "16 18 {}\n", "16 20 {}\n", "17 18 {}\n", "17 19 {}\n", "17 20 {}\n", "18 19 {}\n", "19 20 {}\n", "19 21 {}\n", "20 21 {}\n"], "distribution": [[87, 78425], [88, 78543], [86, 72106], [85, 60693], [92, 36933], [84, 47547], [91, 50361], [90, 62948], [89, 72736], [93, 25411], [81, 14043], [83, 34539], [82, 22994], [80, 7793], [94, 16047], [95, 9301], [97, 2259], [96, 4909], [79, 3856], [78, 1704], [99, 350], [98, 908], [77, 656], [76, 195], [75, 60], [100, 96], [101, 9], [74, 9], [73, 1]], "opt_value": 101, "opt_count": 9, "feasible_count": 705432, "mean_value": 87.61904761904762, "std": 3.518869734126638, "level": 5, "gammas": [0.19202376902103424, 0.5988463759422302, 0.268707275390625, 0.6329029202461243, 0.6544080376625061], "betas": [2.7835519313812256, 2.1059017181396484, 2.689877986907959, 2.1143951416015625, -4.008486747741699], "predicted_p_opt": 0.0015437349028680299, "predicted_tts": 647.7796143250689, "p_opt": 0.00011205442569917068, "tts": 8924.234752535982, "approx": 0.8814471960067749, "opt_gap": -0.1185528039932251}