{"edges": [[0, 1], [0, 2], [0, 6], [0, 8], [0, 11], [1, 4], [1, 6], [1, 9], [1, 10], [2, 5], [2, 7], [2, 8], [2, 11], [3, 5], [3, 12], [4, 8], [4, 9], [5, 11], [5, 12], [6, 7], [6, 9], [6, 11], [7, 9], [8, 9], [8, 10], [9, 11], [9, 12], [10, 11], [10, 12]], "num_nodes": 13, "num_colors": 3, "opt_value": 29, "opt_count": 18, "feasible_count": 1594323, "mean_value": 19.333333333333332, "std": 2.5385910352879693, "level": 37, "gammas": [3.141592597973549, 3.141592614450601, 3.1415925959389175, 3.141592615068049, 3.1415926208254183, 3.141592603536425, 3.1415925888577125, 3.1415925902444273, 3.1415926119267565, 3.1415926048198233, 3.1415926117830146, 3.1415926067635818, 3.1415925788551284, 3.141592529157504, 3.1415924823918613, 3.1415924755937343, 3.141592497517385, 3.141592455629598, 3.141592365047155, 3.1415922549560387, 3.1415921174855406, 3.141590562048562, 3.1415885841898663, 3.1415863400575685, 3.1415826432820446, 3.1415817868694, 3.141579520290701, 3.1415791146232945, 3.141555040569573, 3.1415384720325448, 3.141372011015564, 3.141376949840762, 3.1413216001370916, 3.14128375257184, 3.1403261825704765, 3.138329447628474, 3.1407851385553567], "betas": [3.1415927188110957, 3.141592712851624, 3.1415926967289387, 3.1415926835334114, 3.1415926938932053, 3.1415927133621877, 3.1415927201087057, 3.141592706321175, 3.1415926917147794, 3.1415926882846072, 3.1415926872057307, 3.1415926900835354, 3.1415926831115013, 3.1415926502789007, 3.141592606119358, 3.1415925816276826, 3.1415925454988054, 3.1415924677417566, 3.1415924143847462, 3.141592458129758, 3.1415918651364625, 3.141589607724002, 3.141587715338679, 3.141583826798197, 3.141581730861405, 3.141580830005594, 3.1415834415627826, 3.141567555964758, 3.141548865894061, 3.1414665028117272, 3.1413398530271768, 3.141445404251903, 3.141086669384981, 3.141424216618297, 3.138667726847593, 3.1394891029355745, 3.141420452654156], "predicted_p_opt": 0.06350657928161357, "predicted_tts": 15.746400000000001, "p_opt": 0.062173786727168924, "tts": 16.083948761046212, "approx": 0.6873877837382675, "opt_gap": -0.3126122162617325, "th": -28.999000549316406}