{"N": 18, "edgelist": ["0 2 {}\n", "0 3 {}\n", "0 4 {}\n", "0 5 {}\n", "0 9 {}\n", "0 12 {}\n", "0 13 {}\n", "0 17 {}\n", "1 2 {}\n", "1 4 {}\n", "1 9 {}\n", "1 10 {}\n", "1 11 {}\n", "1 13 {}\n", "2 3 {}\n", "2 4 {}\n", "2 6 {}\n", "2 11 {}\n", "2 12 {}\n", "2 14 {}\n", "2 15 {}\n", "2 17 {}\n", "3 6 {}\n", "3 11 {}\n", "3 14 {}\n", "4 9 {}\n", "4 12 {}\n", "4 13 {}\n", "4 16 {}\n", "5 7 {}\n", "5 14 {}\n", "5 16 {}\n", "5 17 {}\n", "6 8 {}\n", "6 9 {}\n", "6 11 {}\n", "6 12 {}\n", "6 14 {}\n", "6 16 {}\n", "7 8 {}\n", "7 10 {}\n", "7 15 {}\n", "7 17 {}\n", "8 11 {}\n", "8 13 {}\n", "8 14 {}\n", "8 17 {}\n", "9 10 {}\n", "9 13 {}\n", "9 14 {}\n", "9 15 {}\n", "9 17 {}\n", "10 12 {}\n", "10 13 {}\n", "10 15 {}\n", "10 16 {}\n", "10 17 {}\n", "11 12 {}\n", "11 13 {}\n", "11 14 {}\n", "11 16 {}\n", "11 17 {}\n", "12 13 {}\n", "12 16 {}\n", "12 17 {}\n", "13 14 {}\n", "14 15 {}\n", "14 16 {}\n", "14 17 {}\n", "16 17 {}\n"], "opt_value": 63, "opt_count": 1, "feasible_count": 48620, "mean_value": 53.529411764705884, "std": 2.682572230458352, "level": 87, "gammas": [0.1665821671485901, 0.2832174301147461, 0.30151602625846863, 0.30426114797592163, 0.30219969153404236, 0.30464673042297363, 0.29960179328918457, 0.2998988628387451, 0.29900217056274414, 0.2981679439544678, 0.29740196466445923, 0.29687929153442383, 0.296065092086792, 0.29487451910972595, 0.29352280497550964, 0.2923213243484497, 0.29095542430877686, 0.2892218232154846, 0.2816768288612366, 0.310334175825119, 0.269122838973999, 0.265926718711853, 0.2734636664390564, 0.2742697596549988, 0.269761323928833, 0.3038114607334137, 0.27618351578712463, 0.2799723446369171, 0.27935662865638733, 0.2787623405456543, 0.27828261256217957, 0.2778243124485016, 0.27731212973594666, 0.27693650126457214, 0.2766363024711609, 0.27678513526916504, 0.2771074175834656, 0.2768750786781311, 0.2767428457736969, 0.2770479619503021, 0.27940836548805237, 0.2802465856075287, 0.28322529792785645, 0.28256988525390625, 0.27029260993003845, 0.21639299392700195, -0.14933639764785767, -0.2670196294784546, -0.2898285984992981, -0.28853699564933777, -0.28798121213912964, -0.28782710433006287, -0.28686296939849854, -0.28611618280410767, -0.2863823473453522, -0.28701528906822205, -0.2870427370071411, -0.2870522439479828, -0.2875506281852722, -0.28810593485832214, -0.2886158227920532, -0.28899750113487244, -0.2891848087310791, -0.2896924614906311, -0.2893998622894287, -0.28765207529067993, -0.30938148498535156, -0.2879147529602051, -0.28753188252449036, -0.2940013110637665, -0.3020447790622711, -0.3064951002597809, -0.30788883566856384, -0.3081928789615631, -0.30828312039375305, -0.3082382082939148, -0.3079487681388855, -0.30790120363235474, -0.30789899826049805, -0.30769023299217224, -0.3075939118862152, -0.30764055252075195, -0.30759164690971375, -0.30764341354370117, -0.30603423714637756, -0.3092259466648102, -0.29672306776046753], "betas": [-2.8650002479553223, -2.8103280067443848, -2.773709535598755, -2.7241179943084717, -2.718834161758423, -2.7471985816955566, -2.752741813659668, -2.748033046722412, -2.7425456047058105, -2.740858554840088, -2.737997531890869, -2.7310965061187744, -2.7236905097961426, -2.713078498840332, -2.6953577995300293, -2.679241418838501, -2.667771100997925, -2.6723053455352783, -2.607048273086548, -2.486215114593506, -2.4991493225097656, -2.6349990367889404, -2.667717695236206, -2.5510096549987793, -2.3560190200805664, -2.553281784057617, -2.567704916000366, -2.5437424182891846, -2.5364480018615723, -2.533247470855713, -2.532330274581909, -2.5275497436523438, -2.522724151611328, -2.5194003582000732, -2.5160908699035645, -2.5137650966644287, -2.5122852325439453, -2.5108416080474854, -2.5102765560150146, -2.5090463161468506, -2.502089023590088, -2.5305652618408203, -2.5801467895507812, -2.646167039871216, -2.5595803260803223, 1.9487972259521484, 3.1628785133361816, 2.7021563053131104, 2.6450235843658447, 2.618208885192871, 2.6051595211029053, 2.606544017791748, 2.604977607727051, 2.6071555614471436, 2.612281322479248, 2.6187524795532227, 2.6246178150177, 2.629873275756836, 2.6375632286071777, 2.645616054534912, 2.65032696723938, 2.6517627239227295, 2.656175374984741, 2.666189432144165, 2.702028512954712, 2.5354232788085938, 2.621408462524414, 2.654568910598755, 2.7903871536254883, 2.8397910594940186, 2.855635643005371, 2.8558621406555176, 2.855070114135742, 2.8558690547943115, 2.8558497428894043, 2.857295036315918, 2.8582496643066406, 2.856476068496704, 2.8561179637908936, 2.856377601623535, 2.8559317588806152, 2.855963945388794, 2.8554089069366455, 2.8585331439971924, 2.857409954071045, 2.8525688648223877, 2.884943723678589], "predicted_p_opt": 0.6298848210612916, "predicted_tts": 1.587591836734694, "p_opt": 0.3796275866992822, "tts": 2.634160516875553, "approx": 0.9092392250700612, "opt_gap": -0.09076077492993884}