{"N": 24, "edgelist": ["0 1 {}\n", "0 2 {}\n", "0 3 {}\n", "0 4 {}\n", "0 5 {}\n", "0 6 {}\n", "0 9 {}\n", "0 10 {}\n", "0 11 {}\n", "0 15 {}\n", "0 17 {}\n", "0 21 {}\n", "1 2 {}\n", "1 3 {}\n", "1 4 {}\n", "1 5 {}\n", "1 6 {}\n", "1 8 {}\n", "1 10 {}\n", "1 11 {}\n", "1 13 {}\n", "1 14 {}\n", "1 15 {}\n", "1 21 {}\n", "1 22 {}\n", "1 23 {}\n", "2 5 {}\n", "2 9 {}\n", "2 10 {}\n", "2 12 {}\n", "2 13 {}\n", "2 14 {}\n", "2 15 {}\n", "2 16 {}\n", "2 19 {}\n", "3 4 {}\n", "3 5 {}\n", "3 7 {}\n", "3 9 {}\n", "3 16 {}\n", "3 18 {}\n", "3 20 {}\n", "3 22 {}\n", "3 23 {}\n", "4 6 {}\n", "4 7 {}\n", "4 8 {}\n", "4 9 {}\n", "4 10 {}\n", "4 12 {}\n", "4 14 {}\n", "4 15 {}\n", "4 16 {}\n", "4 18 {}\n", "4 19 {}\n", "4 20 {}\n", "4 23 {}\n", "5 9 {}\n", "5 12 {}\n", "5 13 {}\n", "5 14 {}\n", "5 16 {}\n", "5 17 {}\n", "5 18 {}\n", "5 19 {}\n", "5 20 {}\n", "5 22 {}\n", "5 23 {}\n", "6 8 {}\n", "6 9 {}\n", "6 12 {}\n", "6 13 {}\n", "6 14 {}\n", "6 16 {}\n", "6 18 {}\n", "6 19 {}\n", "6 20 {}\n", "6 22 {}\n", "7 8 {}\n", "7 11 {}\n", "7 12 {}\n", "7 14 {}\n", "7 16 {}\n", "7 18 {}\n", "7 19 {}\n", "7 22 {}\n", "7 23 {}\n", "8 12 {}\n", "8 14 {}\n", "8 17 {}\n", "8 18 {}\n", "8 19 {}\n", "8 20 {}\n", "8 23 {}\n", "9 10 {}\n", "9 12 {}\n", "9 14 {}\n", "9 15 {}\n", "9 16 {}\n", "9 17 {}\n", "9 19 {}\n", "9 21 {}\n", "10 11 {}\n", "10 13 {}\n", "10 14 {}\n", "10 18 {}\n", "10 19 {}\n", "10 21 {}\n", "10 22 {}\n", "11 12 {}\n", "11 13 {}\n", "11 17 {}\n", "11 18 {}\n", "11 20 {}\n", "11 21 {}\n", "12 14 {}\n", "12 15 {}\n", "12 17 {}\n", "12 18 {}\n", "12 22 {}\n", "12 23 {}\n", "13 16 {}\n", "13 17 {}\n", "13 18 {}\n", "13 19 {}\n", "13 21 {}\n", "13 22 {}\n", "13 23 {}\n", "14 15 {}\n", "14 16 {}\n", "14 17 {}\n", "14 18 {}\n", "14 19 {}\n", "14 20 {}\n", "14 21 {}\n", "14 22 {}\n", "15 20 {}\n", "15 22 {}\n", "15 23 {}\n", "16 17 {}\n", "16 18 {}\n", "16 20 {}\n", "16 21 {}\n", "16 23 {}\n", "17 20 {}\n", "17 22 {}\n", "18 19 {}\n", "18 20 {}\n", "18 21 {}\n", "18 22 {}\n", "19 20 {}\n", "19 21 {}\n", "19 22 {}\n", "20 21 {}\n", "20 22 {}\n", "21 22 {}\n", "21 23 {}\n"], "opt_value": 137, "opt_count": 2, "feasible_count": 2704156, "mean_value": 119.45652173913044, "std": 3.3277915495645907, "level": 73, "gammas": [3.141592425418881, 3.1415924843585414, 3.141592529721598, 3.1415925646583456, 3.141592576519759, 3.1415925901926345, 3.141592594928846, 3.1415925953298833, 3.141592595906818, 3.141592602138025, 3.1415926041406625, 3.1415926112921158, 3.141592603784113, 3.1415926153241376, 3.141592617463879, 3.1415926197279718, 3.1415926203578244, 3.1415926106344174, 3.1415926060982393, 3.1415925933338196, 3.141592573523379, 3.1415925638150606, 3.1415925260316184, 3.141592522357848, 3.1415925010597765, 3.1415924708756195, 3.1415924138069418, 3.14159237653532, 3.1415923040250413, 3.1415919848844984, 3.141591523474067, 3.141591233758513, 3.141591053679811, 3.14159025485788, 3.1415885733866866, 3.141587140535329, 3.141585813450665, 3.1415850794674047, 3.141584320099108, 3.1415826062062373, 3.141578457916587, 3.14157718365761, 3.1415781097787665, 3.141576790847933, 3.141573330532407, 3.1415716149817197, 3.14156730507322, 3.1415639750186304, 3.1415627909805224, 3.1415563162445763, 3.141508561496103, 3.1414815988846585, 3.1415181138386306, 3.141523097433058, 3.14138945251998, 3.141318182193302, 3.1412764447142467, 3.1412565164848676, 3.141363335955128, 3.141401369309879, 3.1410659089056145, 3.1408355126636587, 3.1410321370298755, 3.1411312575432317, 3.140424293194439, 3.1396027613304773, 3.13933911747083, 3.1383101741111283, 3.1385436967627323, 3.1345997090611326, 3.13719829688226, 3.1302911078158635, 3.138188637611873], "betas": [3.141592840182486, 3.1415927970766298, 3.1415927606518137, 3.1415927370604253, 3.1415927255325666, 3.141592720636716, 3.1415927176106035, 3.1415927160138724, 3.1415927126334915, 3.1415927098517153, 3.1415927089889593, 3.1415927029421518, 3.1415926955610054, 3.141592692529148, 3.1415926891051478, 3.1415926864489836, 3.1415926852331437, 3.141592687932617, 3.141592694848851, 3.141592699795854, 3.1415927040774623, 3.141592699043465, 3.1415926929549536, 3.14159268903467, 3.1415926621850674, 3.141592607280187, 3.141592554655199, 3.14159250484285, 3.1415923195379314, 3.1415918709944206, 3.14159145423455, 3.141591266861158, 3.1415909090164766, 3.1415895544593995, 3.1415879436900216, 3.141586600488482, 3.1415855652077616, 3.1415849378590965, 3.1415839381001067, 3.141580869231842, 3.1415773423060807, 3.141577962517707, 3.14157789246174, 3.141575206795419, 3.14157229791668, 3.1415700773235136, 3.1415650396743984, 3.141563445651708, 3.141562245061505, 3.141538115535286, 3.141485134778117, 3.1414971808521015, 3.1415333228761373, 3.1414701701685437, 3.141330965625542, 3.141312215520859, 3.1412399476923722, 3.1413129922399596, 3.1413982274112016, 3.1413010774272005, 3.1408551647907257, 3.14096116978991, 3.1410457882487153, 3.1410228947799865, 3.1397020912741445, 3.139874966389215, 3.1383206440641755, 3.1391434160532374, 3.135733313119426, 3.1369771375325017, 3.1328142705556203, 3.1334071888406507, 3.1408250620986835], "predicted_p_opt": 0.015982066123404123, "predicted_tts": 62.570132815030775, "p_opt": 0.015897098834049855, "tts": 62.90455953246695, "approx": 0.8739810244061097, "opt_gap": -0.1260189755938903, "th": -136.99899291992188}