{"edges": [[0, 1], [0, 2], [0, 6], [0, 8], [0, 12], [1, 9], [1, 10], [1, 12], [2, 3], [2, 4], [2, 6], [2, 9], [2, 11], [3, 4], [4, 10], [4, 12], [4, 13], [5, 6], [6, 8], [6, 12], [7, 14], [8, 9], [8, 11], [11, 12], [11, 14], [12, 14], [13, 14]], "num_nodes": 15, "num_colors": 3, "opt_value": 27, "opt_count": 216, "feasible_count": 14348907, "mean_value": 18.0, "std": 2.449489742783178, "level": 75, "gammas": [3.1415925371211983, 3.1415925711623385, 3.1415925967854927, 3.141592605284718, 3.1415926094628293, 3.141592608942356, 3.1415926137322083, 3.1415926235724827, 3.1415926210247256, 3.141592631347098, 3.141592629832254, 3.141592640701289, 3.141592631786367, 3.141592643592158, 3.14159264414427, 3.141592632473714, 3.141592631532167, 3.1415926161383503, 3.141592618954485, 3.1415926087956465, 3.141592593123945, 3.141592589671886, 3.1415925654272088, 3.1415925297183183, 3.141592500429311, 3.1415924531139248, 3.14159238819941, 3.1415922313358764, 3.1415919843309603, 3.1415916761676574, 3.141591325926519, 3.1415905483318065, 3.141589191489934, 3.1415881009552225, 3.141586926249101, 3.1415862867663513, 3.141586104274137, 3.141586197663087, 3.1415863343395127, 3.1415845846360027, 3.1415777500268183, 3.1415727562786064, 3.141574370598182, 3.141571425794134, 3.1415437815398204, 3.141529133688928, 3.141544418982062, 3.1415490836009665, 3.1415146691281643, 3.14148350684287, 3.141417180972149, 3.1413729827022534, 3.1413294989202156, 3.141318327722076, 3.1412531585919212, 3.1411906016731352, 3.1411284916593183, 3.141075287254206, 3.141173141615596, 3.141208979338337, 3.1411737795669104, 3.1410730550548394, 3.1407838780267876, 3.140597073169481, 3.1402997057745594, 3.1397123276058942, 3.139752787261879, 3.139045143541977, 3.138926012382685, 3.13686975965103, 3.1377605033301457, 3.13185609129204, 3.1358700041394854, 3.11477995224036, 3.1309056710065426], "betas": [3.141592750989575, 3.141592721738831, 3.141592706891716, 3.141592702600196, 3.141592698659916, 3.1415926932777056, 3.141592691446019, 3.141592687444635, 3.141592684369239, 3.1415926795843414, 3.141592673721585, 3.1415926662283042, 3.1415926622085397, 3.141592666701366, 3.1415926657776883, 3.14159267046896, 3.141592678539565, 3.141592682854927, 3.141592683539309, 3.1415926825218765, 3.1415926802050924, 3.141592666111019, 3.1415926405288594, 3.1415926004918027, 3.1415925433748226, 3.1415924666155957, 3.1415923428842185, 3.1415921244931244, 3.1415918398816296, 3.141591508385339, 3.1415910348672713, 3.141589884662076, 3.1415886381668283, 3.141587557280314, 3.1415865356894828, 3.1415862510165558, 3.141586182328995, 3.1415864029903924, 3.1415860737101697, 3.141581714548342, 3.1415744705455375, 3.1415729345303305, 3.141575170433041, 3.1415599059993236, 3.1415313418859903, 3.1415352890894317, 3.1415508009228215, 3.141535203759241, 3.1414981387185357, 3.141456814821225, 3.141386587901202, 3.141357555617444, 3.1413135744282092, 3.1413064233400085, 3.1412009644235335, 3.141182734826654, 3.141066846719277, 3.1411356462608038, 3.1411808468562272, 3.141229324493454, 3.1410958654312213, 3.1410151037007807, 3.1405654508077867, 3.1406448317757483, 3.1397634964364753, 3.1399726537371877, 3.1391214442679916, 3.1395404599429644, 3.1372597163924487, 3.1380085590289206, 3.1340925046811305, 3.1355831143351267, 3.1247262004289316, 3.11904422197095, 3.1388613707197233], "predicted_p_opt": 0.3432328329955724, "predicted_tts": 2.913474189728521, "p_opt": 0.3057174759364938, "tts": 3.2709939035599276, "approx": 0.7685690169823218, "opt_gap": -0.23143098301767817, "th": -26.999000549316406}