{"edges": [[3, 4], [3, 6], [3, 20], [4, 18], [4, 8], [6, 21], [6, 2], [21, 14], [21, 11], [12, 16], [12, 20], [12, 11], [16, 15], [16, 10], [18, 19], [18, 7], [0, 8], [0, 11], [0, 10], [8, 2], [2, 5], [5, 1], [5, 14], [1, 9], [1, 13], [9, 20], [9, 13], [10, 15], [15, 17], [13, 17], [17, 19], [7, 19], [7, 14]], "num_nodes": 22, "opt_value": 28, "opt_count": 4, "feasible_count": 4194304, "mean_value": 16.5, "std": 2.8722813232690143, "level": 36, "gammas": [0.14312972191200107, 0.2694154558110793, 0.21337626170574436, 0.2654352498543083, 0.38780539927051244, 0.25599639477035246, 0.2580767124653321, 0.26064378617394507, 0.23475553480516076, 0.22664632403697732, 0.24455306487015005, 0.265755298879921, 0.281183512757047, 0.2924852318712741, 0.2985124855723999, 0.2938604851932006, 0.27051861269608946, 0.26848599246283406, 0.30342094555581184, 0.2859764169077534, 0.30382116955208915, 0.3220127774480624, 0.39380789780200404, 0.4442646570479785, 0.5095165573816889, 0.3756280747162755, 0.30501006363713945, 0.28846139103084467, 0.2830508117535006, 0.2849649980689181, 0.28890266673569326, 0.29542820676916315, 0.3035509970318828, 0.312539461494184, 0.32191854979414725, 0.3282014784803668], "betas": [-2.810416661670892, -2.2411120782984235, -1.4197930503457947, -2.2524621014090274, -3.2774481271849076, -2.955948587686938, -2.238169701749677, -1.9539680598664624, -1.7924261942563584, -1.8093594372340611, -1.9588996577991935, -2.068991357371006, -2.1403785404333204, -2.1663865836380194, -2.1243870966686242, -1.958975451320068, -1.7325694505627411, -1.7978015178110955, -1.7768062278471275, -1.8870464829463707, -1.6189002671440578, -2.090495011007947, -2.1338446072914707, -2.0728669547818304, -2.520958870453293, -2.6067749049469775, -2.462786837941147, -2.332737306449586, -2.2737220303963284, -2.2587341374729464, -2.2684635323891995, -2.298452831174157, -2.338798039742805, -2.39126477059755, -2.4564959219074214, 3.797772809340548], "predicted_p_opt": 0.005082130432128906, "predicted_tts": 196.76787389754176, "p_opt": 7.75238557585324e-07, "tts": 1289925.5206226483, "approx": 0.8815761284868336, "opt_gap": -0.11842387151316636}