{"N": 18, "edgelist": ["0 6 {}\n", "0 10 {}\n", "0 11 {}\n", "0 17 {}\n", "1 3 {}\n", "1 4 {}\n", "1 6 {}\n", "1 7 {}\n", "1 12 {}\n", "1 15 {}\n", "1 16 {}\n", "1 17 {}\n", "2 3 {}\n", "2 4 {}\n", "2 9 {}\n", "2 12 {}\n", "2 13 {}\n", "2 15 {}\n", "2 16 {}\n", "3 9 {}\n", "3 10 {}\n", "3 14 {}\n", "3 15 {}\n", "4 7 {}\n", "4 9 {}\n", "4 11 {}\n", "4 12 {}\n", "4 14 {}\n", "4 16 {}\n", "5 6 {}\n", "5 14 {}\n", "5 16 {}\n", "5 17 {}\n", "6 9 {}\n", "6 10 {}\n", "6 11 {}\n", "6 14 {}\n", "6 17 {}\n", "7 9 {}\n", "7 11 {}\n", "7 15 {}\n", "7 17 {}\n", "8 9 {}\n", "8 11 {}\n", "8 12 {}\n", "8 15 {}\n", "8 17 {}\n", "9 10 {}\n", "9 11 {}\n", "9 15 {}\n", "10 11 {}\n", "10 12 {}\n", "10 13 {}\n", "10 15 {}\n", "10 16 {}\n", "11 12 {}\n", "11 13 {}\n", "11 14 {}\n", "11 15 {}\n", "11 16 {}\n", "12 16 {}\n", "12 17 {}\n", "13 14 {}\n", "13 16 {}\n", "14 15 {}\n", "15 17 {}\n", "16 17 {}\n"], "opt_value": 62, "opt_count": 1, "feasible_count": 48620, "mean_value": 51.23529411764706, "std": 2.739244459264718, "level": 5, "gammas": [0.20692816376686096, 0.28863516449928284, 0.28566086292266846, 0.27977070212364197, 0.2678788900375366], "betas": [-2.930340528488159, -2.9691226482391357, -2.973712682723999, -2.9523589611053467, -2.9226629734039307], "predicted_p_opt": 0.0024886877828054297, "predicted_tts": 401.81818181818187, "p_opt": 0.0017881033709272742, "tts": 559.2517839063299, "approx": 0.8392726182937622, "opt_gap": -0.1607273817062378}