{"edges": [[6, 15], [6, 4], [6, 8], [15, 14], [15, 3], [4, 10], [4, 16], [9, 14], [9, 13], [9, 2], [14, 7], [10, 12], [10, 7], [12, 17], [12, 2], [0, 11], [0, 16], [0, 13], [11, 1], [11, 16], [7, 8], [8, 3], [3, 5], [13, 2], [1, 5], [1, 17], [5, 17]], "num_nodes": 18, "opt_value": 23, "opt_count": 6, "feasible_count": 262144, "mean_value": 13.5, "std": 2.598076211353316, "level": 27, "gammas": [0.17963570335200243, 0.34476466530121314, 0.3279243445251791, 0.2025343667807637, 0.265432540026543, 0.21701622755055913, 0.24431330283406597, 0.29988307711893547, 0.33171944700229544, 0.34746742852484586, 0.3522828060174233, 0.34065388870950924, 0.3492714141534784, 0.3392958270351483, 0.34314088936148773, 0.34574096845832564, 0.3474841908237268, 0.34840484842983555, 0.4262249642824332, 0.46796203896052907, 0.5063934776867455, 0.471469055957401, 0.36074245436062286, 0.3478479622134911, 0.3542902403664536, 0.36379016923271823, 0.3675188252857744], "betas": [-2.7873238728659557, -2.489570510684108, -1.606899555394645, -1.8256986484380495, -2.288869358758144, -1.8628826051285612, -1.892458473670067, -2.1014692136164785, -2.1934895148177036, -2.1942152014761787, -2.0853860145429155, -1.893525792758541, -2.030729349716996, -2.0360291687595033, -2.0103345849310292, -1.9955187596591062, -2.028918080600857, 4.563089555831663, 4.236373019459184, 4.229523307284732, 4.1142141999852715, 3.874042631211676, 3.8663117800178246, 3.862285809061687, 3.8361965428576132, 3.794054097250019, 3.752970734230786], "predicted_p_opt": 0.06923675537109375, "predicted_tts": 14.443195592286502, "p_opt": 0.0015471980629226637, "tts": 646.3296613175664, "approx": 0.8875734155173397, "opt_gap": -0.1124265844826603}