{"edges": [[3, 4], [3, 12], [3, 14], [4, 6], [4, 12], [6, 10], [6, 2], [12, 7], [5, 16], [5, 0], [5, 8], [16, 9], [16, 11], [0, 17], [0, 9], [8, 15], [8, 7], [15, 7], [15, 2], [2, 11], [11, 17], [17, 13], [13, 9], [13, 1], [10, 14], [10, 1], [14, 1]], "num_nodes": 18, "opt_value": 23, "opt_count": 8, "feasible_count": 262144, "mean_value": 13.5, "std": 2.598076211353316, "level": 27, "gammas": [0.18073390889273164, 0.34762778394748195, 0.2773956182503681, 0.23533544781761806, 0.25883811173659954, 0.22021247569321128, 0.25410303688472863, 0.3011800579711361, 0.32884696596611773, 0.3453956413596048, 0.3527491362694497, 0.3415789316013916, 0.3478411225198144, 0.33807011493825484, 0.3427047460764637, 0.345478839365718, 0.3479672839147885, 0.35028763402159363, 0.43170178127146813, 0.4860196088263605, 0.550457599242356, 0.43268894117775697, 0.3422788585096471, 0.3414070875969859, 0.350305288179359, 0.36096777846658706, 0.36545066487779243], "betas": [-2.783933952804221, -2.3677802813571236, -1.2835564078949764, -2.281777882078371, -2.287386938831142, -1.8701384517185533, -1.8776020961616045, -2.1044367568952973, -2.2032085206481407, -2.211708745619685, -2.105350090353898, -1.9029976096106034, -2.0542378204218554, -2.0517804334910297, -2.0225638755707687, -2.004594409914432, -2.0355543458205894, 4.581722864026881, 4.245614863969572, 4.259857767399737, 4.042374435540675, 3.874640192130083, 3.867051032742268, 3.868062656434349, 3.843533821038607, 3.793764128353888, 3.7547636271520632], "predicted_p_opt": 0.092315673828125, "predicted_tts": 10.832396694214877, "p_opt": 0.0023541344273978267, "tts": 424.78457829842927, "approx": 0.8906544167775192, "opt_gap": -0.10934558322248078}