{"edges": [[16, 20], [16, 4], [16, 10], [20, 18], [20, 6], [18, 17], [18, 14], [6, 24], [6, 25], [24, 5], [24, 11], [12, 13], [12, 23], [12, 2], [13, 14], [13, 10], [22, 23], [22, 9], [22, 8], [23, 3], [21, 25], [21, 7], [21, 9], [25, 2], [0, 5], [0, 14], [0, 4], [5, 19], [19, 7], [19, 9], [17, 8], [17, 1], [7, 15], [3, 15], [3, 11], [15, 11], [1, 2], [1, 8], [4, 10]], "num_nodes": 26, "opt_value": 34, "opt_count": 8, "feasible_count": 67108864, "mean_value": 19.5, "std": 3.122498999199199, "level": 15, "gammas": [0.10500115156173706, 0.21477137506008148, 0.24290698766708374, 0.2486732304096222, 0.24770508706569672, 0.24475830793380737, 0.2427986115217209, 0.24369683861732483, 0.24762894213199615, 0.25422558188438416, 0.2634182274341583, 0.27498412132263184, 0.2890503406524658, 0.3071216344833374, 0.33419346809387207], "betas": [-2.5520315170288086, -2.2535548210144043, -2.091008186340332, -1.978831171989441, -1.8864202499389648, -1.8096696138381958, -1.7556555271148682, -1.7241724729537964, -1.7063850164413452, -1.6952451467514038, -1.6837776899337769, -1.6598684787750244, -1.6061762571334839, -1.4899877309799194, -1.2123465538024902], "predicted_p_opt": 0.00011456012725830078, "predicted_tts": 8729.040582726328, "p_opt": 1.3565537528847926e-06, "tts": 737162.0902403906, "approx": 0.799746572971344, "opt_gap": -0.200253427028656}