{"edges": [[0, 12], [0, 15], [1, 3], [1, 12], [2, 3], [3, 5], [3, 6], [3, 7], [3, 10], [3, 11], [4, 5], [4, 6], [4, 8], [5, 8], [5, 11], [5, 14], [5, 15], [6, 7], [6, 8], [6, 10], [6, 11], [6, 12], [6, 14], [6, 15], [7, 8], [7, 15], [8, 9], [8, 13], [9, 12], [10, 15], [11, 13], [11, 15], [12, 13], [13, 14], [14, 15]], "num_nodes": 16, "num_colors": 3, "opt_value": 35, "opt_count": 108, "feasible_count": 43046721, "mean_value": 23.333333333333332, "std": 2.7888667551135855, "level": 51, "gammas": [-0.13330863416194916, -0.22075477242469788, -0.208363875746727, -0.2198777049779892, -0.19993528723716736, -0.20914459228515625, -0.20864412188529968, -0.20735496282577515, -0.20797988772392273, -0.2073020190000534, -0.21024036407470703, -0.21179112792015076, -0.2103089690208435, -0.20625130832195282, -0.20253339409828186, -0.20322571694850922, -0.20827116072177887, -0.213777557015419, -0.2174699604511261, -0.21917136013507843, -0.21902936697006226, -0.21644043922424316, -0.21034127473831177, -0.20033960044384003, -0.19289648532867432, -0.19771899282932281, -0.20186476409435272, -0.21926812827587128, -0.23321615159511566, -0.23892441391944885, -0.20591111481189728, 0.11773422360420227, 0.23602724075317383, 0.23168237507343292, 0.23461082577705383, 0.22987177968025208, 0.2305021584033966, 0.23128043115139008, 0.23177647590637207, 0.23179404437541962, 0.23154659569263458, 0.23140040040016174, 0.23174013197422028, 0.23268502950668335, 0.2341088056564331, 0.23576846718788147, 0.23744751513004303, 0.23898790776729584, 0.24083223938941956, 0.24353136122226715, 0.24230915307998657], "betas": [2.6957828998565674, 2.3493340015411377, 2.1696159839630127, 2.3532497882843018, 2.402101993560791, 2.333073854446411, 2.3624110221862793, 2.360306978225708, 2.3397932052612305, 2.3693244457244873, 2.397874116897583, 2.3975141048431396, 2.364298105239868, 2.316213607788086, 2.2946784496307373, 2.3286731243133545, 2.3933136463165283, 2.450413227081299, 2.484848737716675, 2.4948983192443848, 2.4773330688476562, 2.4247286319732666, 2.3319664001464844, 2.2328498363494873, 2.1826019287109375, 2.256395101547241, 2.4614968299865723, 2.3878610134124756, 2.596174955368042, 2.8073508739471436, -1.8653547763824463, -3.1449451446533203, -2.5692801475524902, -2.5060513019561768, -2.640514850616455, -2.6415300369262695, -2.641570806503296, -2.6567418575286865, -2.6619575023651123, -2.658703565597534, -2.6548731327056885, -2.6558034420013428, -2.6643688678741455, -2.6803364753723145, -2.700510263442993, -2.720532178878784, -2.739309310913086, -2.7585675716400146, -2.786041736602783, -2.840578556060791, -2.9518189430236816], "predicted_p_opt": 0.02661694023105732, "predicted_tts": 37.57005844094636, "p_opt": 0.019172620150814525, "tts": 52.15771199418021, "approx": 0.6454163497109529, "opt_gap": -0.35458365028904715}