{"N": 22, "edgelist": ["0 1 {}\n", "0 2 {}\n", "0 3 {}\n", "0 4 {}\n", "0 5 {}\n", "0 6 {}\n", "0 9 {}\n", "0 10 {}\n", "0 11 {}\n", "0 15 {}\n", "0 17 {}\n", "0 21 {}\n", "1 2 {}\n", "1 3 {}\n", "1 4 {}\n", "1 5 {}\n", "1 6 {}\n", "1 8 {}\n", "1 10 {}\n", "1 11 {}\n", "1 13 {}\n", "1 14 {}\n", "1 15 {}\n", "1 21 {}\n", "2 5 {}\n", "2 9 {}\n", "2 10 {}\n", "2 12 {}\n", "2 13 {}\n", "2 14 {}\n", "2 15 {}\n", "2 16 {}\n", "2 19 {}\n", "3 4 {}\n", "3 5 {}\n", "3 7 {}\n", "3 9 {}\n", "3 16 {}\n", "3 18 {}\n", "3 20 {}\n", "4 6 {}\n", "4 7 {}\n", "4 8 {}\n", "4 9 {}\n", "4 10 {}\n", "4 12 {}\n", "4 14 {}\n", "4 15 {}\n", "4 16 {}\n", "4 18 {}\n", "4 19 {}\n", "4 20 {}\n", "5 9 {}\n", "5 12 {}\n", "5 13 {}\n", "5 14 {}\n", "5 16 {}\n", "5 17 {}\n", "5 18 {}\n", "5 19 {}\n", "5 20 {}\n", "6 8 {}\n", "6 9 {}\n", "6 12 {}\n", "6 13 {}\n", "6 14 {}\n", "6 16 {}\n", "6 18 {}\n", "6 19 {}\n", "6 20 {}\n", "7 8 {}\n", "7 11 {}\n", "7 12 {}\n", "7 14 {}\n", "7 16 {}\n", "7 18 {}\n", "7 19 {}\n", "8 12 {}\n", "8 14 {}\n", "8 17 {}\n", "8 18 {}\n", "8 19 {}\n", "8 20 {}\n", "9 10 {}\n", "9 12 {}\n", "9 14 {}\n", "9 15 {}\n", "9 16 {}\n", "9 17 {}\n", "9 19 {}\n", "9 21 {}\n", "10 11 {}\n", "10 13 {}\n", "10 14 {}\n", "10 18 {}\n", "10 19 {}\n", "10 21 {}\n", "11 12 {}\n", "11 13 {}\n", "11 17 {}\n", "11 18 {}\n", "11 20 {}\n", "11 21 {}\n", "12 14 {}\n", "12 15 {}\n", "12 17 {}\n", "12 18 {}\n", "13 16 {}\n", "13 17 {}\n", "13 18 {}\n", "13 19 {}\n", "13 21 {}\n", "14 15 {}\n", "14 16 {}\n", "14 17 {}\n", "14 18 {}\n", "14 19 {}\n", "14 20 {}\n", "14 21 {}\n", "15 20 {}\n", "16 17 {}\n", "16 18 {}\n", "16 20 {}\n", "16 21 {}\n", "17 20 {}\n", "18 19 {}\n", "18 20 {}\n", "18 21 {}\n", "19 20 {}\n", "19 21 {}\n", "20 21 {}\n"], "opt_value": 117, "opt_count": 1, "feasible_count": 705432, "mean_value": 99.80952380952381, "std": 3.197556950225337, "level": 43, "gammas": [3.1415860652923584, 3.1415677070617676, 3.1415202617645264, 3.1414034366607666, 3.141152858734131, 3.1406965255737305, 3.139974594116211, 3.138964891433716, 3.1376986503601074, 3.136256456375122, 3.1347596645355225, 3.1333415508270264, 3.13212251663208, 3.1311867237091064, 3.1305744647979736, 3.13026762008667, 3.1302247047424316, 3.1303627490997314, 3.1305975914001465, 3.1308345794677734, 3.130985975265503, 3.131000518798828, 3.130850315093994, 3.130552291870117, 3.1301567554473877, 3.1297531127929688, 3.1294453144073486, 3.129347562789917, 3.129549503326416, 3.1301188468933105, 3.1310582160949707, 3.132326126098633, 3.1338248252868652, 3.1354267597198486, 3.136993646621704, 3.1384034156799316, 3.139565944671631, 3.1404366493225098, 3.1410176753997803, 3.1413564682006836, 3.1415209770202637, 3.1415820121765137, 3.141594886779785], "betas": [3.1415767669677734, 3.1415457725524902, 3.1414685249328613, 3.1412928104400635, 3.140946626663208, 3.1403627395629883, 3.139495372772217, 3.138350009918213, 3.1369822025299072, 3.135495901107788, 3.134021759033203, 3.132688045501709, 3.1316018104553223, 3.1308257579803467, 3.130368709564209, 3.130201578140259, 3.1302590370178223, 3.1304562091827393, 3.130704402923584, 3.1309075355529785, 3.1309938430786133, 3.1309285163879395, 3.13070011138916, 3.1303439140319824, 3.129931926727295, 3.1295626163482666, 3.129347324371338, 3.1293890476226807, 3.129770040512085, 3.1305267810821533, 3.131641387939453, 3.1330385208129883, 3.1346073150634766, 3.136209011077881, 3.1377134323120117, 3.1390087604522705, 3.1400299072265625, 3.1407546997070312, 3.1412079334259033, 3.141451835632324, 3.1415579319000244, 3.141590118408203, 3.1415934562683105], "predicted_p_opt": 0.010729595481917464, "predicted_tts": 93.20015854141894, "p_opt": 0.0052213579065994616, "tts": 191.52105982546496, "approx": 0.9597150037058642, "opt_gap": -0.040284996294135844, "th": -111.99076644276393}