{"N": 26, "edgelist": ["0 2 {}\n", "0 3 {}\n", "0 4 {}\n", "0 6 {}\n", "0 10 {}\n", "0 12 {}\n", "0 13 {}\n", "0 15 {}\n", "0 18 {}\n", "0 19 {}\n", "0 20 {}\n", "0 21 {}\n", "0 23 {}\n", "0 24 {}\n", "1 2 {}\n", "1 12 {}\n", "1 14 {}\n", "1 19 {}\n", "1 21 {}\n", "1 22 {}\n", "2 3 {}\n", "2 5 {}\n", "2 6 {}\n", "2 9 {}\n", "2 11 {}\n", "2 13 {}\n", "2 14 {}\n", "2 15 {}\n", "2 17 {}\n", "2 19 {}\n", "2 20 {}\n", "2 22 {}\n", "2 23 {}\n", "3 4 {}\n", "3 5 {}\n", "3 7 {}\n", "3 8 {}\n", "3 15 {}\n", "3 19 {}\n", "3 22 {}\n", "3 24 {}\n", "4 6 {}\n", "4 8 {}\n", "4 13 {}\n", "4 15 {}\n", "4 17 {}\n", "4 18 {}\n", "4 22 {}\n", "4 24 {}\n", "4 25 {}\n", "5 10 {}\n", "5 19 {}\n", "5 20 {}\n", "5 25 {}\n", "6 10 {}\n", "6 12 {}\n", "6 14 {}\n", "6 15 {}\n", "6 16 {}\n", "6 17 {}\n", "6 20 {}\n", "6 21 {}\n", "6 22 {}\n", "6 23 {}\n", "6 24 {}\n", "6 25 {}\n", "7 8 {}\n", "7 10 {}\n", "7 11 {}\n", "7 12 {}\n", "7 13 {}\n", "7 14 {}\n", "7 16 {}\n", "7 17 {}\n", "7 18 {}\n", "7 19 {}\n", "7 20 {}\n", "7 21 {}\n", "7 23 {}\n", "7 24 {}\n", "7 25 {}\n", "8 9 {}\n", "8 11 {}\n", "8 15 {}\n", "8 17 {}\n", "8 20 {}\n", "8 23 {}\n", "9 10 {}\n", "9 12 {}\n", "9 15 {}\n", "9 16 {}\n", "9 17 {}\n", "9 20 {}\n", "9 23 {}\n", "9 24 {}\n", "9 25 {}\n", "10 12 {}\n", "10 13 {}\n", "10 15 {}\n", "10 16 {}\n", "10 17 {}\n", "10 18 {}\n", "10 20 {}\n", "10 23 {}\n", "10 25 {}\n", "11 12 {}\n", "11 13 {}\n", "11 15 {}\n", "11 17 {}\n", "11 20 {}\n", "11 21 {}\n", "11 23 {}\n", "11 24 {}\n", "11 25 {}\n", "12 14 {}\n", "12 20 {}\n", "12 22 {}\n", "12 23 {}\n", "12 25 {}\n", "13 14 {}\n", "13 16 {}\n", "13 19 {}\n", "13 20 {}\n", "13 21 {}\n", "13 22 {}\n", "13 23 {}\n", "13 24 {}\n", "13 25 {}\n", "14 15 {}\n", "14 18 {}\n", "14 23 {}\n", "14 25 {}\n", "15 19 {}\n", "15 20 {}\n", "15 21 {}\n", "15 23 {}\n", "15 25 {}\n", "16 17 {}\n", "16 18 {}\n", "16 20 {}\n", "16 21 {}\n", "16 22 {}\n", "16 24 {}\n", "17 18 {}\n", "17 20 {}\n", "17 21 {}\n", "17 25 {}\n", "18 19 {}\n", "18 22 {}\n", "19 20 {}\n", "19 23 {}\n", "20 22 {}\n", "20 25 {}\n", "21 23 {}\n", "21 24 {}\n", "22 23 {}\n", "22 25 {}\n", "23 25 {}\n", "24 25 {}\n"], "opt_value": 139, "opt_count": 1, "feasible_count": 10400600, "mean_value": 120.84, "std": 4.3846134131310475, "level": 33, "gammas": [3.141594088060054, 3.1415935035291134, 3.1415931381723565, 3.1415930526183953, 3.1415932087349394, 3.1415934155686815, 3.141593530201351, 3.1415935064508824, 3.141593316307458, 3.141593079210785, 3.14159288820617, 3.1415928336528163, 3.1415929615662384, 3.141593200729144, 3.141593363283923, 3.1415930576541644, 3.1415924065300866, 3.1415914279750115, 3.141590290436838, 3.141588859019939, 3.1415882393685757, 3.1415877594156494, 3.141584474824392, 3.141580172107026, 3.1415669537188293, 3.1415574656770446, 3.141397598651238, 3.141422380186138, 3.141055379483185, 3.1410897105872353, 3.1407326830218856, 3.1394513103951684, 3.141053579936874], "betas": [3.141591520212796, 3.1415920244457047, 3.1415922460314625, 3.1415921895056043, 3.141591988731035, 3.141591809990443, 3.1415917661796153, 3.1415918848204893, 3.1415921056719713, 3.14159231749773, 3.1415923925004083, 3.1415922709617483, 3.141591991674874, 3.141591662040956, 3.1415912997062203, 3.1415909526064913, 3.141590823130683, 3.141590489097886, 3.1415896673425134, 3.1415877606294904, 3.141586577908023, 3.141582750426945, 3.1415821983698042, 3.141571931816172, 3.141570707767528, 3.1414810724658686, 3.1413950340543026, 3.1413230055879846, 3.140859582837099, 3.141326340400438, 3.1396880994711416, 3.1401976390826167, 3.1414753699963347], "predicted_p_opt": 0.00043160971482414476, "predicted_tts": 2316.907997326799, "p_opt": 0.0004315476965421834, "tts": 2317.240963195017, "approx": 0.8694088462352975, "opt_gap": -0.13059115376470254, "th": -138.99899291992188}