{"N": 20, "edgelist": ["0 1 {}\n", "0 2 {}\n", "0 3 {}\n", "0 4 {}\n", "0 6 {}\n", "0 10 {}\n", "0 11 {}\n", "0 12 {}\n", "0 15 {}\n", "0 16 {}\n", "0 17 {}\n", "0 19 {}\n", "1 3 {}\n", "1 4 {}\n", "1 6 {}\n", "1 9 {}\n", "1 12 {}\n", "1 14 {}\n", "1 16 {}\n", "1 18 {}\n", "1 19 {}\n", "2 3 {}\n", "2 4 {}\n", "2 5 {}\n", "2 6 {}\n", "2 10 {}\n", "2 11 {}\n", "2 14 {}\n", "2 17 {}\n", "2 18 {}\n", "3 4 {}\n", "3 5 {}\n", "3 7 {}\n", "3 9 {}\n", "3 10 {}\n", "3 13 {}\n", "3 15 {}\n", "3 16 {}\n", "3 17 {}\n", "3 18 {}\n", "4 5 {}\n", "4 7 {}\n", "4 8 {}\n", "4 10 {}\n", "4 12 {}\n", "4 14 {}\n", "4 15 {}\n", "4 16 {}\n", "4 18 {}\n", "4 19 {}\n", "5 8 {}\n", "5 9 {}\n", "5 14 {}\n", "5 15 {}\n", "5 18 {}\n", "6 11 {}\n", "6 14 {}\n", "6 17 {}\n", "6 18 {}\n", "7 9 {}\n", "7 10 {}\n", "7 11 {}\n", "7 12 {}\n", "7 13 {}\n", "7 14 {}\n", "7 16 {}\n", "7 18 {}\n", "8 9 {}\n", "8 11 {}\n", "8 12 {}\n", "8 15 {}\n", "8 16 {}\n", "8 17 {}\n", "8 19 {}\n", "9 10 {}\n", "9 11 {}\n", "9 12 {}\n", "9 13 {}\n", "9 16 {}\n", "9 18 {}\n", "9 19 {}\n", "10 11 {}\n", "10 12 {}\n", "10 13 {}\n", "10 15 {}\n", "10 17 {}\n", "10 18 {}\n", "10 19 {}\n", "11 13 {}\n", "11 14 {}\n", "11 17 {}\n", "12 14 {}\n", "12 15 {}\n", "12 18 {}\n", "12 19 {}\n", "14 15 {}\n", "14 16 {}\n", "14 18 {}\n", "15 16 {}\n", "15 18 {}\n", "16 19 {}\n"], "opt_value": 89, "opt_count": 4, "feasible_count": 184756, "mean_value": 77.07894736842105, "std": 3.078179894292438, "level": 99, "gammas": [3.141592894082147, 3.141592892871828, 3.1415927480335175, 3.141592741659986, 3.141592746239334, 3.141592740612056, 3.14159273163344, 3.1415927425644576, 3.1415927459675785, 3.1415927447767893, 3.1415927572896587, 3.1415927473237537, 3.1415927540252437, 3.141592758587621, 3.1415927444650236, 3.1415927547188414, 3.141592735142871, 3.141592733804703, 3.1415927312054506, 3.141592719913552, 3.1415927139402946, 3.1415927121793836, 3.141592716153124, 3.1415926870773414, 3.141592687262294, 3.1415926619914956, 3.1415926213848713, 3.1415925542020062, 3.1415924405046582, 3.1415924343216073, 3.14159248327547, 3.1415921403168285, 3.141591466722539, 3.141591036718652, 3.1415909567335594, 3.1415905069308105, 3.1415895521550206, 3.141588922689856, 3.141588531415546, 3.141588371090581, 3.1415881448055822, 3.141587481652354, 3.14158684743647, 3.1415850527462355, 3.1415787975645992, 3.141571786655182, 3.1415639547433276, 3.1415540874150873, 3.14153432117535, 3.141518394535286, 3.141501316191952, 3.141497112152449, 3.1415250147593623, 3.1415384478878026, 3.14148930477023, 3.1414501898629887, 3.141458704800552, 3.1414570507621686, 3.141464437691358, 3.141467882624778, 3.141355047600179, 3.141245908364373, 3.141207236231229, 3.141161082973726, 3.1412018692665287, 3.1412254104914767, 3.141254482755591, 3.141268387070908, 3.141203270690543, 3.1410496871478415, 3.1409775281229164, 3.140828983871417, 3.1410888461396427, 3.1413562975999363, 3.1407852423589526, 3.1399194079304946, 3.1400965170554223, 3.1399617240134097, 3.1399787829612698, 3.13981168391917, 3.1398713145532886, 3.1390116170952154, 3.1391944604318036, 3.1387834626781133, 3.1390564535395153, 3.137950936580191, 3.1382946470062785, 3.1359832556249625, 3.1366163145409063, 3.1337921525416337, 3.1365505635864346, 3.1352195457278342, 3.138203930814824, 3.1371229856574603, 3.1365011813463557, 3.1207841641805962, 3.1322268798325164, 3.123615021513946, 3.1335023215859588], "betas": [3.141592718509938, 3.1415925075752438, 3.1415925725131864, 3.1415925612759703, 3.1415925580702533, 3.1415925658672275, 3.141592571893032, 3.1415925698250247, 3.1415925595308485, 3.141592554956958, 3.141592549593713, 3.141592547399246, 3.141592557363882, 3.1415925598631733, 3.1415925637479303, 3.141592566948318, 3.141592564449271, 3.1415925729194494, 3.1415925765971706, 3.141592577827003, 3.1415925811636707, 3.141592582634346, 3.14159257480272, 3.141592560185755, 3.1415925422665603, 3.141592518653113, 3.141592466858471, 3.1415923548583145, 3.141592277500075, 3.1415923253025095, 3.141592231215382, 3.141591665083266, 3.141591034327542, 3.141590832258073, 3.1415906645277656, 3.141589884082894, 3.1415890198566903, 3.141588549430506, 3.141588263397535, 3.1415881660772276, 3.141587711509055, 3.141586995665201, 3.1415862538013046, 3.1415822543864196, 3.141575102212742, 3.1415679227686217, 3.1415596293288797, 3.141545126489137, 3.1415249475216283, 3.1415108327602805, 3.141494449092615, 3.141508985030216, 3.141537393551228, 3.1415208311363316, 3.141460565432379, 3.141454026437335, 3.1414578182882886, 3.1414590663326916, 3.141471192238293, 3.141429901023371, 3.1412811472101696, 3.1412337582024463, 3.1411705063421644, 3.1411822983463975, 3.141209623534546, 3.1412476814901704, 3.141253976094112, 3.1412680947011062, 3.1411035581449505, 3.1410363611011403, 3.14086961205434, 3.14092212146274, 3.1412536288339115, 3.141240638536391, 3.1402039733010687, 3.140000982768552, 3.14001530572306, 3.140024800393543, 3.1398010735557893, 3.139999602454346, 3.1393404040672976, 3.139149414162592, 3.138879045807455, 3.1391157424700515, 3.138308063310362, 3.13841738809, 3.1368900934938972, 3.1365480115583777, 3.134921630394746, 3.135076177677162, 3.1361356625571757, 3.136195310248321, 3.1381319706169255, 3.1378585515003765, 3.128427192344339, 3.1243589614912572, 3.1302651018721113, 3.125302742006661, 3.139482592027574], "predicted_p_opt": 0.8573686375543961, "predicted_tts": 1.1663594353677937, "p_opt": 0.638702519700437, "tts": 1.565674111429869, "approx": 0.9516053986943008, "opt_gap": -0.04839460130569917, "th": -88.9990005493164}