{"edges": [[0, 3], [0, 10], [0, 12], [1, 5], [1, 9], [1, 11], [1, 13], [1, 15], [2, 4], [2, 5], [2, 10], [2, 15], [3, 8], [3, 14], [3, 15], [4, 5], [5, 8], [5, 14], [5, 15], [6, 7], [6, 8], [6, 13], [7, 9], [7, 14], [8, 10], [8, 11], [8, 13], [8, 14], [10, 14], [11, 14], [11, 15], [13, 14], [14, 15]], "num_nodes": 16, "num_colors": 3, "opt_value": 33, "opt_count": 48, "feasible_count": 43046721, "mean_value": 22.0, "std": 2.70801280154532, "level": 21, "gammas": [3.1415915110203847, 3.141587993849432, 3.141585289068377, 3.14158608587131, 3.141588838979278, 3.1415906940565193, 3.141590108200409, 3.1415879979304306, 3.141586665001978, 3.1415874417262315, 3.141589655555529, 3.1415863138842868, 3.1415816245480785, 3.1415743209365328, 3.1415658381592517, 3.1415716595314747, 3.141490988083707, 3.141676185347213, 3.1407242723849906, 3.14042831495622, 3.141401533559426], "betas": [3.1415952129445124, 3.1415990777211857, 3.1416000373361457, 3.14159790690936, 3.1415952814244146, 3.1415945912394445, 3.141596176772984, 3.1415981588024136, 3.141597870872518, 3.1415954543337903, 3.1415934575870916, 3.1415931484624635, 3.141594917149162, 3.14156753304342, 3.1415596968144928, 3.141590840188238, 3.14152619522001, 3.1414463268045245, 3.1402364745932223, 3.1409921865384316, 3.141560812085903], "predicted_p_opt": 0.002061759826027167, "predicted_tts": 485.022545970795, "p_opt": 0.0020603440814843934, "tts": 485.3558242949115, "approx": 0.6673530321506058, "opt_gap": -0.3326469678493942, "th": -32.999000549316406}