{"edges": [[0, 3], [0, 6], [0, 7], [0, 8], [0, 14], [0, 15], [1, 5], [1, 7], [1, 11], [1, 15], [2, 3], [2, 5], [2, 11], [3, 5], [3, 7], [3, 13], [4, 7], [4, 14], [5, 7], [7, 11], [7, 14], [8, 15], [9, 10], [9, 14], [11, 12], [11, 13], [12, 13], [14, 15]], "num_nodes": 16, "num_colors": 3, "opt_value": 28, "opt_count": 48, "feasible_count": 43046721, "mean_value": 18.666666666666668, "std": 2.494438257849294, "level": 67, "gammas": [3.141592548936834, 3.141592517548085, 3.1415925407286585, 3.141592557678367, 3.1415925777689777, 3.14159257582115, 3.141592580313828, 3.141592583622543, 3.1415925878293365, 3.1415925824279984, 3.1415925810958845, 3.1415925805499123, 3.1415925737336376, 3.141592570334786, 3.1415925737334143, 3.141592569275316, 3.1415925705917083, 3.141592563919759, 3.1415925642305735, 3.1415925459881233, 3.1415925160548315, 3.141592486979681, 3.1415924703135705, 3.141592475923976, 3.1415924617741413, 3.1415924302173246, 3.141592335505019, 3.1415919742530805, 3.141591507407023, 3.1415912219679876, 3.1415909526797203, 3.14159014893945, 3.141588899878452, 3.1415871950824075, 3.141584833213189, 3.141582994067458, 3.1415812043684137, 3.141578894337264, 3.1415735970425467, 3.1415679815104105, 3.141556818818346, 3.141556344802289, 3.1415679544734396, 3.141562991664933, 3.141526653533234, 3.14151272830648, 3.141509216014449, 3.1415027617019273, 3.141427536587395, 3.1413792991576415, 3.141387113039443, 3.141420321509799, 3.1414155755958886, 3.141357784692748, 3.1412559641427467, 3.141201717542093, 3.1409211957415364, 3.14070443940948, 3.1405322371075663, 3.140353779686379, 3.140511139639071, 3.139715107592641, 3.1402080602616316, 3.1385011842558423, 3.139823602375458, 3.1327087766889017, 3.1376811902485997], "betas": [3.1415927733390334, 3.141592771893025, 3.14159275983911, 3.1415927481372146, 3.1415927348812502, 3.1415927279599996, 3.1415927255096707, 3.141592724809146, 3.1415927207629064, 3.141592719142597, 3.1415927262810968, 3.1415927320536032, 3.1415927349132993, 3.141592736246705, 3.1415927346371197, 3.1415927327501687, 3.141592727384664, 3.141592722356122, 3.1415927104901424, 3.1415926892813375, 3.141592671834079, 3.1415926587426206, 3.1415926658670448, 3.141592682109888, 3.1415926756902954, 3.141592635162496, 3.1415924338779675, 3.1415919708524775, 3.141591577708905, 3.1415913502333495, 3.1415908609876664, 3.1415897395020353, 3.14158836149128, 3.1415861693186216, 3.1415840665535266, 3.1415822160287172, 3.141580560986547, 3.1415765740253407, 3.1415713499000812, 3.141562936504934, 3.1415542283211866, 3.1415623567437247, 3.141569996507195, 3.1415463976587725, 3.141515174578783, 3.141511954719254, 3.1415085565608694, 3.1414754213906346, 3.1413888518265063, 3.1413854583172727, 3.1413952428104985, 3.1414373605820534, 3.1413784741285466, 3.141327878729122, 3.141201225336524, 3.141138309664142, 3.1407118985472406, 3.1407318409369083, 3.1402824461453145, 3.140645843160981, 3.139916913690059, 3.1401132472251896, 3.1392545269411425, 3.1395528093541607, 3.1363308505686542, 3.1337205590815578, 3.1405489965427416], "predicted_p_opt": 0.020322105370116344, "predicted_tts": 49.2075, "p_opt": 0.020184816651496712, "tts": 49.54218892673715, "approx": 0.6733945317463876, "opt_gap": -0.32660546825361236, "th": -27.999000549316406}