{"edges": [[6, 15], [6, 11], [6, 0], [15, 4], [15, 17], [18, 23], [18, 12], [18, 16], [23, 17], [23, 1], [12, 13], [12, 8], [13, 2], [13, 4], [14, 16], [14, 9], [14, 8], [16, 9], [4, 5], [3, 19], [3, 5], [3, 11], [19, 22], [19, 1], [9, 21], [8, 21], [5, 22], [22, 2], [21, 20], [11, 20], [20, 10], [7, 10], [7, 0], [7, 2], [10, 0], [17, 1]], "num_nodes": 24, "opt_value": 32, "opt_count": 2, "feasible_count": 16777216, "mean_value": 18.0, "std": 3.0, "level": 39, "gammas": [3.14159268984102, 3.1415926864956325, 3.1415926742572267, 3.1415926716223805, 3.1415926627052655, 3.1415926538457057, 3.1415926161177903, 3.1415925625914896, 3.1415925650352374, 3.1415926417554996, 3.141592645032133, 3.1415926094926316, 3.1415926168433597, 3.1415926150560174, 3.1415925022882534, 3.141592397730701, 3.14159234820665, 3.141592417890141, 3.141592572916156, 3.1415921462615013, 3.1415961607696943, 3.1415690194713988, 3.1410566079465303, 3.140433039814837, 3.141053137182377, 3.1416483527977723, 3.1416543444380576, 3.141582972446479, 3.1414825916433347, 3.141484140646073, 3.141537387004741, 3.141580831007277, 3.1416003985153713, 3.141629197904768, 3.1415406211151717, 3.1417540168147746, 3.141794461926798, 3.1417934673019685, 3.1424691080568117], "betas": [3.1415926131373118, 3.1415926180208515, 3.141592624374404, 3.141592623885161, 3.141592612526971, 3.1415925637808706, 3.1415924990182167, 3.141592477305546, 3.1415925209088393, 3.141592612135882, 3.1415925767942374, 3.141592535158353, 3.141592558505721, 3.1415925408802243, 3.1415924054107105, 3.141592324525148, 3.1415923547184343, 3.14159237492602, 3.141592766755821, 3.1415914350361636, 3.141603081421509, 3.1414041088935756, 3.140642863541382, 3.1406093935771064, -3.1417257596959227, 3.141673200864471, -3.1415560681093413, 3.1415239768426075, -3.1417140455432784, 3.141509189513526, 3.1415635618129363, -3.141592951294689, 3.1416127055950565, 3.1416054735785757, 3.141553292396122, 3.141943260318744, 3.1415706812830826, 3.1422538293743076, 3.1422574977986146], "predicted_p_opt": 0.0007439851760864258, "predicted_tts": 1344.112802435507, "p_opt": 0.00033147234018944874, "tts": 3016.8429722626715, "approx": 0.880453957767868, "opt_gap": -0.11954604223213205, "th": -27.96213912008831}