{"edges": [[0, 1], [0, 2], [0, 6], [0, 8], [0, 11], [1, 4], [1, 6], [1, 9], [1, 10], [2, 5], [2, 7], [2, 8], [2, 11], [3, 5], [3, 12], [4, 8], [4, 9], [5, 11], [5, 12], [6, 7], [6, 9], [6, 11], [7, 9], [8, 9], [8, 10], [9, 11], [9, 12], [10, 11], [10, 12]], "num_nodes": 13, "num_colors": 3, "opt_value": 29, "opt_count": 18, "feasible_count": 1594323, "mean_value": 19.333333333333332, "std": 2.5385910352879693, "level": 30, "gammas": [3.141592604775464, 3.141592606798886, 3.1415919678481385, 3.1415868318389712, 3.1415658397312254, 3.1415114274986653, 3.1414110485717703, 3.1412690696408987, 3.1411081149635236, 3.140956900884773, 3.1408341477823045, 3.1407424261757297, 3.1406745812303587, 3.1406231157999036, 3.140586110378154, 3.1405700286618337, 3.140589396761768, 3.1406624557886444, 3.1407987936382047, 3.1409843393529915, 3.1411831388990175, 3.1413563700050413, 3.1414802935787733, 3.1415516025060675, 3.1415815034928043, 3.141579167993823, 3.141572794353869, 3.1414750540167886, 3.140590420897978, 3.1406480546542004], "betas": [3.1415926782414285, 3.141592457414569, 3.141590402940476, 3.141579314526413, 3.141543829426491, 3.141467116661283, 3.1413440875091676, 3.141188990758912, 3.1410296074046364, 3.1408913236226583, 3.1407846125548002, 3.1407059705597518, 3.140647014646666, 3.1406025183098376, 3.1405745377861374, 3.1405738614630017, 3.1406178349542326, 3.140722652244272, 3.14088739962208, 3.1410853302508523, 3.14127566660815, 3.1414244626886627, 3.141518574922434, 3.1415666020829107, 3.1415888416947304, 3.1416206439568697, 3.141437644105367, 3.141289446132996, 3.1402110913309245, 3.141267336191475], "predicted_p_opt": 0.042010307823446065, "predicted_tts": 23.80368180596614, "p_opt": 0.017534437523984998, "tts": 57.030628934182836, "approx": 0.9369390173398159, "opt_gap": -0.06306098266018412, "th": -26.9737374439506}