{"edges": [[12, 16], [12, 4], [12, 9], [16, 8], [16, 1], [3, 7], [3, 25], [3, 20], [7, 18], [7, 14], [4, 18], [4, 23], [14, 19], [14, 13], [19, 22], [19, 10], [25, 10], [25, 24], [18, 8], [8, 9], [9, 6], [2, 5], [2, 11], [2, 6], [5, 22], [5, 15], [11, 17], [11, 6], [22, 15], [17, 23], [17, 10], [13, 21], [13, 24], [15, 20], [20, 1], [0, 1], [0, 21], [0, 24], [23, 21]], "num_nodes": 26, "opt_value": 34, "opt_count": 22, "feasible_count": 67108864, "mean_value": 19.5, "std": 3.122498999199199, "level": 30, "gammas": [-0.12972205549769977, -0.2267920969250905, -0.19294786702965708, -0.20343462014176794, -0.22633387684793765, -0.20713135636102661, -0.20600264000312626, -0.21724314279175205, -0.2134711018459471, -0.21161970174152692, -0.2163619558829429, -0.220651902594756, -0.2241266023183197, -0.226094337035165, -0.22735935125180848, -0.2297765433720794, -0.23441106520686103, -0.24053568422150962, -0.24682502807852677, -0.2527286127362178, -0.25841666719257633, -0.2643412515600177, -0.2711213103217029, -0.2763204136123277, -0.2694783430620765, -0.346201751105333, -0.38829563599601974, 5.911168291250534, 5.959799864530319, 5.987933171164161], "betas": [2.7957143442238093, 2.346038836864077, 2.018964806144714, 2.2157128208057246, 1.9911507391338545, 1.7079804632740963, 1.7572163783056234, 1.7028517375597847, 1.7833923136149914, 1.7905846879126832, 1.8048643755313947, 1.824474713715519, 1.831025995613372, 1.8251380784923383, 1.818970507735657, 1.825766671030369, 1.8462355138738564, 1.8700622341384932, 1.888366338700631, 1.8990261050271013, 1.9040223392445004, 1.9061222638872892, 1.910619431930747, 1.9991954736913324, 1.6945818653527447, 2.073531970923484, 2.265526829776687, 2.4842343670537046, 2.5767638140076166, 2.5360478443682206], "predicted_p_opt": 0.0012198388576507568, "predicted_tts": 819.7804109354768, "p_opt": 7.525330627973854e-06, "tts": 132884.52686486725, "approx": 0.833954696728106, "opt_gap": -0.16604530327189404}