{"edges": [[0, 6], [0, 9], [0, 11], [1, 2], [1, 9], [2, 7], [2, 8], [2, 9], [2, 12], [3, 11], [3, 12], [4, 5], [4, 9], [4, 11], [6, 7], [6, 9], [7, 10], [7, 11], [7, 12], [9, 11]], "num_nodes": 13, "num_colors": 3, "opt_value": 20, "opt_count": 192, "feasible_count": 1594323, "mean_value": 13.333333333333334, "std": 2.1081851067789197, "level": 47, "gammas": [0.3508844614181122, 0.2747015140657864, 0.308266021602668, 0.22608065685223472, 0.3099376918530463, 0.3235417016447138, 0.23620864960566468, 0.3153270053615831, 0.45979021056015723, 0.40956453811535015, 0.4070345562569137, 0.2258346796679808, 0.518401388667584, 0.5968728088318015, 0.7087331748974881, 0.42301265483035705, 0.4501846872973423, 0.5162176390997766, 0.38137965613636343, 0.46127056870343314, 0.40576443941954565, 0.5423932255292763, 0.456914533343329, 0.4336332664058634, 0.48127361086114473, 0.5566205149343464, 2.094765750262028, 4.75647805914727, 0.5810210247942593, 0.5736542287610124, 0.5178448625662614, 0.4783961752826351, 0.44989276041601883, 0.41670072615713477, 0.4547032926484288, 0.4032530660228319, 0.3629617866340503, 0.34275797201971603, 0.3862083191417761, 0.3648786192902602, 0.7990826607369447, -1.0745903475367211, 0.6956498427075058, 5.130058235428702, 1.9669795320756571, -0.35530678362998563, -0.121701029493227], "betas": [-1.6238537477729997, -1.5568754969839307, -1.990319331966974, -1.901636250472721, -1.8238460201461164, -1.6005314882323436, -1.5247243283200942, -1.9669825074082705, -2.4559095239123345, -2.3024549736645117, -1.670472324011547, -1.372186059750436, -2.3732009647465317, 4.275831291709844, 4.580938021517682, 2.786506122387632, 2.754337296368726, 9.390905147515815, 3.4219633553709614, 3.7428006446943023, 3.4765529709056326, 3.570494611206769, 3.6598294937942835, 2.5983597477105924, 2.9584519008748558, 3.6585456551948203, 0.6460828149606654, 3.822073063711696, 4.047292075877826, 4.164310851479634, 3.935884768315297, 3.8821078639852007, 3.828649979383902, 3.835778378605054, 4.0070505448954306, 4.196644448536233, 4.3785269020612745, 4.309077277921596, 4.279565270204137, 3.3076059616191755, -3.4809429907629172, 2.547166856665065, 3.1067581773992323, 2.8849194929547304, 2.91524776936816, 2.3012849614977746, 1.4543901216497805], "predicted_p_opt": 1.0868563020165927, "predicted_tts": 0.9200848337950138, "p_opt": 0.06279632355556407, "tts": 15.924499132742541, "approx": 0.9530242633536986, "opt_gap": -0.04697573664630139}