{"edges": [[0, 1], [0, 3], [0, 9], [1, 4], [2, 4], [2, 5], [2, 6], [3, 4], [3, 5], [4, 7], [4, 9], [5, 6], [5, 9], [5, 10], [6, 7], [6, 10], [6, 11], [6, 12], [7, 10], [7, 11], [8, 10], [10, 12], [11, 12]], "num_nodes": 13, "num_colors": 3, "opt_value": 23, "opt_count": 36, "feasible_count": 1594323, "mean_value": 15.333333333333334, "std": 2.260776661041756, "level": 41, "gammas": [-0.2706476443985994, 0.42460555871817324, 0.31161899658870335, 0.3473036752286088, 0.3466873291486677, 0.3390766893734972, 0.3246647810941921, 0.3069127742835486, 0.28912411241276037, 0.2819457471480688, 0.30783535233427456, 0.3275636328183201, 0.32381036538656605, 0.31661145509314237, 0.2976124471459523, 0.30796095044596494, 0.2805172215048279, 0.5165481539499811, 0.2727682730230385, 0.4735266535011767, 0.3988649927672588, 0.3711680080511493, 0.3555090537032952, 0.3432252449420454, 0.34125045518482283, 0.35965902153043, 0.3842489174745086, 0.37225561531554213, 0.3859186102783743, 0.3420865339869483, 0.4019464793048247, 1.2452844578130333, 0.3582257644488314, 0.3878721387828976, 0.38338358339031764, 0.3493237375372332, 0.33135103162859186, 0.3430391345012838, 0.3621361301071352, 0.3849600671216753, 0.403858010011042], "betas": [0.707241163115519, -1.9722841446274324, -2.258211560940986, -2.211126495857812, -2.120398388707517, -2.005905629240014, -1.863789988615298, -1.7245333712996487, -1.6058727530702184, -1.6474952430704686, -1.8147008522845824, -1.8701516369372695, -1.9066547994619518, -1.8481661829153457, -1.775633121764036, -1.8352269052805046, 4.584832456519127, -3.004154497504637, -2.6625217456274006, -2.870246968144863, -2.64344844764762, -2.388636633741249, -2.190799203478932, -2.07039339252, -2.0666669519414103, -2.1628811615146524, -2.134388556457533, -1.859601992669587, -2.140571585815136, -1.9918994721425698, -1.7115399507081919, 3.5660412080808115, 3.6291300145753493, 3.641685987473756, 3.9391072231420474, 4.188093136426375, 4.210731957242112, 4.115428620179923, 4.0122625065481055, 3.904453851932347, 3.824148755765403], "predicted_p_opt": 0.15555442654970167, "predicted_tts": 6.428618086805051, "p_opt": 0.002339937858053601, "tts": 427.3617765353036, "approx": 0.9483318038634642, "opt_gap": -0.05166819613653584}