{"edges": [[0, 5], [0, 10], [0, 14], [1, 5], [1, 8], [1, 9], [1, 13], [2, 4], [2, 12], [2, 14], [2, 15], [3, 4], [3, 11], [3, 15], [4, 6], [4, 10], [5, 15], [5, 16], [6, 13], [7, 11], [7, 12], [7, 16], [8, 15], [9, 14], [12, 15], [14, 16], [15, 16]], "num_nodes": 17, "num_colors": 3, "opt_value": 27, "opt_count": 1416, "feasible_count": 129140163, "mean_value": 18.0, "std": 2.449489742783178, "level": 73, "gammas": [0.16693466901779175, 0.2758578956127167, 0.2883996367454529, 0.28811201453208923, 0.28749608993530273, 0.2852265238761902, 0.2823460102081299, 0.2785325050354004, 0.2737475633621216, 0.26856958866119385, 0.2643032670021057, 0.26131734251976013, 0.25968804955482483, 0.2612602412700653, 0.2643338739871979, 0.2639615833759308, 0.2578592896461487, 0.24407151341438293, 0.22320786118507385, 0.2370617836713791, 0.2341831624507904, 0.27218082547187805, 0.21706968545913696, 0.23568136990070343, 0.21485935151576996, 0.23181916773319244, 0.23974557220935822, 0.23629145324230194, 0.23685821890830994, 0.2380831092596054, 0.2390935719013214, 0.239744171500206, 0.24083879590034485, 0.24259935319423676, 0.24286946654319763, 0.23987655341625214, 0.2372017204761505, 0.23744399845600128, 0.24336062371730804, 0.24934425950050354, 0.2468273937702179, 0.24082402884960175, 0.2430320829153061, 0.252575546503067, 0.21143890917301178, -0.16065102815628052, -0.27310657501220703, -0.30067136883735657, -0.29749178886413574, -0.2963143587112427, -0.29712873697280884, -0.2993263900279999, -0.3009818196296692, -0.29965725541114807, -0.2983544170856476, -0.2983824908733368, -0.2990468144416809, -0.2986355721950531, -0.29863953590393066, -0.2995389401912689, -0.3009282052516937, -0.3021523356437683, -0.2993623912334442, -0.2906531095504761, -0.31989768147468567, -0.2850606441497803, -0.291029155254364, -0.3012670874595642, -0.3068602681159973, -0.3109680712223053, -0.31390780210494995, -0.3158486783504486, -0.3109326958656311], "betas": [-2.7028205394744873, -2.548976182937622, -2.5075998306274414, -2.4887869358062744, -2.46661114692688, -2.4443893432617188, -2.4149231910705566, -2.379779815673828, -2.3396730422973633, -2.2964587211608887, -2.25825834274292, -2.2305092811584473, -2.233036756515503, -2.2719616889953613, -2.311201572418213, -2.307131290435791, -2.2466483116149902, -2.089364528656006, -1.963236689567566, -2.0751404762268066, -1.7439563274383545, -1.7644612789154053, -2.005002021789551, -1.946632981300354, -1.968108892440796, -2.105029344558716, -2.0718085765838623, -2.0452756881713867, -2.040076732635498, -2.0428531169891357, -2.04777193069458, -2.0515644550323486, -2.0549890995025635, -2.0534112453460693, -2.035736322402954, -2.0231142044067383, -2.0232276916503906, -2.0483036041259766, -2.0919108390808105, -2.0965020656585693, -2.0626916885375977, -2.070671558380127, -2.201615571975708, -2.2542128562927246, 2.0723984241485596, 3.086796522140503, 2.6305811405181885, 2.591305732727051, 2.5753376483917236, 2.576324701309204, 2.582871198654175, 2.598250150680542, 2.6072826385498047, 2.5916223526000977, 2.6241562366485596, 2.6103148460388184, 2.6122772693634033, 2.61795973777771, 2.629115581512451, 2.6475489139556885, 2.65859055519104, 2.6406760215759277, 2.651973247528076, 2.544403553009033, 2.444969654083252, 2.558690071105957, 2.6861650943756104, 2.7192180156707764, 2.732536554336548, 2.75002384185791, 2.7759032249450684, 2.8167762756347656, 2.89621901512146], "predicted_p_opt": 0.23693902260290628, "predicted_tts": 4.220495167973796, "p_opt": 0.1436050756595222, "tts": 6.963542168738739, "approx": 0.7050837363953893, "opt_gap": -0.29491626360461065}