{"edges": [[0, 2], [0, 3], [0, 9], [1, 2], [1, 4], [1, 7], [2, 7], [2, 9], [3, 8], [3, 9], [4, 6], [4, 9], [4, 10], [5, 9], [5, 10], [7, 8]], "num_nodes": 11, "num_colors": 3, "opt_value": 16, "opt_count": 108, "feasible_count": 177147, "mean_value": 10.666666666666666, "std": 1.8856180831641267, "level": 43, "gammas": [-0.25873321282489264, -0.4079735173633884, -0.3980986870665966, -0.3323998766480216, -0.3546619037588985, -0.4146120194083503, -0.4040991800657155, -0.3224727599867401, -0.3563439124583846, -0.4168028908583269, -0.3694146185185732, -0.33971620911357553, -0.38310313841965726, -0.3852285082204916, -0.4088980674693346, -0.3367747811442308, -0.3621593979578855, -0.4424460069354434, -0.4854621576097201, -0.515707738857908, -0.5627239070171678, -0.38231382536285236, -0.6002634079594328, -0.4905109493235437, -0.5581216202975132, -0.5527012099389174, -0.43535776650376384, 0.6317962030947332, 0.43659030741285615, 2.2483272538879584, 0.5277190850133463, 0.5218565346516226, 0.5127473899560437, 0.6057095279439193, 0.4297049744685422, 0.6089734484268415, 0.5240108307044264, 0.5316136722571269, 0.5037040436894799, 0.5024075192439922, 0.5039371399395991, 0.4993057633361569, 0.49341817915323755], "betas": [2.424542599348947, 2.1679246754249952, 1.8595883916447966, 1.6193566708416396, 1.9427121735834543, 2.0380384963478373, 1.8365617888767123, 1.4525769217124054, 1.7649297436772131, 1.8677950915091113, 1.590683367672206, 1.7308426294560795, 1.7850140071140184, 1.609750081978255, 1.9252814413513675, 1.6051754565843268, 2.0086499183703204, 2.333268780760747, 2.5747639195546514, 2.77778414689503, 3.243117936777199, 1.8802809359723414, 2.3767870715437125, 2.6190882270312605, 2.835583364012033, 3.1904580444868915, 2.6910493530625406, -2.8409857093721618, -2.413092891680828, 3.041905806740194, -2.8570864417094834, 3.5203888321648136, 3.6604666787476074, -1.810575687393572, -3.396526495964243, -2.8137789121810144, -3.452841180018544, -2.235501150051715, -2.4850202936927346, -2.511199987874932, -2.576915117956697, -2.5945017821873435, -2.711552030774911], "predicted_p_opt": 4.614540466392318, "predicted_tts": 0.2167063020214031, "p_opt": 0.9452757164884699, "tts": 1.0578924038319963, "approx": 0.9816917117721496, "opt_gap": -0.018308288227850356}