{"edges": [[0, 2], [0, 4], [0, 7], [0, 8], [1, 6], [1, 12], [2, 5], [2, 7], [2, 10], [2, 11], [2, 13], [2, 14], [3, 4], [3, 12], [4, 9], [5, 6], [5, 10], [5, 12], [6, 13], [6, 14], [7, 8], [7, 9], [8, 9], [8, 13], [8, 14], [9, 12], [10, 11], [10, 12], [10, 14], [11, 13], [12, 13]], "num_nodes": 15, "num_colors": 3, "opt_value": 31, "opt_count": 72, "feasible_count": 14348907, "mean_value": 20.666666666666668, "std": 2.6246692913372707, "level": 15, "gammas": [0.11111140251159668, 0.2253885716199875, 0.25493258237838745, 0.2648855149745941, 0.26948991417884827, 0.272096186876297, 0.27498623728752136, 0.2791065573692322, 0.2842310667037964, 0.29037025570869446, 0.2974149286746979, 0.30648157000541687, 0.31999531388282776, 0.34181758761405945, 0.38155895471572876], "betas": [-2.339750289916992, -1.938258409500122, -1.7578083276748657, -1.6683639287948608, -1.61360502243042, -1.5758296251296997, -1.5508298873901367, -1.5318819284439087, -1.5134704113006592, -1.4909875392913818, -1.4609330892562866, -1.4239410161972046, -1.375583529472351, -1.2963392734527588, -1.1097652912139893], "predicted_p_opt": 0.004822109447081928, "predicted_tts": 207.37812174817898, "p_opt": 8.741845522308722e-05, "tts": 11439.232110062498, "approx": 0.8605281114578247, "opt_gap": -0.1394718885421753}