{"edges": [[0, 1], [0, 5], [0, 6], [0, 9], [0, 10], [0, 14], [1, 4], [1, 8], [1, 9], [1, 12], [2, 3], [2, 5], [2, 6], [2, 11], [2, 12], [2, 14], [3, 10], [3, 13], [4, 9], [4, 11], [5, 7], [5, 11], [6, 7], [6, 8], [6, 11], [7, 10], [7, 11], [8, 12], [8, 14], [9, 10], [9, 13], [10, 14], [11, 12], [12, 13]], "num_nodes": 15, "num_colors": 3, "opt_value": 34, "opt_count": 12, "feasible_count": 14348907, "mean_value": 22.666666666666668, "std": 2.748737083745107, "level": 12, "gammas": [0.11238673671151107, 0.22352074097735022, 0.24962927536622892, 0.2580552153239235, 0.2633333683845314, 0.2687670204436664, 0.2751170650551481, 0.28328634936453573, 0.2942702475524565, 0.309081107092552, 0.3308777959591421, 0.3684690466247485], "betas": [-2.2824922340510287, -1.8572926290085523, -1.6643626875276387, -1.5695212278635688, -1.5185717580369735, -1.4875863705629049, -1.4640971248971721, -1.4422784946174148, -1.4143506074343453, -1.3702053115094086, -1.290505321272303, 5.183577352098492], "predicted_p_opt": 0.0005226878953219225, "predicted_tts": 1913.1875999999997, "p_opt": 1.1238526869199451e-05, "tts": 88979.63333082573, "approx": 0.8408301086812315, "opt_gap": -0.15916989131876846}