{"edges": [[6, 12], [6, 8], [6, 0], [12, 7], [12, 11], [7, 17], [7, 8], [17, 11], [17, 8], [3, 4], [3, 9], [3, 18], [4, 14], [4, 2], [0, 5], [0, 14], [5, 2], [5, 15], [9, 11], [9, 16], [14, 10], [2, 13], [10, 18], [10, 16], [18, 19], [1, 15], [1, 13], [1, 19], [15, 19], [16, 13]], "num_nodes": 20, "opt_value": 26, "opt_count": 6, "feasible_count": 1048576, "mean_value": 15.0, "std": 2.7386127875258306, "level": 23, "gammas": [-0.11621860414743423, -0.22096115350723267, -0.2576538324356079, -0.2576492726802826, -0.2503769099712372, -0.23937121033668518, -0.2352801412343979, -0.24100062251091003, -0.24677149951457977, -0.24739988148212433, -0.24480271339416504, -0.24384711682796478, -0.24493664503097534, -0.24488236010074615, -0.2467009723186493, -0.2559419572353363, -0.2693479061126709, -0.28285151720046997, -0.296143114566803, -0.31033962965011597, -0.3277731239795685, -0.31620684266090393, -0.42412662506103516], "betas": [2.568814992904663, 2.166762590408325, 1.981833815574646, 1.8702417612075806, 1.741081953048706, 1.6452769041061401, 1.629955768585205, 1.6546366214752197, 1.6566946506500244, 1.6254475116729736, 1.5879037380218506, 1.5657349824905396, 1.5438263416290283, 1.5150423049926758, 1.5144962072372437, 1.5487457513809204, 1.5840846300125122, 1.6032203435897827, 1.6062297821044922, 1.5858700275421143, 1.6108571290969849, 1.6118305921554565, 1.513428807258606], "predicted_p_opt": 0.012639999389648438, "predicted_tts": 79.11392787083145, "p_opt": 0.00011462551628937945, "tts": 8724.061032584019, "approx": 0.856800377368927, "opt_gap": -0.143199622631073}