{"N": 24, "edgelist": ["0 2 {}\n", "0 5 {}\n", "0 9 {}\n", "0 10 {}\n", "0 13 {}\n", "0 14 {}\n", "0 17 {}\n", "0 21 {}\n", "0 23 {}\n", "1 2 {}\n", "1 3 {}\n", "1 5 {}\n", "1 7 {}\n", "1 8 {}\n", "1 9 {}\n", "1 10 {}\n", "1 12 {}\n", "1 13 {}\n", "1 17 {}\n", "1 18 {}\n", "1 21 {}\n", "1 22 {}\n", "1 23 {}\n", "2 5 {}\n", "2 6 {}\n", "2 8 {}\n", "2 9 {}\n", "2 11 {}\n", "2 12 {}\n", "2 13 {}\n", "2 18 {}\n", "2 20 {}\n", "2 21 {}\n", "2 22 {}\n", "2 23 {}\n", "3 4 {}\n", "3 5 {}\n", "3 8 {}\n", "3 10 {}\n", "3 11 {}\n", "3 13 {}\n", "3 15 {}\n", "3 18 {}\n", "3 20 {}\n", "3 23 {}\n", "4 7 {}\n", "4 8 {}\n", "4 9 {}\n", "4 11 {}\n", "4 14 {}\n", "4 16 {}\n", "4 18 {}\n", "4 22 {}\n", "5 7 {}\n", "5 8 {}\n", "5 9 {}\n", "5 10 {}\n", "5 11 {}\n", "5 12 {}\n", "5 14 {}\n", "5 16 {}\n", "5 17 {}\n", "5 19 {}\n", "5 20 {}\n", "5 21 {}\n", "5 22 {}\n", "5 23 {}\n", "6 9 {}\n", "6 14 {}\n", "6 20 {}\n", "6 22 {}\n", "7 8 {}\n", "7 11 {}\n", "7 12 {}\n", "7 13 {}\n", "7 15 {}\n", "7 16 {}\n", "7 18 {}\n", "7 19 {}\n", "7 20 {}\n", "7 22 {}\n", "8 10 {}\n", "8 11 {}\n", "8 14 {}\n", "8 15 {}\n", "8 18 {}\n", "8 21 {}\n", "8 23 {}\n", "9 11 {}\n", "9 12 {}\n", "9 13 {}\n", "9 14 {}\n", "9 16 {}\n", "9 20 {}\n", "10 11 {}\n", "10 13 {}\n", "10 15 {}\n", "10 16 {}\n", "10 18 {}\n", "10 19 {}\n", "10 22 {}\n", "10 23 {}\n", "11 12 {}\n", "11 14 {}\n", "11 15 {}\n", "11 16 {}\n", "11 19 {}\n", "11 20 {}\n", "11 21 {}\n", "11 22 {}\n", "11 23 {}\n", "12 13 {}\n", "12 14 {}\n", "12 15 {}\n", "12 17 {}\n", "12 21 {}\n", "12 22 {}\n", "13 15 {}\n", "13 16 {}\n", "13 18 {}\n", "13 19 {}\n", "13 20 {}\n", "14 15 {}\n", "14 18 {}\n", "14 20 {}\n", "14 23 {}\n", "15 16 {}\n", "15 18 {}\n", "15 22 {}\n", "15 23 {}\n", "16 19 {}\n", "16 21 {}\n", "16 22 {}\n", "16 23 {}\n", "17 19 {}\n", "17 20 {}\n", "17 21 {}\n", "17 23 {}\n", "18 19 {}\n", "18 21 {}\n", "20 21 {}\n", "20 22 {}\n", "21 22 {}\n", "21 23 {}\n", "22 23 {}\n"], "opt_value": 126, "opt_count": 4, "feasible_count": 2704156, "mean_value": 110.32608695652173, "std": 3.9995189421774313, "level": 27, "gammas": [3.1415948567844807, 3.1415933369115785, 3.141593207011583, 3.1415935588175463, 3.141593822283286, 3.1415937609887856, 3.1415934544741924, 3.1415931781233453, 3.1415931503972714, 3.1415934043007563, 3.1415937473345, 3.1415938450970384, 3.141593542833552, 3.1415928062562646, 3.1415923093646096, 3.1415897343391483, 3.1415864642854827, 3.1415841795150476, 3.1415809899457203, 3.141570896782493, 3.141524343094517, 3.1415271573242203, 3.141511936510208, 3.1416315428034984, 3.1409590592035594, 3.140384199204332, 3.1413490338096652], "betas": [3.141591450999018, 3.141592155768402, 3.1415919399049335, 3.1415915825673455, 3.141591478920789, 3.1415916846081613, 3.1415920118711056, 3.1415921814113124, 3.1415920393768983, 3.1415916765590124, 3.141591311203386, 3.1415911919045603, 3.14159123210721, 3.1415913271308735, 3.1415903757345616, 3.1415856233911854, 3.1415833442678225, 3.141579674556691, 3.141579667739609, 3.1415421187774104, 3.141518347228906, 3.1415437087858566, 3.1415023647378235, 3.141551823885703, 3.1403546507482023, 3.1408926542019726, 3.1415434997616156], "predicted_p_opt": 0.004474593921356608, "predicted_tts": 223.48396694214875, "p_opt": 0.004467926655005107, "tts": 223.8174610319016, "approx": 0.876159479588629, "opt_gap": -0.12384052041137095, "th": -125.9990005493164}