{"edges": [[3, 4], [3, 14], [3, 17], [4, 15], [4, 2], [26, 27], [26, 10], [26, 23], [27, 12], [27, 20], [12, 16], [12, 24], [16, 5], [16, 19], [5, 13], [5, 18], [13, 11], [13, 15], [15, 7], [14, 22], [14, 8], [22, 20], [22, 0], [17, 21], [17, 8], [21, 24], [21, 23], [8, 18], [18, 0], [6, 11], [6, 7], [6, 9], [11, 25], [19, 25], [19, 10], [1, 24], [1, 2], [1, 20], [2, 9], [10, 23], [0, 25], [7, 9]], "num_nodes": 28, "opt_value": 37, "opt_count": 10, "feasible_count": 268435456, "mean_value": 21.0, "std": 3.24037034920393, "level": 7, "gammas": [3.140312671661377, 3.140834093093872, 3.1412551403045654, 3.1412851810455322, 3.1410043239593506, 3.1404290199279785, 3.1401500701904297], "betas": [3.1405673027038574, 3.141047716140747, 3.1412928104400635, 3.1412417888641357, 3.1407642364501953, 3.1401124000549316, 3.140249013900757], "predicted_p_opt": 8.381903171539307e-06, "predicted_tts": 119304.64711111112, "p_opt": 4.085873343903675e-06, "tts": 244745.71672468734, "approx": 0.7937589905543981, "opt_gap": -0.20624100944560186, "th": -28.905620408313737}