{"N": 18, "edgelist": ["0 1 {}\n", "0 4 {}\n", "0 6 {}\n", "0 8 {}\n", "0 12 {}\n", "0 13 {}\n", "0 15 {}\n", "1 5 {}\n", "1 7 {}\n", "1 9 {}\n", "1 10 {}\n", "1 11 {}\n", "1 12 {}\n", "1 13 {}\n", "1 15 {}\n", "1 16 {}\n", "1 17 {}\n", "2 3 {}\n", "2 4 {}\n", "2 6 {}\n", "2 8 {}\n", "2 9 {}\n", "2 10 {}\n", "2 11 {}\n", "2 12 {}\n", "2 14 {}\n", "2 17 {}\n", "3 5 {}\n", "3 7 {}\n", "3 8 {}\n", "3 9 {}\n", "3 10 {}\n", "3 11 {}\n", "3 12 {}\n", "3 13 {}\n", "3 14 {}\n", "3 15 {}\n", "3 17 {}\n", "4 5 {}\n", "4 12 {}\n", "4 13 {}\n", "4 15 {}\n", "4 16 {}\n", "5 7 {}\n", "5 8 {}\n", "5 9 {}\n", "5 10 {}\n", "5 13 {}\n", "5 15 {}\n", "5 17 {}\n", "6 7 {}\n", "6 11 {}\n", "6 14 {}\n", "6 16 {}\n", "7 8 {}\n", "7 9 {}\n", "7 10 {}\n", "7 11 {}\n", "7 12 {}\n", "7 13 {}\n", "7 15 {}\n", "7 16 {}\n", "8 10 {}\n", "8 12 {}\n", "8 13 {}\n", "8 14 {}\n", "8 15 {}\n", "8 16 {}\n", "9 14 {}\n", "9 15 {}\n", "10 12 {}\n", "10 14 {}\n", "10 15 {}\n", "10 16 {}\n", "10 17 {}\n", "11 12 {}\n", "11 13 {}\n", "11 14 {}\n", "11 17 {}\n", "12 14 {}\n", "12 16 {}\n", "13 14 {}\n", "13 17 {}\n", "14 16 {}\n", "14 17 {}\n", "15 16 {}\n"], "opt_value": 75, "opt_count": 1, "feasible_count": 48620, "mean_value": 65.76470588235294, "std": 2.5036305817682845, "level": 15, "gammas": [3.1414289474487305, 3.1415152549743652, 3.141636371612549, 3.1417601108551025, 3.1418356895446777, 3.1418099403381348, 3.14168643951416, 3.1415011882781982, 3.1412692070007324, 3.1410062313079834, 3.1407575607299805, 3.1405749320983887, 3.140517234802246, 3.1405866146087646, 3.140749931335449], "betas": [3.141738176345825, 3.1418373584747314, 3.1418919563293457, 3.1418867111206055, 3.141813039779663, 3.141662359237671, 3.1414692401885986, 3.1412558555603027, 3.1410372257232666, 3.140847682952881, 3.140728235244751, 3.1407277584075928, 3.140850305557251, 3.1410536766052246, 3.1412994861602783], "predicted_p_opt": 0.019765528589058, "predicted_tts": 50.59313215400624, "p_opt": 0.00929240187670929, "tts": 107.6148032842214, "approx": 0.9744851264608629, "opt_gap": -0.025514873539137062, "th": -72.96102636403043}