{"locs": [[0.62, 0.01], [0.01, 0.04], [0.07, 0.19], [0.65, 0.6], [0.39, 0.09], [0.97, 0.48], [0.3, 0.84], [0.43, 0.36]], "opt_value": 3.035904884338379, "opt_count": 2.0, "feasible_count": 5040.0, "mean_value": 4.5739874839782715, "std": 0.4859325885772705, "level": 1, "gammas": [3.141468769198022], "betas": [3.141562608251253], "predicted_p_opt": 0.0035714285714285713, "predicted_tts": 280.0, "p_opt": 0.003567650046055415, "tts": 280.2965501354746, "approx": 1.50502347946167, "opt_gap": 0.5050234794616699, "th": 3.036904811859131}