{"edges": [[7, 17], [7, 16], [7, 0], [17, 18], [17, 16], [4, 12], [4, 18], [4, 1], [12, 15], [12, 18], [3, 10], [3, 5], [3, 11], [10, 6], [10, 8], [5, 13], [5, 2], [13, 14], [13, 2], [14, 19], [14, 11], [19, 15], [19, 6], [9, 11], [9, 16], [9, 6], [2, 1], [0, 8], [0, 1], [8, 15]], "num_nodes": 20, "opt_value": 25, "opt_count": 14, "feasible_count": 1048576, "mean_value": 15.0, "std": 2.7386127875258306, "level": 13, "gammas": [2.7829535007476807, 2.8012142181396484, 2.8437910079956055, 2.8853907585144043, 2.90614652633667, 2.8989667892456055, 2.867814064025879, 2.8233683109283447, 2.7840046882629395, 2.7743642330169678, 2.6021272484279097, 2.6021272484279097, 2.6021272484279097], "betas": [2.7909562587738037, 2.8259317874908447, 2.868772029876709, 2.899472713470459, 2.906587600708008, 2.885533094406128, 2.8424811363220215, 2.7968246936798096, 2.7737889289855957, 2.7790467739105225, 0.0, 0.0, 0.0], "predicted_p_opt": 0.009733200073242188, "predicted_tts": 102.7411326670586, "p_opt": 0.0023341113844106004, "tts": 428.42856886734035, "approx": 0.89097713521611, "opt_gap": -0.10902286478389, "th": -21.967978492649582}