{"N": 18, "edgelist": ["0 2 {}\n", "0 5 {}\n", "0 6 {}\n", "0 10 {}\n", "0 15 {}\n", "0 17 {}\n", "1 2 {}\n", "1 3 {}\n", "1 4 {}\n", "1 7 {}\n", "1 11 {}\n", "1 13 {}\n", "2 5 {}\n", "2 6 {}\n", "2 7 {}\n", "2 9 {}\n", "2 10 {}\n", "2 11 {}\n", "2 12 {}\n", "2 15 {}\n", "2 17 {}\n", "3 6 {}\n", "3 7 {}\n", "3 12 {}\n", "3 14 {}\n", "3 15 {}\n", "3 17 {}\n", "4 5 {}\n", "4 8 {}\n", "4 11 {}\n", "4 17 {}\n", "5 6 {}\n", "5 7 {}\n", "5 9 {}\n", "5 10 {}\n", "5 11 {}\n", "5 12 {}\n", "5 13 {}\n", "5 14 {}\n", "5 15 {}\n", "6 7 {}\n", "6 9 {}\n", "6 11 {}\n", "6 12 {}\n", "6 13 {}\n", "6 14 {}\n", "6 15 {}\n", "6 16 {}\n", "6 17 {}\n", "7 9 {}\n", "7 10 {}\n", "7 11 {}\n", "7 12 {}\n", "7 16 {}\n", "7 17 {}\n", "8 9 {}\n", "8 12 {}\n", "8 13 {}\n", "8 14 {}\n", "8 15 {}\n", "8 16 {}\n", "9 10 {}\n", "9 11 {}\n", "9 14 {}\n", "9 15 {}\n", "9 17 {}\n", "10 13 {}\n", "10 14 {}\n", "10 15 {}\n", "10 16 {}\n", "11 12 {}\n", "11 16 {}\n", "12 13 {}\n", "12 14 {}\n", "13 14 {}\n", "13 16 {}\n", "13 17 {}\n", "14 16 {}\n", "14 17 {}\n", "15 17 {}\n"], "opt_value": 71, "opt_count": 1, "feasible_count": 48620, "mean_value": 61.1764705882353, "std": 2.7830430682479896, "level": 93, "gammas": [0.15983670949935913, 0.2703145444393158, 0.2796814739704132, 0.283720999956131, 0.2853515148162842, 0.2859996259212494, 0.28600582480430603, 0.28602972626686096, 0.2859313488006592, 0.28567788004875183, 0.28532376885414124, 0.28482162952423096, 0.28398507833480835, 0.28280580043792725, 0.28051671385765076, 0.27678799629211426, 0.27087172865867615, 0.2626110017299652, 0.25457140803337097, 0.24500343203544617, 0.2441316694021225, 0.2411254197359085, 0.2663266658782959, 0.23579545319080353, 0.2339550405740738, 0.2458639293909073, 0.24960020184516907, 0.25084948539733887, 0.25162410736083984, 0.25188812613487244, 0.2515614628791809, 0.2507103383541107, 0.24970725178718567, 0.24929925799369812, 0.24902671575546265, 0.24874448776245117, 0.24830509722232819, 0.24795052409172058, 0.2477763593196869, 0.24808402359485626, 0.24846191704273224, 0.24927838146686554, 0.24932493269443512, 0.24911688268184662, 0.2495974749326706, 0.19666802883148193, -0.14060214161872864, -0.23227162659168243, -0.2675427198410034, -0.26916348934173584, -0.26890143752098083, -0.2689582407474518, -0.269071102142334, -0.2689635753631592, -0.26915934681892395, -0.26921260356903076, -0.2695421278476715, -0.2699204683303833, -0.27035072445869446, -0.27099862694740295, -0.2716250419616699, -0.2719566226005554, -0.271964967250824, -0.2718391418457031, -0.27172040939331055, -0.27176475524902344, -0.2676805853843689, -0.28883394598960876, -0.2636675536632538, -0.2750551104545593, -0.27652737498283386, -0.28014522790908813, -0.283840149641037, -0.2845962345600128, -0.2866993248462677, -0.2878471314907074, -0.2881867289543152, -0.28833192586898804, -0.28850841522216797, -0.28864675760269165, -0.28875479102134705, -0.2890301048755646, -0.2892361581325531, -0.28937894105911255, -0.2895335853099823, -0.2898685932159424, -0.28925949335098267, -0.2893916666507721, -0.289770245552063, -0.28782278299331665, -0.2857884466648102, -0.287003755569458, -0.2823457419872284], "betas": [-2.7105443477630615, -2.6889777183532715, -2.715771436691284, -2.7211763858795166, -2.7298314571380615, -2.735563278198242, -2.7385687828063965, -2.7365939617156982, -2.736293315887451, -2.7346854209899902, -2.731396436691284, -2.7280731201171875, -2.7176833152770996, -2.7030701637268066, -2.680494785308838, -2.6454827785491943, -2.59181809425354, -2.518009662628174, -2.4606785774230957, -2.369887113571167, -1.9529815912246704, -2.240147590637207, -2.0754079818725586, -2.2836101055145264, -2.3460776805877686, -2.3693184852600098, -2.3744211196899414, -2.375168561935425, -2.3732311725616455, -2.367111921310425, -2.3562777042388916, -2.347705364227295, -2.339419364929199, -2.3356266021728516, -2.331207513809204, -2.3254854679107666, -2.3174209594726562, -2.316415786743164, -2.3202199935913086, -2.321986675262451, -2.312647581100464, -2.31223726272583, -2.3558921813964844, -2.434659957885742, -2.2737207412719727, 1.839766263961792, 2.939976930618286, 2.584385633468628, 2.5600295066833496, 2.5472090244293213, 2.546457290649414, 2.5479977130889893, 2.549034595489502, 2.548379898071289, 2.5462288856506348, 2.5486319065093994, 2.5539181232452393, 2.5613250732421875, 2.5718138217926025, 2.5795226097106934, 2.587167978286743, 2.592454671859741, 2.5951457023620605, 2.5950281620025635, 2.597050189971924, 2.6159069538116455, 2.600648880004883, 2.303704261779785, 2.574312210083008, 2.666114568710327, 2.7325825691223145, 2.7584609985351562, 2.739508628845215, 2.769912004470825, 2.7624988555908203, 2.765186071395874, 2.76796293258667, 2.7707722187042236, 2.773486375808716, 2.7756102085113525, 2.777601718902588, 2.7793240547180176, 2.781921625137329, 2.7837584018707275, 2.785189628601074, 2.786672592163086, 2.8006670475006104, 2.778465986251831, 2.7292449474334717, 2.73577618598938, 2.7776758670806885, 2.8145434856414795, 2.8814876079559326], "predicted_p_opt": 0.7192307692307692, "predicted_tts": 1.3903743315508021, "p_opt": 0.41730214349605677, "tts": 2.396345227518462, "approx": 0.9210686600262159, "opt_gap": -0.0789313399737841}