{"edges": [[0, 1], [0, 6], [0, 7], [0, 10], [0, 14], [1, 2], [1, 4], [1, 12], [2, 3], [2, 4], [2, 6], [2, 7], [2, 9], [2, 11], [2, 12], [3, 7], [3, 14], [4, 7], [4, 8], [4, 14], [5, 6], [5, 9], [5, 11], [5, 14], [6, 8], [7, 12], [8, 10], [8, 11], [8, 12], [10, 12], [11, 14], [12, 14], [13, 14]], "num_nodes": 15, "num_colors": 3, "opt_value": 33, "opt_count": 84, "feasible_count": 14348907, "mean_value": 22.0, "std": 2.70801280154532, "level": 57, "gammas": [3.141592802334828, 3.1415926544840262, 3.1415925574233996, 3.141592531722605, 3.141592530874505, 3.1415925536552836, 3.141592578448541, 3.1415925995549614, 3.141592619750961, 3.1415926263574714, 3.1415926109579044, 3.1415925977197703, 3.1415925719577733, 3.1415925509462173, 3.1415925393282844, 3.141592528051999, 3.141592523709253, 3.1415925347197438, 3.1415925336459947, 3.141592519733156, 3.1415924675026323, 3.141592428821422, 3.1415923857734747, 3.1415923198793654, 3.1415922391428577, 3.1415920006924054, 3.1415916449456103, 3.141590845436056, 3.141589806707676, 3.141589831558081, 3.1415906341905226, 3.1415880607138305, 3.141581228606895, 3.1415751602411084, 3.1415657983041276, 3.141565586151847, 3.141571552692657, 3.1415685071986665, 3.1415535891716666, 3.1415421809962223, 3.141496849787794, 3.1414748634416934, 3.141433240462729, 3.1414128909184833, 3.141302574651507, 3.141247656417727, 3.1412449759155954, 3.1412985676914937, 3.140911728970224, 3.1406467842867305, 3.1407254170170984, 3.1406092202505795, 3.1399715250318483, 3.1379972602657333, 3.1394433401499526, 3.133573786885917, 3.1386576983941903], "betas": [3.1415925890538103, 3.1415927109843453, 3.1415927673967317, 3.141592782970673, 3.1415927687751877, 3.1415927400465833, 3.1415927177908034, 3.141592697332686, 3.1415926870423667, 3.141592693335168, 3.1415927073218888, 3.141592725424116, 3.1415927439171183, 3.1415927570519018, 3.1415927618420865, 3.14159275763701, 3.1415927531021888, 3.141592737933552, 3.141592701890487, 3.1415926396975364, 3.1415925742306805, 3.141592525165402, 3.1415924799191153, 3.141592438937406, 3.1415923163886625, 3.1415920394313903, 3.1415915458785353, 3.1415904800112067, 3.1415898388367793, 3.1415904385103204, 3.1415902682056616, 3.14158476500088, 3.141578488839329, 3.141570603676021, 3.1415640127588107, 3.1415691133218178, 3.1415721805765093, 3.1415612289038686, 3.1415495089938292, 3.14152294038287, 3.1414807247187237, 3.141459831519003, 3.141417860664304, 3.141378745158592, 3.1412461187866993, 3.1412625640873335, 3.141252978790955, 3.141208112039366, 3.140628278556904, 3.1408354923249626, 3.140492691043125, 3.140721804054706, 3.1384140430170198, 3.1394730580133734, 3.136098168499727, 3.135183305654804, 3.1408608982304873], "predicted_p_opt": 0.07742053105508315, "predicted_tts": 12.916470429381583, "p_opt": 0.075443174748712, "tts": 13.255009526452524, "approx": 0.6918125386680385, "opt_gap": -0.3081874613319615, "th": -32.999000549316406}