{"N": 24, "edgelist": ["0 1 {}\n", "0 5 {}\n", "0 9 {}\n", "0 14 {}\n", "0 15 {}\n", "0 17 {}\n", "0 18 {}\n", "0 22 {}\n", "0 23 {}\n", "1 2 {}\n", "1 3 {}\n", "1 4 {}\n", "1 5 {}\n", "1 6 {}\n", "1 7 {}\n", "1 10 {}\n", "1 12 {}\n", "1 13 {}\n", "1 14 {}\n", "1 19 {}\n", "2 4 {}\n", "2 6 {}\n", "2 8 {}\n", "2 11 {}\n", "2 14 {}\n", "2 16 {}\n", "2 18 {}\n", "2 19 {}\n", "2 22 {}\n", "3 4 {}\n", "3 5 {}\n", "3 6 {}\n", "3 7 {}\n", "3 9 {}\n", "3 13 {}\n", "3 17 {}\n", "3 19 {}\n", "3 23 {}\n", "4 5 {}\n", "4 6 {}\n", "4 7 {}\n", "4 10 {}\n", "4 11 {}\n", "4 12 {}\n", "4 14 {}\n", "4 17 {}\n", "4 18 {}\n", "4 19 {}\n", "4 23 {}\n", "5 7 {}\n", "5 8 {}\n", "5 9 {}\n", "5 10 {}\n", "5 11 {}\n", "5 13 {}\n", "5 14 {}\n", "5 15 {}\n", "5 16 {}\n", "5 18 {}\n", "5 20 {}\n", "5 21 {}\n", "5 22 {}\n", "5 23 {}\n", "6 7 {}\n", "6 11 {}\n", "6 13 {}\n", "6 14 {}\n", "6 15 {}\n", "6 19 {}\n", "6 20 {}\n", "6 22 {}\n", "7 11 {}\n", "7 14 {}\n", "7 16 {}\n", "7 17 {}\n", "7 18 {}\n", "7 20 {}\n", "7 21 {}\n", "7 23 {}\n", "8 10 {}\n", "8 11 {}\n", "8 13 {}\n", "8 14 {}\n", "8 15 {}\n", "8 16 {}\n", "8 17 {}\n", "8 19 {}\n", "8 20 {}\n", "8 21 {}\n", "8 22 {}\n", "8 23 {}\n", "9 10 {}\n", "9 11 {}\n", "9 13 {}\n", "9 14 {}\n", "9 16 {}\n", "9 18 {}\n", "9 22 {}\n", "9 23 {}\n", "10 13 {}\n", "10 14 {}\n", "10 17 {}\n", "10 19 {}\n", "10 20 {}\n", "10 21 {}\n", "10 22 {}\n", "10 23 {}\n", "11 12 {}\n", "11 13 {}\n", "11 14 {}\n", "11 17 {}\n", "11 18 {}\n", "11 19 {}\n", "11 20 {}\n", "11 21 {}\n", "11 22 {}\n", "11 23 {}\n", "12 14 {}\n", "12 15 {}\n", "12 16 {}\n", "12 18 {}\n", "12 19 {}\n", "12 20 {}\n", "12 21 {}\n", "12 22 {}\n", "13 15 {}\n", "13 19 {}\n", "13 20 {}\n", "13 22 {}\n", "14 15 {}\n", "14 18 {}\n", "14 19 {}\n", "14 21 {}\n", "14 22 {}\n", "14 23 {}\n", "15 18 {}\n", "15 19 {}\n", "15 22 {}\n", "15 23 {}\n", "16 18 {}\n", "16 20 {}\n", "16 22 {}\n", "17 18 {}\n", "17 20 {}\n", "18 20 {}\n", "18 21 {}\n", "18 23 {}\n", "19 20 {}\n", "19 22 {}\n", "19 23 {}\n", "20 21 {}\n", "20 23 {}\n", "21 22 {}\n", "21 23 {}\n", "22 23 {}\n"], "opt_value": 134, "opt_count": 6, "feasible_count": 2704156, "mean_value": 117.93478260869566, "std": 3.976495552393698, "level": 33, "gammas": [3.1415927645964823, 3.1415928638794184, 3.141592805591099, 3.141592770352326, 3.1415927441928364, 3.141592729538534, 3.141592736758957, 3.141592736944378, 3.1415927395533942, 3.1415927280225535, 3.1415927350876602, 3.141592760901222, 3.1415927771102434, 3.1415927613369368, 3.141592701032728, 3.141592595727976, 3.141592476611012, 3.1415922052887826, 3.141591949870535, 3.141591579225828, 3.141591483891987, 3.1415904076216408, 3.141588993575499, 3.141580683937975, 3.14156794554099, 3.1415609535442712, 3.1414889462182556, 3.1415012711123937, 3.141445259256076, 3.141460509923043, 3.141081252535044, 3.139921648049797, 3.1411754523400783], "betas": [3.1415924789029397, 3.1415924751315627, 3.141592519771266, 3.1415925521585177, 3.1415925689582007, 3.1415925713403845, 3.1415925695849802, 3.141592573202998, 3.141592575318167, 3.141592569010078, 3.1415925483977953, 3.141592510768913, 3.141592476707494, 3.141592471566155, 3.141592490050844, 3.1415924915983755, 3.1415923050303296, 3.141591844602409, 3.1415912426830177, 3.141590775674581, 3.1415909560486774, 3.1415900403298087, 3.1415885318154277, 3.1415709754825287, 3.141564819413286, 3.1415238097040645, 3.1414987722764307, 3.141502722114108, 3.1413299566385535, 3.14161542653355, 3.140161246831052, 3.140503239804009, 3.1415041675781987], "predicted_p_opt": 0.009960224188249494, "predicted_tts": 100.39934655082796, "p_opt": 0.009927208193044327, "tts": 100.733255569342, "approx": 0.8813002305773233, "opt_gap": -0.11869976942267668, "th": -133.99899291992188}