{"edges": [[0, 6], [0, 8], [0, 11], [1, 4], [1, 9], [1, 10], [2, 4], [2, 9], [3, 4], [3, 6], [4, 5], [4, 7], [4, 9], [4, 11], [5, 7], [5, 8], [5, 11], [6, 8], [7, 9], [7, 10], [8, 9], [8, 10], [9, 11], [10, 11]], "num_nodes": 12, "num_colors": 3, "opt_value": 24, "opt_count": 42, "feasible_count": 531441, "mean_value": 16.0, "std": 2.309401076758503, "level": 32, "gammas": [0.19288847820153499, 0.25658646622563525, 0.22956598558257546, 0.385639690652677, 0.21025784502029043, 0.21572121373521475, 0.29730046330102206, 0.10466556059267339, 0.30612548082451674, 0.2788704479325913, 0.19858083059001225, 0.30825685058172897, 0.3346796567006512, 0.27274411941518145, 0.25808086933356716, 0.3189537541708897, 0.29039225452925466, 0.31096204803992145, 0.2962979704611453, 0.28523498990718804, 0.3234065403620015, 0.33449426735130094, 0.48134714782944776, 0.5264725555124833, 0.49116829296217296, 0.412378611724477, 0.39455522514332203, 0.3777397669159292, 0.37708300041019993, 0.38726146529917094, 0.39381330691614513, 0.402783360383786], "betas": [-2.5052234141421197, -1.2983637680819926, -2.0246659744954214, -2.243768927452756, -1.1853928388274064, -2.390535059348398, -1.4640481567927044, -1.1837331461820273, -1.9688615815698527, -1.3185253696753727, -1.4897720863682766, -1.923955599407723, -1.7779529642479335, -1.3497068916595703, -1.5966103721199634, -1.6058343510076556, -1.4526329294312785, -1.4880902577575847, -1.669031908743951, -1.5817848714764857, -1.2651896631867159, -1.7904449581711233, -2.0281343933402134, 4.045181815396635, 3.8367366120732784, 3.8409750721037024, 3.8834112447441456, 3.950180439028516, 3.948693687437599, 3.9107613436101234, 3.8687351495717213, 3.7696243349722582], "predicted_p_opt": 0.3339034812895505, "predicted_tts": 2.9948774302620453, "p_opt": 0.01228270127465252, "tts": 81.41531554330587, "approx": 0.9301361837757501, "opt_gap": -0.06986381622424986}