{"N": 20, "edgelist": ["0 1 {}\n", "0 2 {}\n", "0 7 {}\n", "0 8 {}\n", "0 11 {}\n", "0 15 {}\n", "0 19 {}\n", "1 2 {}\n", "1 4 {}\n", "1 5 {}\n", "1 6 {}\n", "1 8 {}\n", "1 10 {}\n", "1 11 {}\n", "1 12 {}\n", "1 13 {}\n", "1 14 {}\n", "1 15 {}\n", "1 17 {}\n", "1 19 {}\n", "2 3 {}\n", "2 4 {}\n", "2 5 {}\n", "2 7 {}\n", "2 8 {}\n", "2 12 {}\n", "2 14 {}\n", "2 15 {}\n", "2 17 {}\n", "2 19 {}\n", "3 4 {}\n", "3 6 {}\n", "3 11 {}\n", "3 12 {}\n", "3 13 {}\n", "3 18 {}\n", "4 5 {}\n", "4 7 {}\n", "4 9 {}\n", "4 11 {}\n", "4 13 {}\n", "4 14 {}\n", "4 16 {}\n", "4 19 {}\n", "5 7 {}\n", "5 8 {}\n", "5 10 {}\n", "5 11 {}\n", "5 13 {}\n", "5 14 {}\n", "6 7 {}\n", "6 8 {}\n", "6 9 {}\n", "6 10 {}\n", "6 11 {}\n", "6 13 {}\n", "6 16 {}\n", "6 17 {}\n", "7 8 {}\n", "7 11 {}\n", "7 14 {}\n", "7 15 {}\n", "8 9 {}\n", "8 11 {}\n", "8 12 {}\n", "8 14 {}\n", "8 15 {}\n", "8 16 {}\n", "8 17 {}\n", "8 18 {}\n", "8 19 {}\n", "9 10 {}\n", "9 14 {}\n", "9 15 {}\n", "9 16 {}\n", "10 11 {}\n", "10 14 {}\n", "10 16 {}\n", "10 17 {}\n", "10 18 {}\n", "10 19 {}\n", "11 12 {}\n", "11 13 {}\n", "11 14 {}\n", "11 17 {}\n", "12 14 {}\n", "12 15 {}\n", "12 16 {}\n", "12 17 {}\n", "12 19 {}\n", "13 19 {}\n", "14 15 {}\n", "14 17 {}\n", "14 19 {}\n", "15 16 {}\n", "15 17 {}\n", "16 17 {}\n", "16 18 {}\n", "16 19 {}\n", "17 19 {}\n"], "opt_value": 89, "opt_count": 3, "feasible_count": 184756, "mean_value": 76.3157894736842, "std": 3.4595358739892568, "level": 27, "gammas": [0.12542712688446045, 0.21468448638916016, 0.22685980796813965, 0.228846475481987, 0.2284216284751892, 0.22807757556438446, 0.22801610827445984, 0.2281845510005951, 0.22845198214054108, 0.2287372350692749, 0.22875383496284485, 0.22886265814304352, 0.22905051708221436, 0.22914941608905792, 0.22925378382205963, 0.22914279997348785, 0.22918890416622162, 0.2293800264596939, 0.22941771149635315, 0.22942720353603363, 0.22952324151992798, 0.22965767979621887, 0.22987514734268188, 0.23078839480876923, 0.22881291806697845, 0.23528099060058594, 0.21812184154987335], "betas": [-2.840407371520996, -2.8137056827545166, -2.796513557434082, -2.8032383918762207, -2.814845085144043, -2.8260810375213623, -2.835374355316162, -2.8434743881225586, -2.8484389781951904, -2.8493735790252686, -2.8515050411224365, -2.8544201850891113, -2.857555389404297, -2.859220266342163, -2.858689308166504, -2.860271453857422, -2.862305164337158, -2.863840341567993, -2.8639283180236816, -2.8635640144348145, -2.864021062850952, -2.865482807159424, -2.8703129291534424, -2.8803560733795166, -2.959212303161621, -2.7654712200164795, -2.914189100265503], "predicted_p_opt": 0.04911883781852822, "predicted_tts": 20.35878787878788, "p_opt": 0.035374563187360764, "tts": 28.268900302839565, "approx": 0.8594604730606079, "opt_gap": -0.1405395269393921}