{"N": 20, "edgelist": ["0 1 {}\n", "0 2 {}\n", "0 3 {}\n", "0 4 {}\n", "0 5 {}\n", "0 10 {}\n", "0 12 {}\n", "0 14 {}\n", "0 15 {}\n", "0 16 {}\n", "0 18 {}\n", "0 19 {}\n", "1 2 {}\n", "1 3 {}\n", "1 4 {}\n", "1 5 {}\n", "1 8 {}\n", "1 11 {}\n", "1 13 {}\n", "1 14 {}\n", "1 16 {}\n", "1 17 {}\n", "1 18 {}\n", "2 3 {}\n", "2 4 {}\n", "2 6 {}\n", "2 7 {}\n", "2 9 {}\n", "2 12 {}\n", "2 13 {}\n", "2 14 {}\n", "2 15 {}\n", "3 5 {}\n", "3 10 {}\n", "3 11 {}\n", "3 14 {}\n", "3 16 {}\n", "3 17 {}\n", "3 18 {}\n", "3 19 {}\n", "4 5 {}\n", "4 6 {}\n", "4 7 {}\n", "4 10 {}\n", "4 12 {}\n", "4 13 {}\n", "4 14 {}\n", "4 15 {}\n", "4 19 {}\n", "5 6 {}\n", "5 7 {}\n", "5 8 {}\n", "5 10 {}\n", "5 12 {}\n", "5 13 {}\n", "5 15 {}\n", "5 16 {}\n", "5 17 {}\n", "6 7 {}\n", "6 8 {}\n", "6 11 {}\n", "6 13 {}\n", "6 15 {}\n", "6 16 {}\n", "6 17 {}\n", "6 18 {}\n", "7 8 {}\n", "7 9 {}\n", "7 15 {}\n", "7 16 {}\n", "7 17 {}\n", "7 19 {}\n", "8 9 {}\n", "8 11 {}\n", "8 13 {}\n", "8 14 {}\n", "8 16 {}\n", "8 17 {}\n", "8 19 {}\n", "9 10 {}\n", "9 12 {}\n", "9 13 {}\n", "9 15 {}\n", "9 16 {}\n", "10 13 {}\n", "10 14 {}\n", "10 15 {}\n", "10 18 {}\n", "11 14 {}\n", "11 18 {}\n", "11 19 {}\n", "12 18 {}\n", "12 19 {}\n", "13 18 {}\n", "13 19 {}\n", "14 17 {}\n", "14 19 {}\n", "15 16 {}\n", "15 18 {}\n", "16 18 {}\n", "16 19 {}\n"], "opt_value": 87, "opt_count": 4, "feasible_count": 184756, "mean_value": 77.07894736842105, "std": 2.6219405535937996, "level": 27, "gammas": [-0.16680540197672958, -0.28505601710362094, -0.30165167073319193, -0.3028016331030595, -0.3015494109836222, -0.30056886137050615, -0.30057280847639173, -0.30152895408700175, -0.3036602706990286, -0.3066772622207105, -0.30996479894398177, -0.31228927215285374, -0.15713340386699662, 0.2886084393790283, 0.2907536797253119, 0.2968901582326312, 0.29901716754638824, 0.29961304887298373, 0.2996950242613212, 0.30000499770896144, 0.3003828616826907, 0.3012055355626101, 0.3021716904781489, 0.3029682709169023, 0.30223865312007225, 0.30049071829962926, 0.2842782085633482], "betas": [2.920263885543961, 2.899605478666193, 2.909876208298931, 2.9165270671187606, 2.919163255098031, 2.9206769189071076, 2.925630035197959, 2.936537022012004, 2.9553774556761483, 2.9963978599627947, 3.118983728458884, 3.8439139672650207, 1.3895236142020406, -3.1625902839624644, -2.893628598231079, -2.874175386437395, -2.892906490466004, -2.9097996523863308, -2.920842456774661, -2.928718560158786, -2.9402300592304123, -2.9557109918698354, -2.9777532628687324, -3.0018144597843386, -3.0155838355209093, -2.759975928993963, -2.9260925842008163], "predicted_p_opt": 0.06549178375803763, "predicted_tts": 15.269090909090908, "p_opt": 0.04213549740258056, "tts": 23.73295823342424, "approx": 0.9022603591575212, "opt_gap": -0.09773964084247877}