{"N": 20, "edgelist": ["0 1 {}\n", "0 2 {}\n", "0 3 {}\n", "0 4 {}\n", "0 5 {}\n", "0 12 {}\n", "0 13 {}\n", "0 14 {}\n", "0 15 {}\n", "0 19 {}\n", "1 2 {}\n", "1 4 {}\n", "1 5 {}\n", "1 6 {}\n", "1 8 {}\n", "1 10 {}\n", "1 14 {}\n", "1 17 {}\n", "1 19 {}\n", "2 3 {}\n", "2 4 {}\n", "2 6 {}\n", "2 7 {}\n", "2 8 {}\n", "2 9 {}\n", "2 11 {}\n", "2 13 {}\n", "2 18 {}\n", "2 19 {}\n", "3 4 {}\n", "3 9 {}\n", "3 11 {}\n", "3 14 {}\n", "3 15 {}\n", "3 18 {}\n", "4 6 {}\n", "4 8 {}\n", "4 9 {}\n", "4 10 {}\n", "4 11 {}\n", "4 12 {}\n", "4 14 {}\n", "4 17 {}\n", "4 18 {}\n", "5 8 {}\n", "5 10 {}\n", "5 11 {}\n", "5 13 {}\n", "5 15 {}\n", "5 17 {}\n", "6 7 {}\n", "6 9 {}\n", "6 11 {}\n", "6 14 {}\n", "6 16 {}\n", "6 17 {}\n", "6 18 {}\n", "7 13 {}\n", "7 14 {}\n", "7 15 {}\n", "8 9 {}\n", "8 10 {}\n", "8 11 {}\n", "8 12 {}\n", "8 14 {}\n", "8 15 {}\n", "8 16 {}\n", "8 18 {}\n", "9 11 {}\n", "9 13 {}\n", "9 15 {}\n", "9 16 {}\n", "9 17 {}\n", "10 13 {}\n", "10 18 {}\n", "10 19 {}\n", "11 12 {}\n", "11 14 {}\n", "11 17 {}\n", "11 18 {}\n", "12 14 {}\n", "13 18 {}\n", "14 15 {}\n", "14 17 {}\n", "15 16 {}\n", "15 17 {}\n", "15 19 {}\n", "16 18 {}\n", "17 18 {}\n", "17 19 {}\n", "18 19 {}\n"], "opt_value": 81, "opt_count": 4, "feasible_count": 184756, "mean_value": 69.44736842105263, "std": 3.217047885804631, "level": 27, "gammas": [0.13668058812618256, 0.2336510419845581, 0.24743148684501648, 0.2489815652370453, 0.25110775232315063, 0.25023743510246277, 0.2504214644432068, 0.25097236037254333, 0.25158458948135376, 0.25226080417633057, 0.2533396780490875, 0.25495460629463196, 0.2572462260723114, 0.2608981430530548, 0.26626238226890564, 0.14054523408412933, -0.2628462016582489, -0.25527384877204895, -0.2557154893875122, -0.2541937828063965, -0.2528771758079529, -0.251962274312973, -0.2514541447162628, -0.2511436343193054, -0.2510264217853546, -0.25041255354881287, -0.24393042922019958], "betas": [-2.8620011806488037, -2.799955368041992, -2.7826812267303467, -2.7607340812683105, -2.8041343688964844, -2.8230414390563965, -2.8351776599884033, -2.8440988063812256, -2.85077166557312, -2.857037305831909, -2.8660223484039307, -2.884068727493286, -2.9321858882904053, -3.0805439949035645, -3.8855504989624023, -1.2707324028015137, 3.26847243309021, 2.9518516063690186, 2.8774962425231934, 2.8561224937438965, 2.8494701385498047, 2.844691753387451, 2.840231418609619, 2.8373725414276123, 2.8380520343780518, 2.8462064266204834, 2.876819133758545], "predicted_p_opt": 0.06549178375803763, "predicted_tts": 15.269090909090908, "p_opt": 0.03876205161213875, "tts": 25.79842806067673, "approx": 0.8900647759437561, "opt_gap": -0.1099352240562439}