{"edges": [[0, 1], [0, 2], [0, 3], [0, 4], [0, 9], [0, 13], [1, 2], [1, 11], [2, 4], [2, 6], [2, 7], [2, 9], [2, 10], [3, 6], [3, 7], [3, 11], [3, 12], [4, 5], [4, 6], [4, 11], [4, 12], [4, 13], [5, 6], [5, 7], [5, 8], [5, 9], [5, 10], [5, 11], [5, 12], [6, 9], [7, 11], [7, 13], [8, 9], [9, 11], [11, 13]], "num_nodes": 14, "num_colors": 3, "opt_value": 35, "opt_count": 12, "feasible_count": 4782969, "mean_value": 23.333333333333332, "std": 2.7888667551135855, "level": 65, "gammas": [-0.12377146631479263, -0.20475469529628754, -0.20926181972026825, -0.19568699598312378, -0.18010424077510834, -0.2009754627943039, -0.1873532086610794, -0.17802411317825317, -0.17967721819877625, -0.18369311094284058, -0.19056645035743713, -0.19172464311122894, -0.18577896058559418, -0.18025647103786469, -0.18207350373268127, -0.18732880055904388, -0.1890890896320343, -0.18579968810081482, -0.18092429637908936, -0.18039509654045105, -0.18528665602207184, -0.19061744213104248, -0.19227434694766998, -0.1892981082201004, -0.18371464312076569, -0.17976221442222595, -0.18072958290576935, -0.18662142753601074, -0.1918794959783554, -0.18554390966892242, -0.18958567082881927, -0.19741035997867584, -0.17896908521652222, -0.1836722046136856, -0.1953611969947815, -0.2029961496591568, -0.1659718155860901, 0.12538371980190277, 0.20532338321208954, 0.2265480011701584, 0.21829049289226532, 0.21139277517795563, 0.21641354262828827, 0.21100342273712158, 0.21332009136676788, 0.21516013145446777, 0.2163381576538086, 0.21669282019138336, 0.21707980334758759, 0.21809163689613342, 0.21921588480472565, 0.22022627294063568, 0.2211962640285492, 0.2219545990228653, 0.2229665368795395, 0.22429999709129333, 0.2259041666984558, 0.22768349945545197, 0.2299375832080841, 0.23231755197048187, 0.23498618602752686, 0.24084007740020752, 0.23434510827064514, 0.2552383542060852, 0.24044376611709595], "betas": [2.634427309036255, 2.4372119903564453, 2.2920148372650146, 1.9745683670043945, 1.9961981773376465, 1.9946383237838745, 2.20595383644104, 2.056277275085449, 2.0209898948669434, 2.125765562057495, 2.1589763164520264, 2.1213951110839844, 2.0536582469940186, 2.033956289291382, 2.079458236694336, 2.1189236640930176, 2.1072542667388916, 2.058684825897217, 2.0295774936676025, 2.060318946838379, 2.1194968223571777, 2.154205322265625, 2.1431760787963867, 2.094977378845215, 2.043187141418457, 2.037043333053589, 2.085855484008789, 2.114392042160034, 2.159115791320801, 2.202324867248535, 2.017030954360962, 2.0328304767608643, 1.9517573118209839, 2.1543169021606445, 2.2566115856170654, 2.2432467937469482, -1.9545522928237915, -3.027878522872925, -2.574842929840088, -2.454963445663452, -2.312533378601074, -2.364784002304077, -2.407480478286743, -2.445736885070801, -2.4536588191986084, -2.4616079330444336, -2.464095115661621, -2.4716696739196777, -2.482635021209717, -2.4933204650878906, -2.5044426918029785, -2.5162124633789062, -2.5296919345855713, -2.544351100921631, -2.5577921867370605, -2.5725278854370117, -2.5930724143981934, -2.622609853744507, -2.6520707607269287, -2.6907665729522705, -2.701899528503418, -2.769089698791504, -2.8680577278137207, -2.8046164512634277, -2.967158794403076], "predicted_p_opt": 0.043055265463773654, "predicted_tts": 23.225962939222654, "p_opt": 0.028936834505850658, "tts": 34.558030174233906, "approx": 0.6291968202076036, "opt_gap": -0.3708031797923964}