{"N": 24, "edgelist": ["0 2 {}\n", "0 5 {}\n", "0 6 {}\n", "0 10 {}\n", "0 12 {}\n", "0 16 {}\n", "0 21 {}\n", "0 22 {}\n", "1 3 {}\n", "1 7 {}\n", "1 8 {}\n", "1 10 {}\n", "1 11 {}\n", "1 13 {}\n", "1 15 {}\n", "1 17 {}\n", "1 18 {}\n", "1 22 {}\n", "2 6 {}\n", "2 7 {}\n", "2 13 {}\n", "2 14 {}\n", "2 15 {}\n", "2 16 {}\n", "2 22 {}\n", "3 4 {}\n", "3 5 {}\n", "3 6 {}\n", "3 11 {}\n", "3 17 {}\n", "3 18 {}\n", "3 22 {}\n", "4 6 {}\n", "4 7 {}\n", "4 10 {}\n", "4 12 {}\n", "4 18 {}\n", "4 20 {}\n", "4 21 {}\n", "4 23 {}\n", "5 6 {}\n", "5 7 {}\n", "5 14 {}\n", "5 17 {}\n", "5 18 {}\n", "5 22 {}\n", "6 8 {}\n", "6 12 {}\n", "6 17 {}\n", "6 19 {}\n", "6 20 {}\n", "6 22 {}\n", "7 8 {}\n", "7 12 {}\n", "7 15 {}\n", "7 16 {}\n", "7 20 {}\n", "7 21 {}\n", "7 23 {}\n", "8 10 {}\n", "8 11 {}\n", "8 12 {}\n", "8 15 {}\n", "8 17 {}\n", "8 18 {}\n", "8 20 {}\n", "8 21 {}\n", "8 22 {}\n", "8 23 {}\n", "9 10 {}\n", "9 11 {}\n", "9 14 {}\n", "9 16 {}\n", "9 18 {}\n", "9 20 {}\n", "9 22 {}\n", "9 23 {}\n", "10 14 {}\n", "10 16 {}\n", "10 18 {}\n", "10 19 {}\n", "10 20 {}\n", "10 22 {}\n", "10 23 {}\n", "11 13 {}\n", "11 14 {}\n", "11 15 {}\n", "11 16 {}\n", "11 18 {}\n", "11 19 {}\n", "11 20 {}\n", "11 22 {}\n", "11 23 {}\n", "12 13 {}\n", "12 14 {}\n", "12 17 {}\n", "12 20 {}\n", "12 21 {}\n", "12 23 {}\n", "13 17 {}\n", "13 18 {}\n", "13 19 {}\n", "13 21 {}\n", "13 22 {}\n", "14 15 {}\n", "14 16 {}\n", "14 17 {}\n", "14 22 {}\n", "14 23 {}\n", "15 16 {}\n", "15 18 {}\n", "15 19 {}\n", "15 20 {}\n", "15 22 {}\n", "16 18 {}\n", "16 19 {}\n", "16 21 {}\n", "16 22 {}\n", "16 23 {}\n", "17 18 {}\n", "17 20 {}\n", "17 23 {}\n", "18 19 {}\n", "18 22 {}\n", "19 21 {}\n", "20 22 {}\n", "21 22 {}\n", "21 23 {}\n", "22 23 {}\n"], "opt_value": 114, "opt_count": 2, "feasible_count": 2704156, "mean_value": 98.15217391304348, "std": 3.612239149283669, "level": 47, "gammas": [1.772367238998413, 1.7608449459075928, 1.7523146867752075, 1.7467790842056274, 1.744335651397705, 1.7449357509613037, 1.7483916282653809, 1.7543835639953613, 1.7624670267105103, 1.7722574472427368, 1.7835257053375244, 1.79604172706604, 1.8093668222427368, 1.8229336738586426, 1.8362171649932861, 1.8488129377365112, 1.860409140586853, 1.8707612752914429, 1.879669427871704, 1.8869622945785522, 1.8924994468688965, 1.896173357963562, 1.8979133367538452, 1.897689700126648, 1.895506501197815, 1.8914201259613037, 1.885521650314331, 1.8779255151748657, 1.8687827587127686, 1.8582696914672852, 1.8465694189071655, 1.8339014053344727, 1.8205485343933105, 1.8069182634353638, 1.7935608625411987, 1.7809921503067017, 1.7694954872131348, 1.759326457977295, 1.7510262727737427, 1.7450733184814453, 1.7417724132537842, 1.7413231134414673, 1.7439101934432983, 1.7494771480560303, 1.757378339767456, 1.7687873840332031, 2.6021272484279097], "betas": [1.765203595161438, 1.7554504871368408, 1.74831223487854, 1.7443170547485352, 1.7435126304626465, 1.7457172870635986, 1.7507261037826538, 1.7582411766052246, 1.7676998376846313, 1.7786717414855957, 1.7909258604049683, 1.804171085357666, 1.817858099937439, 1.8313943147659302, 1.8443330526351929, 1.856336236000061, 1.867182731628418, 1.876625657081604, 1.8845261335372925, 1.8907051086425781, 1.8950746059417725, 1.8975213766098022, 1.8980153799057007, 1.8965418338775635, 1.8931266069412231, 1.8878796100616455, 1.8808754682540894, 1.8722679615020752, 1.862224817276001, 1.8509273529052734, 1.8386045694351196, 1.8255187273025513, 1.8120495080947876, 1.798680067062378, 1.7859563827514648, 1.774312973022461, 1.7639530897140503, 1.7551201581954956, 1.748233675956726, 1.7437379360198975, 1.7419304847717285, 1.7430038452148438, 1.7470204830169678, 1.753862738609314, 1.7635341882705688, 1.7760820388793945, 0.0], "predicted_p_opt": 0.006674910766982378, "predicted_tts": 149.81473684210528, "p_opt": 0.0015987195464472815, "tts": 625.5005777731482, "approx": 0.9680185519078319, "opt_gap": -0.031981448092168074, "th": -109.9703602080576}