{"edges": [[0, 1], [0, 6], [0, 8], [0, 11], [0, 12], [1, 3], [1, 9], [2, 3], [2, 12], [3, 7], [3, 10], [4, 5], [4, 9], [4, 10], [5, 6], [5, 12], [6, 11], [6, 12], [8, 10], [9, 10], [9, 11], [10, 11]], "num_nodes": 13, "num_colors": 3, "opt_value": 22, "opt_count": 72, "feasible_count": 1594323, "mean_value": 14.666666666666666, "std": 2.211083193570267, "level": 13, "gammas": [3.1416878547125138, 3.1415701038338284, 3.141538964241982, 3.141603776034094, 3.141648351119924, 3.14161651124298, 3.1416116813569013, 3.1416386885266845, 3.1415135435144537, 3.1417555221348, 3.140723177436331, 3.1414503924389865, 3.1417768689520287], "betas": [3.141556964976367, 3.1416474397641148, 3.14161913139695, 3.141549992403713, 3.1415465587902163, 3.1415873136801564, 3.141542370844828, 3.1415361101066805, 3.1417054721933035, 3.1410983516460558, 3.1408368241245372, 3.14171549132053, 3.141583054957244], "predicted_p_opt": 0.03292181069958848, "predicted_tts": 30.374999999999996, "p_opt": 0.03256259968380619, "tts": 30.710078731745526, "approx": 0.6775063492870048, "opt_gap": -0.3224936507129952, "th": -21.999000549316406}