{"N": 24, "edgelist": ["0 2 {}\n", "0 4 {}\n", "0 7 {}\n", "0 11 {}\n", "0 12 {}\n", "0 14 {}\n", "0 16 {}\n", "0 17 {}\n", "0 20 {}\n", "0 23 {}\n", "1 6 {}\n", "1 7 {}\n", "1 9 {}\n", "1 10 {}\n", "1 11 {}\n", "1 14 {}\n", "1 15 {}\n", "1 16 {}\n", "1 17 {}\n", "1 20 {}\n", "1 21 {}\n", "1 22 {}\n", "1 23 {}\n", "2 3 {}\n", "2 4 {}\n", "2 5 {}\n", "2 7 {}\n", "2 9 {}\n", "2 10 {}\n", "2 11 {}\n", "2 13 {}\n", "2 14 {}\n", "2 15 {}\n", "2 16 {}\n", "2 18 {}\n", "2 20 {}\n", "2 21 {}\n", "3 6 {}\n", "3 9 {}\n", "3 11 {}\n", "3 12 {}\n", "3 13 {}\n", "3 14 {}\n", "3 18 {}\n", "3 19 {}\n", "4 5 {}\n", "4 8 {}\n", "4 9 {}\n", "4 10 {}\n", "4 12 {}\n", "4 13 {}\n", "4 14 {}\n", "4 15 {}\n", "4 16 {}\n", "4 17 {}\n", "4 20 {}\n", "4 23 {}\n", "5 9 {}\n", "5 11 {}\n", "5 13 {}\n", "5 16 {}\n", "5 18 {}\n", "5 20 {}\n", "5 21 {}\n", "6 8 {}\n", "6 9 {}\n", "6 11 {}\n", "6 16 {}\n", "6 17 {}\n", "6 21 {}\n", "6 23 {}\n", "7 8 {}\n", "7 11 {}\n", "7 12 {}\n", "7 13 {}\n", "7 16 {}\n", "7 17 {}\n", "7 18 {}\n", "7 19 {}\n", "7 21 {}\n", "7 22 {}\n", "7 23 {}\n", "8 9 {}\n", "8 11 {}\n", "8 12 {}\n", "8 14 {}\n", "8 15 {}\n", "8 16 {}\n", "8 17 {}\n", "8 20 {}\n", "9 12 {}\n", "9 14 {}\n", "9 15 {}\n", "9 16 {}\n", "9 18 {}\n", "9 19 {}\n", "9 21 {}\n", "9 22 {}\n", "10 13 {}\n", "10 15 {}\n", "10 18 {}\n", "10 21 {}\n", "10 23 {}\n", "11 13 {}\n", "11 14 {}\n", "11 15 {}\n", "11 18 {}\n", "11 19 {}\n", "11 20 {}\n", "11 22 {}\n", "12 13 {}\n", "12 19 {}\n", "12 20 {}\n", "12 21 {}\n", "13 14 {}\n", "13 15 {}\n", "13 16 {}\n", "13 17 {}\n", "13 18 {}\n", "13 21 {}\n", "14 15 {}\n", "14 17 {}\n", "14 18 {}\n", "14 20 {}\n", "14 21 {}\n", "14 22 {}\n", "15 16 {}\n", "15 17 {}\n", "15 19 {}\n", "15 20 {}\n", "15 21 {}\n", "16 17 {}\n", "16 18 {}\n", "16 21 {}\n", "16 22 {}\n", "17 20 {}\n", "17 23 {}\n", "18 21 {}\n", "18 22 {}\n", "18 23 {}\n", "19 20 {}\n", "19 21 {}\n", "19 22 {}\n", "21 22 {}\n", "22 23 {}\n"], "opt_value": 126, "opt_count": 5, "feasible_count": 2704156, "mean_value": 110.32608695652173, "std": 3.709464506383042, "level": 57, "gammas": [3.1415927192263147, 3.1415927544668674, 3.1415927317411674, 3.14159271737658, 3.141592719551958, 3.141592730670386, 3.1415927470733855, 3.141592754496571, 3.1415927627854114, 3.141592773066588, 3.141592766322243, 3.141592760385438, 3.1415927366197307, 3.1415927143151325, 3.1415927048055785, 3.1415926987954212, 3.1415926849310933, 3.141592679259522, 3.1415926811812436, 3.1415926636974025, 3.141592628717377, 3.1415925892793095, 3.1415925182228515, 3.1415924564366438, 3.1415923612192773, 3.14159231909303, 3.1415922602643844, 3.141592067973447, 3.1415917336976267, 3.14159050192587, 3.1415887046247275, 3.141588124049406, 3.141588197749204, 3.141583708074308, 3.1415720440251587, 3.1415636408996663, 3.1415483814320404, 3.141544783208298, 3.1415517475895003, 3.1415548599760768, 3.141549689346759, 3.141540500172933, 3.1414804715484426, 3.1414700065147203, 3.1414682672517236, 3.1414420713878872, 3.1412728595595167, 3.141234721141774, 3.1412920754179945, 3.1411329963330408, 3.140627409410367, 3.1404182077908125, 3.1396366030679967, 3.1376236779029556, 3.1376813254219793, 3.129576197504874, 3.138132725057044], "betas": [3.141592559304683, 3.1415925615187885, 3.14159258148134, 3.141592590651838, 3.141592582885598, 3.1415925700975764, 3.1415925600738004, 3.1415925481225804, 3.141592542497647, 3.141592546095414, 3.1415925522406583, 3.1415925651056336, 3.1415925806994207, 3.1415925946644427, 3.141592599068781, 3.141592596212762, 3.1415925890488525, 3.14159257383468, 3.141592551739634, 3.141592506275644, 3.1415924422927666, 3.1415923752869594, 3.1415923157503567, 3.1415922474628344, 3.1415922121829603, 3.141592211701626, 3.141592124746506, 3.141591904986014, 3.141591255846071, 3.1415894444732433, 3.141588131484948, 3.141587983880243, 3.141586931529399, 3.14157764124561, 3.141567700642991, 3.1415566244372566, 3.1415438280255086, 3.141548701667504, 3.1415542350322023, 3.1415525560742306, 3.1415475756130564, 3.1415146783873538, 3.1414613991199287, 3.1414779722651796, 3.141458216659774, 3.1413891777297165, 3.1411924757315854, 3.1413089454750707, 3.1411695456144293, 3.1410479893452092, 3.1402885640132614, 3.14059134344022, 3.137657418450857, 3.139444829988191, 3.132017526166289, 3.133142677611091, 3.140812805287691], "predicted_p_opt": 0.024453101078488075, "predicted_tts": 40.894608695652174, "p_opt": 0.024254427013059788, "tts": 41.229586642535416, "approx": 0.878620803678365, "opt_gap": -0.12137919632163496, "th": -125.9990005493164}