{"edges": [[0, 2], [0, 3], [0, 9], [0, 10], [0, 11], [1, 2], [1, 4], [1, 6], [1, 9], [1, 11], [1, 12], [2, 10], [3, 4], [3, 6], [3, 8], [3, 11], [3, 12], [5, 6], [5, 7], [5, 9], [5, 11], [6, 7], [7, 10], [7, 12], [8, 10], [9, 10]], "num_nodes": 13, "num_colors": 3, "opt_value": 26, "opt_count": 66, "feasible_count": 1594323, "mean_value": 17.333333333333332, "std": 2.4037008503093262, "level": 13, "gammas": [-0.21119213104248047, -0.31915709376335144, -0.3287726938724518, -0.3369901180267334, -0.3544423580169678, -0.19765615463256836, 0.3668273985385895, 0.34120193123817444, 0.33376118540763855, 0.32937347888946533, 0.32810720801353455, 0.35728538036346436, 0.3141753077507019], "betas": [2.7218921184539795, 2.666945219039917, 2.727133274078369, 2.900120258331299, 3.7076759338378906, 1.3783196210861206, -3.162149667739868, -2.8451013565063477, -2.790264844894409, -2.847325086593628, -2.982250928878784, -2.698596954345703, -2.8931808471679688], "predicted_p_opt": 0.03017832647462277, "predicted_tts": 33.13636363636364, "p_opt": 0.016640907153487206, "tts": 60.092877796655685, "approx": 0.6972622275352478, "opt_gap": -0.3027377724647522}