{"edges": [[0, 1], [0, 3], [0, 9], [1, 4], [2, 4], [2, 5], [2, 6], [3, 4], [3, 5], [4, 7], [4, 9], [5, 6], [5, 9], [5, 10], [6, 7], [6, 10], [6, 11], [6, 12], [7, 10], [7, 11], [8, 10], [10, 12], [11, 12]], "num_nodes": 13, "num_colors": 3, "opt_value": 23, "opt_count": 36, "feasible_count": 1594323, "mean_value": 15.333333333333334, "std": 2.260776661041756, "level": 13, "gammas": [0.16016145050525665, 0.1482437551021576, -0.51193767786026, -0.3231002986431122, -0.336127370595932, -0.3381667733192444, -0.33940771222114563, -0.34105154871940613, -0.3431849181652069, -0.34596696496009827, -0.3494703769683838, -0.3542311489582062, -0.35543474555015564], "betas": [-0.380895733833313, -0.3090693950653076, 2.281937599182129, 2.4159719944000244, 2.4450321197509766, 2.472149610519409, 2.4992990493774414, 2.5239086151123047, 2.5493547916412354, 2.5796031951904297, 2.622304677963257, 2.6942529678344727, 2.8376243114471436], "predicted_p_opt": 0.01646090534979424, "predicted_tts": 60.74999999999999, "p_opt": 0.007843522354960442, "tts": 127.49374002454073, "approx": 0.6503644585609436, "opt_gap": -0.3496355414390564}