{"edges": [[0, 2], [0, 5], [0, 9], [0, 13], [1, 3], [1, 9], [1, 11], [1, 12], [2, 13], [2, 14], [3, 6], [3, 7], [4, 11], [4, 12], [4, 13], [5, 10], [5, 13], [6, 7], [6, 8], [6, 9], [6, 12], [7, 8], [7, 10], [8, 10], [8, 12], [8, 14], [9, 13]], "num_nodes": 15, "num_colors": 3, "opt_value": 27, "opt_count": 66, "feasible_count": 14348907, "mean_value": 18.0, "std": 2.449489742783178, "level": 49, "gammas": [-0.22458729147911072, 0.3884322941303253, 0.27298420667648315, 0.2886483669281006, 0.289324015378952, 0.2882022261619568, 0.28686779737472534, 0.28585678339004517, 0.28545820713043213, 0.2848428189754486, 0.2847920060157776, 0.284603476524353, 0.28418147563934326, 0.2835492789745331, 0.2824307084083557, 0.28040656447410583, 0.27677616477012634, 0.27123305201530457, 0.26470181345939636, 0.25235554575920105, 0.2588001787662506, 0.28703898191452026, 0.2617380917072296, 0.2705046236515045, 0.28809455037117004, 0.2899197041988373, 0.28763940930366516, 0.2850062847137451, 0.2857389450073242, 0.28880825638771057, 0.28496918082237244, 0.2865024209022522, 0.2871420085430145, 0.2875564694404602, 0.2883470952510834, 0.2893419563770294, 0.29060396552085876, 0.29211872816085815, 0.2939707636833191, 0.2959200143814087, 0.296572744846344, 0.3000105023384094, 0.30184823274612427, 0.3040217161178589, 0.30411532521247864, 0.3048940598964691, 0.30732449889183044, 0.31030380725860596, 0.3081573247909546], "betas": [0.40738651156425476, -2.392882823944092, -2.473605155944824, -2.481722354888916, -2.4815611839294434, -2.480398416519165, -2.4780826568603516, -2.4799180030822754, -2.484436273574829, -2.4845407009124756, -2.4817707538604736, -2.478607177734375, -2.4731338024139404, -2.4636504650115967, -2.4479126930236816, -2.4231741428375244, -2.384366989135742, -2.323413610458374, -2.2926788330078125, -2.3176629543304443, -2.0875632762908936, -2.31358003616333, -2.2857401371002197, -2.528742790222168, -2.5947206020355225, -2.556657314300537, -2.503347396850586, -2.4715774059295654, -2.482469320297241, -2.4871857166290283, -2.5050952434539795, -2.4994471073150635, -2.506532669067383, -2.5140979290008545, -2.522831439971924, -2.533949613571167, -2.5482709407806396, -2.565866708755493, -2.5854618549346924, -2.6126387119293213, -2.631457805633545, -2.6142654418945312, -2.6458239555358887, -2.6773107051849365, -2.692422866821289, -2.708238124847412, -2.7331337928771973, -2.78180193901062, -2.8977324962615967], "predicted_p_opt": 0.04508120374604142, "predicted_tts": 22.182193839218634, "p_opt": 0.03126018866896629, "tts": 31.989570203482327, "approx": 0.6611546874046326, "opt_gap": -0.33884531259536743}