{"N": 18, "edgelist": ["0 1 {}\n", "0 3 {}\n", "0 4 {}\n", "0 5 {}\n", "0 10 {}\n", "0 11 {}\n", "0 12 {}\n", "0 17 {}\n", "1 2 {}\n", "1 3 {}\n", "1 5 {}\n", "1 7 {}\n", "1 10 {}\n", "1 11 {}\n", "1 16 {}\n", "1 17 {}\n", "2 5 {}\n", "2 6 {}\n", "2 7 {}\n", "2 8 {}\n", "2 9 {}\n", "2 10 {}\n", "2 12 {}\n", "2 13 {}\n", "2 14 {}\n", "3 4 {}\n", "3 5 {}\n", "3 7 {}\n", "3 8 {}\n", "3 16 {}\n", "4 5 {}\n", "4 6 {}\n", "4 8 {}\n", "4 9 {}\n", "4 15 {}\n", "4 16 {}\n", "4 17 {}\n", "5 11 {}\n", "5 14 {}\n", "5 17 {}\n", "6 7 {}\n", "6 8 {}\n", "6 9 {}\n", "6 12 {}\n", "6 13 {}\n", "6 14 {}\n", "6 15 {}\n", "7 8 {}\n", "7 10 {}\n", "7 11 {}\n", "7 13 {}\n", "7 15 {}\n", "7 17 {}\n", "8 9 {}\n", "8 11 {}\n", "8 12 {}\n", "8 14 {}\n", "8 15 {}\n", "8 17 {}\n", "9 12 {}\n", "9 13 {}\n", "9 14 {}\n", "9 16 {}\n", "9 17 {}\n", "10 14 {}\n", "10 17 {}\n", "11 12 {}\n", "11 13 {}\n", "11 15 {}\n", "11 16 {}\n", "12 13 {}\n", "12 14 {}\n", "12 16 {}\n", "13 16 {}\n", "14 16 {}\n", "14 17 {}\n"], "opt_value": 66, "opt_count": 1, "feasible_count": 48620, "mean_value": 58.11764705882353, "std": 2.225053943593978, "level": 18, "gammas": [0.19469609116617287, 0.33787890269099297, 0.3393264591345779, 0.35663091333479424, 0.3886489954330545, 0.37727009545776025, 0.3808469033572411, 0.38240252807329167, 0.38449689247172647, 0.3867002802611889, 0.390283300303728, 0.394430501688011, 0.4001295574390461, 0.4133101444121112, 0.3733049623183701, 0.5166984848028401, 0.5343624827095232, 0.4762435007728463], "betas": [-2.933699116919002, -2.6047309483500696, -2.2463557673335384, -2.165660578356047, -2.076635753122058, -2.10771712706046, -2.084476308261931, -2.06245621367743, -2.0442735258744347, -2.020346674046155, -1.997409195262405, -1.9689993323154695, -1.953900603424809, -1.9987830558526452, -2.1281248222090867, -2.333692466866483, -2.599658089875567, 3.5717647190511377], "predicted_p_opt": 0.02815713698066639, "predicted_tts": 35.51497443389336, "p_opt": 0.0007549988016642681, "tts": 1324.5054135128003, "approx": 0.9708865659988968, "opt_gap": -0.029113434001103222}