{"edges": [[0, 6], [0, 8], [0, 11], [0, 14], [1, 2], [1, 9], [1, 11], [1, 16], [2, 6], [3, 4], [3, 5], [3, 7], [3, 12], [3, 16], [4, 10], [4, 13], [4, 15], [5, 6], [5, 10], [5, 11], [5, 14], [5, 15], [5, 16], [6, 9], [6, 13], [7, 12], [7, 14], [7, 16], [8, 9], [8, 14], [8, 15], [9, 10], [9, 11], [9, 14], [9, 15], [10, 12], [10, 13], [11, 14], [11, 15], [12, 13], [13, 16], [14, 16]], "num_nodes": 17, "num_colors": 3, "opt_value": 42, "opt_count": 18, "feasible_count": 129140163, "mean_value": 28.0, "std": 3.0550504633038935, "level": 41, "gammas": [-0.329748477958289, -0.21419509557228947, -0.07658746643020227, -0.3054806024350533, -0.2164461271627118, -0.16167550377915496, -0.14287450762913556, -0.3014789439312908, -0.19524052890186494, -0.08331553834389809, -0.3036833727585817, -0.2185114409316964, -0.22302755100706223, -0.12798624279030407, -0.27919108925961633, -0.23136055697343233, -0.26516698730615285, -0.25414772894606935, -0.23970517926223725, -0.23732830587825648, -0.2663420526043653, -0.2671350976549525, -0.2678892394274081, -0.29830091850581625, -0.4446524484937961, -0.1503865108857514, -0.3668564338902669, 6.036870826166828, 5.934083401743238, 6.011095949631677, 6.058757181335268, 5.933004820495945, 6.066638379811127, 5.944994881456627, 6.0142792886012915, 6.033204666240813, 5.945667545039152, 6.023205011290375, 6.018803482606184, 6.023892072552622, 6.046499907420221], "betas": [2.923414088893197, 1.3087252831108165, 1.277207148229341, 2.388686020046972, 2.0780825473905415, 0.5988050003405448, 1.6750014508386812, 2.189461521630702, 1.490424536997298, 0.9614076035748848, 1.9387942240534135, 2.191472717490704, 1.03436901362603, 1.2501193607207004, 2.020040461420214, 1.9055397649407015, 1.6445833006378758, 1.5820442835505448, 1.416230519403572, 1.3547729326589033, 1.3068192517756596, 1.4163189610946707, 1.3895035562192275, 0.8570385665660033, 1.0083194144116452, 3.9805361529736936, 3.005708724456312, 2.904448217217369, 2.2413158870212313, 2.4809444961553866, 2.1972338491602597, 2.2158270200056642, 2.501501326187894, 1.9363573655963318, 2.30956270070156, 2.2185718954262517, 2.0448034779788515, 2.0415411858343946, 1.9586809371091223, 2.0006272765444604, 1.7181379465222737], "predicted_p_opt": 0.0009602125095660596, "predicted_tts": 1041.4361300624184, "p_opt": 7.384045301457964e-07, "tts": 1354271.214726367, "approx": 0.8638539272295729, "opt_gap": -0.13614607277042712}