{"N": 26, "edgelist": ["0 3 {}\n", "0 4 {}\n", "0 7 {}\n", "0 8 {}\n", "0 15 {}\n", "0 16 {}\n", "0 18 {}\n", "0 21 {}\n", "0 22 {}\n", "0 23 {}\n", "0 24 {}\n", "0 25 {}\n", "1 3 {}\n", "1 4 {}\n", "1 6 {}\n", "1 9 {}\n", "1 13 {}\n", "1 14 {}\n", "1 15 {}\n", "1 19 {}\n", "1 20 {}\n", "1 21 {}\n", "1 22 {}\n", "1 23 {}\n", "1 24 {}\n", "2 5 {}\n", "2 6 {}\n", "2 10 {}\n", "2 12 {}\n", "2 13 {}\n", "2 15 {}\n", "2 19 {}\n", "2 21 {}\n", "3 5 {}\n", "3 9 {}\n", "3 10 {}\n", "3 12 {}\n", "3 13 {}\n", "3 16 {}\n", "3 20 {}\n", "3 22 {}\n", "3 23 {}\n", "3 25 {}\n", "4 5 {}\n", "4 7 {}\n", "4 10 {}\n", "4 12 {}\n", "4 16 {}\n", "4 17 {}\n", "4 18 {}\n", "4 21 {}\n", "4 22 {}\n", "4 24 {}\n", "4 25 {}\n", "5 9 {}\n", "5 12 {}\n", "5 16 {}\n", "5 17 {}\n", "5 19 {}\n", "5 24 {}\n", "6 7 {}\n", "6 11 {}\n", "6 12 {}\n", "6 15 {}\n", "6 17 {}\n", "6 18 {}\n", "6 21 {}\n", "6 24 {}\n", "6 25 {}\n", "7 8 {}\n", "7 9 {}\n", "7 11 {}\n", "7 12 {}\n", "7 14 {}\n", "7 15 {}\n", "7 17 {}\n", "7 18 {}\n", "7 20 {}\n", "7 21 {}\n", "7 22 {}\n", "7 23 {}\n", "8 11 {}\n", "8 14 {}\n", "8 15 {}\n", "8 16 {}\n", "8 17 {}\n", "8 18 {}\n", "8 19 {}\n", "8 21 {}\n", "8 22 {}\n", "8 23 {}\n", "8 24 {}\n", "8 25 {}\n", "9 11 {}\n", "9 13 {}\n", "9 16 {}\n", "9 18 {}\n", "9 22 {}\n", "9 23 {}\n", "9 25 {}\n", "10 14 {}\n", "10 16 {}\n", "10 18 {}\n", "10 19 {}\n", "10 20 {}\n", "10 21 {}\n", "10 22 {}\n", "11 12 {}\n", "11 13 {}\n", "11 14 {}\n", "11 15 {}\n", "11 17 {}\n", "11 18 {}\n", "11 21 {}\n", "11 22 {}\n", "11 23 {}\n", "11 25 {}\n", "12 13 {}\n", "12 14 {}\n", "12 16 {}\n", "12 19 {}\n", "12 20 {}\n", "12 21 {}\n", "12 22 {}\n", "12 23 {}\n", "12 25 {}\n", "13 14 {}\n", "13 16 {}\n", "13 19 {}\n", "13 20 {}\n", "13 23 {}\n", "14 16 {}\n", "14 17 {}\n", "14 18 {}\n", "14 19 {}\n", "14 22 {}\n", "14 23 {}\n", "14 25 {}\n", "15 16 {}\n", "15 21 {}\n", "15 22 {}\n", "16 18 {}\n", "16 21 {}\n", "16 22 {}\n", "17 18 {}\n", "17 19 {}\n", "17 21 {}\n", "17 22 {}\n", "17 25 {}\n", "18 20 {}\n", "18 22 {}\n", "18 23 {}\n", "18 24 {}\n", "19 20 {}\n", "19 21 {}\n", "19 23 {}\n", "19 25 {}\n", "20 25 {}\n", "21 25 {}\n", "22 25 {}\n", "23 25 {}\n", "24 25 {}\n"], "opt_value": 139, "opt_count": 10, "feasible_count": 10400600, "mean_value": 123.12, "std": 3.8555933395522928, "level": 67, "gammas": [-0.09089519828557968, -0.16648636758327484, -0.17928284406661987, -0.1804734468460083, -0.17962993681430817, -0.17879082262516022, -0.17829138040542603, -0.17807462811470032, -0.1780596524477005, -0.17814163863658905, -0.17821821570396423, -0.17827290296554565, -0.17834797501564026, -0.17845527827739716, -0.17860224843025208, -0.17878709733486176, -0.17895853519439697, -0.17909418046474457, -0.17918498814105988, -0.1791946440935135, -0.17915789783000946, -0.17915882170200348, -0.17923353612422943, -0.17934094369411469, -0.17977449297904968, -0.1807337999343872, -0.17993313074111938, -0.16859076917171478, -0.1354244500398636, 0.07691367715597153, 0.16714930534362793, 0.181341752409935, 0.17891418933868408, 0.17644406855106354, 0.17382661998271942, 0.17337636649608612, 0.1732320636510849, 0.17352372407913208, 0.17376872897148132, 0.1738286167383194, 0.17372199892997742, 0.17348578572273254, 0.17320725321769714, 0.17300523817539215, 0.17296463251113892, 0.1731284111738205, 0.1734744906425476, 0.17393825948238373, 0.174444317817688, 0.17497211694717407, 0.17551639676094055, 0.17606733739376068, 0.1766299307346344, 0.17719236016273499, 0.17770475149154663, 0.17805121839046478, 0.1780143678188324, 0.17750835418701172, 0.17726486921310425, 0.18809740245342255, 0.18219095468521118, 0.1812988668680191, 0.17730015516281128, 0.1868896782398224, 0.18554021418094635, 0.18328829109668732, 0.17952418327331543], "betas": [2.8665859699249268, 2.781445026397705, 2.7588181495666504, 2.757688522338867, 2.764070987701416, 2.771705389022827, 2.7778232097625732, 2.7822890281677246, 2.785315990447998, 2.786987066268921, 2.788184404373169, 2.7895214557647705, 2.791107654571533, 2.7933149337768555, 2.7963640689849854, 2.7996861934661865, 2.802478313446045, 2.8041763305664062, 2.8045780658721924, 2.803556442260742, 2.8006131649017334, 2.795271158218384, 2.786978244781494, 2.7768523693084717, 2.76649808883667, 2.774158000946045, 2.8318049907684326, 2.857942819595337, -1.7542883157730103, -3.4261887073516846, -2.822256326675415, -2.7517449855804443, -2.7023627758026123, -2.6930558681488037, -2.679033041000366, -2.6861507892608643, -2.6969175338745117, -2.705064535140991, -2.708773136138916, -2.7083866596221924, -2.704996109008789, -2.699676513671875, -2.694730520248413, -2.692387342453003, -2.6938250064849854, -2.698981523513794, -2.7067205905914307, -2.715524196624756, -2.7247397899627686, -2.7341408729553223, -2.7429816722869873, -2.7510972023010254, -2.7585701942443848, -2.7660470008850098, -2.775932550430298, -2.792128324508667, -2.8151094913482666, -2.834756851196289, -2.7865633964538574, -2.8683063983917236, -2.839432954788208, -2.9641494750976562, -2.7383782863616943, -2.891965866088867, -2.9283478260040283, -2.919451951980591, -2.9486541748046875], "predicted_p_opt": 0.017523027517643213, "predicted_tts": 57.06776406035665, "p_opt": 0.013183529058698695, "tts": 75.85222405530214, "approx": 0.890335331343887, "opt_gap": -0.10966466865611302}