{"N": 28, "edgelist": ["0 6 {}\n", "0 10 {}\n", "0 11 {}\n", "0 17 {}\n", "0 18 {}\n", "0 22 {}\n", "0 23 {}\n", "0 24 {}\n", "1 3 {}\n", "1 4 {}\n", "1 6 {}\n", "1 7 {}\n", "1 12 {}\n", "1 15 {}\n", "1 16 {}\n", "1 17 {}\n", "1 18 {}\n", "1 20 {}\n", "1 21 {}\n", "1 22 {}\n", "1 24 {}\n", "2 3 {}\n", "2 4 {}\n", "2 9 {}\n", "2 12 {}\n", "2 13 {}\n", "2 15 {}\n", "2 16 {}\n", "2 18 {}\n", "2 20 {}\n", "2 22 {}\n", "2 23 {}\n", "2 24 {}\n", "2 25 {}\n", "2 26 {}\n", "3 9 {}\n", "3 10 {}\n", "3 14 {}\n", "3 15 {}\n", "3 21 {}\n", "3 24 {}\n", "3 26 {}\n", "3 27 {}\n", "4 7 {}\n", "4 9 {}\n", "4 11 {}\n", "4 12 {}\n", "4 14 {}\n", "4 16 {}\n", "4 19 {}\n", "4 21 {}\n", "4 22 {}\n", "4 23 {}\n", "4 25 {}\n", "4 27 {}\n", "5 6 {}\n", "5 14 {}\n", "5 16 {}\n", "5 17 {}\n", "5 18 {}\n", "5 19 {}\n", "5 20 {}\n", "5 22 {}\n", "5 23 {}\n", "5 24 {}\n", "6 9 {}\n", "6 10 {}\n", "6 11 {}\n", "6 14 {}\n", "6 17 {}\n", "6 19 {}\n", "6 22 {}\n", "6 23 {}\n", "6 25 {}\n", "6 26 {}\n", "7 9 {}\n", "7 11 {}\n", "7 15 {}\n", "7 17 {}\n", "7 19 {}\n", "7 20 {}\n", "7 21 {}\n", "7 23 {}\n", "7 24 {}\n", "8 9 {}\n", "8 11 {}\n", "8 12 {}\n", "8 15 {}\n", "8 17 {}\n", "8 24 {}\n", "8 25 {}\n", "8 27 {}\n", "9 10 {}\n", "9 11 {}\n", "9 15 {}\n", "9 18 {}\n", "9 20 {}\n", "10 11 {}\n", "10 12 {}\n", "10 13 {}\n", "10 15 {}\n", "10 16 {}\n", "10 20 {}\n", "10 21 {}\n", "10 23 {}\n", "10 27 {}\n", "11 12 {}\n", "11 13 {}\n", "11 14 {}\n", "11 15 {}\n", "11 16 {}\n", "11 18 {}\n", "11 20 {}\n", "11 25 {}\n", "12 16 {}\n", "12 17 {}\n", "12 18 {}\n", "12 20 {}\n", "12 23 {}\n", "12 24 {}\n", "12 25 {}\n", "13 14 {}\n", "13 16 {}\n", "13 18 {}\n", "13 19 {}\n", "13 20 {}\n", "13 22 {}\n", "13 23 {}\n", "13 24 {}\n", "13 25 {}\n", "13 26 {}\n", "13 27 {}\n", "14 15 {}\n", "14 19 {}\n", "14 21 {}\n", "14 22 {}\n", "14 27 {}\n", "15 17 {}\n", "15 19 {}\n", "15 20 {}\n", "15 25 {}\n", "15 26 {}\n", "16 17 {}\n", "16 20 {}\n", "16 23 {}\n", "16 24 {}\n", "16 26 {}\n", "16 27 {}\n", "17 18 {}\n", "17 20 {}\n", "17 24 {}\n", "17 25 {}\n", "17 26 {}\n", "17 27 {}\n", "18 19 {}\n", "18 21 {}\n", "18 22 {}\n", "18 23 {}\n", "18 25 {}\n", "18 26 {}\n", "19 20 {}\n", "19 21 {}\n", "19 23 {}\n", "19 26 {}\n", "19 27 {}\n", "20 22 {}\n", "20 24 {}\n", "20 25 {}\n", "21 22 {}\n", "21 24 {}\n", "21 25 {}\n", "22 25 {}\n", "22 27 {}\n", "23 24 {}\n", "24 25 {}\n", "24 27 {}\n", "26 27 {}\n"], "opt_value": 153, "opt_count": 6, "feasible_count": 40116600, "mean_value": 134.38888888888889, "std": 3.7697463647201768, "level": 27, "gammas": [-0.10045284032821655, -0.1667500138282776, -0.16925732791423798, -0.16499316692352295, -0.16236715018749237, -0.16183383762836456, -0.16214780509471893, -0.16243445873260498, -0.16251733899116516, -0.16248703002929688, -0.16244331002235413, -0.16242362558841705, -0.1624084711074829, -0.16239412128925323, -0.1623937487602234, -0.1624189019203186, -0.1624370813369751, -0.16244396567344666, -0.1624414622783661, -0.16244107484817505, -0.16244599223136902, -0.16244027018547058, -0.16241846978664398, -0.16245977580547333, -0.16272960603237152, -0.16294917464256287, -0.15829315781593323], "betas": [3.0081467628479004, 3.0043420791625977, 3.0048978328704834, 3.0026965141296387, 3.0034093856811523, 3.006389856338501, 3.00826358795166, 3.0081093311309814, 3.0071909427642822, 3.0066282749176025, 3.0064480304718018, 3.0062012672424316, 3.005873441696167, 3.0057199001312256, 3.0059399604797363, 3.0063693523406982, 3.0067224502563477, 3.006781816482544, 3.0067977905273438, 3.0067620277404785, 3.0067830085754395, 3.00667667388916, 3.0064268112182617, 3.0067081451416016, 3.0079894065856934, 3.008413553237915, 3.00921893119812], "predicted_p_opt": 0.0004524311631593904, "predicted_tts": 2210.280991735537, "p_opt": 0.0003880368312820792, "tts": 2577.0749562508945, "approx": 0.8803438544273376, "opt_gap": -0.11965614557266235}