{"N": 20, "edgelist": ["0 1 {}\n", "0 2 {}\n", "0 4 {}\n", "0 5 {}\n", "0 6 {}\n", "0 9 {}\n", "0 10 {}\n", "0 14 {}\n", "0 16 {}\n", "0 17 {}\n", "0 18 {}\n", "1 2 {}\n", "1 3 {}\n", "1 4 {}\n", "1 5 {}\n", "1 6 {}\n", "1 8 {}\n", "1 9 {}\n", "1 10 {}\n", "1 11 {}\n", "1 13 {}\n", "1 14 {}\n", "1 16 {}\n", "1 18 {}\n", "1 19 {}\n", "2 3 {}\n", "2 8 {}\n", "2 9 {}\n", "2 10 {}\n", "2 13 {}\n", "2 14 {}\n", "2 16 {}\n", "2 17 {}\n", "2 18 {}\n", "2 19 {}\n", "3 5 {}\n", "3 6 {}\n", "3 8 {}\n", "3 9 {}\n", "3 17 {}\n", "3 19 {}\n", "4 6 {}\n", "4 9 {}\n", "4 10 {}\n", "4 11 {}\n", "4 14 {}\n", "4 15 {}\n", "4 16 {}\n", "4 17 {}\n", "4 19 {}\n", "5 6 {}\n", "5 11 {}\n", "5 12 {}\n", "5 13 {}\n", "5 18 {}\n", "6 10 {}\n", "6 11 {}\n", "6 12 {}\n", "6 16 {}\n", "6 18 {}\n", "6 19 {}\n", "7 13 {}\n", "7 14 {}\n", "8 12 {}\n", "8 13 {}\n", "8 16 {}\n", "8 17 {}\n", "9 11 {}\n", "9 16 {}\n", "9 18 {}\n", "9 19 {}\n", "10 13 {}\n", "10 16 {}\n", "10 17 {}\n", "10 19 {}\n", "11 12 {}\n", "11 13 {}\n", "11 18 {}\n", "11 19 {}\n", "12 13 {}\n", "12 14 {}\n", "12 15 {}\n", "12 18 {}\n", "13 18 {}\n", "14 16 {}\n", "14 19 {}\n", "15 19 {}\n", "16 19 {}\n", "18 19 {}\n"], "opt_value": 81, "opt_count": 3, "feasible_count": 184756, "mean_value": 67.92105263157895, "std": 3.7161212018317706, "level": 28, "gammas": [0.09570632348050502, 0.18479154757366797, 0.20144327467664208, 0.22076344899988973, 0.21931777697728913, 0.2176003686537812, 0.2139924400711881, 0.20783298960452917, 0.20141399422649264, 0.20059909861273628, 0.2071321540021245, 0.21547426362837804, 0.22197668352536337, 0.22634060963993471, 0.22959105044102668, 0.23208924496321195, 0.23420644197531132, 0.23611343530289625, 0.23799629307987955, 0.23998429346597328, 0.24212814077739275, 0.24483157192937355, 0.24845420603347892, 0.2531523587992691, 0.2578117500991887, 0.2472327101845323, 0.33121889128441123, 0.3210178058640874], "betas": [-2.730481847710463, -2.36739225452013, -2.1331467482074453, -2.0149029900514757, -1.9787758882615918, -1.9235772878261126, -1.8527399129270428, -1.771601480037907, -1.7156322093368541, -1.7266040040576018, -1.7804841555836046, -1.8300457194539428, -1.8587327945047931, -1.8703868897655096, -1.8704509676117589, -1.8634562215683474, -1.8514297829784896, -1.8335519059162713, -1.8130935425193297, -1.788832364864306, -1.763388897386928, -1.7358483410360164, -1.708077677411925, -1.6882436239766383, -1.726273064589761, -1.6996110033378218, -1.8804341434777918, 4.22261351005578], "predicted_p_opt": 0.052756067461949815, "predicted_tts": 18.955165692007796, "p_opt": 0.00041898140239911394, "tts": 2386.7407819868304, "approx": 0.9538940462234042, "opt_gap": -0.046105953776595765}