{"N": 20, "edgelist": ["0 3 {}\n", "0 4 {}\n", "0 5 {}\n", "0 7 {}\n", "0 8 {}\n", "0 10 {}\n", "0 11 {}\n", "0 12 {}\n", "0 14 {}\n", "0 15 {}\n", "0 17 {}\n", "0 18 {}\n", "1 3 {}\n", "1 7 {}\n", "1 8 {}\n", "1 12 {}\n", "1 13 {}\n", "1 15 {}\n", "2 5 {}\n", "2 11 {}\n", "2 12 {}\n", "2 13 {}\n", "2 14 {}\n", "2 16 {}\n", "2 19 {}\n", "3 4 {}\n", "3 12 {}\n", "3 13 {}\n", "3 14 {}\n", "3 16 {}\n", "3 17 {}\n", "3 19 {}\n", "4 5 {}\n", "4 6 {}\n", "4 7 {}\n", "4 9 {}\n", "4 11 {}\n", "4 12 {}\n", "4 13 {}\n", "4 15 {}\n", "4 19 {}\n", "5 6 {}\n", "5 8 {}\n", "5 11 {}\n", "5 12 {}\n", "5 15 {}\n", "5 16 {}\n", "5 19 {}\n", "6 10 {}\n", "6 11 {}\n", "6 13 {}\n", "6 14 {}\n", "6 15 {}\n", "6 16 {}\n", "6 17 {}\n", "6 18 {}\n", "6 19 {}\n", "7 8 {}\n", "7 10 {}\n", "7 18 {}\n", "8 9 {}\n", "8 10 {}\n", "8 11 {}\n", "8 12 {}\n", "8 13 {}\n", "8 14 {}\n", "8 15 {}\n", "8 17 {}\n", "8 18 {}\n", "8 19 {}\n", "9 10 {}\n", "9 12 {}\n", "9 15 {}\n", "9 16 {}\n", "9 17 {}\n", "9 19 {}\n", "10 12 {}\n", "10 13 {}\n", "10 14 {}\n", "10 15 {}\n", "10 16 {}\n", "10 18 {}\n", "11 13 {}\n", "11 14 {}\n", "11 16 {}\n", "11 17 {}\n", "12 13 {}\n", "12 15 {}\n", "12 16 {}\n", "12 17 {}\n", "12 18 {}\n", "13 14 {}\n", "13 17 {}\n", "13 19 {}\n", "14 16 {}\n", "14 17 {}\n", "14 19 {}\n", "15 16 {}\n", "15 17 {}\n", "16 17 {}\n", "16 18 {}\n", "18 19 {}\n"], "opt_value": 90, "opt_count": 2, "feasible_count": 184756, "mean_value": 77.84210526315789, "std": 3.0713634735151243, "level": 28, "gammas": [-0.11631214965194299, -0.21636681130286908, -0.21321711877674115, -0.22489389366128765, -0.21373538065465209, -0.20326080003673289, -0.20282630169810087, -0.19885860150411366, -0.1973082087425575, -0.20284077180739282, -0.20070496249482567, -0.20543563333684195, -0.21092287961140768, -0.21048047784803334, -0.21682161503567815, -0.22255441115664504, -0.22188551686953797, -0.22799162957250274, -0.23734078820766683, -0.23940036984148697, -0.24588584367453023, -0.2656611890031112, -0.28812884242048975, -0.3059897639203658, -0.30832307833752404, -0.38685191927131146, -0.42248330446031174, 5.9028587137431465], "betas": [2.8243777926722, 2.4437696564485445, 2.2121902485731537, 2.059774659754655, 1.6850674892840374, 1.704251980610766, 1.699968490354239, 1.6264093937564301, 1.6470172545132844, 1.6425885629037966, 1.6224433074848543, 1.6638310857555467, 1.655637549657668, 1.6522995591711722, 1.6918873440615205, 1.6794651689034603, 1.6654812623336943, 1.7071150354727667, 1.715216428876573, 1.6906363168119634, 1.7404179443380723, 1.8373863272095812, 1.9034982562289056, 1.9307700643290857, 1.696064816404541, 1.9795179097323137, 2.1421113069792357, 2.3285830443902125], "predicted_p_opt": 0.035170711641299875, "predicted_tts": 28.432748538011698, "p_opt": 0.0003637243339275595, "tts": 2749.3348855761824, "approx": 0.9608740709923113, "opt_gap": -0.03912592900768874}