{"N": 20, "edgelist": ["0 1 {}\n", "0 3 {}\n", "0 4 {}\n", "0 5 {}\n", "0 10 {}\n", "0 11 {}\n", "0 12 {}\n", "0 17 {}\n", "1 2 {}\n", "1 3 {}\n", "1 5 {}\n", "1 7 {}\n", "1 10 {}\n", "1 11 {}\n", "1 16 {}\n", "1 17 {}\n", "2 5 {}\n", "2 6 {}\n", "2 7 {}\n", "2 8 {}\n", "2 9 {}\n", "2 10 {}\n", "2 12 {}\n", "2 13 {}\n", "2 14 {}\n", "3 4 {}\n", "3 5 {}\n", "3 7 {}\n", "3 8 {}\n", "3 16 {}\n", "3 18 {}\n", "3 19 {}\n", "4 5 {}\n", "4 6 {}\n", "4 8 {}\n", "4 9 {}\n", "4 15 {}\n", "4 16 {}\n", "4 17 {}\n", "4 18 {}\n", "4 19 {}\n", "5 11 {}\n", "5 14 {}\n", "5 17 {}\n", "6 7 {}\n", "6 8 {}\n", "6 9 {}\n", "6 12 {}\n", "6 13 {}\n", "6 14 {}\n", "6 15 {}\n", "6 18 {}\n", "6 19 {}\n", "7 8 {}\n", "7 10 {}\n", "7 11 {}\n", "7 13 {}\n", "7 15 {}\n", "7 17 {}\n", "7 19 {}\n", "8 9 {}\n", "8 11 {}\n", "8 12 {}\n", "8 14 {}\n", "8 15 {}\n", "8 17 {}\n", "9 12 {}\n", "9 13 {}\n", "9 14 {}\n", "9 16 {}\n", "9 17 {}\n", "10 14 {}\n", "10 17 {}\n", "11 12 {}\n", "11 13 {}\n", "11 15 {}\n", "11 16 {}\n", "11 19 {}\n", "12 13 {}\n", "12 14 {}\n", "12 16 {}\n", "13 16 {}\n", "13 18 {}\n", "13 19 {}\n", "14 16 {}\n", "14 17 {}\n", "16 19 {}\n", "17 18 {}\n"], "opt_value": 78, "opt_count": 10, "feasible_count": 184756, "mean_value": 67.15789473684211, "std": 2.7070298167083697, "level": 28, "gammas": [-0.15956144158955826, -0.2766419611603788, -0.29358272201410385, -0.29634847750190496, -0.29680845577322174, -0.29704485574328066, -0.2973637581840434, -0.3006605413435667, -0.303774249981637, -0.13983786208876026, 0.28850373286863346, 0.27394234235169207, 0.24858836315717872, 0.21875545200921762, 0.2255498725162293, 0.2312494242138418, 0.23084516890888782, 0.23097301152419503, 0.22910056428866318, 0.25970155672346923, 0.2990699628655206, 0.35487893068050846, 0.28639018755471646, 0.29940528304353636, 0.326698742240865, 0.35378133219982183, 0.37927827804151787, 0.4085356543097556], "betas": [2.7508534130104922, 2.593306951163197, 2.5195901210679965, 2.4953083021890823, 2.5080649852591437, 2.564486873424911, 2.7138646470549785, 3.0235223932292934, 4.324760034561262, 0.8372561256191312, -3.3849177889423667, -2.550655926374929, -2.0234096149787844, -1.8545203223979394, -1.888418657003743, -1.8542859047229372, -1.8347230576152782, -1.7853988068174091, -1.8490030436922278, -2.1762007810773563, -2.529291352089089, -1.731442722919183, -1.7469835255289425, -1.8240449776875167, -1.8423712561924768, -1.7889640493011654, -1.667149834628859, 4.828288484047959], "predicted_p_opt": 0.1758535582064994, "predicted_tts": 5.686549707602339, "p_opt": 0.008711636721293489, "tts": 114.78899224020005, "approx": 0.967457444442626, "opt_gap": -0.03254255555737395}