{"edges": [[0, 7], [0, 9], [0, 11], [0, 12], [1, 3], [1, 5], [1, 6], [1, 8], [2, 5], [3, 12], [4, 7], [5, 7], [5, 10], [5, 11], [6, 7], [6, 13], [7, 8], [7, 9], [8, 10], [8, 12], [10, 13], [11, 12]], "num_nodes": 14, "num_colors": 3, "opt_value": 22, "opt_count": 648, "feasible_count": 4782969, "mean_value": 14.666666666666666, "std": 2.211083193570267, "level": 1, "gammas": [-0.3068169057369232], "betas": [1.4956729412078857], "predicted_p_opt": 0.0012193263222069807, "predicted_tts": 820.125, "p_opt": 0.0005865409621037543, "tts": 1704.9107643109642, "approx": 0.7456628680229187, "opt_gap": -0.2543371319770813}