{"N": 24, "edgelist": ["0 1 {}\n", "0 4 {}\n", "0 6 {}\n", "0 7 {}\n", "0 12 {}\n", "0 13 {}\n", "0 16 {}\n", "0 17 {}\n", "0 19 {}\n", "0 21 {}\n", "1 2 {}\n", "1 3 {}\n", "1 4 {}\n", "1 5 {}\n", "1 7 {}\n", "1 10 {}\n", "1 13 {}\n", "1 15 {}\n", "1 16 {}\n", "1 17 {}\n", "1 19 {}\n", "1 20 {}\n", "1 22 {}\n", "2 3 {}\n", "2 4 {}\n", "2 6 {}\n", "2 8 {}\n", "2 9 {}\n", "2 10 {}\n", "2 12 {}\n", "2 13 {}\n", "2 14 {}\n", "2 17 {}\n", "2 19 {}\n", "3 5 {}\n", "3 8 {}\n", "3 9 {}\n", "3 12 {}\n", "3 17 {}\n", "3 18 {}\n", "3 20 {}\n", "3 22 {}\n", "4 6 {}\n", "4 9 {}\n", "4 11 {}\n", "4 12 {}\n", "4 13 {}\n", "4 14 {}\n", "4 15 {}\n", "4 16 {}\n", "4 17 {}\n", "4 18 {}\n", "4 19 {}\n", "4 20 {}\n", "4 23 {}\n", "5 6 {}\n", "5 7 {}\n", "5 8 {}\n", "5 11 {}\n", "5 14 {}\n", "5 16 {}\n", "5 18 {}\n", "5 20 {}\n", "5 21 {}\n", "5 22 {}\n", "6 7 {}\n", "6 8 {}\n", "6 11 {}\n", "6 14 {}\n", "6 15 {}\n", "6 22 {}\n", "6 23 {}\n", "7 8 {}\n", "7 11 {}\n", "7 12 {}\n", "7 15 {}\n", "7 16 {}\n", "7 18 {}\n", "7 22 {}\n", "8 9 {}\n", "8 11 {}\n", "8 12 {}\n", "8 14 {}\n", "8 16 {}\n", "8 20 {}\n", "8 22 {}\n", "8 23 {}\n", "9 10 {}\n", "9 12 {}\n", "9 13 {}\n", "9 17 {}\n", "9 21 {}\n", "10 11 {}\n", "10 14 {}\n", "10 15 {}\n", "10 16 {}\n", "10 17 {}\n", "10 19 {}\n", "10 21 {}\n", "10 22 {}\n", "11 12 {}\n", "11 14 {}\n", "11 15 {}\n", "11 16 {}\n", "11 18 {}\n", "11 20 {}\n", "11 21 {}\n", "12 14 {}\n", "12 16 {}\n", "12 18 {}\n", "12 22 {}\n", "12 23 {}\n", "13 14 {}\n", "13 15 {}\n", "13 16 {}\n", "13 18 {}\n", "13 20 {}\n", "13 22 {}\n", "14 15 {}\n", "14 20 {}\n", "14 21 {}\n", "15 16 {}\n", "15 17 {}\n", "15 21 {}\n", "16 17 {}\n", "16 18 {}\n", "16 20 {}\n", "17 18 {}\n", "17 20 {}\n", "17 22 {}\n", "17 23 {}\n", "18 22 {}\n", "19 20 {}\n", "19 22 {}\n", "20 21 {}\n", "20 22 {}\n", "20 23 {}\n", "21 23 {}\n"], "opt_value": 120, "opt_count": 1, "feasible_count": 2704156, "mean_value": 105.0, "std": 3.4162563506587365, "level": 16, "gammas": [3.139443874359131, 3.13911771774292, 3.1392440795898438, 3.1396379470825195, 3.1401121616363525, 3.1405017375946045, 3.1407361030578613, 3.1408286094665527, 3.140800714492798, 3.1406466960906982, 3.14034366607666, 3.1399035453796387, 3.139404773712158, 3.13900089263916, 3.1389405727386475, 3.139334201812744], "betas": [3.139272451400757, 3.1391751766204834, 3.1394524574279785, 3.139890432357788, 3.1403207778930664, 3.140632390975952, 3.140798330307007, 3.140838146209717, 3.140758991241455, 3.1405410766601562, 3.1401596069335938, 3.1396613121032715, 3.1391732692718506, 3.1388907432556152, 3.139054536819458, 3.1396431922912598], "predicted_p_opt": 0.0004027134529220947, "predicted_tts": 2483.1551882460976, "p_opt": 0.00018566505715966674, "tts": 5386.043099860347, "approx": 0.9604898496234096, "opt_gap": -0.03951015037659045, "th": -114.99010993158886}