{"N": 18, "edgelist": ["0 1 {}\n", "0 7 {}\n", "0 11 {}\n", "0 13 {}\n", "0 16 {}\n", "0 17 {}\n", "1 3 {}\n", "1 4 {}\n", "1 5 {}\n", "1 7 {}\n", "1 9 {}\n", "1 11 {}\n", "1 13 {}\n", "1 15 {}\n", "1 16 {}\n", "2 4 {}\n", "2 8 {}\n", "2 11 {}\n", "2 13 {}\n", "2 14 {}\n", "2 16 {}\n", "3 5 {}\n", "3 7 {}\n", "3 11 {}\n", "3 12 {}\n", "4 5 {}\n", "4 6 {}\n", "4 7 {}\n", "4 8 {}\n", "4 9 {}\n", "4 11 {}\n", "4 12 {}\n", "4 13 {}\n", "4 14 {}\n", "4 16 {}\n", "5 6 {}\n", "5 9 {}\n", "5 10 {}\n", "5 11 {}\n", "5 12 {}\n", "5 13 {}\n", "5 14 {}\n", "5 15 {}\n", "6 7 {}\n", "6 9 {}\n", "6 13 {}\n", "6 14 {}\n", "6 16 {}\n", "7 8 {}\n", "7 9 {}\n", "7 10 {}\n", "7 11 {}\n", "7 14 {}\n", "7 17 {}\n", "8 9 {}\n", "8 10 {}\n", "8 12 {}\n", "8 15 {}\n", "8 16 {}\n", "8 17 {}\n", "9 11 {}\n", "9 12 {}\n", "9 13 {}\n", "9 14 {}\n", "9 15 {}\n", "9 16 {}\n", "10 11 {}\n", "10 12 {}\n", "10 13 {}\n", "10 14 {}\n", "10 15 {}\n", "10 16 {}\n", "11 13 {}\n", "11 14 {}\n", "11 16 {}\n", "11 17 {}\n", "12 13 {}\n", "12 14 {}\n", "12 16 {}\n", "12 17 {}\n", "13 14 {}\n", "14 16 {}\n", "15 16 {}\n", "15 17 {}\n"], "opt_value": 76, "opt_count": 1, "feasible_count": 48620, "mean_value": 64.23529411764706, "std": 3.0770385259150395, "level": 77, "gammas": [3.141592528811077, 3.1415925256925976, 3.141592570695175, 3.1415925564961085, 3.1415925661427884, 3.141592558142148, 3.1415925579350694, 3.1415925668415268, 3.141592557010526, 3.1415925648295406, 3.141592576923224, 3.1415925758308254, 3.141592574735704, 3.141592573570715, 3.141592574521671, 3.1415925742921638, 3.14159257358842, 3.141592570099443, 3.1415925754107326, 3.141592556737061, 3.1415925310925243, 3.1415925394534234, 3.141592523319758, 3.141592497644459, 3.1415924644841238, 3.1415924209040194, 3.1415923260082264, 3.1415920322581155, 3.1415915554965843, 3.1415911557062275, 3.1415907312821267, 3.141590204535041, 3.1415894357229774, 3.141589130720946, 3.1415890880073545, 3.1415863319932513, 3.1415795684274195, 3.1415770613558336, 3.141579725635578, 3.1415786041181453, 3.141570231129318, 3.1415651255580603, 3.141560985767774, 3.1415576550331448, 3.1415562148964877, 3.141549809052528, 3.141510636115771, 3.1414828190813817, 3.1414549294614225, 3.1414372207319583, 3.141385690209876, 3.1413567617018834, 3.1413209327111655, 3.141278418158666, 3.1413886768080586, 3.1414623079632893, 3.1413928346393787, 3.141242884037119, 3.1412098838349674, 3.141254500931855, 3.1414298812576136, 3.14145991638955, 3.141129562329617, 3.1408385560915764, 3.141197973498543, 3.1414304384045826, 3.1404818820095786, 3.139343276165689, 3.139076774785813, 3.1376586021944353, 3.139408471660398, 3.138654542995838, 3.138484806787548, 3.134514345774693, 3.1385395041307462, 3.135718862058245, 3.1387898601815434], "betas": [3.1415927432688266, 3.141592754097701, 3.141592744041902, 3.1415927499668665, 3.1415927466378757, 3.1415927424646206, 3.1415927447378293, 3.141592742330942, 3.1415927368290704, 3.1415927409319244, 3.1415927438589994, 3.1415927353592643, 3.141592728560647, 3.141592725672947, 3.1415927262873637, 3.141592727800757, 3.141592727563269, 3.14159273330727, 3.1415927289512964, 3.141592705910484, 3.1415926937189704, 3.141592691539544, 3.14159267324083, 3.1415926371710494, 3.1415925907979045, 3.141592533109482, 3.1415923482778036, 3.141591918969565, 3.1415914711197117, 3.141591053076634, 3.1415906170223646, 3.141589928346679, 3.14158931068049, 3.1415893033902824, 3.14158846222387, 3.1415832029568187, 3.141577470026367, 3.1415783945750997, 3.141580358595451, 3.14157490387212, 3.1415670853205486, 3.1415634508501316, 3.141559064702589, 3.1415567022191695, 3.1415557646066694, 3.1415333437106066, 3.141493085803437, 3.1414710686889533, 3.1414437608399135, 3.141419414138604, 3.1413599361331515, 3.1413533055129896, 3.141280266070775, 3.1413269264526837, 3.141435605075406, 3.141454467611218, 3.1413039794030726, 3.14122172228916, 3.1412073242842373, 3.141347230273305, 3.1414687571461615, 3.1413578519952714, 3.1408915401675235, 3.1410026945952665, 3.141334508155836, 3.1412502396256263, 3.139562624681445, 3.1395432609305276, 3.137985002711189, 3.138636879959037, 3.1389648055947537, 3.1391750475048594, 3.135857859567374, 3.1364522847359484, 3.1376221334635277, 3.136261575404017, 3.140791613154068], "predicted_p_opt": 0.49413821472645003, "predicted_tts": 2.0237252861602495, "p_opt": 0.4179270083470156, "tts": 2.392762324586771, "approx": 0.909894110884931, "opt_gap": -0.090105889115069, "th": -75.9990005493164}