{"edges": [[0, 7], [0, 8], [0, 9], [1, 4], [1, 7], [1, 9], [1, 10], [2, 3], [2, 5], [2, 7], [2, 8], [3, 4], [3, 7], [4, 5], [4, 7], [4, 8], [4, 9], [4, 10], [5, 9], [5, 10], [6, 10], [8, 10]], "num_nodes": 11, "num_colors": 3, "distribution": [[0, 3], [5, 96], [4, 60], [9, 1710], [7, 420], [8, 888], [11, 6906], [12, 12612], [10, 3600], [14, 30504], [13, 21618], [16, 29658], [17, 20028], [1, 6], [6, 138], [15, 33792], [18, 10158], [19, 3918], [3, 12], [20, 870], [21, 138], [22, 12]], "opt_value": 22, "opt_count": 12, "feasible_count": 177147, "mean_value": 14.666666666666666, "std": 2.211083193570267, "level": 7, "gammas": [0.24264563620090485, 0.35119834542274475, 0.3570973575115204, 0.35847070813179016, 0.36196190118789673, 0.3668608069419861, 0.36944666504859924], "betas": [2.522641181945801, 2.433892011642456, 2.464151382446289, -3.7648355960845947, 2.5828633308410645, -3.610063076019287, 2.8322911262512207], "predicted_p_opt": 0.015241579027587259, "predicted_tts": 65.61, "p_opt": 0.009046688970375768, "tts": 110.53767884301028}