{"N": 22, "edgelist": ["0 2 {}\n", "0 3 {}\n", "0 4 {}\n", "0 6 {}\n", "0 9 {}\n", "0 10 {}\n", "0 14 {}\n", "0 15 {}\n", "0 19 {}\n", "0 21 {}\n", "1 2 {}\n", "1 3 {}\n", "1 6 {}\n", "1 7 {}\n", "1 9 {}\n", "1 10 {}\n", "1 11 {}\n", "1 12 {}\n", "1 13 {}\n", "1 14 {}\n", "1 16 {}\n", "1 18 {}\n", "1 19 {}\n", "1 20 {}\n", "2 4 {}\n", "2 5 {}\n", "2 8 {}\n", "2 9 {}\n", "2 13 {}\n", "2 17 {}\n", "2 19 {}\n", "2 21 {}\n", "3 5 {}\n", "3 6 {}\n", "3 7 {}\n", "3 8 {}\n", "3 11 {}\n", "3 13 {}\n", "3 17 {}\n", "3 19 {}\n", "3 20 {}\n", "3 21 {}\n", "4 5 {}\n", "4 6 {}\n", "4 7 {}\n", "4 10 {}\n", "4 12 {}\n", "4 13 {}\n", "4 16 {}\n", "4 21 {}\n", "5 6 {}\n", "5 13 {}\n", "5 14 {}\n", "5 16 {}\n", "5 17 {}\n", "5 18 {}\n", "5 19 {}\n", "5 21 {}\n", "6 7 {}\n", "6 8 {}\n", "6 10 {}\n", "6 12 {}\n", "6 13 {}\n", "6 16 {}\n", "6 17 {}\n", "6 18 {}\n", "7 9 {}\n", "7 13 {}\n", "7 14 {}\n", "7 15 {}\n", "7 16 {}\n", "7 18 {}\n", "8 9 {}\n", "8 13 {}\n", "8 16 {}\n", "8 19 {}\n", "9 10 {}\n", "9 11 {}\n", "9 12 {}\n", "9 14 {}\n", "9 15 {}\n", "9 16 {}\n", "9 19 {}\n", "9 20 {}\n", "10 11 {}\n", "10 13 {}\n", "10 14 {}\n", "10 17 {}\n", "10 19 {}\n", "10 21 {}\n", "11 12 {}\n", "11 13 {}\n", "11 15 {}\n", "11 17 {}\n", "11 19 {}\n", "12 13 {}\n", "12 14 {}\n", "12 17 {}\n", "12 20 {}\n", "13 14 {}\n", "13 15 {}\n", "13 17 {}\n", "13 20 {}\n", "14 16 {}\n", "14 21 {}\n", "15 17 {}\n", "15 20 {}\n", "15 21 {}\n", "16 17 {}\n", "16 18 {}\n", "17 20 {}\n", "17 21 {}\n", "18 21 {}\n", "19 20 {}\n"], "opt_value": 101, "opt_count": 2, "feasible_count": 705432, "mean_value": 86.85714285714286, "std": 3.2016040555421617, "level": 27, "gammas": [0.140634009304249, 0.26435420467834336, 0.26684398042593527, 0.2512897212137211, 0.25212193323311266, 0.2556392447531943, 0.26145146204915326, 0.26895083743955467, 0.257174846175066, 0.26310777505412225, 0.26683135505593775, 0.27136148693861706, 0.27561784893341845, 0.27976000071680807, 0.2837238219358633, 0.2873557626595144, 0.2908482369229288, 0.29481335285835375, 0.2994143473947928, 0.3055524164783789, 0.29150848851001904, 0.3747325439812882, 0.39395613214109954, 0.38136474571155615, 0.3255186669881768, 0.2958098638176507, 0.27964278271011955], "betas": [-3.0178524798196564, -3.1035239723124395, -3.037851066940485, -2.665234331413704, -2.4584807000783013, -2.383365479672333, -2.3696388320349944, -2.3940266168411926, -2.4235410272549522, -2.4349354023067256, -2.457283353342948, -2.476653349937782, -2.4887919530249287, -2.4958151959672854, -2.4976024217716306, -2.4937736772947012, -2.484441685367208, -2.4714430247953687, -2.4605700584870545, 3.828386709310372, 3.800047633917696, 3.8624164657302864, 3.738520817261258, 3.514151721230219, 3.4689109091371524, 3.537322353294296, 3.695993943047477], "predicted_p_opt": 0.008576305015933499, "predicted_tts": 116.6003305785124, "p_opt": 6.7020878013095e-05, "tts": 14920.723655763106, "approx": 0.9544249910111685, "opt_gap": -0.04557500898883149}