{"edges": [[0, 2], [0, 5], [0, 9], [0, 13], [1, 3], [1, 9], [1, 11], [1, 12], [2, 13], [2, 14], [3, 6], [3, 7], [4, 11], [4, 12], [4, 13], [5, 10], [5, 13], [6, 7], [6, 8], [6, 9], [6, 12], [7, 8], [7, 10], [8, 10], [8, 12], [8, 14], [9, 13]], "num_nodes": 15, "num_colors": 3, "opt_value": 27, "opt_count": 66, "feasible_count": 14348907, "mean_value": 18.0, "std": 2.449489742783178, "level": 93, "gammas": [0.1553255021572113, 0.2571759819984436, 0.27248525619506836, 0.2760878801345825, 0.2773508131504059, 0.2760087549686432, 0.2747684717178345, 0.27315753698349, 0.2706599533557892, 0.2671167254447937, 0.2637479603290558, 0.26282960176467896, 0.26279816031455994, 0.2612796723842621, 0.25792863965034485, 0.2501485347747803, 0.23768718540668488, 0.23019249737262726, 0.21068868041038513, 0.2259616255760193, 0.20504043996334076, 0.25249743461608887, 0.238917738199234, 0.19848106801509857, 0.21772386133670807, 0.19656217098236084, 0.21546123921871185, 0.20925284922122955, 0.2122848629951477, 0.2141828089952469, 0.21652154624462128, 0.2185847908258438, 0.2180391103029251, 0.21571063995361328, 0.21452315151691437, 0.2157362997531891, 0.21610482037067413, 0.21402016282081604, 0.21301352977752686, 0.21455466747283936, 0.2153899222612381, 0.21294276416301727, 0.21431726217269897, 0.21686312556266785, 0.20842213928699493, 0.21572363376617432, 0.20493315160274506, 0.23776859045028687, -0.13882510364055634, -0.09498281031847, -0.22178038954734802, -0.2439708113670349, -0.2424638867378235, -0.24439789354801178, -0.24788101017475128, -0.24486763775348663, -0.2432076632976532, -0.2446412891149521, -0.2461267113685608, -0.24834352731704712, -0.2507691979408264, -0.2515115439891815, -0.25120049715042114, -0.2513531446456909, -0.2524087429046631, -0.25401389598846436, -0.2551659345626831, -0.2513911724090576, -0.2540353238582611, -0.25635531544685364, -0.25434479117393494, -0.28315654397010803, -0.27964502573013306, -0.27191466093063354, -0.25979629158973694, -0.26957473158836365, -0.27770787477493286, -0.28415533900260925, -0.28761976957321167, -0.29038724303245544, -0.2916374206542969, -0.2920791506767273, -0.29254162311553955, -0.29307159781455994, -0.29370594024658203, -0.29454100131988525, -0.29538828134536743, -0.2959396541118622, -0.2985019385814667, -0.30210500955581665, -0.30577749013900757, -0.3089406192302704, -0.30899059772491455], "betas": [-2.5559046268463135, -2.3680174350738525, -2.3801281452178955, -2.36452054977417, -2.371156692504883, -2.3722774982452393, -2.3606393337249756, -2.340083360671997, -2.3162729740142822, -2.2906153202056885, -2.2653238773345947, -2.2552125453948975, -2.2607369422912598, -2.262539863586426, -2.238649845123291, -2.167558431625366, -2.0742599964141846, -2.0045225620269775, -1.8296911716461182, -1.8694233894348145, -1.754799485206604, -1.8079575300216675, -1.6959998607635498, -1.8435084819793701, -1.7320466041564941, -1.8598815202713013, -1.8494350910186768, -1.8511861562728882, -1.8590655326843262, -1.851672649383545, -1.852022647857666, -1.8476454019546509, -1.8356586694717407, -1.82568359375, -1.8276137113571167, -1.825645923614502, -1.8119162321090698, -1.803479552268982, -1.806579828262329, -1.8087130784988403, -1.8023500442504883, -1.794459342956543, -1.8038859367370605, -1.8069839477539062, -1.7854984998703003, -1.8721815347671509, -1.7662105560302734, 1.1829476356506348, 1.8904273509979248, 2.028726577758789, 2.0773181915283203, 2.0389351844787598, 2.059913396835327, 2.071239948272705, 2.0832462310791016, 2.0884830951690674, 2.0904176235198975, 2.094855308532715, 2.1073086261749268, 2.1243655681610107, 2.139315366744995, 2.152388572692871, 2.1639623641967773, 2.1742630004882812, 2.186187505722046, 2.204802989959717, 2.2180724143981934, 2.204986572265625, 2.1920199394226074, 2.2469472885131836, 2.294567346572876, 2.1932713985443115, 2.2786636352539062, 2.315020799636841, 2.419499158859253, 2.459730386734009, 2.484729290008545, 2.5008602142333984, 2.5153748989105225, 2.5274815559387207, 2.5403366088867188, 2.5519661903381348, 2.5604422092437744, 2.5671451091766357, 2.5742263793945312, 2.5833046436309814, 2.596033811569214, 2.6137588024139404, 2.634490728378296, 2.6675612926483154, 2.7276713848114014, 2.7547852993011475, 2.897585153579712], "predicted_p_opt": 0.16084528250130828, "predicted_tts": 6.217154674659894, "p_opt": 0.09309219948351477, "tts": 10.742038597735409, "approx": 0.6832388908686741, "opt_gap": -0.31676110913132594}