{"N": 24, "edgelist": ["0 1 {}\n", "0 7 {}\n", "0 11 {}\n", "0 13 {}\n", "0 16 {}\n", "0 17 {}\n", "0 18 {}\n", "0 19 {}\n", "0 20 {}\n", "0 21 {}\n", "0 23 {}\n", "1 3 {}\n", "1 4 {}\n", "1 5 {}\n", "1 7 {}\n", "1 9 {}\n", "1 11 {}\n", "1 13 {}\n", "1 15 {}\n", "1 16 {}\n", "1 19 {}\n", "1 21 {}\n", "1 22 {}\n", "1 23 {}\n", "2 4 {}\n", "2 8 {}\n", "2 11 {}\n", "2 13 {}\n", "2 14 {}\n", "2 16 {}\n", "2 18 {}\n", "2 20 {}\n", "2 21 {}\n", "2 22 {}\n", "2 23 {}\n", "3 5 {}\n", "3 7 {}\n", "3 11 {}\n", "3 12 {}\n", "3 20 {}\n", "3 22 {}\n", "3 23 {}\n", "4 5 {}\n", "4 6 {}\n", "4 7 {}\n", "4 8 {}\n", "4 9 {}\n", "4 11 {}\n", "4 12 {}\n", "4 13 {}\n", "4 14 {}\n", "4 16 {}\n", "4 18 {}\n", "4 19 {}\n", "4 20 {}\n", "5 6 {}\n", "5 9 {}\n", "5 10 {}\n", "5 11 {}\n", "5 12 {}\n", "5 13 {}\n", "5 14 {}\n", "5 15 {}\n", "5 18 {}\n", "5 19 {}\n", "5 20 {}\n", "5 23 {}\n", "6 7 {}\n", "6 9 {}\n", "6 13 {}\n", "6 14 {}\n", "6 16 {}\n", "6 18 {}\n", "6 20 {}\n", "6 21 {}\n", "6 22 {}\n", "6 23 {}\n", "7 8 {}\n", "7 9 {}\n", "7 10 {}\n", "7 11 {}\n", "7 14 {}\n", "7 17 {}\n", "7 21 {}\n", "7 22 {}\n", "7 23 {}\n", "8 9 {}\n", "8 10 {}\n", "8 12 {}\n", "8 15 {}\n", "8 16 {}\n", "8 17 {}\n", "8 18 {}\n", "8 20 {}\n", "8 21 {}\n", "8 22 {}\n", "9 11 {}\n", "9 12 {}\n", "9 13 {}\n", "9 14 {}\n", "9 15 {}\n", "9 16 {}\n", "9 18 {}\n", "10 11 {}\n", "10 12 {}\n", "10 13 {}\n", "10 14 {}\n", "10 15 {}\n", "10 16 {}\n", "10 18 {}\n", "10 19 {}\n", "10 20 {}\n", "10 22 {}\n", "11 13 {}\n", "11 14 {}\n", "11 16 {}\n", "11 17 {}\n", "11 20 {}\n", "11 21 {}\n", "11 22 {}\n", "11 23 {}\n", "12 13 {}\n", "12 14 {}\n", "12 16 {}\n", "12 17 {}\n", "12 19 {}\n", "12 21 {}\n", "12 22 {}\n", "13 14 {}\n", "13 18 {}\n", "13 19 {}\n", "13 20 {}\n", "14 16 {}\n", "14 19 {}\n", "14 21 {}\n", "14 22 {}\n", "14 23 {}\n", "15 16 {}\n", "15 17 {}\n", "15 18 {}\n", "15 23 {}\n", "16 18 {}\n", "16 20 {}\n", "16 21 {}\n", "16 23 {}\n", "17 21 {}\n", "17 23 {}\n", "18 21 {}\n", "18 23 {}\n", "19 21 {}\n", "19 23 {}\n", "20 22 {}\n", "21 22 {}\n", "21 23 {}\n"], "opt_value": 133, "opt_count": 1, "feasible_count": 2704156, "mean_value": 117.17391304347827, "std": 3.5961767437881558, "level": 31, "gammas": [0.10902615636587143, 0.18744540214538574, 0.19512417912483215, 0.19205915927886963, 0.18827268481254578, 0.1860377937555313, 0.1855359822511673, 0.1859622746706009, 0.18640534579753876, 0.18660010397434235, 0.1866164207458496, 0.18658828735351562, 0.1865605264902115, 0.18657542765140533, 0.1865716129541397, 0.18653245270252228, 0.18647383153438568, 0.18645642697811127, 0.18652179837226868, 0.18657593429088593, 0.18658332526683807, 0.18655067682266235, 0.1865289956331253, 0.18650348484516144, 0.186479389667511, 0.18649639189243317, 0.18655939400196075, 0.1866856813430786, 0.18688759207725525, 0.1865769475698471, 0.17957189679145813], "betas": [-2.965562105178833, -2.9529190063476562, -2.9467153549194336, -2.9322240352630615, -2.9167301654815674, -2.9097681045532227, -2.912287473678589, -2.9183781147003174, -2.9230194091796875, -2.924499988555908, -2.92398738861084, -2.922755479812622, -2.922260284423828, -2.922226667404175, -2.9216787815093994, -2.921008586883545, -2.9207637310028076, -2.9216256141662598, -2.9227707386016846, -2.9234116077423096, -2.9231061935424805, -2.922427177429199, -2.9211413860321045, -2.9206504821777344, -2.921421766281128, -2.9221582412719727, -2.9226396083831787, -2.923250675201416, -2.925342321395874, -2.8921360969543457, -2.979736566543579], "predicted_p_opt": 0.0014677407664350725, "predicted_tts": 681.3192239858907, "p_opt": 0.0012089335359632969, "tts": 827.1753328467181, "approx": 0.8893090486526489, "opt_gap": -0.11069095134735107}