{"edges": [[0, 4], [0, 11], [0, 12], [0, 13], [0, 14], [1, 2], [1, 11], [1, 12], [1, 13], [1, 14], [2, 8], [2, 12], [3, 7], [3, 10], [3, 14], [4, 8], [4, 10], [4, 12], [5, 7], [5, 9], [5, 10], [5, 11], [5, 12], [5, 14], [6, 8], [6, 10], [6, 12], [6, 13], [6, 14], [7, 12], [7, 13], [8, 13], [8, 14], [9, 10], [9, 13], [10, 11], [11, 12], [11, 13], [11, 14]], "num_nodes": 15, "num_colors": 3, "opt_value": 39, "opt_count": 6, "feasible_count": 14348907, "mean_value": 26.0, "std": 2.943920288775949, "level": 25, "gammas": [3.1415865421295166, 3.1415741443634033, 3.141514539718628, 3.1413609981536865, 3.141087532043457, 3.140720844268799, 3.140331506729126, 3.139998435974121, 3.139768600463867, 3.1396403312683105, 3.1395723819732666, 3.1395232677459717, 3.1394639015197754, 3.139387369155884, 3.139308214187622, 3.139270782470703, 3.1393327713012695, 3.1395506858825684, 3.1399269104003906, 3.1403939723968506, 3.1408536434173584, 3.1412172317504883, 3.141443967819214, 3.141550302505493, 3.141583204269409], "betas": [3.141582489013672, 3.1415512561798096, 3.141450881958008, 3.1412386894226074, 3.140913486480713, 3.1405255794525146, 3.1401543617248535, 3.139871120452881, 3.1396937370300293, 3.139601469039917, 3.139547109603882, 3.139495849609375, 3.139427661895752, 3.1393463611602783, 3.1392810344696045, 3.1392836570739746, 3.1394193172454834, 3.1397197246551514, 3.140152931213379, 3.1406302452087402, 3.141050338745117, 3.1413486003875732, 3.141510486602783, 3.1415741443634033, 3.1415865421295166], "predicted_p_opt": 0.0010876089725858561, "predicted_tts": 919.4480968858132, "p_opt": 0.0006247828428584385, "tts": 1600.5561155055232, "approx": 0.8808742860382544, "opt_gap": -0.11912571396174565, "th": -34.85628469208464}