{"edges": [[0, 1], [0, 3], [0, 6], [1, 3], [1, 10], [2, 5], [2, 6], [3, 7], [3, 10], [4, 8], [4, 11], [5, 6], [6, 8], [6, 9], [6, 10], [7, 11]], "num_nodes": 12, "num_colors": 3, "opt_value": 16, "opt_count": 504, "feasible_count": 531441, "mean_value": 10.666666666666666, "std": 1.8856180831641267, "level": 4, "gammas": [0.23301412918694264, 0.4394924484796182, 0.496265124741346, 0.5464904642753616], "betas": [-2.0305782138327255, -1.552816174836896, -1.3080705918940556, 5.230609103607837], "predicted_p_opt": 0.07681755829903979, "predicted_tts": 13.017857142857142, "p_opt": 0.012961682829185101, "tts": 77.15047599748048, "approx": 0.8450746242820875, "opt_gap": -0.15492537571791254}