{"N": 18, "edgelist": ["0 2 {}\n", "0 5 {}\n", "0 6 {}\n", "0 10 {}\n", "0 15 {}\n", "0 17 {}\n", "1 2 {}\n", "1 3 {}\n", "1 4 {}\n", "1 7 {}\n", "1 11 {}\n", "1 13 {}\n", "2 5 {}\n", "2 6 {}\n", "2 7 {}\n", "2 9 {}\n", "2 10 {}\n", "2 11 {}\n", "2 12 {}\n", "2 15 {}\n", "2 17 {}\n", "3 6 {}\n", "3 7 {}\n", "3 12 {}\n", "3 14 {}\n", "3 15 {}\n", "3 17 {}\n", "4 5 {}\n", "4 8 {}\n", "4 11 {}\n", "4 17 {}\n", "5 6 {}\n", "5 7 {}\n", "5 9 {}\n", "5 10 {}\n", "5 11 {}\n", "5 12 {}\n", "5 13 {}\n", "5 14 {}\n", "5 15 {}\n", "6 7 {}\n", "6 9 {}\n", "6 11 {}\n", "6 12 {}\n", "6 13 {}\n", "6 14 {}\n", "6 15 {}\n", "6 16 {}\n", "6 17 {}\n", "7 9 {}\n", "7 10 {}\n", "7 11 {}\n", "7 12 {}\n", "7 16 {}\n", "7 17 {}\n", "8 9 {}\n", "8 12 {}\n", "8 13 {}\n", "8 14 {}\n", "8 15 {}\n", "8 16 {}\n", "9 10 {}\n", "9 11 {}\n", "9 14 {}\n", "9 15 {}\n", "9 17 {}\n", "10 13 {}\n", "10 14 {}\n", "10 15 {}\n", "10 16 {}\n", "11 12 {}\n", "11 16 {}\n", "12 13 {}\n", "12 14 {}\n", "13 14 {}\n", "13 16 {}\n", "13 17 {}\n", "14 16 {}\n", "14 17 {}\n", "15 17 {}\n"], "opt_value": 71, "opt_count": 1, "feasible_count": 48620, "mean_value": 61.1764705882353, "std": 2.7830430682479896, "level": 11, "gammas": [0.13111655414104462, 0.2676306366920471, 0.30642929673194885, 0.31963685154914856, 0.3260495066642761, 0.3306902050971985, 0.33530983328819275, 0.34119081497192383, 0.3502005934715271, 0.3640033006668091, 0.3879028260707855], "betas": [-2.5136029720306396, -2.2188467979431152, -2.0786759853363037, -1.997459888458252, -1.9388444423675537, -1.8823965787887573, -1.817814826965332, -1.7368664741516113, -1.6260696649551392, -1.4566569328308105, -1.1508636474609375], "predicted_p_opt": 0.010880296174413821, "predicted_tts": 91.90926275992439, "p_opt": 0.00035983967245556414, "tts": 2779.0154242192066, "approx": 0.9479573369026184, "opt_gap": -0.05204266309738159}