{"N": 18, "edgelist": ["0 3 {}\n", "0 4 {}\n", "0 5 {}\n", "0 7 {}\n", "0 8 {}\n", "0 10 {}\n", "0 11 {}\n", "0 12 {}\n", "0 14 {}\n", "0 15 {}\n", "0 17 {}\n", "1 3 {}\n", "1 7 {}\n", "1 8 {}\n", "1 12 {}\n", "1 13 {}\n", "1 15 {}\n", "2 5 {}\n", "2 11 {}\n", "2 12 {}\n", "2 13 {}\n", "2 14 {}\n", "2 16 {}\n", "3 4 {}\n", "3 12 {}\n", "3 13 {}\n", "3 14 {}\n", "3 16 {}\n", "3 17 {}\n", "4 5 {}\n", "4 6 {}\n", "4 7 {}\n", "4 9 {}\n", "4 11 {}\n", "4 12 {}\n", "4 13 {}\n", "4 15 {}\n", "5 6 {}\n", "5 8 {}\n", "5 11 {}\n", "5 12 {}\n", "5 15 {}\n", "5 16 {}\n", "6 10 {}\n", "6 11 {}\n", "6 13 {}\n", "6 14 {}\n", "6 15 {}\n", "6 16 {}\n", "6 17 {}\n", "7 8 {}\n", "7 10 {}\n", "8 9 {}\n", "8 10 {}\n", "8 11 {}\n", "8 12 {}\n", "8 13 {}\n", "8 14 {}\n", "8 15 {}\n", "8 17 {}\n", "9 10 {}\n", "9 12 {}\n", "9 15 {}\n", "9 16 {}\n", "9 17 {}\n", "10 12 {}\n", "10 13 {}\n", "10 14 {}\n", "10 15 {}\n", "10 16 {}\n", "11 13 {}\n", "11 14 {}\n", "11 16 {}\n", "11 17 {}\n", "12 13 {}\n", "12 15 {}\n", "12 16 {}\n", "12 17 {}\n", "13 14 {}\n", "13 17 {}\n", "14 16 {}\n", "14 17 {}\n", "15 16 {}\n", "15 17 {}\n", "16 17 {}\n"], "opt_value": 75, "opt_count": 3, "feasible_count": 48620, "mean_value": 65.0, "std": 2.807552838536876, "level": 11, "gammas": [0.13857270777225494, 0.2823134958744049, 0.32201555371284485, 0.33302414417266846, 0.33517253398895264, 0.3352753221988678, 0.3380739688873291, 0.3456589877605438, 0.35734283924102783, 0.37160781025886536, 0.3908795118331909], "betas": [-2.6736347675323486, -2.4603796005249023, -2.3429479598999023, -2.2481603622436523, -2.157886505126953, -2.0759289264678955, -2.0134220123291016, -1.958878517150879, -1.8770774602890015, -1.710511565208435, -1.3387415409088135], "predicted_p_opt": 0.032640888523241464, "predicted_tts": 30.636420919974796, "p_opt": 0.0011780158383771777, "tts": 848.8850212553929, "approx": 0.9555284380912781, "opt_gap": -0.044471561908721924}