{"N": 24, "edgelist": ["0 1 {}\n", "0 2 {}\n", "0 3 {}\n", "0 4 {}\n", "0 5 {}\n", "0 10 {}\n", "0 12 {}\n", "0 14 {}\n", "0 15 {}\n", "0 16 {}\n", "0 18 {}\n", "0 19 {}\n", "0 22 {}\n", "1 2 {}\n", "1 3 {}\n", "1 4 {}\n", "1 5 {}\n", "1 8 {}\n", "1 11 {}\n", "1 13 {}\n", "1 14 {}\n", "1 16 {}\n", "1 17 {}\n", "1 18 {}\n", "1 20 {}\n", "1 21 {}\n", "1 23 {}\n", "2 3 {}\n", "2 4 {}\n", "2 6 {}\n", "2 7 {}\n", "2 9 {}\n", "2 12 {}\n", "2 13 {}\n", "2 14 {}\n", "2 15 {}\n", "2 20 {}\n", "2 21 {}\n", "2 22 {}\n", "3 5 {}\n", "3 10 {}\n", "3 11 {}\n", "3 14 {}\n", "3 16 {}\n", "3 17 {}\n", "3 18 {}\n", "3 19 {}\n", "3 22 {}\n", "4 5 {}\n", "4 6 {}\n", "4 7 {}\n", "4 10 {}\n", "4 12 {}\n", "4 13 {}\n", "4 14 {}\n", "4 15 {}\n", "4 19 {}\n", "4 20 {}\n", "4 21 {}\n", "4 23 {}\n", "5 6 {}\n", "5 7 {}\n", "5 8 {}\n", "5 10 {}\n", "5 12 {}\n", "5 13 {}\n", "5 15 {}\n", "5 16 {}\n", "5 17 {}\n", "6 7 {}\n", "6 8 {}\n", "6 11 {}\n", "6 13 {}\n", "6 15 {}\n", "6 16 {}\n", "6 17 {}\n", "6 18 {}\n", "6 21 {}\n", "7 8 {}\n", "7 9 {}\n", "7 15 {}\n", "7 16 {}\n", "7 17 {}\n", "7 19 {}\n", "7 20 {}\n", "7 22 {}\n", "7 23 {}\n", "8 9 {}\n", "8 11 {}\n", "8 13 {}\n", "8 14 {}\n", "8 16 {}\n", "8 17 {}\n", "8 19 {}\n", "8 21 {}\n", "8 22 {}\n", "8 23 {}\n", "9 10 {}\n", "9 12 {}\n", "9 13 {}\n", "9 15 {}\n", "9 16 {}\n", "9 20 {}\n", "9 22 {}\n", "9 23 {}\n", "10 13 {}\n", "10 14 {}\n", "10 15 {}\n", "10 18 {}\n", "10 20 {}\n", "10 21 {}\n", "10 22 {}\n", "11 14 {}\n", "11 18 {}\n", "11 19 {}\n", "11 20 {}\n", "12 18 {}\n", "12 19 {}\n", "12 22 {}\n", "12 23 {}\n", "13 18 {}\n", "13 19 {}\n", "13 21 {}\n", "13 22 {}\n", "14 17 {}\n", "14 19 {}\n", "15 16 {}\n", "15 18 {}\n", "15 20 {}\n", "15 21 {}\n", "15 22 {}\n", "16 18 {}\n", "16 19 {}\n", "16 20 {}\n", "18 22 {}\n", "19 21 {}\n", "20 23 {}\n", "21 23 {}\n"], "opt_value": 119, "opt_count": 14, "feasible_count": 2704156, "mean_value": 105.0, "std": 3.3612700941701683, "level": 18, "gammas": [2.717064619064331, 2.714189052581787, 2.722184181213379, 2.7401928901672363, 2.7644166946411133, 2.7889561653137207, 2.8099944591522217, 2.824824094772339, 2.831535816192627, 2.8293020725250244, 2.8184549808502197, 2.800340414047241, 2.777028799057007, 2.7513198852539062, 2.7278826236724854, 2.7120726108551025, 2.707127332687378, 2.712892770767212], "betas": [2.7148702144622803, 2.7178566455841064, 2.7321584224700928, 2.754305839538574, 2.7787129878997803, 2.8011789321899414, 2.8188424110412598, 2.829455614089966, 2.8315441608428955, 2.824662685394287, 2.809542655944824, 2.7879459857940674, 2.7624733448028564, 2.737175703048706, 2.7181873321533203, 2.7085254192352295, 2.708962917327881, 2.719705581665039], "predicted_p_opt": 0.007087608850968657, "predicted_tts": 141.09130752373997, "p_opt": 0.0027739230377883226, "tts": 360.50026852847014, "approx": 0.9698734473166155, "opt_gap": -0.03012655268338449, "th": -114.9479224452355}