{"edges": [[6, 18], [6, 24], [6, 11], [18, 8], [18, 16], [24, 21], [24, 23], [12, 16], [12, 22], [12, 5], [16, 3], [20, 23], [20, 25], [20, 17], [23, 25], [3, 10], [3, 22], [10, 2], [10, 13], [22, 7], [25, 5], [5, 19], [19, 9], [19, 15], [8, 4], [8, 13], [0, 14], [0, 11], [0, 4], [14, 13], [14, 1], [11, 17], [17, 15], [15, 7], [7, 1], [4, 1], [21, 9], [21, 2], [9, 2]], "num_nodes": 26, "opt_value": 35, "opt_count": 4, "feasible_count": 67108864, "mean_value": 19.5, "std": 3.122498999199199, "level": 28, "gammas": [-0.14780509843164097, -0.24684885297399073, -0.2591850405198515, -0.2613773900265902, -0.26426038050720757, -0.27004484959089353, -0.27999745501230894, -0.2731999339920694, -0.01639474283749968, -0.21230239186200164, 0.3631097297807627, 0.27337667139095573, 0.27168648235081266, 0.2663308183342764, 0.26391777512800946, 0.26622584877105376, 0.27315234649086967, 0.2796121904716309, 0.3077986834249484, 0.26220753445657924, 0.2646398135681239, 0.26900440906492873, 0.2741079141709245, 0.2800906840611945, 0.2877813183985388, 0.29831604872986606, 0.31393923919177713, 0.3403070466207529], "betas": [2.6615443830623216, 2.4901202526737394, 2.4212532919877305, 2.424905388480667, 2.5038738709089126, 2.6869297862890464, 3.081335819453925, 2.116460584739223, 2.7578046406705816, 0.390462638973277, -3.6925745969372312, -2.9354753043981745, -2.607332037646171, -2.4528140550787, -2.3906921165620987, -2.400940522347711, -2.4765637554760858, -2.618177267315072, -1.8011608375792436, -1.8889368049239337, -1.9174847919467586, -1.9120230558480378, -1.8860578172944709, -1.8445662883010525, -1.7862746285060978, -1.700972559334618, -1.5597310715135995, 5.012087055030755], "predicted_p_opt": 0.00019365549087524414, "predicted_tts": 5163.809172052939, "p_opt": 2.001806178921485e-06, "tts": 499548.8626869815, "approx": 0.8132747804161766, "opt_gap": -0.18672521958382338}