{"edges": [[0, 2], [0, 5], [0, 6], [0, 9], [1, 8], [1, 9], [1, 13], [2, 3], [3, 5], [3, 8], [3, 9], [3, 12], [3, 14], [4, 6], [4, 9], [4, 10], [4, 12], [5, 7], [5, 11], [5, 12], [5, 13], [5, 14], [7, 9], [7, 10], [9, 12], [10, 13], [10, 14], [11, 14]], "num_nodes": 15, "num_colors": 3, "opt_value": 28, "opt_count": 180, "feasible_count": 14348907, "mean_value": 18.666666666666668, "std": 2.4944382578492945, "level": 67, "gammas": [3.141592473579095, 3.1415925464265175, 3.1415926077749265, 3.1415926214042096, 3.1415926253348805, 3.141592610145164, 3.14159259622406, 3.141592591439997, 3.141592599753768, 3.1415925930104645, 3.1415925978496957, 3.141592604523384, 3.141592610778006, 3.1415926139014383, 3.141592615629657, 3.14159261012273, 3.1415926003115846, 3.141592597365337, 3.141592578422956, 3.1415925734232455, 3.1415925662090305, 3.141592530683872, 3.1415925012579575, 3.141592430568276, 3.141592355436482, 3.1415921920779577, 3.1415919960674286, 3.1415919110828976, 3.141591832928384, 3.1415915262586305, 3.141591038229169, 3.1415899395239117, 3.141588060967322, 3.141586965307902, 3.1415868750482585, 3.141584148472728, 3.141575967715232, 3.1415718991684294, 3.141573377125305, 3.1415767363431053, 3.141577113599322, 3.1415678656826413, 3.141536330316855, 3.1415250066001734, 3.1415263102187603, 3.1415238006033173, 3.1415114500603165, 3.141486277290804, 3.141355206830347, 3.1412772339885344, 3.1412079849393084, 3.1411743191140364, 3.141155397598305, 3.1411579416352327, 3.1410339293177945, 3.1408847113834075, 3.1411760934564374, 3.1412950342497377, 3.1411638686443077, 3.140929964003189, 3.14036329889324, 3.1391950415323793, 3.1386301374903485, 3.135463960564432, 3.1375888845880175, 3.128787722651745, 3.137272537016945], "betas": [3.1415927876250165, 3.141592726669576, 3.14159269440787, 3.1415926868614004, 3.141592693560256, 3.141592702732361, 3.141592708953717, 3.1415927162007593, 3.1415927172304188, 3.1415927116236513, 3.141592705617528, 3.141592699964178, 3.1415926948236326, 3.1415926917581105, 3.1415926883990886, 3.141592687230199, 3.1415926924080333, 3.1415926934186893, 3.1415926947405493, 3.141592690115714, 3.141592670879887, 3.141592640063111, 3.1415925818307806, 3.1415924976190346, 3.1415923758010975, 3.1415921731448817, 3.141592014775854, 3.1415919588690278, 3.141591802352434, 3.1415914091399437, 3.1415907580204143, 3.1415891736737236, 3.1415875528543244, 3.141587091682916, 3.1415865014501096, 3.1415804894558415, 3.141573104863345, 3.141572314636874, 3.1415751256642563, 3.1415773983134843, 3.1415749210885067, 3.141553410419227, 3.14152581752278, 3.141527438759967, 3.141524740214658, 3.1415202938328024, 3.1415040656417905, 3.1414352611583656, 3.14129510358191, 3.1412588008210705, 3.141165340009925, 3.141185865688628, 3.141130196403323, 3.141156553180365, 3.140890343463427, 3.141034678906233, 3.1412404557960008, 3.141297769184725, 3.1409394360453953, 3.1409852143032926, 3.139383966970332, 3.139580061903385, 3.136049614261434, 3.1379271250221676, 3.132219715875814, 3.1318180249255994, 3.140545294339673], "predicted_p_opt": 0.22862368541380887, "predicted_tts": 4.374, "p_opt": 0.21172387606458046, "tts": 4.723132877536107, "approx": 0.7372379376290482, "opt_gap": -0.2627620623709518, "th": -27.999000549316406}