{"edges": [[0, 4], [0, 10], [1, 4], [1, 5], [2, 3], [2, 9], [2, 12], [3, 12], [4, 7], [4, 8], [4, 9], [5, 6], [5, 9], [6, 8], [6, 12], [7, 8], [7, 10], [8, 9], [10, 14], [11, 12], [11, 13], [12, 14]], "num_nodes": 15, "num_colors": 3, "opt_value": 22, "opt_count": 888, "feasible_count": 14348907, "mean_value": 14.666666666666666, "std": 2.2110831935702664, "level": 1, "gammas": [3.14181482336378], "betas": [3.141686325974164], "predicted_p_opt": 0.0005569762212550406, "predicted_tts": 1795.4087837837835, "p_opt": 0.0005568842673364737, "tts": 1795.7052455134137, "approx": 0.6668316229867588, "opt_gap": -0.3331683770132412, "th": -21.999000549316406}