{"edges": [[0, 5], [0, 10], [1, 2], [1, 6], [1, 12], [2, 6], [3, 4], [3, 8], [4, 7], [4, 12], [5, 6], [5, 7], [5, 10], [5, 12], [6, 7], [6, 13], [7, 11], [7, 12], [8, 11], [8, 13], [9, 11], [10, 11], [10, 12], [11, 12], [11, 13], [12, 13]], "num_nodes": 14, "num_colors": 3, "opt_value": 26, "opt_count": 24, "feasible_count": 4782969, "mean_value": 17.333333333333332, "std": 2.4037008503093262, "level": 99, "gammas": [3.141592483087906, 3.1415923669148547, 3.141592637348707, 3.141592563053679, 3.141592550998847, 3.1415925616453433, 3.141592574038819, 3.1415925630282366, 3.141592579089462, 3.1415925802205362, 3.141592582171819, 3.14159259578191, 3.1415925884658344, 3.141592597693948, 3.1415925987312865, 3.14159259401841, 3.141592596755719, 3.141592588814187, 3.1415925948929266, 3.1415925857170337, 3.1415925735850156, 3.1415925765953903, 3.141592574379377, 3.141592556775424, 3.141592559212719, 3.141592540988723, 3.1415925280506074, 3.1415925188061897, 3.1415925274051055, 3.1415927198212574, 3.14159320824767, 3.1415933784657124, 3.1415928718908037, 3.1415923285774503, 3.1415920984804293, 3.14159177607691, 3.14159122492076, 3.141590643035133, 3.141589928027353, 3.1415888844411706, 3.1415873861029007, 3.14158598580347, 3.141583878743756, 3.1415829006516978, 3.141584186945859, 3.1415835582275924, 3.141578794308754, 3.1415735886388245, 3.1415664747120964, 3.141562955273258, 3.141564708491931, 3.14156265011248, 3.1415535352302024, 3.1415508026197094, 3.1415566686202, 3.141557700979001, 3.141544259113974, 3.141534837437517, 3.1415207051435026, 3.1415051797717, 3.141513324935222, 3.1415203690072246, 3.141496841938225, 3.1414787999481373, 3.141431136238472, 3.1413807906373843, 3.1413696627289873, 3.141379468413157, 3.141423274545726, 3.1414142707924966, 3.141500328685912, 3.141631698959342, 3.141543751834096, 3.1414771427275943, 3.1413266792680536, 3.1411548154941995, 3.1409535217454234, 3.1407883136326147, 3.141084137032067, 3.1412314107902595, 3.1408053166107206, 3.1403928773408003, 3.1407541481048766, 3.140758489338233, 3.1409652231658822, 3.140840335208341, 3.14086578382606, 3.1407679999274607, 3.1408512004855065, 3.140307527384164, 3.139514169006934, 3.1374658336940113, 3.1382981354635855, 3.137506184090425, 3.137834363853238, 3.132863304183214, 3.1388300452457565, 3.1265491060547927, 3.132879123207504], "betas": [3.1415924860003424, 3.1415927072441128, 3.141592706584002, 3.141592751670755, 3.1415927474163325, 3.141592742122008, 3.141592738143162, 3.1415927321753285, 3.141592731315053, 3.141592725671424, 3.141592724214794, 3.1415927186565433, 3.1415927063250013, 3.141592705611289, 3.1415927065589786, 3.141592709340586, 3.14159271162341, 3.141592715641244, 3.1415927217981645, 3.141592721592539, 3.1415927221496323, 3.141592728399502, 3.1415927296062605, 3.141592720542638, 3.141592711354787, 3.1415926995632155, 3.1415926855009144, 3.141592677241924, 3.1415927468747884, 3.1415931073522967, 3.1415935335713616, 3.141593331231235, 3.1415926869285515, 3.141592310956446, 3.141592097291942, 3.141591631047371, 3.1415910498069413, 3.141590417811885, 3.141589591934162, 3.141588240576272, 3.141586821440974, 3.141585101996641, 3.14158316313068, 3.1415835441680873, 3.1415845793750483, 3.141581588746322, 3.141576374510475, 3.1415703759491374, 3.141563846565131, 3.1415638716544434, 3.1415647941486364, 3.1415585903709586, 3.141550630640104, 3.1415536222040608, 3.1415588514444046, 3.1415523884134204, 3.1415382245265984, 3.141530280553395, 3.1415103712747063, 3.1415073791588704, 3.1415195462240884, 3.1415118975185856, 3.141485744558589, 3.1414631975846237, 3.14139813536935, 3.141375829643696, 3.141366783935753, 3.1414051608098736, 3.1414220028803297, 3.141434147425891, 3.141585921650535, 3.141607332312783, 3.141497783226136, 3.1414301575430397, 3.1412180490441735, 3.1410897791770833, 3.1408066563098216, 3.140919988609695, 3.1411960777078747, 3.1411172618106296, 3.1404722478912177, 3.1405784984130274, 3.14076468559897, 3.1408669156511095, 3.140920230859641, 3.1408554625257747, 3.140781122177352, 3.1409001651376878, 3.1404973645345935, 3.140267326285552, 3.1381082125028934, 3.1380825207514587, 3.137402838055694, 3.1386679141640386, 3.134629433083995, 3.135731796183478, 3.1344697265481036, 3.1260027643446566, 3.1390341009904383], "predicted_p_opt": 0.19871004808937712, "predicted_tts": 5.032458144996339, "p_opt": 0.1858921090221528, "tts": 5.3794644929270765, "approx": 0.7286293731027345, "opt_gap": -0.27137062689726554, "th": -25.999000549316406}