{"N": 26, "edgelist": ["0 2 {}\n", "0 5 {}\n", "0 9 {}\n", "0 10 {}\n", "0 13 {}\n", "0 14 {}\n", "0 17 {}\n", "0 21 {}\n", "0 23 {}\n", "0 24 {}\n", "0 25 {}\n", "1 2 {}\n", "1 3 {}\n", "1 5 {}\n", "1 7 {}\n", "1 8 {}\n", "1 9 {}\n", "1 10 {}\n", "1 12 {}\n", "1 13 {}\n", "1 17 {}\n", "1 18 {}\n", "1 21 {}\n", "1 22 {}\n", "1 23 {}\n", "1 24 {}\n", "2 5 {}\n", "2 6 {}\n", "2 8 {}\n", "2 9 {}\n", "2 11 {}\n", "2 12 {}\n", "2 13 {}\n", "2 18 {}\n", "2 20 {}\n", "2 21 {}\n", "2 22 {}\n", "2 23 {}\n", "2 25 {}\n", "3 4 {}\n", "3 5 {}\n", "3 8 {}\n", "3 10 {}\n", "3 11 {}\n", "3 13 {}\n", "3 15 {}\n", "3 18 {}\n", "3 20 {}\n", "3 23 {}\n", "4 7 {}\n", "4 8 {}\n", "4 9 {}\n", "4 11 {}\n", "4 14 {}\n", "4 16 {}\n", "4 18 {}\n", "4 22 {}\n", "5 7 {}\n", "5 8 {}\n", "5 9 {}\n", "5 10 {}\n", "5 11 {}\n", "5 12 {}\n", "5 14 {}\n", "5 16 {}\n", "5 17 {}\n", "5 19 {}\n", "5 20 {}\n", "5 21 {}\n", "5 22 {}\n", "5 23 {}\n", "5 24 {}\n", "6 9 {}\n", "6 14 {}\n", "6 20 {}\n", "6 22 {}\n", "7 8 {}\n", "7 11 {}\n", "7 12 {}\n", "7 13 {}\n", "7 15 {}\n", "7 16 {}\n", "7 18 {}\n", "7 19 {}\n", "7 20 {}\n", "7 22 {}\n", "7 24 {}\n", "8 10 {}\n", "8 11 {}\n", "8 14 {}\n", "8 15 {}\n", "8 18 {}\n", "8 21 {}\n", "8 23 {}\n", "8 24 {}\n", "9 11 {}\n", "9 12 {}\n", "9 13 {}\n", "9 14 {}\n", "9 16 {}\n", "9 20 {}\n", "9 24 {}\n", "10 11 {}\n", "10 13 {}\n", "10 15 {}\n", "10 16 {}\n", "10 18 {}\n", "10 19 {}\n", "10 22 {}\n", "10 23 {}\n", "10 24 {}\n", "10 25 {}\n", "11 12 {}\n", "11 14 {}\n", "11 15 {}\n", "11 16 {}\n", "11 19 {}\n", "11 20 {}\n", "11 21 {}\n", "11 22 {}\n", "11 23 {}\n", "11 24 {}\n", "12 13 {}\n", "12 14 {}\n", "12 15 {}\n", "12 17 {}\n", "12 21 {}\n", "12 22 {}\n", "12 24 {}\n", "12 25 {}\n", "13 15 {}\n", "13 16 {}\n", "13 18 {}\n", "13 19 {}\n", "13 20 {}\n", "14 15 {}\n", "14 18 {}\n", "14 20 {}\n", "14 23 {}\n", "14 24 {}\n", "14 25 {}\n", "15 16 {}\n", "15 18 {}\n", "15 22 {}\n", "15 23 {}\n", "16 19 {}\n", "16 21 {}\n", "16 22 {}\n", "16 23 {}\n", "16 24 {}\n", "17 19 {}\n", "17 20 {}\n", "17 21 {}\n", "17 23 {}\n", "17 24 {}\n", "18 19 {}\n", "18 21 {}\n", "18 24 {}\n", "18 25 {}\n", "19 24 {}\n", "19 25 {}\n", "20 21 {}\n", "20 22 {}\n", "20 25 {}\n", "21 22 {}\n", "21 23 {}\n", "21 25 {}\n", "22 23 {}\n", "22 25 {}\n", "23 25 {}\n"], "opt_value": 147, "opt_count": 1, "feasible_count": 10400600, "mean_value": 129.2, "std": 4.277545009038224, "level": 3, "gammas": [3.141726026730975, 3.1418261112549937, 3.1416199808670964], "betas": [3.1417232527833283, 3.1416233444964297, 3.1415882370167467], "predicted_p_opt": 4.711266657692825e-06, "predicted_tts": 212257.14285714287, "p_opt": 4.711259271629947e-06, "tts": 212257.4756226548, "approx": 0.8789120831307962, "opt_gap": -0.12108791686920384, "th": -146.99899291992188}