{"edges": [[0, 2], [0, 4], [0, 9], [0, 10], [0, 12], [0, 13], [1, 2], [1, 8], [1, 11], [2, 3], [2, 5], [2, 13], [3, 7], [3, 10], [3, 11], [3, 12], [4, 5], [4, 10], [4, 11], [5, 6], [6, 7], [6, 10], [7, 8], [7, 10], [7, 11], [7, 12], [7, 13], [8, 9], [8, 13], [9, 11], [9, 12]], "num_nodes": 14, "num_colors": 3, "opt_value": 31, "opt_count": 12, "feasible_count": 4782969, "mean_value": 20.666666666666668, "std": 2.6246692913372702, "level": 97, "gammas": [3.141592798202446, 3.141592774281212, 3.1415927670270034, 3.1415927579418086, 3.1415927654986797, 3.1415927579355696, 3.141592767191629, 3.1415927663042904, 3.1415927685434486, 3.141592761561105, 3.1415927566747706, 3.1415927462279765, 3.1415927427211545, 3.1415927566346014, 3.1415927436078355, 3.1415927358740743, 3.1415927383275415, 3.14159273942263, 3.141592735535256, 3.14159273434969, 3.1415927366134353, 3.1415927341688525, 3.141592723706327, 3.1415927284488583, 3.1415927145859395, 3.1415927080248904, 3.14159270441548, 3.141592658891843, 3.1415926312692943, 3.1415925749033993, 3.1415925192468843, 3.141592444283897, 3.1415923316423107, 3.1415922195059154, 3.1415920736229075, 3.1415918501103146, 3.141591546844125, 3.14159106845457, 3.141590289841604, 3.141588888294471, 3.141586852497607, 3.141586461338191, 3.1415877912564794, 3.141587469992093, 3.141584500541659, 3.1415826477883093, 3.1415824087029036, 3.1415807347126044, 3.1415754172238834, 3.1415694126550147, 3.141559881111071, 3.1415579130248825, 3.141568893120296, 3.141569030247008, 3.141547374280805, 3.1415379794971408, 3.1415482882497177, 3.1415550881663536, 3.1415584548895303, 3.1415547709928413, 3.1415364251517097, 3.1415191918875878, 3.141500957535274, 3.1414823697570764, 3.1414565093568223, 3.1414401599945654, 3.141385043080098, 3.141349180875525, 3.1414155132378445, 3.1414408889418803, 3.141390869926434, 3.1413441210617497, 3.1411637924942597, 3.1409803517389023, 3.1410594431676677, 3.1411412420163276, 3.1411180661011873, 3.140996795988072, 3.1411876660812443, 3.141339877485281, 3.141412718452471, 3.1413972719803334, 3.1413098413347194, 3.1409515852574414, 3.1409456219349736, 3.1409265100708934, 3.140312020024094, 3.139193456663785, 3.139972644769284, 3.139367626449638, 3.1390753709509607, 3.1369245524995075, 3.137664968416304, 3.1316277021192906, 3.135387787876721, 3.116437870654523, 3.133028755639301], "betas": [3.141592517772252, 3.141592537000644, 3.141592545394582, 3.1415925489674996, 3.141592546899463, 3.141592542910289, 3.1415925436076155, 3.141592542678947, 3.141592543324113, 3.141592543942965, 3.1415925451410147, 3.141592547810452, 3.141592553471049, 3.141592559283375, 3.141592560240371, 3.1415925620299903, 3.1415925653533727, 3.141592566199414, 3.1415925724039857, 3.141592574782996, 3.141592569374052, 3.1415925674315965, 3.1415925693813067, 3.1415925652241983, 3.1415925511791567, 3.141592543896011, 3.141592520228427, 3.1415924783100766, 3.1415924353415057, 3.14159238068221, 3.1415923198026126, 3.1415922300319985, 3.1415921226266823, 3.1415920087737783, 3.141591841445865, 3.14159157823478, 3.141591217261012, 3.141590598084061, 3.1415895961918925, 3.1415877349196366, 3.1415862103711705, 3.1415869749958096, 3.141587910204083, 3.141585986110789, 3.141583121256745, 3.141582331532675, 3.1415818599931455, 3.1415781943209278, 3.1415724234819216, 3.1415648255452666, 3.141556605598648, 3.1415628245252503, 3.141571818868084, 3.1415595125865075, 3.141538777392473, 3.1415426993214854, 3.141552162583316, 3.141557343392595, 3.1415578504457895, 3.1415473307060253, 3.141526228316132, 3.141511471375974, 3.1414905285221972, 3.14147108184015, 3.1414458368830247, 3.141422311320198, 3.141350161165168, 3.1413800403120486, 3.1414363460280885, 3.1414245923067106, 3.1413627926462206, 3.1412884444341085, 3.1410311481155024, 3.1410130353547197, 3.1410956721282726, 3.1411671079734385, 3.1410251270982608, 3.141072172844842, 3.141274464612528, 3.1413931577441714, 3.1413974185399907, 3.1414037726484856, 3.141106817998439, 3.140945507624864, 3.140906308459545, 3.140844218387372, 3.1394800453131166, 3.139632820339486, 3.1396659494508867, 3.139615132241451, 3.1375054788599317, 3.1378785685430994, 3.133856583623668, 3.1355345736988602, 3.124461745358565, 3.122005046967194, 3.13958774378392], "predicted_p_opt": 0.09540099465415729, "predicted_tts": 10.48207100591716, "p_opt": 0.09240540499754671, "tts": 10.821877789795405, "approx": 0.6974677093090089, "opt_gap": -0.3025322906909911, "th": -30.999000549316406}