{"edges": [[6, 12], [6, 23], [6, 9], [12, 4], [12, 18], [18, 23], [18, 24], [23, 11], [26, 27], [26, 24], [26, 19], [27, 1], [27, 21], [4, 0], [4, 25], [3, 16], [3, 22], [3, 2], [16, 2], [16, 10], [22, 25], [22, 13], [5, 19], [5, 8], [5, 17], [19, 11], [9, 20], [9, 7], [20, 10], [20, 21], [11, 7], [8, 24], [8, 14], [13, 14], [13, 25], [14, 17], [1, 21], [1, 0], [0, 15], [10, 17], [2, 15], [7, 15]], "num_nodes": 28, "opt_value": 37, "opt_count": 4, "feasible_count": 268435456, "mean_value": 21.0, "std": 3.24037034920393, "level": 3, "gammas": [-0.16004066169261932, -0.28977400064468384, -0.3266262114048004], "betas": [2.117952823638916, 1.6577750444412231, 1.2659366130828857], "predicted_p_opt": 7.301568984985352e-07, "predicted_tts": 1369568.6530612244, "p_opt": 7.618282893417927e-08, "tts": 13126317.491622474, "approx": 0.7015606760978699, "opt_gap": -0.2984393239021301}