{"edges": [[2, 27], [2, 11], [2, 21], [27, 4], [27, 3], [18, 23], [18, 8], [18, 16], [23, 9], [23, 1], [15, 24], [15, 9], [15, 0], [24, 26], [24, 22], [7, 26], [7, 10], [7, 12], [26, 6], [5, 13], [5, 4], [5, 20], [13, 11], [13, 8], [14, 25], [14, 4], [14, 10], [25, 20], [25, 0], [8, 6], [11, 17], [19, 21], [19, 17], [19, 1], [21, 20], [1, 3], [3, 12], [17, 22], [9, 12], [10, 6], [16, 22], [16, 0]], "num_nodes": 28, "opt_value": 38, "opt_count": 6, "feasible_count": 268435456, "mean_value": 21.0, "std": 3.24037034920393, "level": 3, "gammas": [-0.16193445026874542, -0.29174694418907166, -0.32794710993766785], "betas": [2.1570069789886475, 1.708447813987732, 1.30606210231781], "predicted_p_opt": 1.0952353477478027e-06, "predicted_tts": 913045.768707483, "p_opt": 1.0655072912868491e-07, "tts": 9385200.910190547, "approx": 0.6863238215446472, "opt_gap": -0.3136761784553528}