{"edges": [[6, 15], [6, 4], [6, 1], [15, 3], [15, 13], [4, 2], [4, 1], [5, 10], [5, 0], [5, 14], [10, 7], [10, 8], [0, 13], [0, 9], [8, 12], [8, 3], [12, 14], [12, 11], [1, 7], [9, 11], [9, 13], [11, 14], [7, 2], [3, 2]], "num_nodes": 16, "opt_value": 20, "opt_count": 6, "feasible_count": 65536, "mean_value": 12.0, "std": 2.449489742783178, "level": 35, "gammas": [0.20575668708755765, 0.34308291569884475, 0.36357599128890256, 0.36619963252828125, 0.46439802756551335, 0.21441202187868416, 0.3869962530836358, 0.3120544063774342, 0.378911930384684, 0.3296545337599091, 0.38785976063472616, 0.3716230222291557, 0.3944370498405129, 0.38767301672560583, 0.3899922064684936, 0.40011718482660996, 0.37961417807947984, 0.3572461014218809, 0.35175108368838554, 1.1962203675128924, 0.32145344338025894, 0.349653002443905, 0.40578691159149755, 0.3480774266689482, 0.3899192681415455, 0.386114099000056, 0.3978473083246188, 0.380164974921451, 0.39905403849341714, 0.348119582117097, 0.39094751697667446, 0.40220240714169486, 0.8973394965171705, 5.767961988755032, 0.9444529979874534], "betas": [-2.652499049695558, -2.458351882844406, -2.291311339481868, -2.208220323738276, -2.0117688412572337, -3.0593439687702357, -1.9471846937925958, -2.2616292967147458, -2.586281673231053, -2.3467726109499396, -2.5854282850235917, -2.5754176694662707, -2.5949645842645213, -2.488526127947611, -2.3167244985239006, 3.623479029579341, 3.8030863706484763, 4.071882004550649, 4.183646754717552, 3.855222911145345, 3.8606938318471475, 3.3201966150780793, 3.81704634564094, 3.593672968029427, 3.6736926580827944, 3.597968709848685, 3.6548527859512197, 3.806210654426212, 4.010675266116351, 3.5942644070401406, 3.533347135632093, 3.5748545258008755, 4.4510221292047385, 3.5749404309725246, 4.073067549313963], "predicted_p_opt": 0.461517333984375, "predicted_tts": 2.166765853335978, "p_opt": 0.004660104506243458, "tts": 214.58746228979032, "approx": 0.9399070287789202, "opt_gap": -0.060092971221079816}