{"locs": [[0.93, 0.83], [0.61, 0.36], [0.16, 0.73], [0.93, 0.93], [0.71, 0.8], [0.53, 0.59], [0.96, 0.97], [0.12, 0.4], [0.11, 0.96], [0.03, 0.24]], "opt_value": 3.085844039916992, "opt_count": 2.0, "feasible_count": 362880.0, "mean_value": 5.891788482666016, "std": 0.7914488315582275, "level": 9, "gammas": [-0.6958131194114685, -1.0779860019683838, -1.107237458229065, -1.0948032140731812, -1.0769082307815552, -1.06707763671875, -1.064084529876709, -1.0570226907730103, -1.016148567199707], "betas": [2.969843864440918, 3.003169536590576, 3.007084846496582, 2.968764066696167, 2.9365274906158447, 2.9227354526519775, 2.916505813598633, 2.9015581607818604, 2.861989736557007], "predicted_p_opt": 0.0019896384479717814, "predicted_tts": 502.6038781163435, "p_opt": 0.0013056653551757336, "tts": 765.8930337976279, "approx": 1.7732160091400146, "opt_gap": 0.7732160091400146}