{"edges": [[0, 2], [0, 4], [0, 6], [0, 8], [1, 3], [1, 4], [1, 7], [1, 8], [2, 10], [2, 11], [3, 4], [3, 7], [3, 11], [4, 5], [4, 8], [5, 6], [5, 9], [6, 9], [7, 8], [9, 11], [10, 11]], "num_nodes": 12, "num_colors": 3, "opt_value": 21, "opt_count": 36, "feasible_count": 531441, "mean_value": 14.0, "std": 2.160246899469287, "level": 71, "gammas": [3.141593093884018, 3.1415929153106332, 3.1415927206167598, 3.141592699476251, 3.141592757280032, 3.1415927725176225, 3.1415927763830553, 3.141592755248779, 3.1415927484091726, 3.1415927529655243, 3.1415927212023504, 3.1415927183012915, 3.1415926937097063, 3.141592702179822, 3.141592696573752, 3.1415926849650533, 3.141592682437219, 3.141592670023019, 3.1415926651548096, 3.1415926819394633, 3.1415926730784416, 3.1415926154655436, 3.1415925188529785, 3.1415923157054286, 3.141592018936449, 3.1415915008606694, 3.141590868751314, 3.1415905014378103, 3.141590111737321, 3.141588168359855, 3.1415838506522253, 3.141579831717609, 3.1415746101438393, 3.1415692807686195, 3.1415593823659864, 3.141553938436394, 3.1415432750938725, 3.1415399210134396, 3.1415502132563424, 3.141541678734511, 3.14146030647878, 3.141426360210356, 3.1414384723751736, 3.1414048351661057, 3.141278809091053, 3.14119287636764, 3.141246015779751, 3.1412764817125547, 3.14113003987436, 3.1408258829247306, 3.1407913184735645, 3.1405266121369975, 3.1406189523234906, 3.140511197274499, 3.140132791897061, 3.1388681928672413, 3.139817323383134, 3.1399501597828974, 3.140242144540804, 3.138940236381947, 3.139053364278574, 3.1359412255892885, 3.136432694708375, 3.1315892638909304, 3.1372063957232914, 3.1336609468409686, 3.1336085550408486, 3.1283322220218324, 3.1326615631165433, 3.1169272584145173, 3.1255977892586126], "betas": [3.141593340053351, 3.1415924621256264, 3.141592619221833, 3.1415925801248687, 3.141592537213832, 3.1415925257299087, 3.1415925307980905, 3.1415925456623577, 3.14159256661476, 3.1415925739102613, 3.141592579353285, 3.1415925895397057, 3.1415925949304544, 3.1415926019017797, 3.1415926013491857, 3.1415925923069885, 3.141592575329981, 3.1415925558935784, 3.14159254453368, 3.1415925298938627, 3.1415924871340795, 3.1415923935313477, 3.141592234292416, 3.1415919770393868, 3.141591592635074, 3.1415909741435835, 3.141590482993415, 3.1415901784761915, 3.1415893853393384, 3.1415859703041167, 3.141581819830254, 3.1415771795839333, 3.141572238917677, 3.14156453687921, 3.1415560105523577, 3.1415497240299657, 3.141538754630468, 3.141544672676482, 3.141552092130962, 3.141507976531016, 3.1414268657759825, 3.141438726701378, 3.1414243379245903, 3.1413595504799297, 3.141204763468479, 3.141225602769938, 3.1412523091890465, 3.141266279905139, 3.1409259070908835, 3.1408438822016516, 3.1406190414950053, 3.1405970368634195, 3.1405193433273575, 3.1405328529169383, 3.139320893702171, 3.1392213548949433, 3.139975211165976, 3.1401811741665244, 3.139581200098096, 3.1391716755556227, 3.137363210847101, 3.1364531717313686, 3.133886229584393, 3.1332739328184562, 3.137411867999367, 3.1318093424584825, 3.133236267395557, 3.1278359546355285, 3.128790667715688, 3.114791713911664, 3.136522519075336], "predicted_p_opt": 1.3852224423783637, "predicted_tts": 0.7219057166609615, "p_opt": 0.8527518812903637, "tts": 1.1726740473287776, "approx": 0.9509140678775351, "opt_gap": -0.049085932122464926, "th": -20.999000549316406}