{"edges": [[15, 24], [15, 12], [15, 0], [24, 14], [24, 0], [3, 4], [3, 22], [3, 8], [4, 17], [4, 13], [18, 20], [18, 17], [18, 12], [20, 2], [20, 1], [23, 25], [23, 11], [23, 2], [25, 9], [25, 6], [22, 16], [22, 27], [17, 26], [8, 21], [8, 14], [21, 10], [21, 9], [11, 1], [11, 27], [10, 14], [10, 13], [19, 27], [19, 26], [19, 13], [2, 6], [7, 16], [7, 0], [7, 9], [16, 1], [5, 6], [5, 12], [5, 26]], "num_nodes": 28, "opt_value": 38, "opt_count": 2, "feasible_count": 268435456, "mean_value": 21.0, "std": 3.24037034920393, "level": 9, "gammas": [3.141652396937222, 3.1415871406110987, 3.141531077589219, 3.141512958010715, 3.1414834935787415, 3.1415101124052707, 3.141531632911914, 2.1516262054744013, 2.6021272484279097], "betas": [3.141557851157332, 3.1415982601138777, 3.141620618830325, 3.141619979268646, 3.1415927904277625, 3.141548617227369, 3.138971216385237, 1.1783268349508822, 0.0], "predicted_p_opt": 2.689659595489502e-06, "predicted_tts": 371794.26038781164, "p_opt": 7.861040586149081e-07, "tts": 1272096.2181037078, "approx": 0.7790470652031957, "opt_gap": -0.22095293479680433, "th": -28.966260668993456}