{"edges": [[2, 27], [2, 4], [2, 19], [27, 23], [27, 18], [16, 26], [16, 3], [16, 8], [26, 17], [26, 14], [3, 19], [3, 11], [22, 23], [22, 0], [22, 13], [23, 6], [21, 25], [21, 4], [21, 12], [25, 20], [25, 10], [4, 17], [19, 11], [8, 9], [8, 18], [9, 20], [9, 0], [18, 1], [20, 24], [1, 12], [1, 7], [12, 24], [6, 17], [6, 5], [5, 24], [5, 11], [14, 15], [14, 7], [15, 7], [15, 13], [0, 10], [10, 13]], "num_nodes": 28, "opt_value": 36, "opt_count": 46, "feasible_count": 268435456, "mean_value": 21.0, "std": 3.24037034920393, "level": 2, "gammas": [3.141317844390869, 3.140287399291992], "betas": [3.1412465572357178, 3.1396005153656006], "predicted_p_opt": 4.284083843231201e-06, "predicted_tts": 233422.13565217392, "p_opt": 2.0834538653717038e-06, "tts": 479972.231024944, "approx": 0.7459168650642423, "opt_gap": -0.25408313493575774, "th": -25.95117309901476}