{"edges": [[18, 23], [18, 3], [18, 9], [23, 19], [23, 3], [12, 13], [12, 8], [12, 21], [13, 5], [13, 4], [14, 16], [14, 3], [14, 7], [16, 5], [16, 8], [5, 1], [8, 15], [15, 0], [15, 11], [10, 21], [10, 11], [10, 4], [21, 20], [0, 20], [0, 1], [20, 4], [2, 17], [2, 1], [2, 19], [17, 6], [17, 22], [6, 19], [6, 9], [7, 22], [7, 9], [22, 11]], "num_nodes": 24, "opt_value": 32, "opt_count": 6, "feasible_count": 16777216, "mean_value": 18.0, "std": 3.0, "level": 9, "gammas": [0.12477892637252808, 0.24531319737434387, 0.27381429076194763, 0.282593309879303, 0.2884601056575775, 0.29586362838745117, 0.3065672516822815, 0.3225556015968323, 0.349365770816803], "betas": [-2.4768199920654297, -2.165989398956299, -2.0103883743286133, -1.916293978691101, -1.8472213745117188, -1.7813239097595215, -1.6971079111099243, -1.559535026550293, -1.264344573020935], "predicted_p_opt": 0.0001291036605834961, "predicted_tts": 7745.713758079409, "p_opt": 3.006682391060167e-06, "tts": 332592.4956268482, "approx": 0.7726013660430908, "opt_gap": -0.22739863395690918}