{"N": 22, "edgelist": ["0 1 {}\n", "0 3 {}\n", "0 4 {}\n", "0 5 {}\n", "0 10 {}\n", "0 11 {}\n", "0 12 {}\n", "0 17 {}\n", "0 20 {}\n", "1 2 {}\n", "1 3 {}\n", "1 5 {}\n", "1 7 {}\n", "1 10 {}\n", "1 11 {}\n", "1 16 {}\n", "1 17 {}\n", "1 20 {}\n", "1 21 {}\n", "2 5 {}\n", "2 6 {}\n", "2 7 {}\n", "2 8 {}\n", "2 9 {}\n", "2 10 {}\n", "2 12 {}\n", "2 13 {}\n", "2 14 {}\n", "2 21 {}\n", "3 4 {}\n", "3 5 {}\n", "3 7 {}\n", "3 8 {}\n", "3 16 {}\n", "3 18 {}\n", "3 19 {}\n", "3 20 {}\n", "3 21 {}\n", "4 5 {}\n", "4 6 {}\n", "4 8 {}\n", "4 9 {}\n", "4 15 {}\n", "4 16 {}\n", "4 17 {}\n", "4 18 {}\n", "4 19 {}\n", "4 20 {}\n", "4 21 {}\n", "5 11 {}\n", "5 14 {}\n", "5 17 {}\n", "5 20 {}\n", "5 21 {}\n", "6 7 {}\n", "6 8 {}\n", "6 9 {}\n", "6 12 {}\n", "6 13 {}\n", "6 14 {}\n", "6 15 {}\n", "6 18 {}\n", "6 19 {}\n", "7 8 {}\n", "7 10 {}\n", "7 11 {}\n", "7 13 {}\n", "7 15 {}\n", "7 17 {}\n", "7 19 {}\n", "8 9 {}\n", "8 11 {}\n", "8 12 {}\n", "8 14 {}\n", "8 15 {}\n", "8 17 {}\n", "8 21 {}\n", "9 12 {}\n", "9 13 {}\n", "9 14 {}\n", "9 16 {}\n", "9 17 {}\n", "9 20 {}\n", "10 14 {}\n", "10 17 {}\n", "10 20 {}\n", "10 21 {}\n", "11 12 {}\n", "11 13 {}\n", "11 15 {}\n", "11 16 {}\n", "11 19 {}\n", "12 13 {}\n", "12 14 {}\n", "12 16 {}\n", "12 20 {}\n", "13 16 {}\n", "13 18 {}\n", "13 19 {}\n", "14 16 {}\n", "14 17 {}\n", "14 20 {}\n", "15 20 {}\n", "15 21 {}\n", "16 19 {}\n", "17 18 {}\n", "17 20 {}\n", "17 21 {}\n"], "opt_value": 95, "opt_count": 1, "feasible_count": 705432, "mean_value": 82.28571428571429, "std": 2.9169492472184957, "level": 8, "gammas": [0.13611317002245696, 0.2646579716794074, 0.294905862182691, 0.3050195954909918, 0.3120326160869954, 0.32092080005789536, 0.3354078264650882, 0.36149477892417886], "betas": [-2.5212639322348203, -2.2397659369799032, -2.0977979128523976, -2.0037247494696997, -1.916921836480236, -1.8124928545371666, -1.6553923074069832, 4.9519284880232615], "predicted_p_opt": 0.0004096780412569886, "predicted_tts": 2440.9411764705883, "p_opt": 1.4000524494368111e-05, "tts": 71425.89553714667, "approx": 0.9352772616202852, "opt_gap": -0.06472273837971476}