{"N": 22, "edgelist": ["0 1 {}\n", "0 3 {}\n", "0 4 {}\n", "0 7 {}\n", "0 8 {}\n", "0 18 {}\n", "1 2 {}\n", "1 4 {}\n", "1 9 {}\n", "1 11 {}\n", "1 12 {}\n", "1 15 {}\n", "1 16 {}\n", "1 20 {}\n", "2 7 {}\n", "2 9 {}\n", "2 10 {}\n", "2 11 {}\n", "2 12 {}\n", "2 13 {}\n", "2 14 {}\n", "2 15 {}\n", "2 17 {}\n", "2 19 {}\n", "2 21 {}\n", "3 4 {}\n", "3 5 {}\n", "3 10 {}\n", "3 15 {}\n", "3 16 {}\n", "3 20 {}\n", "4 5 {}\n", "4 6 {}\n", "4 7 {}\n", "4 10 {}\n", "4 15 {}\n", "4 16 {}\n", "4 18 {}\n", "4 20 {}\n", "4 21 {}\n", "5 10 {}\n", "5 11 {}\n", "5 12 {}\n", "5 14 {}\n", "5 15 {}\n", "5 16 {}\n", "5 17 {}\n", "5 19 {}\n", "6 7 {}\n", "6 12 {}\n", "6 15 {}\n", "6 16 {}\n", "6 18 {}\n", "6 19 {}\n", "7 14 {}\n", "7 16 {}\n", "7 19 {}\n", "8 9 {}\n", "8 10 {}\n", "8 14 {}\n", "8 17 {}\n", "8 18 {}\n", "8 19 {}\n", "8 21 {}\n", "9 10 {}\n", "9 11 {}\n", "9 12 {}\n", "9 13 {}\n", "9 21 {}\n", "10 12 {}\n", "10 16 {}\n", "10 18 {}\n", "10 19 {}\n", "10 20 {}\n", "10 21 {}\n", "11 15 {}\n", "11 20 {}\n", "11 21 {}\n", "12 13 {}\n", "12 15 {}\n", "12 16 {}\n", "12 19 {}\n", "12 20 {}\n", "13 18 {}\n", "13 21 {}\n", "14 19 {}\n", "14 20 {}\n", "14 21 {}\n", "16 20 {}\n", "17 18 {}\n", "17 19 {}\n", "17 21 {}\n", "18 19 {}\n", "18 21 {}\n", "19 21 {}\n"], "opt_value": 84, "opt_count": 14, "feasible_count": 705432, "mean_value": 72.38095238095238, "std": 3.123038828456703, "level": 8, "gammas": [0.1285605852202894, 0.2543163079719202, 0.28680796773763584, 0.2981781130003819, 0.3052733046751703, 0.3131118008304736, 0.3250113165850377, 0.34549464346065795], "betas": [-2.499778051435483, -2.2089923628181904, -2.0615530568552116, -1.961677005081251, -1.8677005305651195, -1.7530534332897163, -1.5798345892957861, 5.035988506770933], "predicted_p_opt": 0.005735492577597841, "predicted_tts": 174.35294117647058, "p_opt": 0.0002667688888795516, "tts": 3748.5630509617204, "approx": 0.9412739164364144, "opt_gap": -0.05872608356358555}