{"N": 26, "edgelist": ["0 1 {}\n", "0 3 {}\n", "0 4 {}\n", "0 5 {}\n", "0 10 {}\n", "0 11 {}\n", "0 12 {}\n", "0 17 {}\n", "0 20 {}\n", "0 23 {}\n", "0 24 {}\n", "1 2 {}\n", "1 3 {}\n", "1 5 {}\n", "1 7 {}\n", "1 10 {}\n", "1 11 {}\n", "1 16 {}\n", "1 17 {}\n", "1 20 {}\n", "1 21 {}\n", "1 22 {}\n", "1 24 {}\n", "1 25 {}\n", "2 5 {}\n", "2 6 {}\n", "2 7 {}\n", "2 8 {}\n", "2 9 {}\n", "2 10 {}\n", "2 12 {}\n", "2 13 {}\n", "2 14 {}\n", "2 21 {}\n", "2 22 {}\n", "2 25 {}\n", "3 4 {}\n", "3 5 {}\n", "3 7 {}\n", "3 8 {}\n", "3 16 {}\n", "3 18 {}\n", "3 19 {}\n", "3 20 {}\n", "3 21 {}\n", "3 22 {}\n", "3 24 {}\n", "3 25 {}\n", "4 5 {}\n", "4 6 {}\n", "4 8 {}\n", "4 9 {}\n", "4 15 {}\n", "4 16 {}\n", "4 17 {}\n", "4 18 {}\n", "4 19 {}\n", "4 20 {}\n", "4 21 {}\n", "4 22 {}\n", "4 23 {}\n", "4 24 {}\n", "5 11 {}\n", "5 14 {}\n", "5 17 {}\n", "5 20 {}\n", "5 21 {}\n", "5 22 {}\n", "5 24 {}\n", "5 25 {}\n", "6 7 {}\n", "6 8 {}\n", "6 9 {}\n", "6 12 {}\n", "6 13 {}\n", "6 14 {}\n", "6 15 {}\n", "6 18 {}\n", "6 19 {}\n", "6 24 {}\n", "6 25 {}\n", "7 8 {}\n", "7 10 {}\n", "7 11 {}\n", "7 13 {}\n", "7 15 {}\n", "7 17 {}\n", "7 19 {}\n", "7 23 {}\n", "7 24 {}\n", "8 9 {}\n", "8 11 {}\n", "8 12 {}\n", "8 14 {}\n", "8 15 {}\n", "8 17 {}\n", "8 21 {}\n", "8 24 {}\n", "8 25 {}\n", "9 12 {}\n", "9 13 {}\n", "9 14 {}\n", "9 16 {}\n", "9 17 {}\n", "9 20 {}\n", "9 24 {}\n", "9 25 {}\n", "10 14 {}\n", "10 17 {}\n", "10 20 {}\n", "10 21 {}\n", "10 24 {}\n", "11 12 {}\n", "11 13 {}\n", "11 15 {}\n", "11 16 {}\n", "11 19 {}\n", "11 25 {}\n", "12 13 {}\n", "12 14 {}\n", "12 16 {}\n", "12 20 {}\n", "12 22 {}\n", "12 23 {}\n", "12 24 {}\n", "12 25 {}\n", "13 16 {}\n", "13 18 {}\n", "13 19 {}\n", "13 22 {}\n", "13 25 {}\n", "14 16 {}\n", "14 17 {}\n", "14 20 {}\n", "14 22 {}\n", "14 23 {}\n", "14 24 {}\n", "14 25 {}\n", "15 20 {}\n", "15 21 {}\n", "15 22 {}\n", "15 23 {}\n", "15 24 {}\n", "16 19 {}\n", "16 22 {}\n", "16 23 {}\n", "16 24 {}\n", "17 18 {}\n", "17 20 {}\n", "17 21 {}\n", "17 24 {}\n", "18 22 {}\n", "18 25 {}\n", "19 23 {}\n", "19 24 {}\n", "20 22 {}\n", "20 23 {}\n", "20 24 {}\n", "21 23 {}\n", "21 25 {}\n", "22 24 {}\n", "23 24 {}\n", "23 25 {}\n"], "opt_value": 140, "opt_count": 3, "feasible_count": 10400600, "mean_value": 123.88, "std": 3.7905420055253543, "level": 59, "gammas": [-0.09583256393671036, -0.17470091581344604, -0.18778201937675476, -0.18856218457221985, -0.18715845048427582, -0.18584631383419037, -0.1850307583808899, -0.18464480340480804, -0.18446579575538635, -0.18436066806316376, -0.18425457179546356, -0.18411679565906525, -0.18394072353839874, -0.18370525538921356, -0.18337421119213104, -0.18295690417289734, -0.18248192965984344, -0.18201689422130585, -0.1816902458667755, -0.18166585266590118, -0.18206943571567535, -0.18293985724449158, -0.1840101033449173, -0.1845044046640396, -0.18225671350955963, -0.16809925436973572, -0.13555100560188293, 0.07955516129732132, 0.18249104917049408, 0.188363716006279, 0.18606047332286835, 0.1822122484445572, 0.17919184267520905, 0.17770794034004211, 0.17756186425685883, 0.17811644077301025, 0.1788288801908493, 0.17942462861537933, 0.1798560917377472, 0.18017853796482086, 0.18046392500400543, 0.18075047433376312, 0.18105998635292053, 0.18136030435562134, 0.1816169172525406, 0.18182677030563354, 0.18197575211524963, 0.18207474052906036, 0.1821528822183609, 0.18230599164962769, 0.18269172310829163, 0.1833430975675583, 0.18388023972511292, 0.18347050249576569, 0.18422375619411469, 0.17983417212963104, 0.1812921017408371, 0.18166092038154602, 0.17569836974143982], "betas": [2.9637770652770996, 2.9303767681121826, 2.928766965866089, 2.9347984790802, 2.9423086643218994, 2.94836688041687, 2.9516141414642334, 2.951909065246582, 2.9499433040618896, 2.9466552734375, 2.9428462982177734, 2.939255952835083, 2.935346841812134, 2.930548667907715, 2.9244673252105713, 2.9171948432922363, 2.9095585346221924, 2.902113914489746, 2.896156072616577, 2.892472505569458, 2.8898801803588867, 2.884596347808838, 2.8726043701171875, 2.8542094230651855, 2.8491876125335693, 2.9242002964019775, -1.9459409713745117, -3.467996120452881, -2.985396146774292, -2.9121737480163574, -2.8612451553344727, -2.8281006813049316, -2.813499927520752, -2.815859794616699, -2.827740430831909, -2.841427803039551, -2.85243558883667, -2.860217809677124, -2.8658969402313232, -2.870711088180542, -2.8757283687591553, -2.8812153339385986, -2.8868417739868164, -2.8923227787017822, -2.8969786167144775, -2.9001214504241943, -2.901369333267212, -2.9005794525146484, -2.8993611335754395, -2.9022700786590576, -2.915743112564087, -2.9437367916107178, -2.9752094745635986, -2.971341133117676, -2.773895502090454, -2.9087016582489014, -2.909600019454956, -2.8707141876220703, -2.981292247772217], "predicted_p_opt": 0.00408466819221968, "predicted_tts": 244.81792717086833, "p_opt": 0.0031709675758151493, "tts": 315.36115589038576, "approx": 0.8961434169603495, "opt_gap": -0.10385658303965051}