{"N": 26, "edgelist": ["0 2 {}\n", "0 5 {}\n", "0 6 {}\n", "0 9 {}\n", "0 17 {}\n", "0 18 {}\n", "0 19 {}\n", "0 20 {}\n", "0 21 {}\n", "0 23 {}\n", "0 24 {}\n", "0 25 {}\n", "1 2 {}\n", "1 3 {}\n", "1 5 {}\n", "1 8 {}\n", "1 9 {}\n", "1 11 {}\n", "1 13 {}\n", "1 14 {}\n", "1 15 {}\n", "1 16 {}\n", "1 18 {}\n", "1 21 {}\n", "1 25 {}\n", "2 3 {}\n", "2 7 {}\n", "2 9 {}\n", "2 10 {}\n", "2 11 {}\n", "2 12 {}\n", "2 13 {}\n", "2 14 {}\n", "2 17 {}\n", "2 18 {}\n", "2 22 {}\n", "2 24 {}\n", "3 7 {}\n", "3 9 {}\n", "3 10 {}\n", "3 11 {}\n", "3 12 {}\n", "3 13 {}\n", "3 15 {}\n", "3 16 {}\n", "3 19 {}\n", "3 22 {}\n", "3 23 {}\n", "3 25 {}\n", "4 5 {}\n", "4 8 {}\n", "4 12 {}\n", "4 14 {}\n", "4 22 {}\n", "4 23 {}\n", "5 6 {}\n", "5 7 {}\n", "5 8 {}\n", "5 9 {}\n", "5 10 {}\n", "5 11 {}\n", "5 12 {}\n", "5 16 {}\n", "5 17 {}\n", "5 18 {}\n", "5 22 {}\n", "5 23 {}\n", "5 24 {}\n", "6 7 {}\n", "6 8 {}\n", "6 9 {}\n", "6 11 {}\n", "6 12 {}\n", "6 13 {}\n", "6 14 {}\n", "6 15 {}\n", "6 16 {}\n", "6 19 {}\n", "6 21 {}\n", "6 24 {}\n", "7 8 {}\n", "7 9 {}\n", "7 11 {}\n", "7 12 {}\n", "7 14 {}\n", "7 18 {}\n", "7 20 {}\n", "7 21 {}\n", "7 23 {}\n", "7 24 {}\n", "7 25 {}\n", "8 9 {}\n", "8 12 {}\n", "8 14 {}\n", "8 16 {}\n", "8 20 {}\n", "8 22 {}\n", "8 24 {}\n", "9 10 {}\n", "9 12 {}\n", "9 13 {}\n", "9 14 {}\n", "9 17 {}\n", "9 18 {}\n", "9 20 {}\n", "9 24 {}\n", "9 25 {}\n", "10 11 {}\n", "10 12 {}\n", "10 13 {}\n", "10 15 {}\n", "10 20 {}\n", "10 21 {}\n", "10 22 {}\n", "10 23 {}\n", "10 24 {}\n", "10 25 {}\n", "11 12 {}\n", "11 15 {}\n", "11 17 {}\n", "11 20 {}\n", "11 23 {}\n", "11 24 {}\n", "12 14 {}\n", "12 15 {}\n", "12 17 {}\n", "12 18 {}\n", "12 21 {}\n", "12 24 {}\n", "12 25 {}\n", "13 14 {}\n", "13 15 {}\n", "13 17 {}\n", "13 18 {}\n", "13 21 {}\n", "13 24 {}\n", "14 16 {}\n", "14 17 {}\n", "14 18 {}\n", "14 19 {}\n", "14 23 {}\n", "14 25 {}\n", "15 16 {}\n", "15 17 {}\n", "15 22 {}\n", "15 23 {}\n", "16 18 {}\n", "16 19 {}\n", "16 21 {}\n", "16 23 {}\n", "16 25 {}\n", "17 18 {}\n", "17 19 {}\n", "17 20 {}\n", "18 19 {}\n", "18 22 {}\n", "18 25 {}\n", "19 20 {}\n", "19 21 {}\n", "19 22 {}\n", "19 23 {}\n", "19 24 {}\n", "20 23 {}\n", "20 24 {}\n", "20 25 {}\n", "21 22 {}\n", "22 23 {}\n", "23 25 {}\n", "24 25 {}\n"], "opt_value": 144, "opt_count": 3, "feasible_count": 10400600, "mean_value": 128.44, "std": 3.702567851593293, "level": 81, "gammas": [3.141592826623454, 3.1415927475853205, 3.141592734539481, 3.1415927174995106, 3.1415927190474835, 3.1415927212316213, 3.1415927120779736, 3.1415927180848984, 3.1415927261725862, 3.1415927208172305, 3.1415927180567333, 3.1415927284611302, 3.1415927214742747, 3.141592724970012, 3.1415927242467037, 3.1415927332128555, 3.141592729042008, 3.1415927246547706, 3.1415927215889985, 3.141592722631365, 3.1415927096331333, 3.141592713088749, 3.1415926958893974, 3.1415926907585883, 3.141592662133758, 3.141592638716056, 3.1415926446613263, 3.1415926417212066, 3.141592615715115, 3.141592495334662, 3.141592274487581, 3.1415918770877815, 3.141591313202216, 3.141590847028245, 3.141590524463782, 3.1415904109332202, 3.141590224411917, 3.141588931750775, 3.141586278760697, 3.14158317558911, 3.141578596293688, 3.141576889352566, 3.141577894347799, 3.1415766776504026, 3.1415729707527786, 3.1415673200848264, 3.1415498189628814, 3.141544387619581, 3.141558749545998, 3.1415611516492183, 3.141549293566544, 3.141541215767518, 3.1415209663690913, 3.1415188360421036, 3.1415358776018154, 3.14153453357409, 3.1415260196346924, 3.141499937896245, 3.141417372218526, 3.141380533316902, 3.1413093107838916, 3.141237826598631, 3.1412038405748652, 3.141165471014603, 3.141233116468716, 3.141191530714231, 3.1412805817427567, 3.141264366584745, 3.1412778577689195, 3.1413154871877076, 3.141200849836455, 3.1408965332743457, 3.1401929649326816, 3.1389417553539443, 3.1397861134580736, 3.139667088297463, 3.14098311703263, 3.140330516528724, 3.1386923911579014, 3.129610940432507, 3.13810456975801], "betas": [3.1415925165118774, 3.141592563502645, 3.1415925800435325, 3.141592589793136, 3.141592594232559, 3.141592591241555, 3.1415925871147072, 3.1415925870703516, 3.1415925857734077, 3.1415925872468993, 3.1415925941645346, 3.1415925930426636, 3.141592589454605, 3.141592587952458, 3.141592588672687, 3.1415925914754212, 3.1415925857686564, 3.14159257797685, 3.1415925724898255, 3.1415925710440384, 3.141592570620155, 3.1415925641600895, 3.1415925590153346, 3.141592549041277, 3.141592535121047, 3.1415925347006404, 3.141592542546268, 3.141592537071227, 3.1415924684304244, 3.1415922930822595, 3.1415919947798083, 3.1415914817082022, 3.141590935904377, 3.1415905292979267, 3.1415903020747478, 3.1415901998452256, 3.1415896357117354, 3.1415874802695742, 3.1415847072609666, 3.14158073314356, 3.1415769639280993, 3.1415772510098257, 3.1415776471491084, 3.1415747114696533, 3.141571041303684, 3.1415595570604724, 3.1415433286458727, 3.1415511635091256, 3.141562488621007, 3.1415554522755587, 3.1415449691379784, 3.1415326723875188, 3.1415139923206485, 3.1415292064037437, 3.1415359471588085, 3.1415317386354524, 3.14151702281079, 3.1414645737963154, 3.1413869307378928, 3.1413632820385757, 3.1412536499891157, 3.14123714934817, 3.1411584146430007, 3.1412144044955466, 3.1412014650035687, 3.1412357201333863, 3.141280069199036, 3.1412735520495416, 3.1412782291817387, 3.1413412005904897, 3.140965002012892, 3.140795297620494, 3.139268482407113, 3.1394031821014363, 3.139767060397059, 3.1401450947898475, 3.140674992395158, 3.141026232967247, 3.1325621373296078, 3.1330302131393464, 3.1408249518539586], "predicted_p_opt": 0.007663692479280042, "predicted_tts": 130.48540278771, "p_opt": 0.007644132169102001, "tts": 130.81929745302605, "approx": 0.892770364523973, "opt_gap": -0.10722963547602704, "th": -143.99899291992188}