{"N": 18, "edgelist": ["0 1 {}\n", "0 5 {}\n", "0 6 {}\n", "0 7 {}\n", "0 10 {}\n", "0 11 {}\n", "0 12 {}\n", "0 13 {}\n", "0 16 {}\n", "0 17 {}\n", "1 3 {}\n", "1 7 {}\n", "1 11 {}\n", "1 12 {}\n", "1 13 {}\n", "1 15 {}\n", "1 17 {}\n", "2 6 {}\n", "2 8 {}\n", "2 11 {}\n", "2 12 {}\n", "2 16 {}\n", "2 17 {}\n", "3 4 {}\n", "3 5 {}\n", "3 6 {}\n", "3 15 {}\n", "3 16 {}\n", "4 7 {}\n", "4 8 {}\n", "4 10 {}\n", "4 11 {}\n", "4 12 {}\n", "4 13 {}\n", "4 14 {}\n", "4 16 {}\n", "5 8 {}\n", "5 9 {}\n", "5 10 {}\n", "5 13 {}\n", "5 14 {}\n", "5 15 {}\n", "6 7 {}\n", "6 11 {}\n", "6 14 {}\n", "6 16 {}\n", "6 17 {}\n", "7 8 {}\n", "7 10 {}\n", "7 12 {}\n", "7 13 {}\n", "7 15 {}\n", "7 16 {}\n", "7 17 {}\n", "8 13 {}\n", "8 14 {}\n", "8 17 {}\n", "9 12 {}\n", "9 15 {}\n", "9 16 {}\n", "9 17 {}\n", "10 12 {}\n", "10 13 {}\n", "11 12 {}\n", "11 16 {}\n", "11 17 {}\n", "12 14 {}\n", "12 15 {}\n", "13 14 {}\n", "13 15 {}\n", "13 16 {}\n", "14 15 {}\n", "14 17 {}\n", "15 17 {}\n"], "opt_value": 66, "opt_count": 4, "feasible_count": 48620, "mean_value": 56.588235294117645, "std": 2.393835797833598, "level": 25, "gammas": [-0.17108894884586334, -0.31267523765563965, -0.34386295080184937, -0.35284802317619324, -0.3548029959201813, -0.3535538911819458, -0.35021406412124634, -0.3415573537349701, -0.3132999837398529, -0.11313797533512115, 0.22388117015361786, 0.25264880061149597, 0.27381187677383423, 0.29435887932777405, 0.2946558892726898, 0.28152376413345337, 0.2836434543132782, 0.29781079292297363, 0.30104494094848633, 0.2996138036251068, 0.316155344247818, 0.39502206444740295, 0.3145323693752289, 0.3671390414237976, 0.42506861686706543], "betas": [2.7463717460632324, 2.6230783462524414, 2.5969488620758057, 2.6029534339904785, 2.6203129291534424, 2.651095390319824, 2.7164714336395264, 2.857438087463379, 3.656461715698242, 1.596956729888916, -2.7812411785125732, -2.319744825363159, -2.2294363975524902, -2.198448657989502, -2.067747116088867, -1.9633002281188965, -1.9959079027175903, -2.028109073638916, -1.9735777378082275, -1.9566127061843872, -2.1743528842926025, -1.4283357858657837, -1.5812207460403442, -1.6270442008972168, -1.275952696800232], "predicted_p_opt": 0.213986013986014, "predicted_tts": 4.673202614379084, "p_opt": 0.012198899872601032, "tts": 81.97460512369804, "approx": 0.9677135944366455, "opt_gap": -0.03228640556335449}