{"edges": [[12, 16], [12, 15], [12, 14], [16, 15], [16, 4], [5, 7], [5, 2], [5, 14], [7, 6], [7, 8], [3, 13], [3, 6], [3, 8], [13, 17], [13, 10], [9, 11], [9, 1], [9, 2], [11, 2], [11, 1], [0, 14], [0, 17], [0, 4], [1, 4], [17, 10], [10, 15], [6, 8]], "num_nodes": 18, "opt_value": 22, "opt_count": 16, "feasible_count": 262144, "mean_value": 13.5, "std": 2.598076211353316, "level": 33, "gammas": [0.32173513083929506, 0.4633348407648254, 0.25159112805095596, 0.3576213912264239, 0.2998804476701768, 0.3172548992211082, 0.3136380612460629, 0.30466444631886636, 0.30781529262157753, 0.2820306880946042, 0.2686043724468476, 0.3108626703789464, 0.35436132062104814, 0.35092293080043013, 0.3610139571197439, 0.33831749481780143, 0.6678149244594013, 0.2742134386512463, 0.22947490475469748, 0.5128615446961963, 0.30221738281913113, 0.33015333299281685, 0.31390705120033174, 0.31908187312329234, 0.3205637804354056, 0.3179187098322026, 0.3338716907157829, 0.3435429102152171, 0.3551569038468801, 0.36545028495079734, 1.4796383407940892, -0.08608567220061054, 0.6046128930719662], "betas": [-2.185133162426301, -3.2743920217554896, -1.971719152479509, -1.99261155402816, -2.069465962554055, -1.907397681396418, -1.8922996047931764, -1.839947670586127, -1.704935011496774, -1.535561075698105, -1.5602252102515677, -1.7488475524602258, -1.7729388769420547, -1.4123296267335597, -1.456090750408312, -1.289934566020316, -0.7442221707109206, -3.0736961800244518, -3.7863059792832137, 3.6467469206337735, 4.047924016383128, 4.250265264217594, 4.229040681101967, 4.306158057856866, 4.3225898199339206, 4.310051631573578, 4.281002222217795, 4.1932231744613295, 4.061584569249532, -2.424767335543729, -2.1728445928953253, 0.9145923702586741, -1.645007253490305], "predicted_p_opt": 0.27398681640625, "predicted_tts": 3.649810648251281, "p_opt": 0.004034404200535264, "tts": 247.86807426666005, "approx": 0.9173536117567855, "opt_gap": -0.08264638824321446}