{"edges": [[0, 6], [0, 8], [0, 11], [1, 4], [1, 9], [1, 10], [2, 4], [2, 9], [3, 4], [3, 6], [4, 5], [4, 7], [4, 9], [4, 11], [5, 7], [5, 8], [5, 11], [6, 8], [7, 9], [7, 10], [8, 9], [8, 10], [9, 11], [10, 11]], "num_nodes": 12, "num_colors": 3, "opt_value": 24, "opt_count": 42, "feasible_count": 531441, "mean_value": 16.0, "std": 2.309401076758503, "level": 31, "gammas": [3.14159251519208, 3.1415927255195184, 3.141592727860226, 3.141592680206014, 3.14159263109245, 3.1415926179876816, 3.1415926215648247, 3.1415926389403213, 3.141592653772755, 3.1415926572761896, 3.1415926610910083, 3.1415926683445043, 3.1415926276780617, 3.1415925365665003, 3.141592420750156, 3.1415920803359487, 3.141591612749614, 3.141591094075998, 3.1415912325911037, 3.141588015722844, 3.1415826773609994, 3.1415765820376462, 3.141565327520167, 3.141566085482428, 3.1415000024326165, 3.1415134668321127, 3.1412494529597157, 3.141222080844897, 3.141199279486074, 3.1406664626962875, 3.141367928963928], "betas": [3.1415926418301314, 3.1415925713376986, 3.1415926022713, 3.1415926513320414, 3.1415926845683018, 3.1415926867122668, 3.141592675155259, 3.1415926579610005, 3.1415926423893783, 3.1415926236968086, 3.141592607843213, 3.141592602232686, 3.1415925672108953, 3.141592512227144, 3.1415923421292673, 3.1415918897309942, 3.141591253410679, 3.141590930173023, 3.1415903298233356, 3.141584869865463, 3.141581817264766, 3.141569696460657, 3.1415666192052645, 3.1415331827638804, 3.1415117027284256, 3.141433610887839, 3.14110102323735, 3.141409244403202, 3.1407567763413513, 3.1410005132234815, 3.1415450080859424], "predicted_p_opt": 0.3136716963877458, "predicted_tts": 3.1880466472303204, "p_opt": 0.28222306874444586, "tts": 3.5432964585382782, "approx": 0.7607221329775888, "opt_gap": -0.23927786702241116, "th": -23.999000549316406}