{"edges": [[12, 19], [12, 20], [12, 0], [19, 14], [19, 10], [14, 4], [14, 1], [0, 5], [0, 6], [5, 15], [5, 21], [9, 11], [9, 1], [9, 18], [11, 20], [11, 7], [1, 7], [2, 8], [2, 3], [2, 15], [8, 4], [8, 13], [20, 17], [13, 17], [13, 15], [17, 6], [7, 16], [16, 4], [16, 10], [6, 10], [3, 18], [3, 21], [18, 21]], "num_nodes": 22, "opt_value": 29, "opt_count": 4, "feasible_count": 4194304, "mean_value": 16.5, "std": 2.8722813232690143, "level": 26, "gammas": [0.1331927093024838, 0.24027148629820022, 0.21759767792897808, 0.2406593486515009, 0.2540115715507795, 0.23408860679979368, 0.22828718384150035, 0.21606213655815978, 0.23234285500551644, 0.2492922209658573, 0.25877750523397003, 0.2649950591058906, 0.2692071194339705, 0.27218158671164316, 0.2743698639616194, 0.2759861820076987, 0.277884875484667, 0.2805967878362321, 0.28485164086265613, 0.2910721182623997, 0.29759300485607426, 0.3081824496127322, 0.3759104895101632, 0.4491862218333123, 0.4299373010874414, 0.3556439867020518], "betas": [-2.7812065409637663, -2.2858707859963596, -2.1170961412413534, -2.278740705498201, -1.9634226041441791, -1.7111814972296562, -1.6012654676729208, -1.7121201053104094, -1.8244617582136577, -1.9018259874110721, -1.941315402899458, -1.9572333662744827, -1.9566609395530175, -1.944305771236984, -1.9218006579298395, -1.8930191213220728, -1.862771561934399, -1.8341989417808162, -1.809386893130888, -1.7884646176493348, -1.8064215476849645, -1.5131774748704614, -1.9192724965111894, -2.101451702107438, -2.4068144848209125, 3.7813821956456954], "predicted_p_opt": 0.0026788711547851562, "predicted_tts": 373.2915628337487, "p_opt": 2.6920853213492096e-05, "tts": 37145.92520785424, "approx": 0.843046709035406, "opt_gap": -0.15695329096459398}