{"edges": [[14, 16], [14, 15], [14, 5], [16, 7], [16, 13], [4, 15], [4, 17], [4, 2], [15, 0], [8, 9], [8, 3], [8, 10], [9, 3], [9, 6], [10, 18], [10, 19], [18, 1], [18, 7], [1, 17], [1, 13], [6, 11], [6, 17], [11, 19], [11, 5], [7, 12], [3, 5], [2, 19], [2, 12], [0, 13], [0, 12]], "num_nodes": 20, "opt_value": 26, "opt_count": 10, "feasible_count": 1048576, "mean_value": 15.0, "std": 2.7386127875258306, "level": 25, "gammas": [-0.13542837065687183, -0.24186164575479452, -0.23165373038161907, -0.2527140805496545, -0.24183863491704616, -0.232320767328456, -0.22835349594197274, -0.23933457127900076, -0.23784280453636367, -0.22924856691448536, -0.23044158633350328, -0.24125565754100844, -0.2462319308182205, -0.24535120918306888, -0.2516373527379625, -0.2661885823340279, -0.2790038282565675, -0.28835500678395687, -0.2967808112960105, -0.307031520756762, -0.3179172976328526, -0.3241038509578981, -0.41064720117731296, 5.814694373343942, 5.854564859284957], "betas": [2.7581613393299955, 2.297244608420263, 2.114269682817195, 2.0085179883290003, 1.639028745218924, 1.5793710448575666, 1.6583163486757444, 1.666172962792452, 1.6002548950353894, 1.5454711825328675, 1.5785574161087097, 1.620370030978408, 1.6036280634072333, 1.5882627482545955, 1.6345974109875738, 1.6946380368592393, 1.7232972493792984, 1.7264256441771837, 1.7205244401496065, 1.7137348856396115, 1.737644136254209, 1.4592247447596847, 1.8563981094309192, 2.0905597204178457, 2.356660399779343], "predicted_p_opt": 0.024805068969726562, "predicted_tts": 40.31434063821607, "p_opt": 0.00028703666312460157, "tts": 3483.8755060565336, "approx": 0.8608514841020244, "opt_gap": -0.1391485158979756}