{"edges": [[0, 15], [0, 16], [1, 3], [1, 6], [1, 9], [1, 13], [1, 14], [2, 8], [2, 10], [2, 13], [2, 15], [3, 4], [3, 9], [3, 16], [4, 5], [4, 10], [5, 11], [5, 16], [6, 9], [6, 11], [6, 12], [6, 16], [7, 9], [7, 16], [8, 15], [9, 10], [9, 11], [9, 13], [10, 14], [11, 13], [12, 14], [13, 16], [15, 16]], "num_nodes": 17, "num_colors": 3, "opt_value": 33, "opt_count": 216, "feasible_count": 129140163, "mean_value": 22.0, "std": 2.70801280154532, "level": 61, "gammas": [-0.14161424338817596, -0.23341287672519684, -0.24050231277942657, -0.23762638866901398, -0.23039504885673523, -0.21269020438194275, -0.1917933225631714, -0.21434035897254944, -0.21863576769828796, -0.21695971488952637, -0.20291072130203247, -0.20840980112552643, -0.20934581756591797, -0.2119613140821457, -0.21137331426143646, -0.20657330751419067, -0.20300500094890594, -0.20534422993659973, -0.20992328226566315, -0.2108340859413147, -0.20663413405418396, -0.20150908827781677, -0.20116442441940308, -0.20475436747074127, -0.20835146307945251, -0.20356862246990204, -0.19645985960960388, -0.2148417979478836, -0.19302207231521606, -0.21267002820968628, -0.20572397112846375, -0.20062929391860962, -0.20737069845199585, -0.20997820794582367, -0.21219077706336975, -0.20960760116577148, -0.19065159559249878, 0.1322292983531952, 0.2536401152610779, 0.2564919888973236, 0.2515421211719513, 0.24882744252681732, 0.24615046381950378, 0.2426658272743225, 0.24003085494041443, 0.2428627908229828, 0.24154996871948242, 0.24392862617969513, 0.24574072659015656, 0.2467578947544098, 0.24751721322536469, 0.248615562915802, 0.24988916516304016, 0.2510510981082916, 0.2521243989467621, 0.25334250926971436, 0.2546994686126709, 0.25644487142562866, 0.2612147331237793, 0.25491616129875183, 0.2688271403312683], "betas": [2.703176736831665, 2.5703606605529785, 2.5246567726135254, 2.509829521179199, 2.4338138103485107, 2.1912903785705566, 2.100947141647339, 2.23791766166687, 2.052469253540039, 2.3206942081451416, 2.257484197616577, 2.207529067993164, 2.2478718757629395, 2.2545037269592285, 2.217226982116699, 2.1668975353240967, 2.161358594894409, 2.202425003051758, 2.230750799179077, 2.209829092025757, 2.156682014465332, 2.132075071334839, 2.1614675521850586, 2.1880640983581543, 2.181142568588257, 2.2374014854431152, 2.100552797317505, 1.9987534284591675, 2.120568037033081, 2.259800434112549, 2.162048816680908, 2.1748626232147217, 2.191302537918091, 2.1979780197143555, 2.290957450866699, 2.4320943355560303, -2.1772100925445557, -3.205925703048706, -2.715965509414673, -2.6766109466552734, -2.683473825454712, -2.68092942237854, -2.6332826614379883, -2.544767379760742, -2.5377955436706543, -2.6033387184143066, -2.6394472122192383, -2.649693250656128, -2.6566123962402344, -2.6666204929351807, -2.6799046993255615, -2.692423105239868, -2.705008029937744, -2.7194557189941406, -2.736203670501709, -2.7533071041107178, -2.773890256881714, -2.779357433319092, -2.8345088958740234, -2.905261516571045, -2.9503872394561768], "predicted_p_opt": 0.025304784538641167, "predicted_tts": 39.518218322427124, "p_opt": 0.017411313978924058, "tts": 57.43391918671239, "approx": 0.6520922557606775, "opt_gap": -0.34790774423932247}