{"edges": [[0, 8], [0, 15], [1, 3], [1, 7], [1, 8], [2, 13], [2, 16], [3, 4], [3, 8], [3, 9], [3, 13], [3, 14], [3, 16], [4, 12], [4, 13], [4, 15], [5, 13], [6, 8], [6, 13], [7, 8], [7, 9], [7, 10], [7, 14], [8, 10], [8, 11], [8, 15], [9, 11], [9, 15], [10, 12], [11, 12], [11, 13], [12, 13], [12, 14], [12, 16], [13, 14], [13, 16]], "num_nodes": 17, "num_colors": 3, "opt_value": 36, "opt_count": 24, "feasible_count": 129140163, "mean_value": 24.0, "std": 2.8284271247461903, "level": 61, "gammas": [0.12215779721736908, 0.20493364334106445, 0.21764826774597168, 0.2154572755098343, 0.1996646374464035, 0.21739888191223145, 0.1927238255739212, 0.20020951330661774, 0.20237767696380615, 0.20368124544620514, 0.20561718940734863, 0.20495136082172394, 0.20204675197601318, 0.1978578120470047, 0.19498994946479797, 0.1958979219198227, 0.19923686981201172, 0.20171093940734863, 0.2015448361635208, 0.1985834389925003, 0.19399237632751465, 0.19040504097938538, 0.19013836979866028, 0.19259609282016754, 0.19515390694141388, 0.1964607536792755, 0.19681473076343536, 0.1876855492591858, 0.1844255030155182, 0.20351019501686096, 0.18658095598220825, 0.19912488758563995, 0.20004859566688538, 0.2039288580417633, 0.17148903012275696, -0.11718825995922089, -0.2114882916212082, -0.22300997376441956, -0.21545752882957458, -0.21625114977359772, -0.21902932226657867, -0.21171411871910095, -0.2167891412973404, -0.21811595559120178, -0.21893516182899475, -0.22041426599025726, -0.2215576022863388, -0.22245164215564728, -0.22333285212516785, -0.2243400663137436, -0.22540690004825592, -0.22649522125720978, -0.2276138961315155, -0.22870156168937683, -0.22961944341659546, -0.23036229610443115, -0.2312217503786087, -0.2321665734052658, -0.2340720146894455, -0.23766671121120453, -0.23074910044670105], "betas": [-2.640681266784668, -2.546290636062622, -2.490220069885254, -2.282834529876709, -2.2103676795959473, -2.3897178173065186, -2.4423372745513916, -2.341082811355591, -2.375781774520874, -2.392428398132324, -2.392613410949707, -2.374643087387085, -2.334728479385376, -2.2913155555725098, -2.2771449089050293, -2.3019585609436035, -2.336229085922241, -2.3492467403411865, -2.330542802810669, -2.2861227989196777, -2.2379283905029297, -2.2157187461853027, -2.22810959815979, -2.255159854888916, -2.280877113342285, -2.2830169200897217, -2.234192132949829, -2.2637603282928467, -2.2216031551361084, -2.1263155937194824, -2.166933298110962, -2.2398033142089844, -2.360090970993042, -2.4532711505889893, 1.9879162311553955, 3.0535736083984375, 2.5429952144622803, 2.4948365688323975, 2.444923162460327, 2.4582042694091797, 2.519335985183716, 2.5699503421783447, 2.564675807952881, 2.571251153945923, 2.582322359085083, 2.5966694355010986, 2.610982656478882, 2.6254289150238037, 2.6396408081054688, 2.6531248092651367, 2.6669015884399414, 2.6815273761749268, 2.695909023284912, 2.708585739135742, 2.719782590866089, 2.7308030128479004, 2.742980480194092, 2.7639362812042236, 2.7649359703063965, 2.834355592727661, 2.930000066757202], "predicted_p_opt": 0.0028116427265156853, "predicted_tts": 355.6639649018441, "p_opt": 0.0020411442485013757, "tts": 489.9212785839158, "approx": 0.655734183386564, "opt_gap": -0.344265816613436}