{"N": 18, "edgelist": ["0 2 {}\n", "0 4 {}\n", "0 7 {}\n", "0 11 {}\n", "0 12 {}\n", "0 13 {}\n", "0 16 {}\n", "0 17 {}\n", "1 3 {}\n", "1 7 {}\n", "1 8 {}\n", "1 9 {}\n", "1 12 {}\n", "1 13 {}\n", "1 15 {}\n", "1 17 {}\n", "2 4 {}\n", "2 7 {}\n", "2 8 {}\n", "2 10 {}\n", "2 14 {}\n", "2 15 {}\n", "3 4 {}\n", "3 6 {}\n", "3 7 {}\n", "3 8 {}\n", "3 10 {}\n", "3 11 {}\n", "3 12 {}\n", "3 13 {}\n", "3 15 {}\n", "3 16 {}\n", "3 17 {}\n", "4 6 {}\n", "4 7 {}\n", "4 8 {}\n", "4 9 {}\n", "4 13 {}\n", "4 15 {}\n", "4 16 {}\n", "5 6 {}\n", "5 7 {}\n", "5 9 {}\n", "5 10 {}\n", "5 12 {}\n", "5 13 {}\n", "5 14 {}\n", "5 15 {}\n", "5 16 {}\n", "6 7 {}\n", "6 8 {}\n", "6 9 {}\n", "6 10 {}\n", "6 11 {}\n", "6 13 {}\n", "7 8 {}\n", "7 13 {}\n", "7 15 {}\n", "7 16 {}\n", "7 17 {}\n", "8 9 {}\n", "8 12 {}\n", "8 13 {}\n", "8 15 {}\n", "9 12 {}\n", "9 14 {}\n", "9 15 {}\n", "9 16 {}\n", "9 17 {}\n", "10 12 {}\n", "10 13 {}\n", "10 14 {}\n", "10 16 {}\n", "10 17 {}\n", "11 13 {}\n", "11 14 {}\n", "11 15 {}\n", "11 16 {}\n", "12 14 {}\n", "12 15 {}\n", "12 16 {}\n", "12 17 {}\n", "13 14 {}\n", "13 15 {}\n", "13 16 {}\n", "14 16 {}\n", "14 17 {}\n", "15 16 {}\n", "15 17 {}\n", "16 17 {}\n"], "opt_value": 78, "opt_count": 2, "feasible_count": 48620, "mean_value": 68.82352941176471, "std": 2.586964928879515, "level": 85, "gammas": [0.17176271975040436, 0.2888696491718292, 0.30490684509277344, 0.3060052990913391, 0.30688610672950745, 0.3115667998790741, 0.31475698947906494, 0.3060595393180847, 0.3036189377307892, 0.30011287331581116, 0.2979186773300171, 0.29711082577705383, 0.2979222536087036, 0.29951098561286926, 0.30078834295272827, 0.30010735988616943, 0.29740411043167114, 0.29050183296203613, 0.2820519506931305, 0.30063167214393616, 0.29034850001335144, 0.27633732557296753, 0.2767004370689392, 0.2805955708026886, 0.276743620634079, 0.275586873292923, 0.3068103492259979, 0.27642643451690674, 0.2802475392818451, 0.27974459528923035, 0.2798038423061371, 0.2796648144721985, 0.27882200479507446, 0.2788286507129669, 0.279554158449173, 0.2801775336265564, 0.27998411655426025, 0.2798156440258026, 0.27933749556541443, 0.27949845790863037, 0.28313958644866943, 0.28146177530288696, 0.2782374918460846, 0.2799922823905945, 0.282899409532547, 0.2756820321083069, 0.2174696922302246, -0.15844222903251648, -0.27310696244239807, -0.29913339018821716, -0.2987079918384552, -0.29910701513290405, -0.3001548647880554, -0.30065274238586426, -0.2997162342071533, -0.29936689138412476, -0.29964736104011536, -0.3001113831996918, -0.3008541762828827, -0.30147799849510193, -0.301561176776886, -0.30129218101501465, -0.3006289601325989, -0.3001636564731598, -0.30013707280158997, -0.2950303256511688, -0.32768651843070984, -0.29775118827819824, -0.29908841848373413, -0.3072498142719269, -0.31329458951950073, -0.3165874183177948, -0.31850478053092957, -0.3195105195045471, -0.320286363363266, -0.3206276595592499, -0.32055649161338806, -0.3205278813838959, -0.32037562131881714, -0.3200535774230957, -0.3197917640209198, -0.31938040256500244, -0.319106787443161, -0.3169044852256775, -0.31014007329940796], "betas": [-2.8981008529663086, -2.8271684646606445, -2.7703726291656494, -2.724879741668701, -2.706639528274536, -2.7207655906677246, -2.697134494781494, -2.6969423294067383, -2.666156053543091, -2.643763542175293, -2.625657796859741, -2.6227166652679443, -2.63307785987854, -2.6460111141204834, -2.6495931148529053, -2.6337826251983643, -2.5897059440612793, -2.5637755393981934, -2.305769443511963, -2.5882198810577393, -2.582993745803833, -2.579663038253784, -2.6293277740478516, -2.6119940280914307, -2.4861392974853516, -2.3706297874450684, -2.369029998779297, -2.466431140899658, -2.4332499504089355, -2.4361155033111572, -2.43670392036438, -2.433692216873169, -2.4322688579559326, -2.435948610305786, -2.441770076751709, -2.445422887802124, -2.4448981285095215, -2.44346022605896, -2.447979211807251, -2.4416425228118896, -2.4438116550445557, -2.4436752796173096, -2.463251829147339, -2.5225718021392822, -2.6068804264068604, -2.489269256591797, 1.9809767007827759, 3.1890599727630615, 2.736999750137329, 2.678741931915283, 2.65008544921875, 2.639024019241333, 2.6433963775634766, 2.645141124725342, 2.652890682220459, 2.655975103378296, 2.6596426963806152, 2.6596720218658447, 2.6604111194610596, 2.662832736968994, 2.6662368774414062, 2.6664516925811768, 2.666900396347046, 2.6653330326080322, 2.6810686588287354, 2.5696194171905518, 2.60087251663208, 2.7347395420074463, 2.828678607940674, 2.8676211833953857, 2.870595932006836, 2.8664610385894775, 2.8680288791656494, 2.872396469116211, 2.876676082611084, 2.8805251121520996, 2.880992889404297, 2.8800318241119385, 2.8775253295898438, 2.8745250701904297, 2.8713059425354004, 2.8686671257019043, 2.8656835556030273, 2.876161575317383, 2.873831033706665], "predicted_p_opt": 1.2028383381324559, "predicted_tts": 0.8313669163161314, "p_opt": 0.6178406538904413, "tts": 1.6185403043700086, "approx": 0.9567523176297568, "opt_gap": -0.043247682370243234}