{"edges": [[0, 1], [0, 6], [0, 9], [0, 11], [1, 7], [1, 9], [1, 12], [2, 7], [2, 12], [2, 13], [3, 6], [3, 12], [3, 13], [4, 7], [4, 12], [5, 11], [5, 12], [6, 12], [7, 10], [8, 11], [8, 12], [8, 13], [9, 10], [10, 12], [12, 13]], "num_nodes": 14, "num_colors": 3, "opt_value": 25, "opt_count": 102, "feasible_count": 4782969, "mean_value": 16.666666666666668, "std": 2.357022603955158, "level": 48, "gammas": [-0.40344374885123574, -0.2625666728307025, -0.24407962632744248, -0.23377594332802681, -0.2707386718680474, -0.2838372783619309, -0.28002212347798433, -0.2153376169960751, -0.27900068602913003, -0.16009520140666664, -0.26188996492191413, -0.5307208955701018, -0.22494687426097654, -0.2306331630333098, -0.5169350501475379, -0.46140159361197713, -0.36777423123911285, -0.4456104560889836, -0.2068580223881678, -0.17220081344713328, -0.07740030330865218, -0.3642592247508525, -0.3521350100366817, -0.36314460974735846, -0.39775739670274035, -0.34506606427910935, -0.34787152714775915, 6.1256139935967, 6.111412584180556, 5.999817539011771, 5.854733680379603, 5.9262107674842825, 1.5459713317039572, 0.35658696421486663, 0.3761023162881844, 0.3585928064304938, 0.34668011504305163, 0.35127560278986575, 0.3382239860581808, 0.2609062705042357, 0.3323030685202105, 0.3183760283725828, 0.3791323799978007, 0.46165074253475863, 0.48930814767199377, 0.9265269444799785, 5.921647481398175, -0.23520937233311692], "betas": [2.0773954180439436, 2.5986260764062403, 1.193766979163938, 1.5626181619594708, 1.7826570186562174, 2.1650922970836133, 1.5571195049794795, 1.2441558900084708, 2.7002053607086114, 1.444792308172795, 0.7311135636000103, 1.2109782946437695, 2.277624860397476, 1.6953249910958734, 1.9668263930957242, 1.9697086440947218, 0.8050021031947309, 0.345727428194317, 0.41442994456660814, 2.2327969849245357, 2.3414954773015455, 2.2654682143565865, 2.745666230351911, 2.6146071238711004, 2.228898224664922, 3.043950824888027, 1.1871578339023534, 1.515701988681502, 1.2749467564762842, 0.8350762380159972, 2.5525322799167602, 1.7174820677327423, -2.7241959911880085, 3.7617793728141393, 3.947762196126117, 4.042160183470701, 4.156263034068808, 4.228016457538088, 4.398005417535187, 4.770054022062733, 4.767431176251084, 4.495092241802113, 4.153924959825352, 4.250477032474838, -2.3677380673854076, 2.1646855171372184, 2.7591070496468433, 0.9307645298508727], "predicted_p_opt": 0.2006531926090259, "predicted_tts": 4.983723343732222, "p_opt": 0.006050836097587037, "tts": 165.26641671863857, "approx": 0.9290860085725633, "opt_gap": -0.0709139914274367}