{"edges": [[0, 2], [0, 3], [0, 7], [0, 12], [1, 4], [1, 5], [1, 8], [1, 10], [1, 11], [1, 13], [1, 14], [2, 3], [2, 6], [2, 9], [2, 10], [2, 13], [3, 10], [3, 14], [4, 6], [4, 8], [5, 6], [5, 7], [5, 8], [6, 14], [7, 10], [7, 11], [7, 14], [8, 13], [9, 10], [10, 11], [11, 12], [11, 13], [11, 14], [12, 13]], "num_nodes": 15, "num_colors": 3, "opt_value": 34, "opt_count": 12, "feasible_count": 14348907, "mean_value": 22.666666666666668, "std": 2.748737083745107, "level": 41, "gammas": [3.1415925126630007, 3.141592589910425, 3.1415926143874757, 3.1415926393511, 3.1415926408120165, 3.1415926361896505, 3.1415926328489805, 3.1415926587410117, 3.1415926673747494, 3.141592672986196, 3.1415926586105773, 3.1415926481986807, 3.14159261552703, 3.1415925672502056, 3.1415925148558967, 3.1415924543172977, 3.1415923275129316, 3.1415921829606073, 3.141592027082244, 3.141591880864288, 3.141591669127058, 3.141590996948115, 3.141590098897285, 3.1415879126692876, 3.1415845551779076, 3.141584669670332, 3.1415856289345654, 3.1415798254704104, 3.141563678242845, 3.1415600420583396, 3.1415389874414785, 3.1415325495299813, 3.141497675599227, 3.141508970474191, 3.141282710125662, 3.1412311773684976, 3.140878835690735, 3.1406486549267467, 3.1409116988865513, 3.1389756667827835, 3.1407887557603664], "betas": [3.141592760683827, 3.141592710760836, 3.141592681514379, 3.1415926694951346, 3.14159267234652, 3.141592675091444, 3.1415926635134737, 3.1415926463608206, 3.1415926335790085, 3.1415926338951268, 3.1415926427128875, 3.1415926498882354, 3.1415926499392155, 3.141592631413858, 3.141592580925448, 3.1415924664795565, 3.14159230456048, 3.1415921124689126, 3.1415919392674065, 3.1415918030026475, 3.141591472260767, 3.1415906772003663, 3.141589507359432, 3.1415860748320448, 3.1415841396245656, 3.141584970093677, 3.141584357598124, 3.1415711940458295, 3.1415620062206737, 3.1415524042782925, 3.1415338369381978, 3.141517297342523, 3.14149350414853, 3.141446145551937, 3.141209415441288, 3.141158825697633, 3.1405195542012665, 3.141194226314651, 3.13963676082228, 3.139682282162664, 3.1414081088900794], "predicted_p_opt": 0.005761275057396357, "predicted_tts": 173.57268834373642, "p_opt": 0.005750221263405216, "tts": 173.9063514588674, "approx": 0.6685830773167045, "opt_gap": -0.3314169226832955, "th": -33.999000549316406}