{"edges": [[7, 20], [7, 10], [7, 18], [20, 11], [20, 21], [4, 9], [4, 5], [4, 8], [9, 23], [9, 21], [12, 19], [12, 15], [12, 3], [19, 23], [19, 11], [3, 13], [3, 22], [13, 14], [13, 1], [22, 0], [22, 10], [0, 5], [0, 10], [5, 18], [2, 8], [2, 14], [2, 18], [8, 6], [14, 15], [23, 6], [11, 16], [1, 21], [1, 17], [6, 17], [17, 16], [15, 16]], "num_nodes": 24, "opt_value": 32, "opt_count": 6, "feasible_count": 16777216, "mean_value": 18.0, "std": 3.0, "level": 31, "gammas": [-0.13502130196188894, -0.23457776986507806, -0.1901772130153353, -0.250420838619918, -0.2533866007463901, -0.2060646839703818, -0.20185776718317816, -0.22885092467481338, -0.20464439343486812, -0.2071429875244546, -0.2335768426949281, -0.23633151533160068, -0.23889748543845604, -0.24561491077121464, -0.2491282155636074, -0.25141346197511033, -0.2523123961024194, -0.25265345848970794, -0.25377757358483366, -0.256452966804902, -0.2607492241554851, -0.2668249696606233, -0.2714435409775601, -0.28870845285694996, -0.32156712574630797, 5.8845930460043885, 5.850678051911338, 5.903037715778849, 5.95800717852685, 5.976194693727437, 5.982558466259789], "betas": [2.7658152363405617, 2.053483985231806, 1.8747794262531743, 2.557381063438823, 2.303474863144399, 1.77542763675831, 1.8164172579088962, 1.7631498655550144, 1.5067367945803252, 1.6913254593816396, 1.6997812024454615, 1.8569598017924436, 1.8879063042731412, 1.9019726421161545, 1.9066951798284868, 1.8963594361359024, 1.8747766714793277, 1.8514680587450385, 1.8344830581954135, 1.826402247346498, 1.8252489081532535, 1.8353626844274535, 1.8707046891549006, 1.561643888546547, 2.0464350244840976, 2.1649580855307478, 2.3978903245832126, 2.5817823231387464, 2.5914838454877036, 2.583286776477127, 2.522628423038228], "predicted_p_opt": 0.0014194250106811523, "predicted_tts": 704.5106240026875, "p_opt": 3.321780782618976e-06, "tts": 301043.34555502323, "approx": 0.8281043572277348, "opt_gap": -0.1718956427722652}