{"edges": [[0, 5], [0, 10], [1, 2], [1, 6], [1, 12], [2, 6], [3, 4], [3, 8], [4, 7], [4, 12], [5, 6], [5, 7], [5, 10], [5, 12], [6, 7], [6, 13], [7, 11], [7, 12], [8, 11], [8, 13], [9, 11], [10, 11], [10, 12], [11, 12], [11, 13], [12, 13]], "num_nodes": 14, "num_colors": 3, "distribution": [[0, 3], [4, 156], [7, 1896], [9, 8892], [10, 18552], [6, 876], [8, 4242], [11, 38874], [13, 147978], [12, 77148], [14, 265254], [15, 429144], [1, 6], [5, 384], [3, 72], [16, 619878], [17, 777798], [18, 822102], [19, 708768], [20, 485646], [21, 251982], [22, 94434], [23, 24270], [24, 4104], [2, 18], [25, 468], [26, 24]], "opt_value": 26, "opt_count": 24, "feasible_count": 4782969, "mean_value": 17.333333333333332, "std": 2.4037008503093262, "level": 5, "gammas": [0.1633402705192566, 0.31026214361190796, 0.34999051690101624, 0.37920525670051575, 0.42339473962783813], "betas": [2.019925832748413, 1.5421510934829712, 1.333583950996399, 1.1983048915863037, 1.0103422403335571], "predicted_p_opt": 0.0006071542592059451, "predicted_tts": 1647.0278925619837, "p_opt": 4.2819479858735576e-05, "tts": 23353.85677964957, "approx": 0.8130922317504883}