{"N": 22, "edgelist": ["0 1 {}\n", "0 2 {}\n", "0 4 {}\n", "0 5 {}\n", "0 6 {}\n", "0 8 {}\n", "0 9 {}\n", "0 11 {}\n", "0 13 {}\n", "0 14 {}\n", "0 16 {}\n", "0 20 {}\n", "0 21 {}\n", "1 2 {}\n", "1 7 {}\n", "1 10 {}\n", "1 12 {}\n", "1 14 {}\n", "1 15 {}\n", "1 17 {}\n", "1 20 {}\n", "1 21 {}\n", "2 4 {}\n", "2 5 {}\n", "2 6 {}\n", "2 8 {}\n", "2 10 {}\n", "2 12 {}\n", "2 14 {}\n", "2 15 {}\n", "2 16 {}\n", "2 18 {}\n", "2 20 {}\n", "3 5 {}\n", "3 8 {}\n", "3 9 {}\n", "3 12 {}\n", "3 13 {}\n", "3 15 {}\n", "3 16 {}\n", "3 18 {}\n", "3 19 {}\n", "4 7 {}\n", "4 9 {}\n", "4 10 {}\n", "4 11 {}\n", "4 13 {}\n", "4 14 {}\n", "4 15 {}\n", "4 18 {}\n", "4 20 {}\n", "5 6 {}\n", "5 7 {}\n", "5 8 {}\n", "5 12 {}\n", "5 13 {}\n", "5 14 {}\n", "5 15 {}\n", "5 20 {}\n", "6 7 {}\n", "6 10 {}\n", "6 11 {}\n", "6 17 {}\n", "6 18 {}\n", "6 19 {}\n", "7 8 {}\n", "7 9 {}\n", "7 10 {}\n", "7 12 {}\n", "7 13 {}\n", "7 14 {}\n", "7 16 {}\n", "7 17 {}\n", "7 18 {}\n", "7 21 {}\n", "8 12 {}\n", "8 13 {}\n", "8 15 {}\n", "8 17 {}\n", "8 19 {}\n", "9 10 {}\n", "9 14 {}\n", "9 16 {}\n", "9 19 {}\n", "10 13 {}\n", "10 17 {}\n", "10 19 {}\n", "11 13 {}\n", "11 15 {}\n", "11 16 {}\n", "11 18 {}\n", "11 19 {}\n", "11 21 {}\n", "12 13 {}\n", "12 17 {}\n", "12 18 {}\n", "12 19 {}\n", "13 14 {}\n", "13 16 {}\n", "13 17 {}\n", "14 15 {}\n", "14 16 {}\n", "14 17 {}\n", "14 19 {}\n", "14 20 {}\n", "14 21 {}\n", "15 19 {}\n", "15 21 {}\n", "16 18 {}\n", "16 19 {}\n", "16 20 {}\n", "17 18 {}\n", "17 21 {}\n", "18 19 {}\n", "18 20 {}\n"], "opt_value": 100, "opt_count": 1, "feasible_count": 705432, "mean_value": 87.61904761904762, "std": 2.942896480420995, "level": 29, "gammas": [0.15993057672737698, 0.30784526321477224, 0.32344946094132854, 0.27041129247345036, 0.2537673517038312, 0.2594573048912217, 0.26055403877044175, 0.26215804511720303, 0.26287055971779966, 0.2615335313531206, 0.26679616904804787, 0.28786005622256217, 0.28856091960995145, 0.2964165999810709, 0.30003125798501834, 0.3039786813217225, 0.307898699156327, 0.31194429173824817, 0.31784113663733565, 0.3010553084655435, 0.384413407075663, 0.4110369272663743, 0.4323549031699316, 0.3780462504972437, 0.3287907398270446, 0.31066593520034824, 0.3053729464116756, 0.30479132085044086, 0.30147848800754157], "betas": [-2.9539886258195245, -2.9664060727125507, -3.1379814215853608, -2.8581462855794966, -2.4690600004449093, -2.3040938340730106, -2.2303270222528773, -2.1864907931909, -2.129084960053141, -2.0744606810313804, -2.132808942816977, -2.380948940796693, -2.4214146525525297, -2.4429809431921288, -2.4507871476770413, -2.4529305932040146, -2.448672709195054, -2.4429820666897615, -2.4634824672079962, 3.9371871870550232, 3.861901030290532, 3.8170963104955753, 3.596629895784375, 3.477512991023492, 3.510307985538585, 3.571886266121722, 3.6196763797351656, 3.6554868089677135, 3.774986525168791], "predicted_p_opt": 0.004934564919085043, "predicted_tts": 202.6521114622235, "p_opt": 2.5791174303655366e-05, "tts": 38772.95342299597, "approx": 0.9643442745779021, "opt_gap": -0.03565572542209794}