{"edges": [[0, 4], [0, 5], [0, 10], [1, 2], [1, 3], [1, 4], [1, 5], [1, 7], [1, 10], [2, 10], [3, 7], [4, 6], [5, 7], [6, 7], [6, 10], [7, 8], [8, 9]], "num_nodes": 11, "num_colors": 3, "opt_value": 17, "opt_count": 144, "feasible_count": 177147, "mean_value": 11.333333333333334, "std": 1.9436506316151, "level": 35, "gammas": [0.31193533652762084, 0.42200754387998457, 0.41947424332754557, 0.43225000394854857, 0.4412744032719158, 0.45295056939833866, 0.4619727099184575, 0.4690998782577691, 0.4735952598219199, 0.47844054657082596, 0.4702148867374815, 0.5109212063013834, 0.24617557306877827, -0.47795349804298004, -0.4759331095726377, -0.4842029755338789, -0.4803487044730927, -0.4755371556951998, -0.4686608553145153, -0.4595225261203326, -0.4494717407953765, -0.4434281118086023, -0.43243217207651286, -0.42488784528133694, -0.46339941067784246, -0.4172051169574398, -0.46293860320537283, -0.47831567818920345, -0.47584794425558813, -0.4682086993788801, -0.4611320538117222, -0.4558945309498031, -0.45454516346810575, -0.4585379985415451, -0.4645012664005392], "betas": [-2.0426084209254864, -2.234266917926962, -2.2330878092944135, -2.286254802879218, -2.371116784209839, -2.449368846414334, -2.518833761031275, -2.577730456526883, -2.630376821010849, -2.676818909614277, -2.781834075437109, -2.872189735629241, -1.8975352193767234, 2.844338124561549, 2.7037345939114292, 2.6608376743913733, 2.6160383933381524, 2.5595226429887985, 2.4986047377918608, 2.437979883677123, 2.386983530416136, 2.3189593779482887, 2.2234539160510827, 2.1778340276228265, 2.16313366817107, 2.414125742344639, 2.606654876449357, 2.6145891263792302, 2.572093362606074, 2.5162316336995256, 2.467455082178455, 2.441789168315385, 2.4603954788686875, 2.5366240719142525, 2.711847308303055], "predicted_p_opt": 4.09774932683026, "predicted_tts": 0.24403640150763733, "p_opt": 0.9789425542430354, "tts": 1.0215103998346942, "approx": 0.9914354518492268, "opt_gap": -0.008564548150773232}