{"edges": [[0, 3], [0, 4], [0, 11], [0, 12], [0, 14], [0, 15], [1, 4], [1, 5], [1, 6], [1, 13], [1, 14], [2, 4], [2, 6], [2, 8], [2, 12], [2, 13], [2, 15], [3, 7], [3, 13], [3, 16], [4, 5], [4, 6], [4, 7], [4, 11], [5, 7], [5, 8], [5, 9], [5, 15], [6, 7], [6, 9], [6, 16], [7, 10], [7, 11], [7, 12], [7, 15], [8, 9], [8, 11], [9, 13], [10, 12], [11, 16], [12, 14], [13, 14], [14, 15], [15, 16]], "num_nodes": 17, "num_colors": 3, "opt_value": 44, "opt_count": 6, "feasible_count": 129140163, "mean_value": 29.333333333333332, "std": 3.1269438398822866, "level": 83, "gammas": [-0.10638367922249158, -0.17718329123526635, -0.18158103720314356, -0.179356527338795, -0.17689633420752465, -0.1754978981872527, -0.1746516916383633, -0.17401995334076995, -0.17324363674096557, -0.17273581960535622, -0.17288088008527397, -0.17327969286966163, -0.17332022405511804, -0.17286911850686723, -0.17208065488264004, -0.17141787301227263, -0.1712468593272008, -0.17154146954416136, -0.17204902615927006, -0.17258357036164787, -0.17303461881872914, -0.17319165776999543, -0.17278469864403392, -0.17170622148894207, -0.17008887560518662, -0.1668293985883924, -0.15910570263768417, -0.1589079485316006, -0.17176106927724444, -0.16526155534592094, -0.16649501951822815, -0.15554138085039806, -0.16414157552205594, -0.15449510514061698, -0.1667761064042235, -0.16117812317593014, -0.17221969622211564, -0.15962064292270406, -0.15487161494352675, -0.1610496485292584, -0.16402749954598958, -0.16537335620451532, -0.1663955103072919, -0.16739964463647636, -0.1686031288442545, -0.16890344939742832, -0.17039873426038946, -0.17154141438270148, -0.1717645636057556, -0.17111756097489503, -0.1703480056022344, -0.17058091341299048, -0.1723784936979539, -0.17504037458941024, -0.17726211200114037, -0.17821769609514804, -0.17761597213418828, -0.1754903343867409, -0.17245213862220507, -0.1702638800114469, -0.17086760901881742, -0.17511254614302588, -0.18223418998928245, -0.18502813711631785, -0.16347105466179201, 0.10100987511180072, 0.20087667101034748, 0.19666155896192844, 0.19304958971770073, 0.19153477124941468, 0.19171495019665113, 0.1924312663214756, 0.19299277726699984, 0.19332587593688935, 0.19363730662412754, 0.19405407611478004, 0.19461026675589466, 0.19532749421741402, 0.19614154511747436, 0.19702899493323417, 0.19822182776873404, 0.19995231246381612, 0.1974415507411397], "betas": [2.7072664203197845, 2.5510642658850644, 2.50463997682915, 2.5127019488399354, 2.5232596679403323, 2.5283224055148614, 2.52653190815364, 2.5148110756139417, 2.501606317241695, 2.497967453338428, 2.4981804630399687, 2.499113621444595, 2.4965255549846437, 2.488508479027035, 2.478480346105782, 2.472066199122849, 2.472768369681244, 2.4799839829497166, 2.490279407571426, 2.4986203799900277, 2.4987795352872078, 2.485964674930667, 2.4632629337651712, 2.444804006731474, 2.4410298748390225, 2.411263326782673, 2.3305882609351247, 2.377793691721934, 2.3588109136009017, 2.239479997347497, 2.4278817080440853, 2.3059987020529666, 2.3371570244179063, 2.432710955665738, 2.190492478285987, 2.3180451220301563, 2.3917976993378494, 2.29912265243927, 2.3370818955478527, 2.35830379924105, 2.35463600528599, 2.3679258228534374, 2.3917333984810303, 2.4197369958843775, 2.4248713189875595, 2.4509797591192988, 2.4685937970947576, 2.477532767848454, 2.475179671704347, 2.464542770811094, 2.4579959778112674, 2.470414381511911, 2.5042922666363747, 2.5441105110794937, 2.5711797265361627, 2.575666145347844, 2.5567277227845557, 2.5205728785345434, 2.4820674503607223, 2.462386601841848, 2.4713604966756, 2.4946575734402305, 2.559669830449759, 2.7455875317491003, -2.0622459449427994, -3.14620522972337, -2.717681605337981, -2.7018724281246445, -2.7447187387122542, -2.778492189694669, -2.794010062605504, -2.7974068647535315, -2.7979023465258104, -2.8009031689031656, -2.8074590441457534, -2.816624811731467, -2.8274363247849963, -2.839290080160312, -2.852242529326693, -2.8655592795358356, -2.8826204976205, -2.9179650008674796, -2.9937749136030076], "predicted_p_opt": 0.0012957549077896083, "predicted_tts": 771.7508874466636, "p_opt": 0.000977876192402493, "tts": 1022.6243442364132, "approx": 0.6525283176659938, "opt_gap": -0.34747168233400616}