{"edges": [[0, 7], [0, 8], [0, 11], [0, 14], [0, 15], [0, 16], [1, 3], [1, 5], [1, 8], [1, 16], [2, 4], [2, 9], [2, 10], [2, 11], [3, 8], [3, 11], [3, 14], [4, 8], [5, 8], [5, 9], [6, 7], [6, 9], [6, 11], [6, 12], [8, 9], [8, 15], [8, 16], [9, 13], [9, 15], [10, 15], [11, 12], [11, 13], [11, 15], [14, 16]], "num_nodes": 17, "num_colors": 3, "opt_value": 34, "opt_count": 12, "feasible_count": 129140163, "mean_value": 22.666666666666668, "std": 2.748737083745107, "level": 83, "gammas": [0.13134156167507172, 0.21777726709842682, 0.2239541858434677, 0.2201113998889923, 0.2243126779794693, 0.22491241991519928, 0.2108798623085022, 0.23668347299098969, 0.20104153454303741, 0.20452876389026642, 0.20618900656700134, 0.2037438005208969, 0.2020031362771988, 0.19962085783481598, 0.19723878800868988, 0.19501325488090515, 0.19280384480953217, 0.19058921933174133, 0.18881723284721375, 0.18702872097492218, 0.18549567461013794, 0.18320854008197784, 0.18208016455173492, 0.18033970892429352, 0.1774515062570572, 0.1778925210237503, 0.17863453924655914, 0.16655220091342926, 0.1640104353427887, 0.19003508985042572, 0.17625442147254944, 0.1737760752439499, 0.16960684955120087, 0.17287573218345642, 0.170718714594841, 0.17446061968803406, 0.16869954764842987, 0.16719648241996765, 0.15972569584846497, -0.11461139470338821, -0.09641803801059723, -0.18565237522125244, -0.19300781190395355, -0.1923481673002243, -0.19218809902668, -0.18359912931919098, -0.1944487988948822, -0.18958036601543427, -0.19409136474132538, -0.1909106820821762, -0.18940547108650208, -0.19065450131893158, -0.1934019774198532, -0.19511812925338745, -0.1952725201845169, -0.19724269211292267, -0.19880597293376923, -0.19913475215435028, -0.1996707171201706, -0.20250986516475677, -0.20393842458724976, -0.20529215037822723, -0.20699329674243927, -0.20873434841632843, -0.21027086675167084, -0.2134142816066742, -0.2161068171262741, -0.20658093690872192, -0.21889789402484894, -0.23829875886440277, -0.22430063784122467, -0.21927736699581146, -0.2271120548248291, -0.23210570216178894, -0.23969218134880066, -0.24371959269046783, -0.24540942907333374, -0.24419662356376648, -0.24468322098255157, -0.24644352495670319, -0.24877144396305084, -0.2517448961734772, -0.2493211030960083], "betas": [-2.633544683456421, -2.4949913024902344, -2.456634044647217, -2.451249122619629, -2.50417160987854, -2.332217216491699, -2.2033090591430664, -2.3453595638275146, -2.404053211212158, -2.267486810684204, -2.259243965148926, -2.231475353240967, -2.193920612335205, -2.1646201610565186, -2.1385955810546875, -2.1150007247924805, -2.0904204845428467, -2.0680887699127197, -2.048227071762085, -2.022752046585083, -2.003197193145752, -1.9814671277999878, -1.9696611166000366, -1.9484902620315552, -1.939573049545288, -1.921524167060852, -1.9044129848480225, -1.9038363695144653, -1.8974802494049072, -1.8155803680419922, -1.863991379737854, -1.8256114721298218, -1.8621492385864258, -1.847650170326233, -1.8640472888946533, -1.877148151397705, -1.8577824831008911, -1.5467345714569092, 1.4442129135131836, 2.057891845703125, 2.079732894897461, 2.0649774074554443, 2.041720151901245, 2.0368165969848633, 2.043095827102661, 2.021854877471924, 2.0596277713775635, 2.0355074405670166, 2.08587384223938, 2.095041513442993, 2.1014788150787354, 2.109607458114624, 2.1217212677001953, 2.136937379837036, 2.1396031379699707, 2.158188819885254, 2.1671552658081055, 2.1925477981567383, 2.204000949859619, 2.2229490280151367, 2.2413182258605957, 2.259068012237549, 2.279697895050049, 2.300520658493042, 2.32645583152771, 2.3544018268585205, 2.3525383472442627, 2.4495468139648438, 2.4352798461914062, 2.422410249710083, 2.4461753368377686, 2.550612449645996, 2.6001076698303223, 2.63895845413208, 2.6826250553131104, 2.727961540222168, 2.7104525566101074, 2.719194173812866, 2.7469050884246826, 2.7725419998168945, 2.8020598888397217, 2.8477227687835693, 2.9495670795440674], "predicted_p_opt": 0.0025915098155792167, "predicted_tts": 385.8754437233318, "p_opt": 0.0016839735505560908, "tts": 593.8335549687075, "approx": 0.6574977568538038, "opt_gap": -0.34250224314619615}