{"edges": [[0, 2], [0, 10], [0, 13], [0, 15], [1, 4], [1, 12], [1, 15], [2, 3], [2, 10], [2, 12], [2, 15], [3, 4], [3, 7], [3, 8], [3, 12], [3, 13], [3, 14], [4, 13], [4, 15], [5, 8], [5, 9], [5, 10], [5, 13], [6, 10], [7, 9], [7, 10], [8, 11], [8, 12], [8, 16], [9, 14], [10, 11], [11, 13], [13, 14], [13, 16]], "num_nodes": 17, "num_colors": 3, "opt_value": 34, "opt_count": 84, "feasible_count": 129140163, "mean_value": 22.666666666666668, "std": 2.748737083745107, "level": 83, "gammas": [-0.13134635984897614, -0.2190961390733719, -0.22993570566177368, -0.22706499695777893, -0.2249719202518463, -0.22756798565387726, -0.21994303166866302, -0.21172399818897247, -0.23776771128177643, -0.20382966101169586, -0.20240402221679688, -0.20439434051513672, -0.2019122689962387, -0.1999230533838272, -0.19771462678909302, -0.19576415419578552, -0.19356918334960938, -0.19155867397785187, -0.18961814045906067, -0.18775148689746857, -0.18601098656654358, -0.18411798775196075, -0.18310663104057312, -0.1807994395494461, -0.17941376566886902, -0.17885255813598633, -0.17787128686904907, -0.16406527161598206, -0.1736711859703064, -0.19448097050189972, -0.16998706758022308, -0.1808481067419052, -0.16356386244297028, -0.17377030849456787, -0.17503291368484497, -0.17669835686683655, -0.1753789782524109, -0.1741752177476883, -0.18080367147922516, -0.1659650355577469, 0.1113503947854042, 0.09867899119853973, 0.1847151219844818, 0.19619910418987274, 0.1922382116317749, 0.189688578248024, 0.18430940806865692, 0.19116853177547455, 0.1898300051689148, 0.19280564785003662, 0.19534538686275482, 0.1930466741323471, 0.19190116226673126, 0.19357100129127502, 0.19446590542793274, 0.19660724699497223, 0.19858159124851227, 0.19929160177707672, 0.19944635033607483, 0.20222710072994232, 0.20370709896087646, 0.20520588755607605, 0.2069842517375946, 0.20888403058052063, 0.2107219398021698, 0.21252277493476868, 0.2158564180135727, 0.21754717826843262, 0.20879517495632172, 0.22622181475162506, 0.23544928431510925, 0.22878283262252808, 0.22111275792121887, 0.22926323115825653, 0.23552297055721283, 0.24033021926879883, 0.24294643104076385, 0.2483784258365631, 0.2500367760658264, 0.2485460788011551, 0.2506883144378662, 0.25330960750579834, 0.2501906752586365], "betas": [2.628382682800293, 2.5111382007598877, 2.4970173835754395, 2.5059032440185547, 2.5522613525390625, 2.5591039657592773, 2.304935932159424, 2.247518301010132, 2.2903316020965576, 2.394866466522217, 2.2487759590148926, 2.2351927757263184, 2.2129924297332764, 2.1746835708618164, 2.148482322692871, 2.12329363822937, 2.0987513065338135, 2.076956272125244, 2.0547447204589844, 2.034766912460327, 2.015045166015625, 1.9952963590621948, 1.9766788482666016, 1.9628756046295166, 1.9439406394958496, 1.9303171634674072, 1.9195737838745117, 1.9250049591064453, 1.8815449476242065, 1.851810097694397, 1.8759342432022095, 1.8674403429031372, 1.8761793375015259, 1.8837366104125977, 1.8839893341064453, 1.89609694480896, 1.8961974382400513, 1.9232629537582397, 1.780649185180664, -1.4441536664962769, -2.049856185913086, -2.0640511512756348, -2.0868070125579834, -2.051835775375366, -2.0468735694885254, -2.0476393699645996, -2.0413637161254883, -2.0505900382995605, -2.055934429168701, -2.061616897583008, -2.086804151535034, -2.1076297760009766, -2.1151669025421143, -2.1321589946746826, -2.1370420455932617, -2.153237819671631, -2.165473461151123, -2.1877200603485107, -2.197718858718872, -2.2167000770568848, -2.2360904216766357, -2.2555766105651855, -2.2770416736602783, -2.29960298538208, -2.3221118450164795, -2.3505630493164062, -2.377516984939575, -2.3786087036132812, -2.4879038333892822, -2.42732310295105, -2.465388536453247, -2.473625898361206, -2.567634344100952, -2.627385377883911, -2.6577939987182617, -2.683765172958374, -2.7370710372924805, -2.776806116104126, -2.7700514793395996, -2.7874855995178223, -2.8203134536743164, -2.862440347671509, -2.9497504234313965], "predicted_p_opt": 0.01814056870905452, "predicted_tts": 55.12506338904739, "p_opt": 0.011733256363102726, "tts": 85.22783181868203, "approx": 0.6650344241925851, "opt_gap": -0.33496557580741493}