{"edges": [[0, 1], [0, 10], [1, 3], [1, 5], [1, 7], [2, 3], [2, 6], [2, 7], [3, 6], [4, 5], [4, 6], [4, 9], [5, 9], [6, 8], [6, 10], [6, 12], [9, 11], [9, 12], [10, 11], [11, 13]], "num_nodes": 14, "num_colors": 3, "opt_value": 20, "opt_count": 912, "feasible_count": 4782969, "mean_value": 13.333333333333334, "std": 2.1081851067789192, "level": 23, "gammas": [0.29670237977223385, 0.4251791186404138, 0.4132392937633298, 0.021824540095994337, 0.24200363865327454, 0.3480772101742703, -0.8143561315909614, -0.4184271769080137, -0.41084259556655106, -0.39669564496493165, -0.2836410076829174, -0.28717600465149173, -0.2846221682940894, -0.2794265420213472, -0.34881338799222344, -0.38483545563082183, -0.1687734550882865, -0.4404155033416367, -0.3186465115819316, 0.5356911049188704, 5.149029998975882, 1.6166952583903162, 0.48841821793409895], "betas": [-2.598149345456762, -2.8947248056745543, -2.285322457863, -2.308556741341386, -0.4475153936712959, -0.06690222256467, 3.456778997149345, 2.8067330106764303, 2.5536078985039374, 1.1425041705068972, 1.2560853804883598, 1.244936050221423, 1.2062271282900867, 0.9714918114160305, 1.6844752569102304, 1.0498901575986626, 1.5515569213285554, 3.600002403428228, 0.7670525316073448, -3.0496594385328604, 0.7429279531572427, 3.8220332759255813, 3.967709747776046], "predicted_p_opt": 0.421204486167483, "predicted_tts": 2.374143754020633, "p_opt": 0.00918256291692816, "tts": 108.90205806883048, "approx": 0.9204192044841039, "opt_gap": -0.07958079551589614}