{"edges": [[0, 5], [0, 6], [1, 2], [1, 7], [1, 11], [2, 3], [2, 8], [2, 9], [2, 12], [3, 7], [3, 9], [3, 11], [4, 5], [5, 7], [5, 8], [5, 9], [5, 10], [6, 9], [6, 10], [7, 8], [7, 10], [8, 12], [9, 10], [10, 11]], "num_nodes": 13, "num_colors": 3, "opt_value": 24, "opt_count": 48, "feasible_count": 1594323, "mean_value": 16.0, "std": 2.309401076758503, "level": 51, "gammas": [3.1415926750802265, 3.1415925865427656, 3.141592579524862, 3.1415925763532924, 3.141592585196667, 3.1415926116612782, 3.1415926064263826, 3.141592608971761, 3.141592608387419, 3.141592595454375, 3.1415925879907265, 3.1415925865685805, 3.1415925808507135, 3.1415925924984966, 3.1415925937512457, 3.14159259630941, 3.1415925924734482, 3.141592584411784, 3.1415925535070457, 3.1415925033662573, 3.141592420489146, 3.1415922247033046, 3.1415920211212556, 3.141591928594787, 3.1415918935147142, 3.141591379853795, 3.141590547902051, 3.141588716441217, 3.1415861033098746, 3.1415826744746043, 3.1415757166338536, 3.1415757027289986, 3.1415802641552326, 3.1415749629663914, 3.141543389456406, 3.141529165101828, 3.1414746842885672, 3.1414501017984913, 3.1414768818199508, 3.141490194317059, 3.141206238114798, 3.141065356466363, 3.1410501468159326, 3.1410249683104605, 3.1405539292677225, 3.1401077542111286, 3.1406996990630427, 3.1395842694186573, 3.139542680630063, 3.132969334418713, 3.1385171617057104], "betas": [3.141592696089928, 3.141592729189265, 3.1415927310669924, 3.141592721278742, 3.141592707380806, 3.1415927006078648, 3.14159269836676, 3.141592700054661, 3.1415927044479424, 3.141592710272636, 3.1415927186398505, 3.141592721467527, 3.141592721271656, 3.1415927164474073, 3.141592697157565, 3.141592672812453, 3.141592658785076, 3.1415926550203475, 3.1415926402758836, 3.141592598338918, 3.1415924877501693, 3.141592283831448, 3.141592125964593, 3.141592083657368, 3.141591848137144, 3.141591065539789, 3.141589933978025, 3.1415873561805636, 3.1415849655771693, 3.1415792309152977, 3.1415747316095874, 3.1415781699390033, 3.141581158798096, 3.141560188415645, 3.1415347960944118, 3.1415094263038474, 3.1414488937008906, 3.141464181819505, 3.141495279435697, 3.1413958440598932, 3.1410591063518973, 3.14110762487364, 3.140981978408873, 3.1409726581817194, 3.140089703179983, 3.1405725273710567, 3.139926997332036, 3.1404339426883237, 3.135598442240952, 3.1348057239678924, 3.1408316756149834], "predicted_p_opt": 0.31940328277268787, "predicted_tts": 3.130838203412197, "p_opt": 0.2868152841634714, "tts": 3.4865645424601794, "approx": 0.762264675995071, "opt_gap": -0.23773532400492903, "th": -23.999000549316406}