{"edges": [[12, 13], [12, 15], [12, 5], [13, 1], [13, 15], [3, 10], [3, 6], [3, 8], [10, 9], [10, 16], [0, 8], [0, 11], [0, 4], [8, 2], [11, 14], [11, 4], [14, 2], [14, 5], [2, 9], [7, 16], [7, 4], [7, 1], [16, 6], [6, 17], [17, 1], [17, 5], [15, 9]], "num_nodes": 18, "opt_value": 23, "opt_count": 10, "feasible_count": 262144, "mean_value": 13.5, "std": 2.598076211353316, "level": 7, "gammas": [3.14057993888855, 3.1410129070281982, 3.1413350105285645, 3.1413586139678955, 3.141146659851074, 3.140695810317993, 3.140434980392456], "betas": [3.14078426361084, 3.1411705017089844, 3.1413612365722656, 3.1413235664367676, 3.140962839126587, 3.140430450439453, 3.1404855251312256], "predicted_p_opt": 0.00858306884765625, "predicted_tts": 116.50844444444445, "p_opt": 0.004518903266723116, "tts": 221.29263252079974, "approx": 0.8672252460098402, "opt_gap": -0.1327747539901598, "th": -19.96775511454881}