{"N": 22, "edgelist": ["0 2 {}\n", "0 5 {}\n", "0 6 {}\n", "0 9 {}\n", "0 17 {}\n", "0 18 {}\n", "0 19 {}\n", "0 20 {}\n", "0 21 {}\n", "1 2 {}\n", "1 3 {}\n", "1 5 {}\n", "1 8 {}\n", "1 9 {}\n", "1 11 {}\n", "1 13 {}\n", "1 14 {}\n", "1 15 {}\n", "1 16 {}\n", "1 18 {}\n", "1 21 {}\n", "2 3 {}\n", "2 7 {}\n", "2 9 {}\n", "2 10 {}\n", "2 11 {}\n", "2 12 {}\n", "2 13 {}\n", "2 14 {}\n", "2 17 {}\n", "2 18 {}\n", "3 7 {}\n", "3 9 {}\n", "3 10 {}\n", "3 11 {}\n", "3 12 {}\n", "3 13 {}\n", "3 15 {}\n", "3 16 {}\n", "3 19 {}\n", "4 5 {}\n", "4 8 {}\n", "4 12 {}\n", "4 14 {}\n", "5 6 {}\n", "5 7 {}\n", "5 8 {}\n", "5 9 {}\n", "5 10 {}\n", "5 11 {}\n", "5 12 {}\n", "5 16 {}\n", "5 17 {}\n", "5 18 {}\n", "6 7 {}\n", "6 8 {}\n", "6 9 {}\n", "6 11 {}\n", "6 12 {}\n", "6 13 {}\n", "6 14 {}\n", "6 15 {}\n", "6 16 {}\n", "6 19 {}\n", "6 21 {}\n", "7 8 {}\n", "7 9 {}\n", "7 11 {}\n", "7 12 {}\n", "7 14 {}\n", "7 18 {}\n", "7 20 {}\n", "7 21 {}\n", "8 9 {}\n", "8 12 {}\n", "8 14 {}\n", "8 16 {}\n", "8 20 {}\n", "9 10 {}\n", "9 12 {}\n", "9 13 {}\n", "9 14 {}\n", "9 17 {}\n", "9 18 {}\n", "9 20 {}\n", "10 11 {}\n", "10 12 {}\n", "10 13 {}\n", "10 15 {}\n", "10 20 {}\n", "10 21 {}\n", "11 12 {}\n", "11 15 {}\n", "11 17 {}\n", "11 20 {}\n", "12 14 {}\n", "12 15 {}\n", "12 17 {}\n", "12 18 {}\n", "12 21 {}\n", "13 14 {}\n", "13 15 {}\n", "13 17 {}\n", "13 18 {}\n", "13 21 {}\n", "14 16 {}\n", "14 17 {}\n", "14 18 {}\n", "14 19 {}\n", "15 16 {}\n", "15 17 {}\n", "16 18 {}\n", "16 19 {}\n", "16 21 {}\n", "17 18 {}\n", "17 19 {}\n", "17 20 {}\n", "18 19 {}\n", "19 20 {}\n", "19 21 {}\n"], "opt_value": 104, "opt_count": 1, "feasible_count": 705432, "mean_value": 91.42857142857143, "std": 3.432015813723742, "level": 39, "gammas": [-0.11679591250211997, -0.21736297524158754, -0.1901151684065751, -0.20576001203758115, -0.2876671251078272, -0.25745050715477963, -0.1393884323967588, -0.18648008051625728, -0.2075466907420797, -0.16761741462332994, -0.18085878324882565, -0.20874344069996806, -0.17472658767765248, -0.18517123480068207, -0.21659148921775004, -0.18406572179083014, -0.19717488947816272, -0.22920432430522497, -0.22153674699270856, -0.21027821711101238, -0.21375051944942838, -0.22748035489009108, -0.24074185290852532, -0.24969469639772607, -0.25582238645997557, -0.25948801178275305, -0.2728863564479748, -0.2773792388014657, -0.32580381652620505, 5.928900239679249, 5.909125651123874, 5.912173167456895, 5.9675229526101035, 6.00280781620354, 6.013015147871017, 6.014300629213501, 6.011301361174703, 6.006339193632579, 6.003947522698975], "betas": [2.7859377646676267, 2.288409407077073, 1.6254561919398554, 2.1014042599975156, 2.391569978142241, 1.896413014133798, 1.6938738593275686, 2.186311940051216, 1.7967401118135584, 1.409120196602611, 1.6987739077089392, 1.6084417911823363, 1.3492920536754602, 1.6513311850945531, 1.6044343164208312, 1.3540758137166486, 1.6464197688518942, 1.5882639956503681, 1.631686316360378, 1.6058106954839682, 1.6752284613099993, 1.7780853210436733, 1.8470529418217756, 1.8775877041981806, 1.8721623966653185, 1.8353719168266347, 1.602540428033621, 2.0335737228289306, 2.083024922364772, 2.0729971062866346, 2.18789746368189, 2.3891674351536274, 2.447778071143437, 2.4258458276606847, 2.3912700222114562, 2.385755979361028, 2.405292167387074, 2.452113144924998, 2.4482450973869176], "predicted_p_opt": 0.008847061091643136, "predicted_tts": 113.03188591571863, "p_opt": 8.715952783277095e-06, "tts": 114732.14975632438, "approx": 0.9669993529194166, "opt_gap": -0.03300064708058337}