{"edges": [[0, 5], [0, 10], [0, 14], [1, 5], [1, 8], [1, 9], [1, 13], [2, 4], [2, 12], [2, 14], [2, 15], [3, 4], [3, 11], [3, 15], [4, 6], [4, 10], [5, 15], [5, 16], [6, 13], [7, 11], [7, 12], [7, 16], [8, 15], [9, 14], [12, 15], [14, 16], [15, 16]], "num_nodes": 17, "num_colors": 3, "opt_value": 27, "opt_count": 1416, "feasible_count": 129140163, "mean_value": 18.0, "std": 2.449489742783178, "level": 59, "gammas": [0.17116966843605042, 0.2806052565574646, 0.2903841733932495, 0.29160523414611816, 0.28954046964645386, 0.28504881262779236, 0.27908027172088623, 0.2727619409561157, 0.2689655125141144, 0.26978135108947754, 0.2741556167602539, 0.27921950817108154, 0.2823742926120758, 0.28054025769233704, 0.26371386647224426, 0.2307281494140625, 0.2485542744398117, 0.25487595796585083, 0.2579120993614197, 0.23550228774547577, 0.23919101059436798, 0.2659408152103424, 0.233730286359787, 0.25236135721206665, 0.25719207525253296, 0.2453957200050354, 0.2520480751991272, 0.26115158200263977, 0.261059433221817, 0.25639790296554565, 0.255160391330719, 0.2631334364414215, 0.27491381764411926, 0.28297629952430725, 0.28506118059158325, 0.2803727984428406, 0.2689807415008545, 0.25897037982940674, 0.2489839494228363, 0.23513521254062653, -0.1601816862821579, -0.3163791000843048, -0.31571102142333984, -0.3136679530143738, -0.3122272491455078, -0.31130799651145935, -0.3109104633331299, -0.3107474744319916, -0.3106905221939087, -0.3103521764278412, -0.3100874423980713, -0.31068238615989685, -0.3118191957473755, -0.3133679926395416, -0.3150116801261902, -0.31485673785209656, -0.3167751133441925, -0.3095625936985016, -0.3277331590652466], "betas": [-2.699101448059082, -2.5725667476654053, -2.522674083709717, -2.4943552017211914, -2.470578670501709, -2.4285550117492676, -2.3746209144592285, -2.3289473056793213, -2.313770055770874, -2.3386306762695312, -2.3923282623291016, -2.4533376693725586, -2.494114398956299, -2.4509618282318115, -2.2027909755706787, -2.013864517211914, -2.147226333618164, -1.8957167863845825, -2.164466142654419, -2.182110071182251, -1.9447815418243408, -2.0236732959747314, -2.0591068267822266, -2.284219980239868, -2.202183961868286, -2.174422264099121, -2.2464027404785156, -2.2629165649414062, -2.2288711071014404, -2.1928467750549316, -2.216893196105957, -2.3077149391174316, -2.3997514247894287, -2.44484543800354, -2.427178382873535, -2.3449816703796387, -2.2430386543273926, -2.259667158126831, -2.471623420715332, 2.2406790256500244, 3.2300305366516113, 2.78132700920105, 2.7284157276153564, 2.717418909072876, 2.719147205352783, 2.725210428237915, 2.7307398319244385, 2.7322583198547363, 2.7305567264556885, 2.7314610481262207, 2.738412618637085, 2.752673625946045, 2.771467447280884, 2.7699646949768066, 2.757587194442749, 2.7465016841888428, 2.819348096847534, 2.8433399200439453, 2.9382500648498535], "predicted_p_opt": 0.15527296492571407, "predicted_tts": 6.440271173274894, "p_opt": 0.09799424164482254, "tts": 10.204681246725423, "approx": 0.6812535687905055, "opt_gap": -0.31874643120949453}