{"edges": [[0, 7], [0, 8], [0, 11], [0, 14], [0, 15], [0, 16], [1, 3], [1, 5], [1, 8], [1, 16], [2, 4], [2, 9], [2, 10], [2, 11], [3, 8], [3, 11], [3, 14], [4, 8], [5, 8], [5, 9], [6, 7], [6, 9], [6, 11], [6, 12], [8, 9], [8, 15], [8, 16], [9, 13], [9, 15], [10, 15], [11, 12], [11, 13], [11, 15], [14, 16]], "num_nodes": 17, "num_colors": 3, "opt_value": 34, "opt_count": 12, "feasible_count": 129140163, "mean_value": 22.666666666666668, "std": 2.748737083745107, "level": 59, "gammas": [0.13447736203670502, 0.22421523928642273, 0.22650006413459778, 0.20382548868656158, 0.2004176527261734, 0.22077564895153046, 0.2045011669397354, 0.20384933054447174, 0.20693282783031464, 0.20302066206932068, 0.20532014966011047, 0.20971611142158508, 0.21169935166835785, 0.20956704020500183, 0.20421573519706726, 0.20011073350906372, 0.2011575698852539, 0.20547112822532654, 0.20870596170425415, 0.20857669413089752, 0.20520859956741333, 0.20052935183048248, 0.19810418784618378, 0.1998695433139801, 0.20389556884765625, 0.20839011669158936, 0.20337876677513123, 0.2031925767660141, 0.21684330701828003, 0.19796694815158844, 0.1985328644514084, 0.21400316059589386, 0.2120702862739563, 0.187550351023674, -0.12641189992427826, -0.24099473655223846, -0.24417464435100555, -0.23433011770248413, -0.22890494763851166, -0.23340824246406555, -0.23008058965206146, -0.23200568556785583, -0.23392082750797272, -0.23532003164291382, -0.2359617054462433, -0.2364523857831955, -0.23721672594547272, -0.2381749153137207, -0.239202082157135, -0.24030998349189758, -0.2414347380399704, -0.24261921644210815, -0.24386188387870789, -0.24518010020256042, -0.24656789004802704, -0.24823909997940063, -0.25313833355903625, -0.24711066484451294, -0.26066428422927856], "betas": [-2.7223846912384033, -2.5639655590057373, -2.358891010284424, -2.0680510997772217, -2.1808032989501953, -2.144217014312744, -2.3977253437042236, -2.2938714027404785, -2.2440335750579834, -2.24849796295166, -2.2796413898468018, -2.3114960193634033, -2.309222459793091, -2.266578435897827, -2.2128732204437256, -2.198652744293213, -2.2322793006896973, -2.273261308670044, -2.28656268119812, -2.2635624408721924, -2.2179620265960693, -2.1807398796081543, -2.1840851306915283, -2.2252087593078613, -2.251858711242676, -2.2769792079925537, -2.350666046142578, -2.1432788372039795, -2.183997631072998, -2.075082778930664, -2.2523083686828613, -2.395390510559082, -2.496060371398926, 2.094141960144043, 3.2022433280944824, 2.6861014366149902, 2.562821626663208, 2.4529130458831787, 2.487131357192993, 2.557722568511963, 2.592440366744995, 2.603731632232666, 2.6108884811401367, 2.6164984703063965, 2.6242449283599854, 2.6342475414276123, 2.64457106590271, 2.65549373626709, 2.6682286262512207, 2.683072328567505, 2.6994543075561523, 2.7148141860961914, 2.730205774307251, 2.747661590576172, 2.770902395248413, 2.7756848335266113, 2.8249928951263428, 2.916024684906006, 2.9545085430145264], "predicted_p_opt": 0.0013158725841162212, "predicted_tts": 759.9519984464373, "p_opt": 0.0009372198490853061, "tts": 1066.985511431459, "approx": 0.6432095712157448, "opt_gap": -0.35679042878425515}