{"N": 22, "edgelist": ["0 3 {}\n", "0 6 {}\n", "0 9 {}\n", "0 11 {}\n", "0 13 {}\n", "0 16 {}\n", "0 17 {}\n", "0 18 {}\n", "0 21 {}\n", "1 7 {}\n", "1 11 {}\n", "1 12 {}\n", "1 14 {}\n", "1 17 {}\n", "1 19 {}\n", "1 21 {}\n", "2 3 {}\n", "2 4 {}\n", "2 5 {}\n", "2 11 {}\n", "2 12 {}\n", "2 13 {}\n", "2 14 {}\n", "2 18 {}\n", "2 19 {}\n", "3 5 {}\n", "3 7 {}\n", "3 10 {}\n", "3 12 {}\n", "3 13 {}\n", "3 14 {}\n", "3 17 {}\n", "3 18 {}\n", "3 19 {}\n", "3 20 {}\n", "3 21 {}\n", "4 6 {}\n", "4 7 {}\n", "4 10 {}\n", "4 11 {}\n", "4 12 {}\n", "4 13 {}\n", "4 17 {}\n", "4 18 {}\n", "4 21 {}\n", "5 7 {}\n", "5 9 {}\n", "5 10 {}\n", "5 11 {}\n", "5 18 {}\n", "5 19 {}\n", "5 20 {}\n", "5 21 {}\n", "6 8 {}\n", "6 9 {}\n", "6 11 {}\n", "6 12 {}\n", "6 13 {}\n", "6 15 {}\n", "6 17 {}\n", "6 18 {}\n", "6 20 {}\n", "7 8 {}\n", "7 9 {}\n", "7 10 {}\n", "7 11 {}\n", "7 14 {}\n", "7 19 {}\n", "7 20 {}\n", "8 9 {}\n", "8 13 {}\n", "8 15 {}\n", "8 16 {}\n", "8 18 {}\n", "8 19 {}\n", "8 20 {}\n", "9 11 {}\n", "9 12 {}\n", "9 13 {}\n", "9 15 {}\n", "9 18 {}\n", "9 19 {}\n", "9 21 {}\n", "10 11 {}\n", "10 12 {}\n", "10 13 {}\n", "10 14 {}\n", "10 15 {}\n", "10 18 {}\n", "10 19 {}\n", "10 20 {}\n", "10 21 {}\n", "11 12 {}\n", "11 16 {}\n", "11 17 {}\n", "11 18 {}\n", "11 19 {}\n", "11 20 {}\n", "12 13 {}\n", "12 14 {}\n", "12 15 {}\n", "12 16 {}\n", "12 19 {}\n", "13 17 {}\n", "13 18 {}\n", "13 19 {}\n", "14 15 {}\n", "14 18 {}\n", "14 19 {}\n", "14 20 {}\n", "15 18 {}\n", "15 19 {}\n", "16 17 {}\n", "16 18 {}\n", "16 19 {}\n", "16 21 {}\n", "17 18 {}\n", "17 21 {}\n", "18 19 {}\n", "18 20 {}\n", "19 20 {}\n", "20 21 {}\n"], "opt_value": 107, "opt_count": 12, "feasible_count": 705432, "mean_value": 92.95238095238095, "std": 3.572764996405016, "level": 21, "gammas": [3.1415948890354475, 3.141591041166992, 3.1415922352614674, 3.1415939207877717, 3.1415941082092482, 3.141593120445978, 3.141592408874525, 3.141593040714876, 3.1415944773231517, 3.1415947770932524, 3.141592897548267, 3.1415888799769407, 3.1415899163226544, 3.141589202920193, 3.141577224139024, 3.1415418417068994, 3.141506222302631, 3.1416370851509297, 3.1410474298314157, 3.140486165680641, 3.1414071539159103], "betas": [3.1415933176955915, 3.1415939593659954, 3.141592105470473, 3.141591073853866, 3.141591624283635, 3.1415926758544703, 3.1415927691506416, 3.1415915279343083, 3.1415902169812546, 3.141590996107743, 3.1415928396733297, 3.1415910426273506, 3.141585404464675, 3.141565317579552, 3.1415824432379607, 3.141547490570049, 3.1414421139027096, 3.141663390444895, 3.1404110482173477, 3.1410013489749073, 3.141558924923858], "predicted_p_opt": 0.031453067056782226, "predicted_tts": 31.7934018388318, "p_opt": 0.031124864243901176, "tts": 32.12865418990372, "approx": 0.8727980759650602, "opt_gap": -0.1272019240349398, "th": -106.9990005493164}