{"edges": [[0, 3], [0, 4], [0, 8], [0, 9], [0, 10], [0, 13], [0, 16], [1, 3], [1, 8], [1, 10], [1, 11], [1, 14], [2, 3], [2, 6], [2, 7], [3, 5], [3, 8], [3, 10], [4, 8], [5, 6], [5, 9], [5, 11], [5, 16], [6, 7], [6, 10], [6, 11], [7, 14], [8, 12], [8, 13], [8, 16], [9, 10], [10, 11], [10, 12], [10, 16], [11, 15], [13, 14], [14, 16]], "num_nodes": 17, "num_colors": 3, "opt_value": 37, "opt_count": 24, "feasible_count": 129140163, "mean_value": 24.666666666666668, "std": 2.8674417556808756, "level": 30, "gammas": [-0.12563295296072868, -0.17302400112417096, -0.1955546859873248, -0.21885700818055043, -0.19073319667996544, -0.22265463517847175, -0.21300986286287857, -0.22298034543062964, -0.21950282910815008, -0.21827806816274, -0.21990039544464113, -0.2206733905549311, -0.2211777406038544, -0.22207863958556018, -0.2235469558583129, -0.22564099113535885, -0.2281068602070432, -0.23077423230662517, -0.23368833300883116, -0.23704949989049218, -0.24102349085684352, -0.24578470549511572, -0.25176851390471067, -0.2580880436839993, -0.2510199972123101, -0.2564449639856133, -0.33790424274462627, 5.877003291778838, 5.903571218842962, 5.934235450565258], "betas": [2.3504466950974803, 1.7333469776432793, 2.001326900237413, 1.6534829619101867, 1.5704223192369613, 1.5655783578279614, 1.4685268788305015, 1.4522399353546371, 1.508549018684912, 1.5124557631713804, 1.4980508124181704, 1.4869032650505067, 1.4777366075062135, 1.4707705317447137, 1.4666352430807208, 1.4645981118969384, 1.4624674158038997, 1.459476675265232, 1.4563042127258632, 1.4536026412220395, 1.45157018382165, 1.4493546808170994, 1.449064230766671, 1.5089250378980958, 1.6361947313414733, 1.220952481640373, 1.911877448415982, 2.2238415448617452, 2.448563574396363, 2.5664183269958345], "predicted_p_opt": 0.0006915277007974661, "predicted_tts": 1446.0736697124428, "p_opt": 5.30977285691705e-06, "tts": 188331.97331544952, "approx": 0.8694452331716864, "opt_gap": -0.13055476682831357}