{"edges": [[0, 1], [0, 4], [0, 7], [0, 9], [1, 4], [1, 5], [1, 11], [1, 15], [2, 3], [2, 4], [2, 10], [2, 11], [2, 12], [2, 15], [3, 5], [3, 10], [3, 12], [4, 7], [4, 9], [4, 14], [5, 6], [5, 10], [5, 14], [5, 15], [6, 8], [6, 14], [7, 13], [8, 9], [8, 11], [9, 13], [11, 12], [11, 13], [12, 13], [13, 15]], "num_nodes": 16, "num_colors": 3, "opt_value": 34, "opt_count": 6, "feasible_count": 43046721, "mean_value": 22.666666666666668, "std": 2.7487370837451075, "level": 21, "gammas": [2.5307388305664062, 2.520819664001465, 2.5262413024902344, 2.5504517555236816, 2.588078260421753, 2.6261157989501953, 2.655951738357544, 2.6741983890533447, 2.679266929626465, 2.671011447906494, 2.650836944580078, 2.6209816932678223, 2.584007740020752, 2.547797441482544, 2.524465322494507, 2.517697811126709, 2.5258116722106934, 2.6021272484279097, 2.6021272484279097, 2.6021272484279097, 2.6021272484279097], "betas": [2.5243260860443115, 2.522453546524048, 2.5382752418518066, 2.5716912746429443, 2.611194133758545, 2.6447293758392334, 2.6679534912109375, 2.678870677947998, 2.6764004230499268, 2.6609480381011963, 2.634366512298584, 2.5993459224700928, 2.56140398979187, 2.532108783721924, 2.5186612606048584, 2.5195343494415283, 2.5343637466430664, 0.0, 0.0, 0.0, 0.0], "predicted_p_opt": 0.0002577199782533959, "predicted_tts": 3880.18036776636, "p_opt": 6.402047409164482e-05, "tts": 15620.003041035085, "approx": 0.8878531945335385, "opt_gap": -0.1121468054664615, "th": -29.918285158081012}