{"N": 18, "edgelist": ["0 2 {}\n", "0 3 {}\n", "0 4 {}\n", "0 6 {}\n", "0 9 {}\n", "0 10 {}\n", "0 14 {}\n", "0 15 {}\n", "1 2 {}\n", "1 3 {}\n", "1 6 {}\n", "1 7 {}\n", "1 9 {}\n", "1 10 {}\n", "1 11 {}\n", "1 12 {}\n", "1 13 {}\n", "1 14 {}\n", "1 16 {}\n", "2 4 {}\n", "2 5 {}\n", "2 8 {}\n", "2 9 {}\n", "2 13 {}\n", "2 17 {}\n", "3 5 {}\n", "3 6 {}\n", "3 7 {}\n", "3 8 {}\n", "3 11 {}\n", "3 13 {}\n", "3 17 {}\n", "4 5 {}\n", "4 6 {}\n", "4 7 {}\n", "4 10 {}\n", "4 12 {}\n", "4 13 {}\n", "4 16 {}\n", "5 6 {}\n", "5 13 {}\n", "5 14 {}\n", "5 16 {}\n", "5 17 {}\n", "6 7 {}\n", "6 8 {}\n", "6 10 {}\n", "6 12 {}\n", "6 13 {}\n", "6 16 {}\n", "6 17 {}\n", "7 9 {}\n", "7 13 {}\n", "7 14 {}\n", "7 15 {}\n", "7 16 {}\n", "8 9 {}\n", "8 13 {}\n", "8 16 {}\n", "9 10 {}\n", "9 11 {}\n", "9 12 {}\n", "9 14 {}\n", "9 15 {}\n", "9 16 {}\n", "10 11 {}\n", "10 13 {}\n", "10 14 {}\n", "10 17 {}\n", "11 12 {}\n", "11 13 {}\n", "11 15 {}\n", "11 17 {}\n", "12 13 {}\n", "12 14 {}\n", "12 17 {}\n", "13 14 {}\n", "13 15 {}\n", "13 17 {}\n", "14 16 {}\n", "15 17 {}\n", "16 17 {}\n"], "opt_value": 73, "opt_count": 6, "feasible_count": 48620, "mean_value": 62.705882352941174, "std": 2.5978431298551574, "level": 22, "gammas": [0.140133160054405, 0.25925145078241696, 0.2615091115763345, 0.25832412607767286, 0.2350735543813606, 0.2371641827760615, 0.23499917765215905, 0.236695045854718, 0.24309762792487138, 0.2505141837477963, 0.2584764631086386, 0.2695480994397936, 0.2799455078680625, 0.28673979653997744, 0.2984543550827586, 0.3192394885055648, 0.34143113130419495, 0.3586478721593988, 0.3746039429310229, 0.3701341139657892, 0.46615658835648227, 0.4625073948155994], "betas": [-2.921827811352237, -2.515547444257915, -2.087754234606456, -1.8586233100221976, -1.7933428611665203, -1.7435201064384442, -1.7121744874437628, -1.7213563465680908, -1.7463051362788233, -1.773189035254977, -1.809536324820299, -1.8559363748459703, -1.8780942510643912, -1.8941471759268986, -1.9625531477343034, -2.057915337415022, -2.1298520255408695, -2.1623306694009905, -2.1311993692428692, -2.352508636786711, -2.233968564002131, 3.8884958607610107], "predicted_p_opt": 0.24989716166186754, "predicted_tts": 4.0016460905349795, "p_opt": 0.004621286942915413, "tts": 216.38993906946925, "approx": 0.9630896204339654, "opt_gap": -0.0369103795660346}