{"N": 22, "edgelist": ["0 2 {}\n", "0 4 {}\n", "0 7 {}\n", "0 11 {}\n", "0 12 {}\n", "0 13 {}\n", "0 16 {}\n", "0 17 {}\n", "0 20 {}\n", "1 3 {}\n", "1 7 {}\n", "1 8 {}\n", "1 9 {}\n", "1 12 {}\n", "1 13 {}\n", "1 15 {}\n", "1 17 {}\n", "1 18 {}\n", "1 19 {}\n", "1 21 {}\n", "2 4 {}\n", "2 7 {}\n", "2 8 {}\n", "2 10 {}\n", "2 14 {}\n", "2 15 {}\n", "2 19 {}\n", "2 20 {}\n", "2 21 {}\n", "3 4 {}\n", "3 6 {}\n", "3 7 {}\n", "3 8 {}\n", "3 10 {}\n", "3 11 {}\n", "3 12 {}\n", "3 13 {}\n", "3 15 {}\n", "3 16 {}\n", "3 17 {}\n", "3 20 {}\n", "3 21 {}\n", "4 6 {}\n", "4 7 {}\n", "4 8 {}\n", "4 9 {}\n", "4 13 {}\n", "4 15 {}\n", "4 16 {}\n", "4 19 {}\n", "4 21 {}\n", "5 6 {}\n", "5 7 {}\n", "5 9 {}\n", "5 10 {}\n", "5 12 {}\n", "5 13 {}\n", "5 14 {}\n", "5 15 {}\n", "5 16 {}\n", "5 19 {}\n", "6 7 {}\n", "6 8 {}\n", "6 9 {}\n", "6 10 {}\n", "6 11 {}\n", "6 13 {}\n", "6 18 {}\n", "7 8 {}\n", "7 13 {}\n", "7 15 {}\n", "7 16 {}\n", "7 17 {}\n", "7 20 {}\n", "7 21 {}\n", "8 9 {}\n", "8 12 {}\n", "8 13 {}\n", "8 15 {}\n", "8 19 {}\n", "8 21 {}\n", "9 12 {}\n", "9 14 {}\n", "9 15 {}\n", "9 16 {}\n", "9 17 {}\n", "9 20 {}\n", "9 21 {}\n", "10 12 {}\n", "10 13 {}\n", "10 14 {}\n", "10 16 {}\n", "10 17 {}\n", "10 18 {}\n", "10 19 {}\n", "11 13 {}\n", "11 14 {}\n", "11 15 {}\n", "11 16 {}\n", "11 19 {}\n", "12 14 {}\n", "12 15 {}\n", "12 16 {}\n", "12 17 {}\n", "12 18 {}\n", "12 19 {}\n", "13 14 {}\n", "13 15 {}\n", "13 16 {}\n", "13 21 {}\n", "14 16 {}\n", "14 17 {}\n", "14 18 {}\n", "14 19 {}\n", "14 20 {}\n", "15 16 {}\n", "15 17 {}\n", "15 21 {}\n", "16 17 {}\n", "16 20 {}\n", "17 19 {}\n", "18 19 {}\n", "18 20 {}\n", "18 21 {}\n", "19 20 {}\n", "19 21 {}\n", "20 21 {}\n"], "opt_value": 110, "opt_count": 2, "feasible_count": 705432, "mean_value": 96.76190476190476, "std": 2.9572479892845815, "level": 51, "gammas": [3.141592718785078, 3.141592630567383, 3.1415925654432697, 3.1415925510279332, 3.1415925711446904, 3.141592594278598, 3.1415926224523636, 3.1415926363378173, 3.1415926284123987, 3.1415926033418087, 3.141592587428364, 3.141592551460371, 3.1415925373559035, 3.141592528147648, 3.1415925403876375, 3.1415925638172473, 3.141592590602839, 3.1415926077531497, 3.14159261660105, 3.141592609302995, 3.1415925536833105, 3.141592443806918, 3.1415922452062475, 3.1415918781388785, 3.141591486016522, 3.1415907370205103, 3.141589671208721, 3.14158852319225, 3.1415869025189216, 3.1415853723470284, 3.141583354044505, 3.1415804560851988, 3.1415723188064573, 3.141565229190834, 3.1415522991599953, 3.1415483129819335, 3.14152928168019, 3.1415109238179784, 3.141420954592033, 3.141409659804984, 3.1414953292927836, 3.1415275903628417, 3.1414623044905468, 3.1413627276198675, 3.141359736816498, 3.1414091284931045, 3.1400932588824495, 3.1385744019565918, 3.1386554260025203, 3.1338494025291466, 3.139375342981868], "betas": [3.1415926354324593, 3.1415927185042953, 3.1415927549856915, 3.141592747769671, 3.141592721851201, 3.1415926967507093, 3.141592675891432, 3.1415926749894836, 3.141592695549918, 3.1415927168381095, 3.141592739873271, 3.141592767238026, 3.1415927739656917, 3.141592762176044, 3.141592732497056, 3.1415926834496037, 3.1415926361956195, 3.141592604231763, 3.1415925998622183, 3.1415926058839845, 3.141592579987613, 3.141592521000344, 3.1415923337604124, 3.141591983042273, 3.141591493413977, 3.1415904019341814, 3.141589276629206, 3.141587633652689, 3.141586091143116, 3.1415841407048166, 3.141582531214453, 3.14157685377999, 3.1415696774668005, 3.141559363835428, 3.141550625424489, 3.141540090584147, 3.14152214036987, 3.141473401189788, 3.1413902651171237, 3.141460565413608, 3.1415180814271695, 3.14151760499972, 3.1413680301186493, 3.141406992996408, 3.1413343484754503, 3.1412244814231074, 3.1385256752981743, 3.1397911110550414, 3.1352003012589345, 3.1361974303487457, 3.1410867864618854], "predicted_p_opt": 0.030078023112078838, "predicted_tts": 33.24686586860213, "p_opt": 0.029777695760423085, "tts": 33.582182048118014, "approx": 0.8832371255055878, "opt_gap": -0.11676287449441225, "th": -109.9990005493164}