{"edges": [[0, 9], [0, 12], [1, 2], [1, 11], [1, 12], [2, 6], [2, 14], [2, 16], [3, 5], [3, 13], [3, 14], [3, 16], [4, 5], [4, 8], [4, 13], [4, 16], [6, 8], [6, 14], [7, 9], [7, 11], [8, 15], [9, 13], [9, 16], [10, 11], [10, 15], [12, 16], [13, 14], [13, 15]], "num_nodes": 17, "num_colors": 3, "opt_value": 28, "opt_count": 1542, "feasible_count": 129140163, "mean_value": 18.666666666666668, "std": 2.494438257849294, "level": 30, "gammas": [2.3570199012756348, 2.336097478866577, 2.3342370986938477, 2.347477436065674, 2.3696448802948, 2.3982017040252686, 2.4305105209350586, 2.461472988128662, 2.4867587089538574, 2.5038819313049316, 2.511535406112671, 2.5091917514801025, 2.4969899654388428, 2.475635528564453, 2.446610927581787, 2.413331985473633, 2.3812096118927, 2.3528220653533936, 2.3295974731445312, 2.3179471492767334, 2.323498249053955, 2.3461756706237793, 2.6021272484279097, 2.6021272484279097, 2.6021272484279097, 2.6021272484279097, 2.6021272484279097, 2.6021272484279097, 2.6021272484279097, 2.6021272484279097], "betas": [2.343247652053833, 2.3321239948272705, 2.3394339084625244, 2.358883857727051, 2.3850600719451904, 2.4164249897003174, 2.4488649368286133, 2.477065324783325, 2.497776508331299, 2.5094668865203857, 2.5113070011138916, 2.503110647201538, 2.4853742122650146, 2.4593563079833984, 2.4275951385498047, 2.394582748413086, 2.364907741546631, 2.3398075103759766, 2.322333335876465, 2.3191330432891846, 2.333322763442993, 2.365267038345337, 0.0, 0.0, 0.0, 0.0, 0.0, 0.0, 0.0, 0.0], "predicted_p_opt": 0.04443065477623719, "predicted_tts": 22.506983186185884, "p_opt": 0.008526872397821246, "tts": 117.27629467699272, "approx": 0.9343352885924764, "opt_gap": -0.06566471140752361, "th": -25.96352353750358}