{"edges": [[0, 4], [0, 16], [1, 2], [1, 3], [1, 4], [1, 12], [1, 14], [1, 16], [2, 8], [2, 9], [3, 6], [3, 16], [4, 5], [4, 9], [4, 13], [5, 10], [5, 11], [6, 8], [6, 9], [6, 15], [7, 8], [7, 9], [7, 14], [9, 15], [11, 14], [13, 14], [13, 15], [13, 16], [14, 16], [15, 16]], "num_nodes": 17, "num_colors": 3, "opt_value": 30, "opt_count": 624, "feasible_count": 129140163, "mean_value": 20.0, "std": 2.581988897471611, "level": 27, "gammas": [3.141592307292403, 3.141592918631036, 3.1415927651727062, 3.14159255300917, 3.141592577539407, 3.1415927838503985, 3.141592941846639, 3.1415929269107683, 3.1415927320182977, 3.1415924115640013, 3.1415922095213045, 3.1415923235463423, 3.141592637964467, 3.1415919904585317, 3.141591012142913, 3.1415892851700526, 3.1415842669337897, 3.141581299148088, 3.141575683420443, 3.1415708282011723, 3.1415322893409745, 3.1415398142589144, 3.141368060061864, 3.141425303446206, 3.141047263843402, 3.140803869969886, 3.1414503152350957], "betas": [3.141592533884176, 3.1415924332823577, 3.141592679368374, 3.141592773871754, 3.1415926292396894, 3.1415924239096125, 3.1415923362761013, 3.141592420617888, 3.1415925617573106, 3.141592541179464, 3.1415923283057436, 3.141592108267033, 3.1415916020188335, 3.141590514506528, 3.141590395544405, 3.1415870701577124, 3.1415834130654177, 3.141578147854573, 3.1415745319099453, 3.1415478076802583, 3.1415378611335503, 3.1414931308258187, 3.141308614601711, 3.1414117322110675, 3.140712508588804, 3.1411639911923457, 3.1415656877404543], "predicted_p_opt": 0.014616676610513493, "predicted_tts": 68.41500476795932, "p_opt": 0.01454562394453373, "tts": 68.7491993339895, "approx": 0.6715135687109997, "opt_gap": -0.32848643128900035, "th": -29.999000549316406}