{"edges": [[0, 5], [0, 8], [1, 8], [1, 10], [2, 4], [2, 6], [2, 7], [2, 8], [3, 4], [3, 5], [3, 6], [3, 8], [4, 7], [5, 9]], "num_nodes": 11, "num_colors": 3, "distribution": [[0, 3], [1, 18], [2, 66], [4, 822], [5, 2376], [6, 6570], [3, 252], [7, 15300], [8, 28008], [9, 39228], [10, 39438], [11, 27150], [12, 12996], [13, 4200], [14, 720]], "opt_value": 14, "opt_count": 720, "feasible_count": 177147, "mean_value": 9.333333333333334, "std": 1.7638342073763937, "level": 8, "gammas": [0.32072481513023376, 0.49472224712371826, 0.5165815949440002, 0.5278303027153015, 0.5331310033798218, 0.6858839392662048, -0.2707224190235138, 0.7778767347335815], "betas": [2.4742250442504883, 2.3089449405670166, 2.2684099674224854, 2.2691051959991455, 2.1848907470703125, -2.060678243637085, -2.6043121814727783, 2.5081539154052734], "predicted_p_opt": 1.1746176903927248, "predicted_tts": 0.8513408304498269, "p_opt": 0.3489141081949684, "tts": 2.8660348679314906}