{"edges": [[3, 4], [3, 6], [3, 11], [4, 6], [4, 7], [6, 0], [12, 13], [12, 10], [12, 14], [13, 7], [13, 15], [5, 10], [5, 0], [5, 15], [10, 14], [8, 9], [8, 15], [8, 2], [9, 1], [9, 2], [0, 11], [1, 2], [1, 14], [11, 7]], "num_nodes": 16, "opt_value": 20, "opt_count": 12, "feasible_count": 65536, "mean_value": 12.0, "std": 2.449489742783178, "level": 29, "gammas": [2.5729446411132812, 2.55495285987854, 2.5467441082000732, 2.550872325897217, 2.5697317123413086, 2.5999603271484375, 2.633408784866333, 2.662766933441162, 2.6844959259033203, 2.6974427700042725, 2.701263427734375, 2.6959900856018066, 2.681960105895996, 2.659586191177368, 2.6296498775482178, 2.5958704948425293, 2.566594123840332, 2.549163579940796, 2.544489860534668, 2.5504677295684814, 2.5658981800079346, 2.6021272484279097, 2.6021272484279097, 2.6021272484279097, 2.6021272484279097, 2.6021272484279097, 2.6021272484279097, 2.6021272484279097, 2.6021272484279097], "betas": [2.56284236907959, 2.549778699874878, 2.5478827953338623, 2.5597736835479736, 2.5853922367095947, 2.618622303009033, 2.6507177352905273, 2.6760826110839844, 2.692927837371826, 2.700786590576172, 2.6995010375976562, 2.6892004013061523, 2.6703121662139893, 2.643563747406006, 2.61100697517395, 2.5784966945648193, 2.5548384189605713, 2.544682502746582, 2.5458879470825195, 2.556610107421875, 2.5764176845550537, 0.0, 0.0, 0.0, 0.0, 0.0, 0.0, 0.0, 0.0], "predicted_p_opt": 0.63739013671875, "predicted_tts": 1.5688978262951259, "p_opt": 0.12765965125679027, "tts": 7.833328621495898, "approx": 0.9563836160300656, "opt_gap": -0.04361638396993439, "th": -18.947136581407648}