{"edges": [[0, 1], [0, 2], [0, 7], [0, 10], [0, 12], [0, 14], [1, 11], [1, 12], [2, 3], [2, 5], [2, 6], [2, 7], [2, 13], [3, 6], [3, 12], [4, 7], [4, 11], [5, 6], [5, 7], [5, 14], [6, 14], [7, 13], [7, 14], [8, 9], [8, 10], [9, 13], [13, 14]], "num_nodes": 15, "num_colors": 3, "opt_value": 27, "opt_count": 180, "feasible_count": 14348907, "mean_value": 18.0, "std": 2.449489742783178, "level": 20, "gammas": [0.1388742165571737, 0.2740696298810755, 0.2812032272636624, 0.28320520994506077, 0.2866318981172082, 0.28884120726687273, 0.29085569146814366, 0.2924549352741276, 0.293782297019865, 0.2950963783438311, 0.2959173985214052, 0.2966165650593828, 0.2978587071642523, 0.2996300986526661, 0.3025743985419849, 0.30767336250546035, 0.31544768265731427, 0.3292785319342528, 0.34352128226629725, 0.28183421385110796], "betas": [-1.9586504033931527, -1.7133775854268405, -1.7318765287747115, -1.7039089028275802, -1.6709142042822933, -1.650594422396846, -1.6364980884603761, -1.6235658448101988, -1.6103898603448437, -1.5950873492810074, -1.576212293986093, -1.5556655488666058, -1.5352672837748458, -1.5132488294032447, -1.4903810411334595, -1.4610736934082995, -1.403821963185498, -1.3386022862609537, -1.550236791789222, 4.517039802829566], "predicted_p_opt": 0.021087320448867637, "predicted_tts": 47.42186198691255, "p_opt": 0.00018227496282316563, "tts": 5486.217001564563, "approx": 0.8800657600740627, "opt_gap": -0.11993423992593732}