{"edges": [[0, 8], [0, 9], [1, 5], [2, 5], [2, 7], [2, 11], [3, 5], [3, 8], [3, 11], [4, 8], [4, 9], [4, 10], [5, 9], [5, 10], [5, 11], [5, 12], [6, 7], [6, 12], [7, 9], [7, 10], [8, 9], [10, 12]], "num_nodes": 13, "num_colors": 3, "opt_value": 22, "opt_count": 96, "feasible_count": 1594323, "mean_value": 14.666666666666666, "std": 2.211083193570267, "level": 4, "gammas": [0.19731319674477465, 0.36919629361382844, 0.4174146928247863, 0.4627635296384463], "betas": [-2.022027006046488, -1.555358442408685, -1.3246540388653052, 5.197447053686785], "predicted_p_opt": 0.004877305288827923, "predicted_tts": 205.03125, "p_opt": 0.0005503721313729397, "tts": 1816.9524636093652, "approx": 0.8209015613802184, "opt_gap": -0.17909843861978159}