{"edges": [[0, 1], [0, 2], [0, 5], [0, 7], [0, 9], [0, 13], [1, 4], [1, 5], [1, 8], [2, 3], [2, 5], [2, 9], [2, 10], [2, 13], [2, 14], [3, 14], [3, 15], [4, 8], [4, 9], [4, 15], [5, 10], [5, 12], [5, 14], [5, 15], [6, 9], [6, 10], [6, 13], [6, 14], [7, 8], [7, 9], [7, 10], [7, 13], [7, 14], [8, 14], [9, 14], [10, 11], [10, 15], [13, 14], [14, 15]], "num_nodes": 16, "num_colors": 3, "opt_value": 39, "opt_count": 24, "feasible_count": 43046721, "mean_value": 26.0, "std": 2.943920288775949, "level": 51, "gammas": [3.1415925895114465, 3.141592622001118, 3.1415926300756234, 3.141592632201861, 3.1415926232750904, 3.1415926263739338, 3.1415926195473585, 3.141592620046513, 3.1415926149701954, 3.1415926163008208, 3.1415926162568644, 3.1415926150729216, 3.1415926035775583, 3.1415925991446048, 3.1415925850943025, 3.1415925751539056, 3.1415925473376776, 3.14159253560992, 3.141592526982249, 3.1415924989109842, 3.141592442753406, 3.1415923952368856, 3.141592367822967, 3.141592146828479, 3.141591856591122, 3.1415915611607184, 3.141591279639721, 3.141590852775081, 3.1415902012908097, 3.141588198764394, 3.141584124190032, 3.1415798474462804, 3.141573236725814, 3.1415725778513783, 3.1415725754102097, 3.141572380650209, 3.1415599715127196, 3.141541681173211, 3.141451197515475, 3.1414261035320177, 3.141397874135007, 3.141384470440016, 3.141405687564808, 3.1414274234278006, 3.1410843179430237, 3.140855906848551, 3.1409511032092494, 3.1404648016047387, 3.1405923858755584, 3.138617355260657, 3.1406598800254693], "betas": [3.141592698299091, 3.1415926824764253, 3.1415926807664727, 3.1415926807072068, 3.1415926835331534, 3.1415926887513708, 3.141592690698564, 3.1415926922217854, 3.1415926924127713, 3.1415926925772033, 3.1415926979528424, 3.141592702145383, 3.1415927027987522, 3.1415927030412694, 3.1415926976819737, 3.1415926817047137, 3.141592663572608, 3.141592654922456, 3.141592641940393, 3.1415926010027455, 3.141592549063087, 3.1415925288714384, 3.141592422581291, 3.141592128560128, 3.1415918389284436, 3.1415915367844773, 3.1415912415321814, 3.1415906449060875, 3.141589681037175, 3.141586257652336, 3.1415824150616576, 3.141576501230595, 3.1415722679962066, 3.1415728218574692, 3.1415733139856785, 3.1415668886987724, 3.1415552299609875, 3.141503105817181, 3.1414226788445903, 3.141427457871283, 3.141370641862273, 3.1414089212167893, 3.141403745829499, 3.141353539106853, 3.1408352280883656, 3.1410345663979813, 3.14052606615244, 3.140896832776675, 3.1392906439639696, 3.139412219584999, 3.1413733092645173], "predicted_p_opt": 0.005914875606901627, "predicted_tts": 169.06526298425865, "p_opt": 0.00590322464453841, "tts": 169.39894044608104, "approx": 0.6686341791466759, "opt_gap": -0.3313658208533241, "th": -38.999000549316406}