{"N": 20, "edgelist": ["0 4 {}\n", "0 7 {}\n", "0 10 {}\n", "0 12 {}\n", "0 14 {}\n", "0 17 {}\n", "0 18 {}\n", "1 3 {}\n", "1 4 {}\n", "1 7 {}\n", "1 9 {}\n", "1 10 {}\n", "1 11 {}\n", "1 12 {}\n", "1 13 {}\n", "1 14 {}\n", "1 15 {}\n", "1 16 {}\n", "1 17 {}\n", "1 18 {}\n", "1 19 {}\n", "2 5 {}\n", "2 7 {}\n", "2 9 {}\n", "2 10 {}\n", "2 11 {}\n", "2 12 {}\n", "2 13 {}\n", "2 14 {}\n", "2 15 {}\n", "2 16 {}\n", "2 19 {}\n", "3 4 {}\n", "3 12 {}\n", "3 17 {}\n", "3 18 {}\n", "4 6 {}\n", "4 7 {}\n", "4 11 {}\n", "4 13 {}\n", "4 16 {}\n", "4 18 {}\n", "5 6 {}\n", "5 8 {}\n", "5 11 {}\n", "5 12 {}\n", "5 17 {}\n", "5 18 {}\n", "6 8 {}\n", "6 9 {}\n", "6 10 {}\n", "6 12 {}\n", "6 13 {}\n", "6 14 {}\n", "6 15 {}\n", "6 16 {}\n", "6 17 {}\n", "6 18 {}\n", "7 10 {}\n", "7 11 {}\n", "7 13 {}\n", "7 14 {}\n", "7 15 {}\n", "7 16 {}\n", "7 17 {}\n", "7 18 {}\n", "7 19 {}\n", "8 9 {}\n", "8 11 {}\n", "8 12 {}\n", "8 13 {}\n", "9 10 {}\n", "9 11 {}\n", "9 17 {}\n", "9 18 {}\n", "10 12 {}\n", "10 14 {}\n", "10 15 {}\n", "10 16 {}\n", "10 18 {}\n", "11 12 {}\n", "11 13 {}\n", "11 14 {}\n", "11 16 {}\n", "12 13 {}\n", "12 14 {}\n", "12 16 {}\n", "12 17 {}\n", "12 18 {}\n", "12 19 {}\n", "13 14 {}\n", "13 15 {}\n", "13 16 {}\n", "13 17 {}\n", "14 15 {}\n", "15 16 {}\n", "15 17 {}\n", "15 18 {}\n", "15 19 {}\n", "16 19 {}\n", "17 18 {}\n", "18 19 {}\n"], "opt_value": 92, "opt_count": 1, "feasible_count": 184756, "mean_value": 77.84210526315789, "std": 3.504507212157678, "level": 33, "gammas": [-0.1203753650188446, -0.2052864134311676, -0.2153686136007309, -0.21431659162044525, -0.21183635294437408, -0.20995911955833435, -0.2090381681919098, -0.2092384397983551, -0.2106495499610901, -0.21319888532161713, -0.21671663224697113, -0.2198820412158966, -0.21878711879253387, -0.1027039960026741, 0.18562091886997223, 0.20435446500778198, 0.21168747544288635, 0.21364791691303253, 0.21368399262428284, 0.21317529678344727, 0.21273158490657806, 0.21254467964172363, 0.21271230280399323, 0.2133706957101822, 0.21437175571918488, 0.21486562490463257, 0.21317654848098755, 0.21155434846878052, 0.21068260073661804, 0.21012915670871735, 0.2106003761291504, 0.21041731536388397, 0.20362649857997894], "betas": [2.980165958404541, 2.9610965251922607, 2.950255870819092, 2.937009811401367, 2.9235727787017822, 2.916093587875366, 2.9126408100128174, 2.9166574478149414, 2.9303767681121826, 2.961632490158081, 3.018411159515381, 3.1463046073913574, 3.7308526039123535, 1.5670884847640991, -3.1350762844085693, -2.932197332382202, -2.9293086528778076, -2.9501430988311768, -2.9653189182281494, -2.9727678298950195, -2.972313404083252, -2.971047878265381, -2.9757068157196045, -2.993947744369507, -3.028285264968872, -3.067185878753662, -3.0608859062194824, -2.7481372356414795, -2.95121693611145, -2.962064027786255, -2.953369379043579, -2.946798324584961, -2.936418294906616], "predicted_p_opt": 0.024296910519820736, "predicted_tts": 41.15749610158164, "p_opt": 0.016911419108510017, "tts": 59.131643156829384, "approx": 0.862138569355011, "opt_gap": -0.137861430644989}