{"N": 20, "edgelist": ["0 1 {}\n", "0 2 {}\n", "0 4 {}\n", "0 5 {}\n", "0 6 {}\n", "0 8 {}\n", "0 9 {}\n", "0 11 {}\n", "0 13 {}\n", "0 14 {}\n", "0 16 {}\n", "1 2 {}\n", "1 7 {}\n", "1 10 {}\n", "1 12 {}\n", "1 14 {}\n", "1 15 {}\n", "1 17 {}\n", "2 4 {}\n", "2 5 {}\n", "2 6 {}\n", "2 8 {}\n", "2 10 {}\n", "2 12 {}\n", "2 14 {}\n", "2 15 {}\n", "2 16 {}\n", "2 18 {}\n", "3 5 {}\n", "3 8 {}\n", "3 9 {}\n", "3 12 {}\n", "3 13 {}\n", "3 15 {}\n", "3 16 {}\n", "3 18 {}\n", "3 19 {}\n", "4 7 {}\n", "4 9 {}\n", "4 10 {}\n", "4 11 {}\n", "4 13 {}\n", "4 14 {}\n", "4 15 {}\n", "4 18 {}\n", "5 6 {}\n", "5 7 {}\n", "5 8 {}\n", "5 12 {}\n", "5 13 {}\n", "5 14 {}\n", "5 15 {}\n", "6 7 {}\n", "6 10 {}\n", "6 11 {}\n", "6 17 {}\n", "6 18 {}\n", "6 19 {}\n", "7 8 {}\n", "7 9 {}\n", "7 10 {}\n", "7 12 {}\n", "7 13 {}\n", "7 14 {}\n", "7 16 {}\n", "7 17 {}\n", "7 18 {}\n", "8 12 {}\n", "8 13 {}\n", "8 15 {}\n", "8 17 {}\n", "8 19 {}\n", "9 10 {}\n", "9 14 {}\n", "9 16 {}\n", "9 19 {}\n", "10 13 {}\n", "10 17 {}\n", "10 19 {}\n", "11 13 {}\n", "11 15 {}\n", "11 16 {}\n", "11 18 {}\n", "11 19 {}\n", "12 13 {}\n", "12 17 {}\n", "12 18 {}\n", "12 19 {}\n", "13 14 {}\n", "13 16 {}\n", "13 17 {}\n", "14 15 {}\n", "14 16 {}\n", "14 17 {}\n", "14 19 {}\n", "15 19 {}\n", "16 18 {}\n", "16 19 {}\n", "17 18 {}\n", "18 19 {}\n"], "opt_value": 86, "opt_count": 4, "feasible_count": 184756, "mean_value": 76.3157894736842, "std": 2.4034221433244563, "level": 20, "gammas": [0.19134791131070047, 0.32937830810885177, 0.3328929995282727, 0.32925441746518125, 0.33674714570559544, 0.35093096173814414, 0.33347671724927613, 0.3407501075156725, 0.34607450731942113, 0.3537067776617868, 0.3619305297818328, 0.37012792084226537, 0.3789606586356782, 0.38849213453657844, 0.40292484807933565, 0.375696700618364, 0.5012512923781125, 0.5134325189324476, 0.4446248516154511, 0.3936939581026659], "betas": [-3.083934762275341, -2.9524659733505865, -2.5191946397588247, -2.270411827403392, -2.2168117911832637, -2.2319800212256315, -2.25451876905172, -2.2502297752799962, -2.2625270590010436, -2.2779831629538356, -2.286040814371938, -2.2850948340829436, -2.2750135314023123, -2.26144229247371, -2.246340235145887, -2.449923202063999, -2.4287931149345203, 3.640438318389241, 3.591101103328399, 3.688384549279816], "predicted_p_opt": 0.036393946610664876, "predicted_tts": 27.47709696609161, "p_opt": 0.0006602406164275163, "tts": 1514.5993371490554, "approx": 0.9672069989747641, "opt_gap": -0.03279300102523586}