{"N": 20, "edgelist": ["0 1 {}\n", "0 3 {}\n", "0 4 {}\n", "0 7 {}\n", "0 8 {}\n", "0 18 {}\n", "1 2 {}\n", "1 4 {}\n", "1 9 {}\n", "1 11 {}\n", "1 12 {}\n", "1 15 {}\n", "1 16 {}\n", "2 7 {}\n", "2 9 {}\n", "2 10 {}\n", "2 11 {}\n", "2 12 {}\n", "2 13 {}\n", "2 14 {}\n", "2 15 {}\n", "2 17 {}\n", "2 19 {}\n", "3 4 {}\n", "3 5 {}\n", "3 10 {}\n", "3 15 {}\n", "3 16 {}\n", "4 5 {}\n", "4 6 {}\n", "4 7 {}\n", "4 10 {}\n", "4 15 {}\n", "4 16 {}\n", "4 18 {}\n", "5 10 {}\n", "5 11 {}\n", "5 12 {}\n", "5 14 {}\n", "5 15 {}\n", "5 16 {}\n", "5 17 {}\n", "5 19 {}\n", "6 7 {}\n", "6 12 {}\n", "6 15 {}\n", "6 16 {}\n", "6 18 {}\n", "6 19 {}\n", "7 14 {}\n", "7 16 {}\n", "7 19 {}\n", "8 9 {}\n", "8 10 {}\n", "8 14 {}\n", "8 17 {}\n", "8 18 {}\n", "8 19 {}\n", "9 10 {}\n", "9 11 {}\n", "9 12 {}\n", "9 13 {}\n", "10 12 {}\n", "10 16 {}\n", "10 18 {}\n", "10 19 {}\n", "11 15 {}\n", "12 13 {}\n", "12 15 {}\n", "12 16 {}\n", "12 19 {}\n", "13 18 {}\n", "14 19 {}\n", "17 18 {}\n", "17 19 {}\n", "18 19 {}\n"], "opt_value": 69, "opt_count": 3, "feasible_count": 184756, "mean_value": 58.0, "std": 2.859994154446385, "level": 20, "gammas": [0.11076407536213284, 0.2307987148164566, 0.2641929616422585, 0.2725560466024237, 0.27162315153558353, 0.2645927883747797, 0.2537031609524865, 0.24768336146110895, 0.2538031949864481, 0.26334085349745695, 0.2670524467575446, 0.2649767448589066, 0.26327303064525487, 0.2680038953382506, 0.27773087990635725, 0.28747032789396165, 0.2964706992324456, 0.30801220942813123, 0.326334731457461, 0.35406751892384813], "betas": [-2.5952395028108657, -2.3533563171081395, -2.2274947393846265, -2.1345197000970058, -2.0410101937658607, -1.9295675761500282, -1.8258608404158927, -1.798960188971767, -1.836720710284786, -1.8576252398881141, -1.8304231219602283, -1.7790353892493147, -1.7528218843479253, -1.7647781856915599, -1.7773859187960015, -1.7642192251900295, -1.7209042865192565, -1.644981458009849, -1.5125980714492626, 5.044684344191634], "predicted_p_opt": 0.027295459957998657, "predicted_tts": 36.63612928812215, "p_opt": 0.0003746124996806539, "tts": 2669.4250748506, "approx": 0.950866978744392, "opt_gap": -0.049133021255608034}