{"N": 22, "edgelist": ["0 6 {}\n", "0 10 {}\n", "0 11 {}\n", "0 17 {}\n", "0 18 {}\n", "1 3 {}\n", "1 4 {}\n", "1 6 {}\n", "1 7 {}\n", "1 12 {}\n", "1 15 {}\n", "1 16 {}\n", "1 17 {}\n", "1 18 {}\n", "1 20 {}\n", "1 21 {}\n", "2 3 {}\n", "2 4 {}\n", "2 9 {}\n", "2 12 {}\n", "2 13 {}\n", "2 15 {}\n", "2 16 {}\n", "2 18 {}\n", "2 20 {}\n", "3 9 {}\n", "3 10 {}\n", "3 14 {}\n", "3 15 {}\n", "3 21 {}\n", "4 7 {}\n", "4 9 {}\n", "4 11 {}\n", "4 12 {}\n", "4 14 {}\n", "4 16 {}\n", "4 19 {}\n", "4 21 {}\n", "5 6 {}\n", "5 14 {}\n", "5 16 {}\n", "5 17 {}\n", "5 18 {}\n", "5 19 {}\n", "5 20 {}\n", "6 9 {}\n", "6 10 {}\n", "6 11 {}\n", "6 14 {}\n", "6 17 {}\n", "6 19 {}\n", "7 9 {}\n", "7 11 {}\n", "7 15 {}\n", "7 17 {}\n", "7 19 {}\n", "7 20 {}\n", "7 21 {}\n", "8 9 {}\n", "8 11 {}\n", "8 12 {}\n", "8 15 {}\n", "8 17 {}\n", "9 10 {}\n", "9 11 {}\n", "9 15 {}\n", "9 18 {}\n", "9 20 {}\n", "10 11 {}\n", "10 12 {}\n", "10 13 {}\n", "10 15 {}\n", "10 16 {}\n", "10 20 {}\n", "10 21 {}\n", "11 12 {}\n", "11 13 {}\n", "11 14 {}\n", "11 15 {}\n", "11 16 {}\n", "11 18 {}\n", "11 20 {}\n", "12 16 {}\n", "12 17 {}\n", "12 18 {}\n", "12 20 {}\n", "13 14 {}\n", "13 16 {}\n", "13 18 {}\n", "13 19 {}\n", "13 20 {}\n", "14 15 {}\n", "14 19 {}\n", "14 21 {}\n", "15 17 {}\n", "15 19 {}\n", "15 20 {}\n", "16 17 {}\n", "16 20 {}\n", "17 18 {}\n", "17 20 {}\n", "18 19 {}\n", "18 21 {}\n", "19 20 {}\n", "19 21 {}\n"], "opt_value": 94, "opt_count": 2, "feasible_count": 705432, "mean_value": 80.0, "std": 3.276712087636501, "level": 30, "gammas": [-0.11762907125453596, -0.21952446572756293, -0.21293743797493225, -0.20297540307244383, -0.2108965730471047, -0.19484847643246114, -0.19801047151557916, -0.19622319120500098, -0.19501371089728073, -0.19478214352945972, -0.19906524740133857, -0.20161791485223557, -0.2022745604789582, -0.20484570958448511, -0.20966706318647255, -0.21446520140066835, -0.21771436508259495, -0.22049036690513504, -0.22540450894813657, -0.23379186521021986, -0.24410930752958368, -0.2541909832660187, -0.26356267328557736, -0.2722857501644874, -0.2820889509169777, -0.2728219731440724, -0.3531557340345593, 5.909487745130439, 5.9292523982658105, 5.978035391826008], "betas": [2.9102013418898967, 2.6481531833122967, 2.2754150137090656, 2.117424986553488, 1.9029291708147897, 1.6893794532434718, 1.7544378435679977, 1.761540695063544, 1.7171371264873991, 1.727593557224876, 1.748029272176481, 1.7437875315783846, 1.7397800458648085, 1.7565637474268867, 1.7814018733513093, 1.7966276598027136, 1.7995410742971554, 1.8069545497493877, 1.8371975693816562, 1.8884483900117248, 1.9386608685860431, 1.9776584090149836, 2.0025568003088123, 2.0147346398013823, 2.0614198081307262, 1.8970616844259396, 2.1555267126620605, 2.339372554885018, 2.5329690106898455, 2.539309664213788], "predicted_p_opt": 0.01054956395513671, "predicted_tts": 94.79064767535608, "p_opt": 8.583743173144335e-05, "tts": 11649.92917225979, "approx": 0.9510006748542044, "opt_gap": -0.048999325145795636}