{"edges": [[0, 2], [0, 11], [0, 12], [1, 8], [1, 13], [2, 3], [2, 4], [2, 5], [2, 6], [2, 8], [2, 14], [3, 11], [3, 12], [3, 13], [4, 5], [4, 8], [5, 12], [5, 14], [6, 7], [6, 13], [7, 9], [7, 12], [7, 14], [8, 9], [8, 11], [8, 12], [9, 10], [10, 12], [10, 13], [13, 14]], "num_nodes": 15, "num_colors": 3, "opt_value": 30, "opt_count": 162, "feasible_count": 14348907, "mean_value": 20.0, "std": 2.581988897471611, "level": 8, "gammas": [3.1429448688206465, 3.1422134655873584, 3.1415842262611116, 3.140769946155693, 3.1397194476167343, 3.139851119223696, 4.375958945457241, 4.116569684014212], "betas": [3.140262146645851, 3.1410782785846423, 3.1418265095429105, 3.1425729683764594, 3.1430875274275305, 3.1372917789062433, 5.56254836140336, 0.0], "predicted_p_opt": 0.0032628269177575686, "predicted_tts": 306.48269896193773, "p_opt": 0.000862923042145655, "tts": 1158.8518919526168, "approx": 0.8792675264087878, "opt_gap": -0.1207324735912122, "th": -25.99893000404081}