{"edges": [[7, 23], [7, 5], [7, 0], [23, 18], [23, 11], [18, 20], [18, 4], [15, 24], [15, 12], [15, 9], [24, 8], [24, 3], [20, 6], [20, 1], [4, 12], [4, 17], [12, 3], [5, 13], [5, 2], [13, 19], [13, 21], [14, 19], [14, 6], [14, 21], [19, 0], [0, 8], [8, 10], [2, 17], [2, 16], [11, 17], [11, 1], [6, 25], [16, 25], [16, 10], [25, 22], [3, 21], [22, 9], [22, 1], [9, 10]], "num_nodes": 26, "opt_value": 35, "opt_count": 6, "feasible_count": 67108864, "mean_value": 19.5, "std": 3.122498999199199, "level": 13, "gammas": [0.10927744954824448, 0.22006694972515106, 0.246830552816391, 0.2519812285900116, 0.25151586532592773, 0.25065088272094727, 0.25210148096084595, 0.25685274600982666, 0.2647368311882019, 0.2754253149032593, 0.2889802157878876, 0.30677032470703125, 0.33403274416923523], "betas": [-2.5597076416015625, -2.270805597305298, -2.1111812591552734, -1.9998735189437866, -1.9132109880447388, -1.8499088287353516, -1.8102407455444336, -1.7860945463180542, -1.7664544582366943, -1.7380712032318115, -1.6805092096328735, -1.5583982467651367, -1.2680668830871582], "predicted_p_opt": 6.517767906188965e-05, "predicted_tts": 15342.675811614083, "p_opt": 8.450116979474842e-07, "tts": 1183415.5697832103, "approx": 0.7774748206138611, "opt_gap": -0.22252517938613892}