{"edges": [[0, 10], [0, 13], [1, 3], [1, 10], [2, 7], [2, 11], [4, 5], [4, 9], [4, 11], [4, 13], [5, 11], [6, 8], [6, 10], [6, 12], [6, 13], [6, 14], [7, 10], [9, 11], [10, 11], [12, 14]], "num_nodes": 15, "num_colors": 3, "opt_value": 20, "opt_count": 2016, "feasible_count": 14348907, "mean_value": 13.333333333333334, "std": 2.1081851067789197, "level": 41, "gammas": [0.18614534464917915, 0.31331353371827886, 0.2640115536311697, 0.2874071078680882, 0.31055184991906765, 0.286913154738505, 0.3033205697997167, 0.30108464856133577, 0.2915468946964849, 0.27392710639951184, 0.28280646446284535, 0.38582882235220123, 0.3943432626566768, 0.47349659334082467, -1.1263105238607034, -0.4378609130368607, -0.4270985517718648, -0.42582997497961267, -0.43896585482998823, -0.4191348452219911, -1.991233645708693, -0.5845702660336649, -0.2459207134268588, -0.46069548286324824, -0.38317417901137124, -0.3297606512209795, -0.38123494115531564, -0.4184175466706911, -0.42472486955149497, 5.825409968928004, 5.889230448791428, 5.727873066177098, 5.852774451307314, 5.829095355907239, 5.873844714334971, 5.997696769633531, 5.767299337683756, 5.713697077285697, 5.791465244796131, 5.830542614453985, 5.857646211645407], "betas": [-2.572685443978874, -2.0098493666094033, -1.5155879372399812, -1.7698413233042183, -1.6683473423842448, -1.600232596976262, -1.6816731720506215, -1.6169523413378444, -1.6072149967398692, -1.5346173977150088, -2.0168747882513873, -3.3805777038364804, -1.7084818327691424, -3.603537708494779, 3.286265924488919, 2.7041751390490867, 2.4750604963349536, 2.4224588092617236, -3.862980377675839, -3.6058654122581233, -0.38729607393378923, 1.1893445439269976, 4.161275710044846, 3.059834477111422, 2.3905421796409603, 2.232510063980421, 2.3962767960791918, 2.4186216696077683, 2.3757999225213506, 2.303308942931337, 3.448643568142903, 2.0036400343521077, 2.192381631443734, 2.314076791736723, 1.7697519478445796, 1.6972484641673378, 2.2907573733954645, 2.4708404422379857, 2.604342364683436, 2.6743530132192856, 2.6203385927499463], "predicted_p_opt": 0.9678942096425881, "predicted_tts": 1.0331707639508119, "p_opt": 0.12136960927110076, "tts": 8.239294877899136, "approx": 0.9559408995057825, "opt_gap": -0.04405910049421746}