{"N": 20, "edgelist": ["0 1 {}\n", "0 2 {}\n", "0 3 {}\n", "0 4 {}\n", "0 5 {}\n", "0 6 {}\n", "0 9 {}\n", "0 10 {}\n", "0 11 {}\n", "0 15 {}\n", "0 17 {}\n", "1 2 {}\n", "1 3 {}\n", "1 4 {}\n", "1 5 {}\n", "1 6 {}\n", "1 8 {}\n", "1 10 {}\n", "1 11 {}\n", "1 13 {}\n", "1 14 {}\n", "1 15 {}\n", "2 5 {}\n", "2 9 {}\n", "2 10 {}\n", "2 12 {}\n", "2 13 {}\n", "2 14 {}\n", "2 15 {}\n", "2 16 {}\n", "2 19 {}\n", "3 4 {}\n", "3 5 {}\n", "3 7 {}\n", "3 9 {}\n", "3 16 {}\n", "3 18 {}\n", "4 6 {}\n", "4 7 {}\n", "4 8 {}\n", "4 9 {}\n", "4 10 {}\n", "4 12 {}\n", "4 14 {}\n", "4 15 {}\n", "4 16 {}\n", "4 18 {}\n", "4 19 {}\n", "5 9 {}\n", "5 12 {}\n", "5 13 {}\n", "5 14 {}\n", "5 16 {}\n", "5 17 {}\n", "5 18 {}\n", "5 19 {}\n", "6 8 {}\n", "6 9 {}\n", "6 12 {}\n", "6 13 {}\n", "6 14 {}\n", "6 16 {}\n", "6 18 {}\n", "6 19 {}\n", "7 8 {}\n", "7 11 {}\n", "7 12 {}\n", "7 14 {}\n", "7 16 {}\n", "7 18 {}\n", "7 19 {}\n", "8 12 {}\n", "8 14 {}\n", "8 17 {}\n", "8 18 {}\n", "8 19 {}\n", "9 10 {}\n", "9 12 {}\n", "9 14 {}\n", "9 15 {}\n", "9 16 {}\n", "9 17 {}\n", "9 19 {}\n", "10 11 {}\n", "10 13 {}\n", "10 14 {}\n", "10 18 {}\n", "10 19 {}\n", "11 12 {}\n", "11 13 {}\n", "11 17 {}\n", "11 18 {}\n", "12 14 {}\n", "12 15 {}\n", "12 17 {}\n", "12 18 {}\n", "13 16 {}\n", "13 17 {}\n", "13 18 {}\n", "13 19 {}\n", "14 15 {}\n", "14 16 {}\n", "14 17 {}\n", "14 18 {}\n", "14 19 {}\n", "16 17 {}\n", "16 18 {}\n", "18 19 {}\n"], "opt_value": 96, "opt_count": 1, "feasible_count": 184756, "mean_value": 82.42105263157895, "std": 2.8980279630516503, "level": 83, "gammas": [-0.11496181041002274, -0.19370143115520477, -0.18566174805164337, -0.17194703221321106, -0.17445646226406097, -0.17305698990821838, -0.17176419496536255, -0.17405374348163605, -0.17393285036087036, -0.17333973944187164, -0.17369739711284637, -0.17234984040260315, -0.17125049233436584, -0.17118306457996368, -0.16961577534675598, -0.16933217644691467, -0.16916541755199432, -0.16768033802509308, -0.16814608871936798, -0.1671033799648285, -0.1657911241054535, -0.16636711359024048, -0.16390077769756317, -0.1644187867641449, -0.16324590146541595, -0.16157428920269012, -0.16480909287929535, -0.1592799723148346, -0.1649772822856903, -0.1635843813419342, -0.16319933533668518, -0.1816694736480713, -0.12545913457870483, 0.10047650337219238, 0.15246225893497467, 0.18761134147644043, 0.1997336894273758, 0.1937713921070099, 0.18957385420799255, 0.18923622369766235, 0.18982253968715668, 0.18852585554122925, 0.1888500601053238, 0.18978074193000793, 0.1899605691432953, 0.1902245581150055, 0.1907770335674286, 0.19101600348949432, 0.19087667763233185, 0.19107265770435333, 0.19127750396728516, 0.1913389414548874, 0.1918870061635971, 0.19326482713222504, 0.19453735649585724, 0.19518180191516876, 0.1961391270160675, 0.19793404638767242, 0.1985960751771927, 0.198927104473114, 0.19798456132411957, 0.1978011131286621, 0.1964682787656784, 0.21666274964809418, 0.21516788005828857, 0.20463523268699646, 0.19810549914836884, 0.20480388402938843, 0.21344730257987976, 0.21708627045154572, 0.21767282485961914, 0.2177097648382187, 0.21849170327186584, 0.21970157325267792, 0.22056671977043152, 0.22120888531208038, 0.22163423895835876, 0.22190886735916138, 0.22205650806427002, 0.22222642600536346, 0.2225436419248581, 0.22250376641750336, 0.21586710214614868], "betas": [2.742218494415283, 2.5449821949005127, 2.281050682067871, 2.2288742065429688, 2.266366720199585, 2.2498371601104736, 2.2800731658935547, 2.3064723014831543, 2.303175210952759, 2.3071460723876953, 2.2990407943725586, 2.271681308746338, 2.2586326599121094, 2.2392446994781494, 2.216458797454834, 2.2152018547058105, 2.2035226821899414, 2.1990435123443604, 2.2071564197540283, 2.192185401916504, 2.1972713470458984, 2.1887218952178955, 2.162900924682617, 2.171856641769409, 2.125401735305786, 2.129363775253296, 2.1160380840301514, 2.070716142654419, 2.16615891456604, 2.052520513534546, 2.25203013420105, 2.330577850341797, -1.8578041791915894, -2.8022611141204834, -2.5369114875793457, -2.587815284729004, -2.536893844604492, -2.491610050201416, -2.488224983215332, -2.510549783706665, -2.504162073135376, -2.512241840362549, -2.5207228660583496, -2.5233688354492188, -2.520052671432495, -2.521909713745117, -2.5221362113952637, -2.521294355392456, -2.5265581607818604, -2.5344626903533936, -2.5441715717315674, -2.555211305618286, -2.5673105716705322, -2.583056688308716, -2.591914176940918, -2.615190029144287, -2.614147424697876, -2.630096197128296, -2.642531156539917, -2.6672792434692383, -2.7046725749969482, -2.7043979167938232, -2.806112051010132, -2.637279987335205, -2.691361904144287, -2.7346174716949463, -2.806016206741333, -2.868471145629883, -2.8926150798797607, -2.9013636112213135, -2.9148948192596436, -2.9329638481140137, -2.95021653175354, -2.965552568435669, -2.976375102996826, -2.983024835586548, -2.988431930541992, -2.991399049758911, -2.994016408920288, -2.9967644214630127, -2.997974157333374, -2.995387554168701, -2.9967193603515625], "predicted_p_opt": 0.1509504427461084, "predicted_tts": 6.624690738283911, "p_opt": 0.10882540875244522, "tts": 9.189030498151295, "approx": 0.8781000103541956, "opt_gap": -0.1218999896458044}