{"edges": [[3, 4], [3, 7], [3, 12], [4, 7], [4, 13], [7, 12], [9, 14], [9, 15], [9, 2], [14, 1], [14, 5], [0, 5], [0, 10], [0, 6], [5, 12], [2, 11], [2, 15], [11, 6], [11, 1], [10, 15], [10, 8], [6, 13], [1, 8], [8, 13]], "num_nodes": 16, "opt_value": 21, "opt_count": 2, "feasible_count": 65536, "mean_value": 12.0, "std": 2.449489742783178, "level": 48, "gammas": [-0.31988461582257544, -0.3357761254855448, -0.2947217774643863, -0.237861034993871, -0.26415771598356763, -0.27283580430280013, -0.2627256960550974, -0.2387032718575685, -0.262339454740121, -0.27633440863904585, -0.26865917405686646, -0.2923922859021827, -0.3171858362398768, -0.34278643876879356, -0.3602577875661198, -0.33575429577010824, -0.5726959423551445, -0.6540665901274731, -0.20401961913495334, -0.21536560625658122, -0.34597693308717736, -0.33212391240947003, -0.25521325749882895, -0.24419483376716508, -0.27833914069864324, -0.29960297552941356, -0.30919401713750183, -0.2741064034747692, -0.2736706165753835, -0.3065728345278065, -0.3162304512154582, -0.3426769755136102, -1.2537730865521763, -0.5053490107999019, -0.4510361519461407, -0.4733984085597943, -0.4621032801170707, -0.40475846005439414, -0.36477478304913086, -0.34720522779597485, -0.35518814847283836, -0.3516777514759068, -0.3545870687253782, -0.3691224734444174, -0.3559050034691594, -0.4130436589705353, -0.3373594601743539, 5.886306683416822], "betas": [2.3529380948413494, 2.677188559779269, 2.148630986301243, 1.9325362336275738, 1.9959528769609554, 1.874361082429985, 1.6760260577054518, 1.6521063828609426, 1.8400532700963668, 1.793945474871372, 1.808938168003146, 1.9808380643957724, 2.105669104098607, 2.2291437989906147, 2.11115057140877, 2.101578614079304, 1.928305097301568, 1.6423430792063012, 1.9763036498972009, 2.2458490786617116, 2.923071373465678, 2.7041719739556958, 1.9306054412823368, 1.9451706569789706, 2.029924158489644, 2.1140190375835135, 2.0217181437551743, 1.809350803054943, 1.9510427839192448, 2.099485093309027, 2.246664835776395, 2.4462040618322427, 2.143117427948194, 2.3362106830012745, 2.307039677918289, 2.4948266041740426, 2.6578807083790106, 2.6293977058217926, 2.530843761654399, 2.481140391868064, 2.5063651214826046, 2.492173985248336, 2.4651743866017055, 2.3529607473501306, 3.4890334258537363, 1.7755456004545966, 2.2802048265562536, 2.264649272990567], "predicted_p_opt": 0.287139892578125, "predicted_tts": 3.4826230205122757, "p_opt": 0.005285684819119979, "tts": 189.19024387959843, "approx": 0.9152706719928057, "opt_gap": -0.08472932800719435}