{"edges": [[12, 13], [12, 15], [12, 11], [13, 3], [13, 4], [3, 1], [3, 2], [0, 8], [0, 10], [0, 9], [8, 15], [8, 11], [15, 5], [1, 4], [1, 10], [2, 11], [2, 6], [4, 5], [5, 14], [10, 14], [14, 7], [7, 9], [7, 6], [9, 6]], "num_nodes": 16, "opt_value": 21, "opt_count": 4, "feasible_count": 65536, "mean_value": 12.0, "std": 2.449489742783178, "level": 48, "gammas": [0.3324611076908807, 0.2465546025234791, 0.24944805348050247, 0.2594914933772494, 0.3114603197199188, 0.23682751623462311, 0.32897693773350456, 0.28605085442566175, 0.2656748641613027, 0.39636127301428725, 0.27587651618232717, 0.34968548075867434, 0.267316671473621, 0.29387362734782013, 0.2477625430656283, 0.43254180243005114, 1.2708038484326984, 0.1272457222837782, 0.2607751043838038, 0.37232022613411636, 0.28698520659888754, 0.3691254873650061, 0.2593085436762245, 0.48097334665949987, 0.21545434364625782, 0.4414483651134985, 0.25434788762269805, 0.36345005953234677, 0.27898285055254884, 0.41217586758669855, 1.068234428935644, -0.3511411698870942, 5.81344208793081, 3.089599027863833, 0.2153700876725343, 0.40194176173923324, 0.23918671835126276, 0.323526618749889, 0.28410287186307326, 0.30743914236667347, 0.2832526300629433, 0.21409339057207835, 0.4099434546047013, 0.2603446346430612, 0.32210633393961163, 0.27612950108004264, 0.385632087506409, 4.714787988075249], "betas": [-2.138194777988542, -2.3479651398412393, -2.0678610494681426, -1.799108423550081, -2.57185734844895, -2.346530206119424, -1.3985338863124768, -3.2613177185169877, -1.5089010525666586, -3.1442527755418017, -1.7802905383015601, -2.393635479187369, -1.6084413758799414, -1.4901845555578337, -2.418614640028609, -3.546472171342904, -1.154578840872874, -3.5995085260279804, -3.084713361609599, 3.6810849098139014, 3.90683237005482, 3.5316515529135053, 3.7327226683269092, 4.058778553297311, 3.889425863338202, 3.979018025895562, 4.185944413477177, 3.9492795807647103, 4.391438240612107, 3.236217430276149, 5.0713733539318016, 3.0626099921916135, -2.1817972263444805, 4.49050354756267, -3.584764009699607, 4.722916308922642, 3.3771284794631864, 4.623620760404724, 3.718408351066744, 4.803331631170621, 3.9450110219109593, 4.602400628516083, 4.439107735604744, 3.5531921375489803, 4.824860661394276, 4.515392548807063, 4.252327559648614, 2.7068849838521802], "predicted_p_opt": 0.57427978515625, "predicted_tts": 1.7413115102561378, "p_opt": 0.013314190071548897, "tts": 75.1078356720249, "approx": 0.924081519143163, "opt_gap": -0.07591848085683695}