{"edges": [[0, 5], [0, 7], [0, 8], [1, 3], [1, 5], [1, 9], [1, 10], [1, 11], [2, 3], [2, 5], [2, 8], [2, 10], [2, 11], [3, 6], [3, 7], [3, 9], [3, 11], [4, 5], [4, 8], [4, 11], [5, 11], [6, 9], [7, 8], [7, 9], [8, 9], [9, 10], [10, 11]], "num_nodes": 12, "num_colors": 3, "opt_value": 27, "opt_count": 6, "feasible_count": 531441, "mean_value": 18.0, "std": 2.449489742783178, "level": 23, "gammas": [3.1415921525275303, 3.1415941176992397, 3.141593847946295, 3.1415931573585425, 3.141592906327721, 3.141593099991386, 3.1415933140420007, 3.1415932649934297, 3.1415930319652605, 3.1415929967503, 3.141593395253827, 3.141593205421217, 3.141592129698447, 3.1415879203221437, 3.1415877700239907, 3.1415841324350056, 3.1415628365320876, 3.1415778163860706, 3.141454569183941, 3.14151659205948, 3.140783673897117, 3.1402911966807827, 3.1413647024202924], "betas": [3.141591753865228, 3.1415911828319265, 3.1415918344971505, 3.1415923481280816, 3.141592330410534, 3.1415920640858417, 3.1415919565953825, 3.1415921051225495, 3.1415920683069305, 3.1415913726770333, 3.1415897684361687, 3.1415882362428476, 3.1415888359680664, 3.141589020227225, 3.1415858361787916, 3.141561032171067, 3.1415635347396305, 3.141586630387851, 3.1413458792597857, 3.1414639111725235, 3.140156710606905, 3.140892143488067, 3.1415516986975445], "predicted_p_opt": 0.024939739312548337, "predicted_tts": 40.09665006790403, "p_opt": 0.024733192355262716, "tts": 40.43149730274185, "approx": 0.6749073932967627, "opt_gap": -0.32509260670323725, "th": -26.999000549316406}