{"edges": [[0, 6], [0, 7], [1, 3], [1, 5], [2, 7], [2, 10], [3, 6], [3, 8], [3, 10], [3, 11], [4, 8], [4, 10], [5, 6], [5, 10], [5, 11], [7, 9], [7, 10], [9, 11]], "num_nodes": 12, "num_colors": 3, "opt_value": 18, "opt_count": 504, "feasible_count": 531441, "mean_value": 12.0, "std": 2.0, "level": 1, "gammas": [3.1417626956100007], "betas": [3.141803352253602], "predicted_p_opt": 0.008535284255448864, "predicted_tts": 117.16071428571429, "p_opt": 0.004190034427320911, "tts": 238.66152351387612, "approx": 0.8110542377615304, "opt_gap": -0.1889457622384696, "th": -13.963785572048346}