{"edges": [[4, 6], [4, 17], [4, 16], [6, 11], [6, 14], [3, 13], [3, 1], [3, 2], [13, 7], [13, 10], [0, 2], [0, 19], [0, 12], [2, 10], [8, 12], [8, 11], [8, 19], [12, 9], [5, 19], [5, 15], [5, 17], [1, 18], [1, 14], [10, 15], [15, 16], [18, 7], [18, 11], [14, 17], [7, 9], [9, 16]], "num_nodes": 20, "opt_value": 27, "opt_count": 2, "feasible_count": 1048576, "mean_value": 15.0, "std": 2.7386127875258306, "level": 15, "gammas": [3.1404058933258057, 3.140273094177246, 3.1404314041137695, 3.1407175064086914, 3.140979290008545, 3.14113712310791, 3.141197919845581, 3.141178607940674, 3.1410720348358154, 3.140864610671997, 3.140580892562866, 3.1403045654296875, 3.1401870250701904, 3.1403355598449707, 2.6021272484279097], "betas": [3.1403286457061768, 3.1403465270996094, 3.140578031539917, 3.1408510208129883, 3.1410603523254395, 3.1411728858947754, 3.1411995887756348, 3.141145706176758, 3.1409926414489746, 3.1407294273376465, 3.1404261589050293, 3.1402018070220947, 3.1402063369750977, 3.1404857635498047, 0.0], "predicted_p_opt": 0.0018329620361328125, "predicted_tts": 545.5650364203955, "p_opt": 0.0006506181376908605, "tts": 1536.9998806813887, "approx": 0.8658522695215013, "opt_gap": -0.1341477304784987, "th": -22.98804226866989}