{"edges": [[0, 1], [0, 7], [0, 9], [1, 9], [2, 5], [2, 6], [2, 7], [2, 8], [2, 9], [2, 10], [3, 5], [3, 6], [3, 9], [4, 8], [4, 9], [5, 9], [5, 11], [6, 8], [7, 10], [7, 11], [9, 10], [10, 11]], "num_nodes": 12, "num_colors": 3, "opt_value": 22, "opt_count": 36, "feasible_count": 531441, "mean_value": 14.666666666666666, "std": 2.211083193570267, "level": 53, "gammas": [0.19455304331150888, 0.3138119841644145, 0.32301086006470814, 0.3209300236769248, 0.3166952538629077, 0.31244790323845184, 0.3076580296821531, 0.30208849815487965, 0.2961385366500705, 0.29252344569247496, 0.2914837218054793, 0.2889997016001904, 0.282924936819559, 0.27718702484199603, 0.2824898138969175, 0.29667935969016046, 0.3052809054989545, 0.3106409674480745, 0.343046596642867, 0.3037700522700648, 0.33667726695681655, 0.33924513593465655, 0.33570678917013086, 0.3340314947665194, 0.33106565044852476, 0.3245278255201265, 0.31356180760193375, 0.30001412590482907, 0.29404819424674816, 0.3022167931802781, 0.3148328098163424, 0.32218511124576826, 0.32229889196477807, 0.3183543159975486, 0.31675936571999286, 0.3255216029985559, 0.33667606373508396, 0.33324219769100927, 0.33630737781566017, 0.33649041656013745, 0.3359385619493156, 0.33771889376755826, 0.3407204848621198, 0.3440042721709001, 0.3470972344721238, 0.349625430651954, 0.3513238243802534, 0.35309854146709135, 0.3552558594220111, 0.35748966732037124, 0.3611018693496217, 0.366990463149764, 0.3696655923432513], "betas": [-2.518443472537229, -2.334213081030336, -2.261789198939614, -2.215570657753584, -2.1783584291674187, -2.1430603603050256, -2.10343811745552, -2.060749103558875, -2.025204056248746, -2.0105410502018684, -1.9987157631993802, -1.967411290555976, -1.9193040295765813, -1.910176760779753, -1.9844228649927, -2.0914399454232586, -2.1812769828770424, -2.0747743508804457, -2.035488322157313, -2.258992975699316, -2.454131168089392, -2.44654871541245, -2.406466969284537, -2.3613439777022003, -2.305226794883817, -2.229696942287821, -2.1326283777385333, -2.0505583822205917, -2.053436788179319, -2.13318123401316, -2.208487307098237, -2.2390699181060687, -2.230568151334248, -2.209148231098585, -2.230893782093717, -2.2760471975901133, -2.2549666340396923, -2.327170776220929, -2.352487234062482, -2.367013347731462, -2.387605945449841, -2.4084620538409776, -2.4264378140291365, -2.441948182090348, -2.456425282376013, -2.4717190878111985, -2.487925709389252, -2.5028391713115226, -2.5190758514838247, -2.5428184537043697, -2.5882134785925857, -2.6727780634633964, -2.833227455934195], "predicted_p_opt": 0.7755592812748734, "predicted_tts": 1.2893920866451218, "p_opt": 0.4085770994154107, "tts": 2.447518476759449, "approx": 0.7835514031259966, "opt_gap": -0.21644859687400342}