{"N": 22, "edgelist": ["0 3 {}\n", "0 6 {}\n", "0 9 {}\n", "0 11 {}\n", "0 13 {}\n", "0 16 {}\n", "0 17 {}\n", "0 18 {}\n", "0 21 {}\n", "1 7 {}\n", "1 11 {}\n", "1 12 {}\n", "1 14 {}\n", "1 17 {}\n", "1 19 {}\n", "1 21 {}\n", "2 3 {}\n", "2 4 {}\n", "2 5 {}\n", "2 11 {}\n", "2 12 {}\n", "2 13 {}\n", "2 14 {}\n", "2 18 {}\n", "2 19 {}\n", "3 5 {}\n", "3 7 {}\n", "3 10 {}\n", "3 12 {}\n", "3 13 {}\n", "3 14 {}\n", "3 17 {}\n", "3 18 {}\n", "3 19 {}\n", "3 20 {}\n", "3 21 {}\n", "4 6 {}\n", "4 7 {}\n", "4 10 {}\n", "4 11 {}\n", "4 12 {}\n", "4 13 {}\n", "4 17 {}\n", "4 18 {}\n", "4 21 {}\n", "5 7 {}\n", "5 9 {}\n", "5 10 {}\n", "5 11 {}\n", "5 18 {}\n", "5 19 {}\n", "5 20 {}\n", "5 21 {}\n", "6 8 {}\n", "6 9 {}\n", "6 11 {}\n", "6 12 {}\n", "6 13 {}\n", "6 15 {}\n", "6 17 {}\n", "6 18 {}\n", "6 20 {}\n", "7 8 {}\n", "7 9 {}\n", "7 10 {}\n", "7 11 {}\n", "7 14 {}\n", "7 19 {}\n", "7 20 {}\n", "8 9 {}\n", "8 13 {}\n", "8 15 {}\n", "8 16 {}\n", "8 18 {}\n", "8 19 {}\n", "8 20 {}\n", "9 11 {}\n", "9 12 {}\n", "9 13 {}\n", "9 15 {}\n", "9 18 {}\n", "9 19 {}\n", "9 21 {}\n", "10 11 {}\n", "10 12 {}\n", "10 13 {}\n", "10 14 {}\n", "10 15 {}\n", "10 18 {}\n", "10 19 {}\n", "10 20 {}\n", "10 21 {}\n", "11 12 {}\n", "11 16 {}\n", "11 17 {}\n", "11 18 {}\n", "11 19 {}\n", "11 20 {}\n", "12 13 {}\n", "12 14 {}\n", "12 15 {}\n", "12 16 {}\n", "12 19 {}\n", "13 17 {}\n", "13 18 {}\n", "13 19 {}\n", "14 15 {}\n", "14 18 {}\n", "14 19 {}\n", "14 20 {}\n", "15 18 {}\n", "15 19 {}\n", "16 17 {}\n", "16 18 {}\n", "16 19 {}\n", "16 21 {}\n", "17 18 {}\n", "17 21 {}\n", "18 19 {}\n", "18 20 {}\n", "19 20 {}\n", "20 21 {}\n"], "opt_value": 107, "opt_count": 12, "feasible_count": 705432, "mean_value": 92.95238095238095, "std": 3.572764996405016, "level": 27, "gammas": [3.14159196374215, 3.141592645286541, 3.1415928383271137, 3.141592662227749, 3.141592484440875, 3.1415924863823856, 3.141592612876194, 3.1415927401533383, 3.141592745200906, 3.141592643401447, 3.141592532186999, 3.141592459164514, 3.141592370670409, 3.1415919003318136, 3.141591254146982, 3.1415901021835375, 3.141589968768549, 3.141588964933138, 3.1415796037467096, 3.141570488889487, 3.1415582322697952, 3.1415542332487583, 3.141410086421344, 3.1416380384925167, 3.140336402445665, 3.140153498674007, 3.141370252742344], "betas": [3.1415929398816003, 3.141592501596543, 3.141592535607694, 3.1415927503235137, 3.1415928488828655, 3.141592766618569, 3.1415926174596964, 3.1415925442208112, 3.1415925998658856, 3.141592699163916, 3.1415926762024404, 3.1415925220995033, 3.1415922108373713, 3.1415918338907622, 3.1415912874660683, 3.141589521845676, 3.1415892693279135, 3.141584509076397, 3.141581328761215, 3.1415606226542345, 3.14154627611759, 3.141518874832154, 3.141479684790362, 3.1412536933450426, 3.139809325588825, 3.1408729735319554, 3.141553090509728], "predicted_p_opt": 0.051457830095600995, "predicted_tts": 19.433388429752064, "p_opt": 0.050581522690336486, "tts": 19.77006517028101, "approx": 0.8753525122851945, "opt_gap": -0.1246474877148055, "th": -106.9990005493164}