{"edges": [[0, 2], [0, 5], [0, 8], [1, 4], [1, 5], [1, 6], [1, 8], [1, 9], [1, 10], [2, 3], [2, 6], [2, 7], [2, 12], [3, 9], [3, 11], [3, 13], [4, 10], [4, 12], [6, 12], [7, 8], [8, 11], [8, 12], [9, 13], [11, 12], [12, 13]], "num_nodes": 14, "num_colors": 3, "opt_value": 25, "opt_count": 204, "feasible_count": 4782969, "mean_value": 16.666666666666668, "std": 2.3570226039551585, "level": 13, "gammas": [3.1396613121032715, 3.1393165588378906, 3.139453411102295, 3.1400179862976074, 3.1405630111694336, 3.1408402919769287, 3.140894651412964, 3.140752077102661, 3.1403653621673584, 3.1397693157196045, 3.139261245727539, 3.1391525268554688, 3.1395039558410645], "betas": [3.139479637145996, 3.139375686645508, 3.1397359371185303, 3.140303611755371, 3.1407206058502197, 3.1408958435058594, 3.1408722400665283, 3.1406354904174805, 3.1401140689849854, 3.1394596099853516, 3.1391184329986572, 3.139247179031372, 3.1397910118103027], "predicted_p_opt": 0.031092821216278006, "predicted_tts": 32.161764705882355, "p_opt": 0.015377437876156495, "tts": 65.03033912759624, "approx": 0.9191871611491444, "opt_gap": -0.08081283885085555, "th": -22.952025956759908}