{"N": 20, "edgelist": ["0 1 {}\n", "0 4 {}\n", "0 6 {}\n", "0 8 {}\n", "0 12 {}\n", "0 13 {}\n", "0 15 {}\n", "1 5 {}\n", "1 7 {}\n", "1 9 {}\n", "1 10 {}\n", "1 11 {}\n", "1 12 {}\n", "1 13 {}\n", "1 15 {}\n", "1 16 {}\n", "1 17 {}\n", "2 3 {}\n", "2 4 {}\n", "2 6 {}\n", "2 8 {}\n", "2 9 {}\n", "2 10 {}\n", "2 11 {}\n", "2 12 {}\n", "2 14 {}\n", "2 17 {}\n", "2 18 {}\n", "2 19 {}\n", "3 5 {}\n", "3 7 {}\n", "3 8 {}\n", "3 9 {}\n", "3 10 {}\n", "3 11 {}\n", "3 12 {}\n", "3 13 {}\n", "3 14 {}\n", "3 15 {}\n", "3 17 {}\n", "3 18 {}\n", "4 5 {}\n", "4 12 {}\n", "4 13 {}\n", "4 15 {}\n", "4 16 {}\n", "4 19 {}\n", "5 7 {}\n", "5 8 {}\n", "5 9 {}\n", "5 10 {}\n", "5 13 {}\n", "5 15 {}\n", "5 17 {}\n", "5 18 {}\n", "6 7 {}\n", "6 11 {}\n", "6 14 {}\n", "6 16 {}\n", "6 19 {}\n", "7 8 {}\n", "7 9 {}\n", "7 10 {}\n", "7 11 {}\n", "7 12 {}\n", "7 13 {}\n", "7 15 {}\n", "7 16 {}\n", "7 18 {}\n", "7 19 {}\n", "8 10 {}\n", "8 12 {}\n", "8 13 {}\n", "8 14 {}\n", "8 15 {}\n", "8 16 {}\n", "8 19 {}\n", "9 14 {}\n", "9 15 {}\n", "9 18 {}\n", "10 12 {}\n", "10 14 {}\n", "10 15 {}\n", "10 16 {}\n", "10 17 {}\n", "10 18 {}\n", "10 19 {}\n", "11 12 {}\n", "11 13 {}\n", "11 14 {}\n", "11 17 {}\n", "11 19 {}\n", "12 14 {}\n", "12 16 {}\n", "12 18 {}\n", "12 19 {}\n", "13 14 {}\n", "13 17 {}\n", "13 18 {}\n", "13 19 {}\n", "14 16 {}\n", "14 17 {}\n", "15 16 {}\n", "16 19 {}\n", "17 19 {}\n"], "opt_value": 92, "opt_count": 1, "feasible_count": 184756, "mean_value": 80.13157894736842, "std": 2.9215267514703314, "level": 37, "gammas": [-0.14109845568065346, -0.2824159301253533, -0.34666600117146756, -0.3951348826086122, -0.27057873626091034, -0.21854751058738808, -0.2703300294293892, -0.26504203121709424, -0.26409916216574286, -0.261862215859197, -0.2544648834158526, -0.25250973796850834, -0.25983953147052624, -0.2684753580795791, -0.2760719702223451, -0.2821471671903794, -0.29100280121531047, -0.3059395572123307, -0.32270188547477485, -0.3333110245915435, -0.3661469719771349, -0.3741612298276765, -0.4032109661459295, 5.824269919342421, 5.884121172557169, 5.974456707690195, 5.9861588018018494, 5.98650223365658, 5.98666673729738, 5.987478313488901, 5.986425563271934, 5.982671329055475, 5.979227306337431, 5.975345442225541, 5.968416845323932, 5.9595643740595845, 5.955811326903798], "betas": [2.805200896279396, 2.644266208366145, 2.561148556605168, 2.8165056832744857, 3.212257556634372, 2.5408904302562987, 2.250780305348956, 2.220297188479622, 2.193469863374195, 2.116419928115618, 2.0242911359499276, 2.008553445569924, 2.054236191068032, 2.1033977656781815, 2.116539278652685, 2.1113928196135787, 2.1459124691769103, 2.2178804661037774, 2.2734755097337906, 1.967756300853002, 2.264512221048239, 2.163599311883097, 2.035569859973126, 2.319939361922873, 2.6502547081845242, 2.654596685074806, 2.5899739768307186, 2.5246115329797725, 2.4803089290778044, 2.466195157830661, 2.4578192284415996, 2.4374903865113056, 2.4360838617709035, 2.459673382863019, 2.479460961107844, 2.484726928913694, 2.468433157159767], "predicted_p_opt": 0.030445560631319146, "predicted_tts": 32.84551111111111, "p_opt": 2.9729431861258667e-06, "tts": 336367.00649605435, "approx": 0.9633713815165075, "opt_gap": -0.036628618483492525}