{"edges": [[7, 17], [7, 1], [7, 14], [17, 18], [17, 9], [12, 16], [12, 10], [12, 1], [16, 6], [16, 8], [3, 13], [3, 19], [3, 15], [13, 10], [13, 15], [19, 11], [19, 8], [8, 18], [18, 2], [9, 11], [9, 5], [11, 4], [0, 14], [0, 1], [0, 6], [14, 4], [10, 2], [5, 6], [5, 15], [4, 2]], "num_nodes": 20, "opt_value": 27, "opt_count": 2, "feasible_count": 1048576, "mean_value": 15.0, "std": 2.7386127875258306, "level": 4, "gammas": [0.17462586532689064, 0.3225220238060362, 0.3584664894609829, 0.3872095316891046], "betas": [-2.249507261045584, -1.858093106650305, -1.609673095262404, 5.010988107265144], "predicted_p_opt": 0.0001544952392578125, "predicted_tts": 6472.691358024691, "p_opt": 1.2779164174386502e-05, "tts": 78252.37913480423, "approx": 0.7314517591900739, "opt_gap": -0.2685482408099261}