{"edges": [[3, 4], [3, 11], [3, 14], [4, 12], [4, 7], [12, 19], [12, 5], [19, 5], [19, 17], [14, 16], [14, 8], [16, 0], [16, 13], [5, 13], [13, 9], [8, 9], [8, 18], [9, 6], [18, 15], [18, 7], [11, 17], [11, 10], [17, 1], [0, 1], [0, 15], [1, 2], [10, 2], [10, 6], [2, 6], [15, 7]], "num_nodes": 20, "opt_value": 25, "opt_count": 26, "feasible_count": 1048576, "mean_value": 15.0, "std": 2.7386127875258306, "level": 4, "gammas": [0.17334928517066522, 0.32266547331943096, 0.3600641733607196, 0.38856363205307304], "betas": [-2.210302070952253, -1.7971614871915147, -1.540363052741631, 5.068325326191403], "predicted_p_opt": 0.0020084381103515625, "predicted_tts": 497.8993352326686, "p_opt": 0.00018304557682746557, "tts": 5463.120263990734, "approx": 0.7845353108553742, "opt_gap": -0.2154646891446258}