{"N": 22, "edgelist": ["0 2 {}\n", "0 5 {}\n", "0 6 {}\n", "0 10 {}\n", "0 15 {}\n", "0 17 {}\n", "0 18 {}\n", "0 19 {}\n", "0 20 {}\n", "1 2 {}\n", "1 3 {}\n", "1 4 {}\n", "1 7 {}\n", "1 11 {}\n", "1 13 {}\n", "1 18 {}\n", "1 20 {}\n", "1 21 {}\n", "2 5 {}\n", "2 6 {}\n", "2 7 {}\n", "2 9 {}\n", "2 10 {}\n", "2 11 {}\n", "2 12 {}\n", "2 15 {}\n", "2 17 {}\n", "3 6 {}\n", "3 7 {}\n", "3 12 {}\n", "3 14 {}\n", "3 15 {}\n", "3 17 {}\n", "4 5 {}\n", "4 8 {}\n", "4 11 {}\n", "4 17 {}\n", "4 18 {}\n", "4 19 {}\n", "5 6 {}\n", "5 7 {}\n", "5 9 {}\n", "5 10 {}\n", "5 11 {}\n", "5 12 {}\n", "5 13 {}\n", "5 14 {}\n", "5 15 {}\n", "5 18 {}\n", "6 7 {}\n", "6 9 {}\n", "6 11 {}\n", "6 12 {}\n", "6 13 {}\n", "6 14 {}\n", "6 15 {}\n", "6 16 {}\n", "6 17 {}\n", "6 18 {}\n", "6 19 {}\n", "6 20 {}\n", "6 21 {}\n", "7 9 {}\n", "7 10 {}\n", "7 11 {}\n", "7 12 {}\n", "7 16 {}\n", "7 17 {}\n", "7 18 {}\n", "7 19 {}\n", "7 20 {}\n", "8 9 {}\n", "8 12 {}\n", "8 13 {}\n", "8 14 {}\n", "8 15 {}\n", "8 16 {}\n", "8 20 {}\n", "9 10 {}\n", "9 11 {}\n", "9 14 {}\n", "9 15 {}\n", "9 17 {}\n", "9 19 {}\n", "9 20 {}\n", "9 21 {}\n", "10 13 {}\n", "10 14 {}\n", "10 15 {}\n", "10 16 {}\n", "11 12 {}\n", "11 16 {}\n", "11 20 {}\n", "12 13 {}\n", "12 14 {}\n", "12 18 {}\n", "12 20 {}\n", "12 21 {}\n", "13 14 {}\n", "13 16 {}\n", "13 17 {}\n", "13 18 {}\n", "13 19 {}\n", "14 16 {}\n", "14 17 {}\n", "14 19 {}\n", "14 20 {}\n", "15 17 {}\n", "15 20 {}\n", "16 18 {}\n", "16 20 {}\n", "16 21 {}\n", "17 19 {}\n", "19 20 {}\n", "19 21 {}\n", "20 21 {}\n"], "opt_value": 102, "opt_count": 1, "feasible_count": 705432, "mean_value": 88.38095238095238, "std": 3.4834356467431116, "level": 25, "gammas": [3.141448974609375, 3.1413450241088867, 3.1412148475646973, 3.14107084274292, 3.140944480895996, 3.1408727169036865, 3.1408865451812744, 3.1409788131713867, 3.1411075592041016, 3.1412274837493896, 3.1413121223449707, 3.1413581371307373, 3.1413705348968506, 3.1413497924804688, 3.1412901878356934, 3.1411869525909424, 3.141047954559326, 3.1409106254577637, 3.140828847885132, 3.140834331512451, 3.1409175395965576, 3.141050338745117, 3.141204833984375, 3.141357421875, 3.1414878368377686], "betas": [3.1413164138793945, 3.1411983966827393, 3.141058921813965, 3.1409196853637695, 3.140815496444702, 3.1407854557037354, 3.140838146209717, 3.140951633453369, 3.1410796642303467, 3.1411828994750977, 3.1412501335144043, 3.1412808895111084, 3.1412768363952637, 3.14123797416687, 3.1411566734313965, 3.1410341262817383, 3.1408870220184326, 3.1407675743103027, 3.1407268047332764, 3.1407759189605713, 3.14088773727417, 3.141036033630371, 3.1411945819854736, 3.1413400173187256, 3.141455888748169], "predicted_p_opt": 0.003687102371312898, "predicted_tts": 271.2156862745098, "p_opt": 0.0019351590691162504, "tts": 516.7533852690883, "approx": 0.96841412873559, "opt_gap": -0.03158587126441004, "th": -98.96018328723245}