{"edges": [[0, 2], [0, 4], [0, 5], [0, 8], [1, 8], [1, 11], [2, 3], [2, 8], [4, 9], [5, 6], [5, 7], [6, 10], [7, 8], [7, 10], [7, 11], [9, 11], [10, 11]], "num_nodes": 12, "num_colors": 3, "opt_value": 17, "opt_count": 444, "feasible_count": 531441, "mean_value": 11.333333333333334, "std": 1.9436506316151, "level": 1, "gammas": [0.3439229130744934], "betas": [-1.4739960432052612], "predicted_p_opt": 0.007519178986943047, "predicted_tts": 132.99324324324326, "p_opt": 0.003478278173133731, "tts": 287.4985697590302, "approx": 0.7546467781066895, "opt_gap": -0.24535322189331055}