{"edges": [[0, 1], [0, 6], [0, 9], [1, 5], [2, 11], [3, 7], [3, 8], [3, 11], [4, 5], [4, 6], [5, 7], [6, 7], [7, 8], [8, 9], [9, 10]], "num_nodes": 12, "num_colors": 3, "opt_value": 15, "opt_count": 864, "feasible_count": 531441, "mean_value": 10.0, "std": 1.8257418583505538, "level": 1, "gammas": [0.37076398730278015], "betas": [-1.4856173992156982], "predicted_p_opt": 0.014631915866483767, "predicted_tts": 68.34375, "p_opt": 0.006622855085879564, "tts": 150.99228158140994, "approx": 0.7622258067131042, "opt_gap": -0.23777419328689575}