{"edges": [[7, 17], [7, 3], [7, 4], [17, 18], [17, 0], [3, 15], [3, 5], [20, 23], [20, 13], [20, 10], [23, 15], [23, 16], [4, 6], [4, 22], [6, 11], [6, 22], [21, 22], [21, 10], [21, 14], [14, 19], [14, 18], [19, 13], [19, 8], [18, 1], [2, 11], [2, 8], [2, 16], [11, 16], [8, 13], [0, 9], [0, 12], [1, 12], [1, 5], [12, 9], [10, 9], [15, 5]], "num_nodes": 24, "opt_value": 30, "opt_count": 28, "feasible_count": 16777216, "mean_value": 18.0, "std": 3.0, "level": 8, "gammas": [2.112443685531616, 2.178204298019409, 2.28363037109375, 2.350635290145874, 2.3365917205810547, 2.2525675296783447, 2.131385326385498, 2.0779876708984375], "betas": [2.1414458751678467, 2.2549545764923096, 2.3381571769714355, 2.3515443801879883, 2.282198429107666, 2.1715266704559326, 2.0940802097320557, 2.0908823013305664], "predicted_p_opt": 0.00048232078552246094, "predicted_tts": 2073.308947108255, "p_opt": 0.00015587979511515074, "tts": 6415.199604677983, "approx": 0.8475214535808675, "opt_gap": -0.1524785464191325, "th": -24.961381608034547}