{"edges": [[0, 2], [0, 5], [0, 6], [1, 2], [1, 4], [1, 5], [1, 8], [1, 11], [1, 12], [2, 3], [2, 7], [2, 9], [2, 10], [3, 9], [3, 10], [4, 13], [5, 11], [6, 10], [7, 13], [8, 10], [8, 13], [9, 11], [9, 12], [10, 11], [12, 13]], "num_nodes": 14, "num_colors": 3, "opt_value": 25, "opt_count": 348, "feasible_count": 4782969, "mean_value": 16.666666666666668, "std": 2.3570226039551585, "level": 37, "gammas": [2.1038341522216797, 2.0346219539642334, 1.9781526327133179, 1.934313178062439, 1.9017893075942993, 1.8789517879486084, 1.8647838830947876, 1.858831524848938, 1.8599495887756348, 1.866343379020691, 1.8760766983032227, 1.8874468803405762, 1.8991656303405762, 1.9103087186813354, 1.9201775789260864, 1.9282183647155762, 1.933998703956604, 1.9372154474258423, 1.9376857280731201, 1.9353790283203125, 1.9303792715072632, 1.9229190349578857, 1.913340449333191, 1.9021073579788208, 1.889787197113037, 1.8770633935928345, 1.8648388385772705, 1.8543941974639893, 1.847461223602295, 1.8458647727966309, 1.8508338928222656, 1.862736463546753, 1.8820005655288696, 1.9095649719238281, 1.9467945098876953, 1.9952455759048462, 2.056056261062622], "betas": [2.0542705059051514, 1.995146632194519, 1.9483110904693604, 1.9125964641571045, 1.8865782022476196, 1.8691463470458984, 1.8597502708435059, 1.857818841934204, 1.862004041671753, 1.8704485893249512, 1.8812994956970215, 1.8930679559707642, 1.9046608209609985, 1.9153004884719849, 1.9243589639663696, 1.9313502311706543, 1.9359039068222046, 1.93778657913208, 1.9368888139724731, 1.9332369565963745, 1.9269945621490479, 1.9184577465057373, 1.9080225229263306, 1.896217942237854, 1.8836555480957031, 1.8711206912994385, 1.8596844673156738, 1.85086989402771, 1.8465174436569214, 1.8483576774597168, 1.8573060035705566, 1.873572826385498, 1.8979672193527222, 1.931984782218933, 1.977330207824707, 2.035414457321167, 2.1064274311065674], "predicted_p_opt": 0.40926462203706526, "predicted_tts": 2.443406896551724, "p_opt": 0.11089866430437097, "tts": 9.01724115680432, "approx": 0.964436182116335, "opt_gap": -0.03556381788366503, "th": -23.980765132264935}