{"edges": [[15, 21], [15, 10], [15, 11], [21, 4], [21, 17], [18, 23], [18, 22], [18, 7], [23, 20], [23, 9], [20, 22], [20, 12], [4, 17], [4, 2], [17, 19], [0, 8], [0, 19], [0, 25], [8, 10], [8, 13], [11, 14], [11, 16], [14, 1], [14, 3], [10, 6], [9, 5], [9, 24], [16, 25], [16, 1], [25, 13], [22, 24], [5, 6], [5, 3], [6, 19], [2, 3], [2, 12], [1, 7], [7, 12], [13, 24]], "num_nodes": 26, "opt_value": 34, "opt_count": 16, "feasible_count": 67108864, "mean_value": 19.5, "std": 3.122498999199199, "level": 48, "gammas": [1.779593586921692, 1.7702518701553345, 1.763907551765442, 1.7607499361038208, 1.760758638381958, 1.7637443542480469, 1.7693958282470703, 1.7773033380508423, 1.7872898578643799, 1.7993319034576416, 1.8130028247833252, 1.8275089263916016, 1.842100977897644, 1.856255292892456, 1.8696218729019165, 1.8819350004196167, 1.8929516077041626, 1.9024531841278076, 1.9102388620376587, 1.916132926940918, 1.920000672340393, 1.9217498302459717, 1.9213402271270752, 1.918781042098999, 1.914133906364441, 1.9075076580047607, 1.8990535736083984, 1.8889577388763428, 1.8774290084838867, 1.8646897077560425, 1.850974202156067, 1.8365379571914673, 1.821749210357666, 1.8072253465652466, 1.7938069105148315, 1.7820491790771484, 1.772040843963623, 1.7641364336013794, 1.758745789527893, 1.7561542987823486, 1.7565932273864746, 1.760221242904663, 1.7663848400115967, 1.7761421203613281, 2.6021272484279097, 2.6021272484279097, 2.6021272484279097, 2.6021272484279097], "betas": [1.773210883140564, 1.7655820846557617, 1.7607313394546509, 1.7592517137527466, 1.7609226703643799, 1.7655537128448486, 1.7727582454681396, 1.7821698188781738, 1.7936038970947266, 1.8069531917572021, 1.8215094804763794, 1.836356282234192, 1.8508315086364746, 1.864570140838623, 1.8773322105407715, 1.8888719081878662, 1.8989815711975098, 1.9074511528015137, 1.914095163345337, 1.9187620878219604, 1.9213392734527588, 1.921769618988037, 1.9200372695922852, 1.9161890745162964, 1.9103114604949951, 1.9025428295135498, 1.8930562734603882, 1.882053017616272, 1.8697571754455566, 1.8564090728759766, 1.842278003692627, 1.8277109861373901, 1.8132096529006958, 1.7994827032089233, 1.787249207496643, 1.7768676280975342, 1.7683593034744263, 1.7619836330413818, 1.7581349611282349, 1.757123589515686, 1.7591208219528198, 1.7641149759292603, 1.7719961404800415, 1.782983422279358, 0.0, 0.0, 0.0, 0.0], "predicted_p_opt": 0.0022432804107666016, "predicted_tts": 445.7757466255713, "p_opt": 0.0004798745936791695, "tts": 2083.8777738430795, "approx": 0.8916899154798406, "opt_gap": -0.10831008452015944, "th": -29.985983907879042}