{"edges": [[0, 9], [0, 10], [1, 4], [1, 6], [1, 7], [2, 4], [2, 5], [2, 8], [3, 4], [3, 8], [3, 9], [4, 8], [4, 9], [5, 9], [7, 8]], "num_nodes": 11, "num_colors": 3, "opt_value": 15, "opt_count": 144, "feasible_count": 177147, "mean_value": 10.0, "std": 1.8257418583505538, "level": 8, "gammas": [-0.19312881824121525, -0.37859310815690517, -0.42518643117318256, -0.4443649946550518, -0.459023742351169, -0.47608229829698456, -0.5023421747931666, 5.730863575307259], "betas": [2.1836928485511575, 1.737012623301138, 1.5361287709945977, 1.4251933696069314, 1.3518085524572818, 1.2864807983136042, 1.2139528998615312, 1.0555318725856546], "predicted_p_opt": 0.23492353807854494, "predicted_tts": 4.256704152249135, "p_opt": 0.02393151073423703, "tts": 41.785911934484545, "approx": 0.8951833868939691, "opt_gap": -0.10481661310603085}