{"N": 18, "edgelist": ["0 4 {}\n", "0 6 {}\n", "0 8 {}\n", "0 9 {}\n", "0 11 {}\n", "0 13 {}\n", "0 15 {}\n", "1 8 {}\n", "1 9 {}\n", "1 14 {}\n", "1 17 {}\n", "2 3 {}\n", "2 4 {}\n", "2 8 {}\n", "2 9 {}\n", "2 10 {}\n", "2 12 {}\n", "2 13 {}\n", "2 14 {}\n", "2 15 {}\n", "2 16 {}\n", "3 4 {}\n", "3 8 {}\n", "3 9 {}\n", "3 14 {}\n", "3 16 {}\n", "4 5 {}\n", "4 6 {}\n", "4 9 {}\n", "4 12 {}\n", "4 14 {}\n", "4 17 {}\n", "5 6 {}\n", "5 8 {}\n", "5 11 {}\n", "5 12 {}\n", "5 13 {}\n", "5 14 {}\n", "5 15 {}\n", "6 8 {}\n", "6 10 {}\n", "6 14 {}\n", "6 15 {}\n", "7 8 {}\n", "7 9 {}\n", "7 11 {}\n", "7 12 {}\n", "7 13 {}\n", "8 9 {}\n", "8 13 {}\n", "8 14 {}\n", "8 16 {}\n", "8 17 {}\n", "9 11 {}\n", "9 12 {}\n", "9 13 {}\n", "9 14 {}\n", "10 12 {}\n", "10 13 {}\n", "10 17 {}\n", "11 12 {}\n", "11 14 {}\n", "11 15 {}\n", "11 16 {}\n", "12 13 {}\n", "12 14 {}\n", "12 16 {}\n", "12 17 {}\n", "13 17 {}\n", "14 15 {}\n", "14 16 {}\n", "15 17 {}\n", "16 17 {}\n"], "opt_value": 67, "opt_count": 1, "feasible_count": 48620, "mean_value": 55.8235294117647, "std": 2.9552603969601106, "level": 1, "gammas": [0.2472476214170456], "betas": [4.666982173919678], "predicted_p_opt": 0.00018510900863842042, "predicted_tts": 5402.222222222222, "p_opt": 8.76419508131221e-05, "tts": 11410.060943671693, "approx": 0.8732571005821228, "opt_gap": -0.1267428994178772}