{"edges": [[15, 21], [15, 14], [15, 13], [21, 6], [21, 19], [16, 20], [16, 26], [16, 13], [20, 4], [20, 3], [26, 9], [26, 1], [7, 17], [7, 22], [7, 8], [17, 13], [17, 25], [6, 27], [6, 14], [27, 23], [27, 3], [12, 25], [12, 9], [12, 2], [25, 10], [4, 24], [4, 8], [24, 14], [24, 0], [0, 8], [0, 9], [2, 11], [2, 1], [11, 19], [11, 22], [10, 18], [10, 23], [18, 1], [18, 5], [19, 22], [5, 3], [5, 23]], "num_nodes": 28, "opt_value": 38, "opt_count": 2, "feasible_count": 268435456, "mean_value": 21.0, "std": 3.24037034920393, "level": 45, "gammas": [-0.1424200869661083, -0.20654358930153763, -0.15571139644292414, -0.1420456073022285, -0.14958349128173834, -0.14765660451228657, -0.13859368200124916, -0.14477524986108067, -0.14411011782605793, -0.13816542891715075, -0.1527298001304052, -0.13958180782750554, -0.15366677281756663, -0.1539141373541142, -0.14964167480194968, -0.1732575256432159, -0.15474757688699178, -0.18243413177241893, -0.18871728077700226, -0.18694807354376217, -0.21465523227314443, -0.2237993800120328, -0.2319640609241485, -0.2377410991708513, -0.24141075436638634, -0.244427463935061, -0.24706478527845172, -0.2493927288697323, -0.25153353416204527, -0.24091648586251838, -0.2877140512446523, -0.313885856025806, -0.18369609206474752, -0.2145459686691165, -0.22068629320107863, -0.2244720711209325, -0.22480673405908277, -0.2275514475140431, -0.22909428434551618, -0.23232731076168633, -0.23830633349943273, 6.037391676476983, 6.029624446303752, 6.02325636321123, 6.0298823565740385], "betas": [1.671721454988925, 1.7883702179274956, 1.6471675467654814, 1.4643135697247416, 1.4727266313691498, 1.3941337923151673, 1.3513912207981844, 1.4180937152580728, 1.3211806325601207, 1.384253187350151, 1.402852022182392, 1.3126688708193488, 1.4969155694245295, 1.3190666953910548, 1.5155977351054153, 1.4794864242469628, 1.4571819108158666, 1.6924242727652794, 1.58924057072542, 1.7186552073475765, 1.868945306075762, 2.0102490114109313, 2.047474712019176, 2.072762950334565, 2.0873875415241963, 2.0955301734312313, 2.0988494963330786, 2.0965803739366824, 2.1117374433780283, 2.066294379223211, 1.2070508315626007, 2.6782517723801735, 2.752748762088003, 2.447936503356559, 2.367178795611669, 2.3257501986603684, 2.3041782681803404, 2.2994433899562976, 2.2989631984656604, 2.3325275167583337, 2.389248750428399, 2.4571706877033557, 2.5314298993775375, 2.5456207108834628, 2.3804847633446884], "predicted_p_opt": 6.169825792312622e-05, "predicted_tts": 16207.913053978988, "p_opt": 5.8404454250309556e-08, "tts": 17121981.753552638, "approx": 0.8209380809352398, "opt_gap": -0.1790619190647602}