{"edges": [[13, 27], [13, 12], [13, 16], [27, 15], [27, 6], [18, 23], [18, 1], [18, 0], [23, 9], [23, 12], [15, 12], [15, 3], [7, 26], [7, 10], [7, 14], [26, 24], [26, 8], [4, 6], [4, 21], [4, 22], [6, 22], [3, 10], [3, 25], [10, 0], [21, 8], [21, 11], [14, 19], [14, 0], [19, 20], [19, 11], [25, 9], [25, 2], [5, 16], [5, 24], [5, 17], [16, 17], [8, 2], [1, 9], [1, 20], [2, 11], [24, 22], [17, 20]], "num_nodes": 28, "opt_value": 38, "opt_count": 2, "feasible_count": 268435456, "mean_value": 21.0, "std": 3.24037034920393, "level": 45, "gammas": [-0.11937405914068222, -0.18618017435073853, -0.16228996217250824, -0.15054966509342194, -0.15270809829235077, -0.1474270075559616, -0.1477755308151245, -0.1538154035806656, -0.149173766374588, -0.15021882951259613, -0.1565781533718109, -0.14676852524280548, -0.15518102049827576, -0.149086132645607, -0.15358592569828033, -0.15465012192726135, -0.16232948005199432, -0.1682746559381485, -0.17223484814167023, -0.17120032012462616, -0.1768779307603836, -0.18631330132484436, -0.19154910743236542, -0.19730837643146515, -0.20824167132377625, -0.22043350338935852, -0.22999750077724457, -0.23666737973690033, -0.24122345447540283, -0.24413913488388062, -0.23966695368289948, -0.2577139437198639, -0.29765546321868896, -0.19337420165538788, -0.17405559122562408, -0.19937340915203094, -0.21024170517921448, -0.21460233628749847, -0.22008655965328217, -0.22475695610046387, -0.2285490334033966, -0.22905652225017548, -0.23879992961883545, -0.24882164597511292, -0.2515670359134674], "betas": [1.9409288167953491, 1.6723036766052246, 1.595386266708374, 1.5385397672653198, 1.4829612970352173, 1.404704213142395, 1.447766900062561, 1.4447622299194336, 1.390235424041748, 1.4445080757141113, 1.4124385118484497, 1.360089898109436, 1.4153188467025757, 1.3259817361831665, 1.414214015007019, 1.3538858890533447, 1.4738491773605347, 1.4381768703460693, 1.4971177577972412, 1.5408835411071777, 1.5986286401748657, 1.6544082164764404, 1.6880203485488892, 1.7527885437011719, 1.8492809534072876, 1.9355851411819458, 1.9950302839279175, 2.030374526977539, 2.046494722366333, 2.058425188064575, 2.0333566665649414, 1.4821079969406128, 2.137868881225586, 2.2479708194732666, 2.192016839981079, 2.1890816688537598, 2.1771323680877686, 2.2048118114471436, 2.233170986175537, 2.2547647953033447, 2.264206886291504, 2.3069190979003906, 2.36677885055542, 2.4914298057556152, 2.4862241744995117], "predicted_p_opt": 6.169825792312622e-05, "predicted_tts": 16207.913053978988, "p_opt": 7.014330805077407e-08, "tts": 14256527.497621557, "approx": 0.8196697235107422, "opt_gap": -0.1803302764892578}