{"edges": [[20, 23], [20, 26], [20, 2], [23, 25], [23, 14], [26, 6], [26, 1], [5, 13], [5, 0], [5, 12], [13, 3], [13, 21], [4, 15], [4, 18], [4, 19], [15, 0], [15, 11], [3, 1], [3, 27], [12, 22], [12, 8], [22, 9], [22, 1], [14, 25], [14, 17], [25, 6], [18, 10], [18, 27], [0, 16], [8, 24], [8, 7], [9, 11], [9, 24], [11, 17], [10, 17], [10, 19], [24, 16], [2, 6], [2, 21], [7, 19], [7, 27], [16, 21]], "num_nodes": 28, "opt_value": 38, "opt_count": 2, "feasible_count": 268435456, "mean_value": 21.0, "std": 3.24037034920393, "level": 45, "gammas": [-0.1161685660481453, -0.18598291277885437, -0.17002463340759277, -0.15690267086029053, -0.15680114924907684, -0.1534256488084793, -0.14999604225158691, -0.1568489521741867, -0.15333719551563263, -0.14904028177261353, -0.15760090947151184, -0.14945945143699646, -0.15245021879673004, -0.15201526880264282, -0.1499059498310089, -0.1561611294746399, -0.15952599048614502, -0.16829030215740204, -0.17111892998218536, -0.16962969303131104, -0.1757267415523529, -0.18523937463760376, -0.19051668047904968, -0.19620463252067566, -0.20679090917110443, -0.21883010864257812, -0.22849774360656738, -0.23531141877174377, -0.23985764384269714, -0.2427935153245926, -0.23844864964485168, -0.25793927907943726, -0.2860129177570343, -0.19880126416683197, -0.17431680858135223, -0.19845275580883026, -0.2092294842004776, -0.2154679298400879, -0.21944493055343628, -0.22631500661373138, -0.22778509557247162, -0.23137417435646057, -0.23894473910331726, -0.2469145506620407, -0.2516234815120697], "betas": [1.9762150049209595, 1.715513825416565, 1.6480516195297241, 1.5802839994430542, 1.5225763320922852, 1.442330002784729, 1.4595823287963867, 1.4743068218231201, 1.4016188383102417, 1.4238309860229492, 1.433074951171875, 1.3450648784637451, 1.4181076288223267, 1.3180851936340332, 1.3907371759414673, 1.3474293947219849, 1.4509963989257812, 1.4312679767608643, 1.4877325296401978, 1.5223830938339233, 1.583469033241272, 1.6416555643081665, 1.6760104894638062, 1.7391912937164307, 1.8337820768356323, 1.9208451509475708, 1.982210397720337, 2.0192346572875977, 2.036163330078125, 2.042875289916992, 2.0073885917663574, 1.4850103855133057, 2.158235788345337, 2.238344430923462, 2.1799352169036865, 2.1539504528045654, 2.169057607650757, 2.188999652862549, 2.2270147800445557, 2.2497262954711914, 2.266979217529297, 2.2928969860076904, 2.3540337085723877, 2.4942073822021484, 2.4994678497314453], "predicted_p_opt": 6.169825792312622e-05, "predicted_tts": 16207.913053978988, "p_opt": 6.985806066950317e-08, "tts": 14314740.352312043, "approx": 0.8192703127861023, "opt_gap": -0.1807296872138977}