{"edges": [[12, 19], [12, 14], [12, 2], [19, 15], [19, 17], [5, 7], [5, 3], [5, 8], [7, 0], [7, 1], [3, 16], [3, 1], [16, 6], [16, 4], [8, 9], [8, 14], [9, 11], [9, 18], [4, 18], [4, 2], [18, 10], [11, 1], [11, 15], [0, 14], [0, 6], [10, 6], [10, 13], [2, 17], [17, 13], [13, 15]], "num_nodes": 20, "opt_value": 28, "opt_count": 2, "feasible_count": 1048576, "mean_value": 15.0, "std": 2.7386127875258306, "level": 42, "gammas": [3.141592618322898, 3.1415926055978685, 3.14159244832427, 3.1415906680061534, 3.1415830223020587, 3.1415673238881987, 3.141536761920829, 3.14144510919284, 3.141267256704026, 3.1411021692208556, 3.1409649927809205, 3.140758241506653, 3.1405630726472222, 3.1404685243573542, 3.140263616467299, 3.1399985448904104, 3.1399729879280813, 3.1394662813983643, 3.138419325067543, 3.1380971858945395, 3.138874422423233, 3.139450777735963, 3.139595524120943, 3.1399266686225262, 3.140314426241414, 3.1400903363907307, 3.1398533237071287, 3.1399042081496606, 3.1403340891460516, 3.14066636016563, 3.1409300750506746, 3.1410857342846294, 3.141209424274584, 3.1413618475294136, 3.1414904596481827, 3.141562621753592, 3.1415865777083214, 3.141594869100356, 3.1415952625781967, 3.141594336652432, 3.1418349346103747, 3.142002077988714], "betas": [3.1415926933234872, 3.1415926451671226, 3.1415920258368417, 3.1415879480450655, 3.1415761572690606, 3.1415557830907628, 3.141502633717845, 3.141363365906902, 3.141176020979618, 3.141039172775257, 3.1408683266049247, 3.1406521926827518, 3.140504452764847, 3.140403930714349, 3.140094180879387, 3.1399944751818167, 3.139813666493103, 3.1389581391595374, 3.1380769637531984, 3.1384325371349933, 3.139237118661136, 3.139543277730144, 3.139707334266609, 3.140180681913488, 3.140255452935759, 3.139943748339185, 3.139825716512458, 3.140100522275984, 3.1405226596493736, 3.1408029691837758, 3.14102384286954, 3.1411420855069268, 3.141285463154729, 3.141431818510234, 3.1415348923433384, 3.141580065024393, 3.1415903902463578, 3.1415862416840996, 3.141616297663224, 3.141636560255942, 3.1420039164133504, 3.1418614187017453], "predicted_p_opt": 0.013780593872070312, "predicted_tts": 72.56581314878893, "p_opt": 0.007095171000905579, "tts": 140.94093008785367, "approx": 0.8864146309870018, "opt_gap": -0.1135853690129982, "th": -24.94063295402964}