{"edges": [[4, 6], [4, 15], [4, 17], [6, 1], [6, 2], [3, 16], [3, 13], [3, 11], [16, 11], [16, 0], [15, 17], [15, 2], [13, 10], [13, 8], [5, 19], [5, 9], [5, 14], [19, 7], [19, 0], [1, 11], [1, 14], [9, 17], [9, 12], [10, 18], [10, 8], [18, 7], [18, 0], [7, 8], [14, 12], [12, 2]], "num_nodes": 20, "opt_value": 26, "opt_count": 8, "feasible_count": 1048576, "mean_value": 15.0, "std": 2.7386127875258306, "level": 42, "gammas": [2.2553069591522217, 2.2443573474884033, 2.2364630699157715, 2.2317960262298584, 2.2302777767181396, 2.231717109680176, 2.236116886138916, 2.244042158126831, 2.255915403366089, 2.2709696292877197, 2.2877187728881836, 2.304704427719116, 2.320884943008423, 2.335613489151001, 2.3485121726989746, 2.3593223094940186, 2.367832899093628, 2.373875379562378, 2.377333402633667, 2.378136157989502, 2.3762669563293457, 2.371772527694702, 2.364753246307373, 2.3553545475006104, 2.3437623977661133, 2.330198287963867, 2.314957618713379, 2.298491954803467, 2.281576633453369, 2.2654359340667725, 2.2514889240264893, 2.2407517433166504, 2.233316659927368, 2.228909730911255, 2.227414131164551, 2.228917360305786, 2.2335269451141357, 2.241145610809326, 2.2521729469299316, 2.6021272484279097, 2.6021272484279097, 2.6021272484279097], "betas": [2.2490971088409424, 2.239774465560913, 2.2335662841796875, 2.2305359840393066, 2.23063063621521, 2.233710289001465, 2.240042209625244, 2.250142812728882, 2.2639317512512207, 2.280223846435547, 2.2974138259887695, 2.3141603469848633, 2.3296263217926025, 2.34334397315979, 2.3550543785095215, 2.3645479679107666, 2.3716464042663574, 2.3762099742889404, 2.378148317337036, 2.3774168491363525, 2.374030828475952, 2.3680624961853027, 2.3596413135528564, 2.348940372467041, 2.336176872253418, 2.321634292602539, 2.3057055473327637, 2.2889909744262695, 2.272458791732788, 2.2574150562286377, 2.2451844215393066, 2.236398220062256, 2.23075532913208, 2.2279298305511475, 2.2279770374298096, 2.231069564819336, 2.2372822761535645, 2.2465481758117676, 2.2589874267578125, 0.0, 0.0, 0.0], "predicted_p_opt": 0.05512237548828125, "predicted_tts": 18.141453287197233, "p_opt": 0.01600000395541978, "tts": 62.4999845491453, "approx": 0.9301541362302032, "opt_gap": -0.06984586376979685, "th": -23.9795247716491}