{"edges": [[0, 3], [0, 4], [0, 10], [0, 13], [0, 14], [1, 9], [1, 10], [2, 4], [2, 6], [2, 8], [2, 12], [2, 16], [3, 10], [3, 16], [4, 10], [4, 13], [5, 13], [6, 13], [7, 9], [7, 11], [7, 13], [7, 16], [8, 12], [9, 11], [9, 14], [9, 16], [11, 15], [12, 15], [15, 16]], "num_nodes": 17, "num_colors": 3, "opt_value": 29, "opt_count": 252, "feasible_count": 129140163, "mean_value": 19.333333333333332, "std": 2.5385910352879697, "level": 91, "gammas": [0.15004968643188477, 0.24679970741271973, 0.2643505930900574, 0.2653012275695801, 0.2665182948112488, 0.26592209935188293, 0.2652340531349182, 0.26471972465515137, 0.26379653811454773, 0.2612391710281372, 0.2560370862483978, 0.24580906331539154, 0.2321903556585312, 0.231008380651474, 0.22395826876163483, 0.2170865684747696, 0.24099072813987732, 0.23067151010036469, 0.19912734627723694, 0.20633184909820557, 0.21025396883487701, 0.20353858172893524, 0.19252820312976837, 0.20496270060539246, 0.22853775322437286, 0.19361700117588043, 0.20946642756462097, 0.18987655639648438, 0.19782084226608276, 0.2000957876443863, 0.20127378404140472, 0.2019217312335968, 0.20350179076194763, 0.20474889874458313, 0.2038680613040924, 0.20254039764404297, 0.2019563466310501, 0.20313239097595215, 0.20258553326129913, 0.20182490348815918, 0.2074189931154251, 0.19931849837303162, 0.19875867664813995, 0.19830821454524994, 0.21603265404701233, -0.12499725818634033, -0.08879704773426056, -0.20743617415428162, -0.2186228632926941, -0.22173140943050385, -0.22317273914813995, -0.22189433872699738, -0.22013744711875916, -0.22192877531051636, -0.2233855277299881, -0.2236682027578354, -0.22353437542915344, -0.22358186542987823, -0.22366085648536682, -0.22307321429252625, -0.22305075824260712, -0.23036164045333862, -0.2257840484380722, -0.23143717646598816, -0.23252294957637787, -0.23454008996486664, -0.23522233963012695, -0.23482273519039154, -0.23771260678768158, -0.2333042323589325, -0.23450951278209686, -0.2753293812274933, -0.24294769763946533, -0.2488735318183899, -0.2536361813545227, -0.2589763104915619, -0.2653310298919678, -0.26992595195770264, -0.27261045575141907, -0.27394789457321167, -0.274827241897583, -0.2762492299079895, -0.2776012420654297, -0.279552698135376, -0.27979522943496704, -0.2837727665901184, -0.28748300671577454, -0.2908996641635895, -0.28998416662216187, -0.29239147901535034, -0.2896093428134918], "betas": [-2.5752203464508057, -2.4509952068328857, -2.446479082107544, -2.4490468502044678, -2.454185962677002, -2.4632480144500732, -2.462272882461548, -2.453777313232422, -2.4465558528900146, -2.4355106353759766, -2.404254198074341, -2.324192762374878, -2.208806276321411, -2.1867384910583496, -1.9863004684448242, -1.9909170866012573, -1.8961148262023926, -2.0275068283081055, -1.946824312210083, -1.9484151601791382, -1.9142156839370728, -1.8955804109573364, -1.9077038764953613, -1.8271198272705078, -1.7867275476455688, -1.8457536697387695, -1.8246996402740479, -1.8568246364593506, -1.8772133588790894, -1.8721415996551514, -1.8717495203018188, -1.8667771816253662, -1.8673346042633057, -1.859366774559021, -1.851810097694397, -1.8444159030914307, -1.840973973274231, -1.8404321670532227, -1.8266913890838623, -1.825555443763733, -1.8344005346298218, -1.8164747953414917, -1.9059224128723145, -1.8020572662353516, 1.2479023933410645, 1.8778733015060425, 1.9818897247314453, 2.0329360961914062, 1.977218747138977, 2.001007318496704, 2.0086894035339355, 2.0123348236083984, 2.021785020828247, 2.0330982208251953, 2.0434410572052, 2.0545873641967773, 2.0650267601013184, 2.07183575630188, 2.0810494422912598, 2.08445143699646, 2.0941922664642334, 2.113030433654785, 2.100924491882324, 2.116170644760132, 2.128905773162842, 2.1669375896453857, 2.182086229324341, 2.194979667663574, 2.2177581787109375, 2.2714619636535645, 2.268179416656494, 2.2287044525146484, 2.3161544799804688, 2.3965141773223877, 2.4420783519744873, 2.490255832672119, 2.524813652038574, 2.546015977859497, 2.561711311340332, 2.576932907104492, 2.5938053131103516, 2.6121816635131836, 2.6316254138946533, 2.6457698345184326, 2.671921730041504, 2.711967945098877, 2.741185426712036, 2.7420413494110107, 2.766301393508911, 2.8162930011749268, 2.9205706119537354], "predicted_p_opt": 0.06534936772536054, "predicted_tts": 15.302366875263948, "p_opt": 0.03965286965602705, "tts": 25.218855751793104, "approx": 0.6754150689885172, "opt_gap": -0.3245849310114828}