{"edges": [[0, 8], [0, 15], [1, 3], [1, 7], [1, 8], [2, 13], [2, 16], [3, 4], [3, 8], [3, 9], [3, 13], [3, 14], [3, 16], [4, 12], [4, 13], [4, 15], [5, 13], [6, 8], [6, 13], [7, 8], [7, 9], [7, 10], [7, 14], [8, 10], [8, 11], [8, 15], [9, 11], [9, 15], [10, 12], [11, 12], [11, 13], [12, 13], [12, 14], [12, 16], [13, 14], [13, 16]], "num_nodes": 17, "num_colors": 3, "opt_value": 36, "opt_count": 24, "feasible_count": 129140163, "mean_value": 24.0, "std": 2.8284271247461903, "level": 91, "gammas": [0.11202347278594971, 0.18279768526554108, 0.21182289719581604, 0.21102875471115112, 0.2031329870223999, 0.1889636218547821, 0.19873513281345367, 0.1962614357471466, 0.1956920623779297, 0.19521912932395935, 0.19343329966068268, 0.19115565717220306, 0.18838806450366974, 0.18582841753959656, 0.1833527386188507, 0.18055938184261322, 0.17848767340183258, 0.17535722255706787, 0.1730755716562271, 0.1714223027229309, 0.16877903044223785, 0.16705574095249176, 0.16570261120796204, 0.16329941153526306, 0.16144266724586487, 0.16058464348316193, 0.15853221714496613, 0.15630121529102325, 0.15596726536750793, 0.15734833478927612, 0.1540110856294632, 0.1439695954322815, 0.15559589862823486, 0.1650044471025467, 0.15342146158218384, 0.1549520343542099, 0.14207293093204498, 0.17343583703041077, -0.10940618813037872, -0.058241989463567734, -0.14139097929000854, -0.16806663572788239, -0.16564354300498962, -0.16891099512577057, -0.16155239939689636, -0.16014914214611053, -0.16091474890708923, -0.16103950142860413, -0.161617711186409, -0.16274820268154144, -0.16238097846508026, -0.16313108801841736, -0.1645810753107071, -0.164236918091774, -0.16464416682720184, -0.16630256175994873, -0.16638408601284027, -0.16647766530513763, -0.16854602098464966, -0.1684783548116684, -0.17037177085876465, -0.17144423723220825, -0.1729327291250229, -0.17225782573223114, -0.17480456829071045, -0.17660151422023773, -0.1778677999973297, -0.17973975837230682, -0.1813458800315857, -0.18356502056121826, -0.1888878494501114, -0.18456372618675232, -0.1775757521390915, -0.20612449944019318, -0.1979236900806427, -0.2018551528453827, -0.19622424244880676, -0.20066170394420624, -0.2105829119682312, -0.21486246585845947, -0.21753402054309845, -0.22004421055316925, -0.22252948582172394, -0.22526565194129944, -0.22762160003185272, -0.22987323999404907, -0.23184479773044586, -0.23381192982196808, -0.23588921129703522, -0.2384641468524933, -0.23644156754016876], "betas": [-2.4833528995513916, -2.2286150455474854, -2.2809009552001953, -2.093416690826416, -2.3927385807037354, -2.3374791145324707, -2.282083511352539, -2.297808885574341, -2.281968355178833, -2.259326219558716, -2.2346479892730713, -2.2040770053863525, -2.1721296310424805, -2.1406054496765137, -2.1048293113708496, -2.077941417694092, -2.0427932739257812, -2.0152158737182617, -1.9885168075561523, -1.9617375135421753, -1.9400978088378906, -1.9171198606491089, -1.894110083580017, -1.874587893486023, -1.8561246395111084, -1.8360517024993896, -1.8182421922683716, -1.8023521900177002, -1.7815605401992798, -1.7603802680969238, -1.7543118000030518, -1.7557750940322876, -1.715428352355957, -1.7083306312561035, -1.7117347717285156, -1.7003229856491089, -1.6305973529815674, 1.2442474365234375, 1.706052541732788, 1.8388340473175049, 1.8132333755493164, 1.81521737575531, 1.8203258514404297, 1.8278964757919312, 1.8477275371551514, 1.8463892936706543, 1.8535562753677368, 1.8614332675933838, 1.8699182271957397, 1.87567138671875, 1.8803812265396118, 1.8864116668701172, 1.8940452337265015, 1.8993797302246094, 1.906221628189087, 1.9160865545272827, 1.9241305589675903, 1.931826114654541, 1.9455115795135498, 1.9536408185958862, 1.9692398309707642, 1.9800375699996948, 1.9993774890899658, 2.0135490894317627, 2.0301311016082764, 2.0498294830322266, 2.070344924926758, 2.091464042663574, 2.1143975257873535, 2.139158010482788, 2.157503604888916, 2.198157548904419, 2.24338960647583, 2.2225396633148193, 2.296745777130127, 2.326808452606201, 2.385850429534912, 2.4375417232513428, 2.4794580936431885, 2.524700164794922, 2.5656187534332275, 2.6035871505737305, 2.642930269241333, 2.6778526306152344, 2.7078185081481934, 2.7339394092559814, 2.758805274963379, 2.78179669380188, 2.809565544128418, 2.857481002807617, 2.9604034423828125], "predicted_p_opt": 0.006223749307177195, "predicted_tts": 160.67485219027142, "p_opt": 0.0038808274457100226, "tts": 257.67700676963324, "approx": 0.6530753858728677, "opt_gap": -0.34692461412713227}