{"N": 22, "edgelist": ["0 1 {}\n", "0 2 {}\n", "0 4 {}\n", "0 5 {}\n", "0 6 {}\n", "0 8 {}\n", "0 11 {}\n", "0 20 {}\n", "1 2 {}\n", "1 4 {}\n", "1 7 {}\n", "1 10 {}\n", "1 11 {}\n", "1 12 {}\n", "1 15 {}\n", "1 17 {}\n", "1 18 {}\n", "1 20 {}\n", "1 21 {}\n", "2 5 {}\n", "2 6 {}\n", "2 9 {}\n", "2 10 {}\n", "2 11 {}\n", "2 12 {}\n", "2 13 {}\n", "2 14 {}\n", "2 15 {}\n", "2 19 {}\n", "2 20 {}\n", "2 21 {}\n", "3 4 {}\n", "3 8 {}\n", "3 10 {}\n", "3 11 {}\n", "3 14 {}\n", "3 15 {}\n", "3 17 {}\n", "3 18 {}\n", "4 8 {}\n", "4 10 {}\n", "4 11 {}\n", "4 13 {}\n", "4 14 {}\n", "4 15 {}\n", "4 16 {}\n", "4 17 {}\n", "4 18 {}\n", "4 20 {}\n", "5 7 {}\n", "5 8 {}\n", "5 9 {}\n", "5 11 {}\n", "5 12 {}\n", "5 13 {}\n", "5 14 {}\n", "5 15 {}\n", "5 16 {}\n", "5 17 {}\n", "5 18 {}\n", "5 19 {}\n", "5 21 {}\n", "6 7 {}\n", "6 11 {}\n", "6 13 {}\n", "6 15 {}\n", "6 18 {}\n", "6 19 {}\n", "6 21 {}\n", "7 8 {}\n", "7 11 {}\n", "7 12 {}\n", "7 13 {}\n", "7 15 {}\n", "7 17 {}\n", "7 18 {}\n", "8 11 {}\n", "8 13 {}\n", "8 14 {}\n", "8 17 {}\n", "9 12 {}\n", "9 14 {}\n", "10 16 {}\n", "10 20 {}\n", "11 12 {}\n", "11 14 {}\n", "11 17 {}\n", "11 19 {}\n", "11 20 {}\n", "11 21 {}\n", "12 14 {}\n", "12 15 {}\n", "12 18 {}\n", "12 21 {}\n", "13 14 {}\n", "13 16 {}\n", "13 17 {}\n", "13 21 {}\n", "14 15 {}\n", "14 18 {}\n", "14 20 {}\n", "15 16 {}\n", "15 17 {}\n", "15 19 {}\n", "16 19 {}\n", "16 20 {}\n", "17 19 {}\n", "17 20 {}\n", "17 21 {}\n", "18 19 {}\n", "19 21 {}\n"], "opt_value": 99, "opt_count": 4, "feasible_count": 705432, "mean_value": 84.57142857142857, "std": 3.776232984492434, "level": 24, "gammas": [0.08490374713811898, 0.1814541915152851, 0.2126373524091504, 0.22305454014047238, 0.22631286487048827, 0.22634734529637782, 0.22455508762741103, 0.2217737040279969, 0.2190066425003133, 0.21753846401283963, 0.21797431953979926, 0.2197220296672093, 0.22179180185385755, 0.22391630525039172, 0.22643587521041686, 0.2297751393465802, 0.23381661052256017, 0.23838829469534673, 0.24335358704063295, 0.2488841445316924, 0.25533210605962076, 0.26321555211862646, 0.27347225543838277, 0.2900351508562028], "betas": [-2.7678172064131727, -2.587230958468323, -2.494229582080037, -2.431186098834481, -2.377378023465847, -2.3243614780463604, -2.2690551478760526, -2.214006032774926, -2.167858445331521, -2.1397005817332952, -2.129183158678811, -2.1248640479694223, -2.1184999988124957, -2.109700419281699, -2.102365555053646, -2.097444373825712, -2.0904018710098042, -2.0755347672752866, -2.0490449631772534, -2.0063553700094148, -1.9405432556835034, -1.8375540322623967, -1.663747615486941, 4.958250967368993], "predicted_p_opt": 0.013614352623640549, "predicted_tts": 73.45189504373178, "p_opt": 0.0001538042790403455, "tts": 6501.769692231273, "approx": 0.9580314106978043, "opt_gap": -0.041968589302195713}