{"N": 24, "edgelist": ["0 1 {}\n", "0 2 {}\n", "0 3 {}\n", "0 4 {}\n", "0 6 {}\n", "0 10 {}\n", "0 11 {}\n", "0 12 {}\n", "0 15 {}\n", "0 16 {}\n", "0 17 {}\n", "0 19 {}\n", "0 21 {}\n", "0 22 {}\n", "0 23 {}\n", "1 3 {}\n", "1 4 {}\n", "1 6 {}\n", "1 9 {}\n", "1 12 {}\n", "1 14 {}\n", "1 16 {}\n", "1 18 {}\n", "1 19 {}\n", "1 22 {}\n", "1 23 {}\n", "2 3 {}\n", "2 4 {}\n", "2 5 {}\n", "2 6 {}\n", "2 10 {}\n", "2 11 {}\n", "2 14 {}\n", "2 17 {}\n", "2 18 {}\n", "2 22 {}\n", "2 23 {}\n", "3 4 {}\n", "3 5 {}\n", "3 7 {}\n", "3 9 {}\n", "3 10 {}\n", "3 13 {}\n", "3 15 {}\n", "3 16 {}\n", "3 17 {}\n", "3 18 {}\n", "3 20 {}\n", "3 21 {}\n", "3 22 {}\n", "4 5 {}\n", "4 7 {}\n", "4 8 {}\n", "4 10 {}\n", "4 12 {}\n", "4 14 {}\n", "4 15 {}\n", "4 16 {}\n", "4 18 {}\n", "4 19 {}\n", "5 8 {}\n", "5 9 {}\n", "5 14 {}\n", "5 15 {}\n", "5 18 {}\n", "5 20 {}\n", "5 23 {}\n", "6 11 {}\n", "6 14 {}\n", "6 17 {}\n", "6 18 {}\n", "6 20 {}\n", "6 22 {}\n", "6 23 {}\n", "7 9 {}\n", "7 10 {}\n", "7 11 {}\n", "7 12 {}\n", "7 13 {}\n", "7 14 {}\n", "7 16 {}\n", "7 18 {}\n", "7 20 {}\n", "7 21 {}\n", "7 23 {}\n", "8 9 {}\n", "8 11 {}\n", "8 12 {}\n", "8 15 {}\n", "8 16 {}\n", "8 17 {}\n", "8 19 {}\n", "8 22 {}\n", "8 23 {}\n", "9 10 {}\n", "9 11 {}\n", "9 12 {}\n", "9 13 {}\n", "9 16 {}\n", "9 18 {}\n", "9 19 {}\n", "9 20 {}\n", "9 22 {}\n", "9 23 {}\n", "10 11 {}\n", "10 12 {}\n", "10 13 {}\n", "10 15 {}\n", "10 17 {}\n", "10 18 {}\n", "10 19 {}\n", "10 20 {}\n", "10 21 {}\n", "10 23 {}\n", "11 13 {}\n", "11 14 {}\n", "11 17 {}\n", "12 14 {}\n", "12 15 {}\n", "12 18 {}\n", "12 19 {}\n", "12 21 {}\n", "12 22 {}\n", "13 20 {}\n", "13 21 {}\n", "13 23 {}\n", "14 15 {}\n", "14 16 {}\n", "14 18 {}\n", "14 20 {}\n", "14 21 {}\n", "14 22 {}\n", "15 16 {}\n", "15 18 {}\n", "15 21 {}\n", "15 22 {}\n", "16 19 {}\n", "16 20 {}\n", "16 22 {}\n", "17 22 {}\n", "17 23 {}\n", "18 20 {}\n", "18 21 {}\n", "18 22 {}\n", "18 23 {}\n", "20 21 {}\n", "20 23 {}\n"], "opt_value": 127, "opt_count": 8, "feasible_count": 2704156, "mean_value": 111.84782608695652, "std": 3.6122391492836696, "level": 35, "gammas": [3.1415925904334054, 3.141592782503791, 3.1415928443903005, 3.141592817637402, 3.141592758924685, 3.141592715271113, 3.1415927032599154, 3.1415927268662878, 3.141592765731829, 3.141592795398448, 3.1415927896753177, 3.141592768901759, 3.1415927355449083, 3.1415927124226375, 3.1415927159544106, 3.1415927201038967, 3.1415926723858236, 3.141592422323252, 3.141592183137378, 3.1415919037152285, 3.14159174348203, 3.1415909697947537, 3.1415892342550813, 3.141583382070039, 3.1415712768880026, 3.141565102868624, 3.1415395188260633, 3.141554428719299, 3.1415470572421236, 3.141519681745422, 3.141431322892043, 3.1415461387490384, 3.140342827245896, 3.1387576453040467, 3.1409484677559663], "betas": [3.1415925997962586, 3.1415924813652336, 3.141592467642486, 3.1415925153993656, 3.1415925692191875, 3.141592602847629, 3.1415925974772136, 3.1415925612603823, 3.1415925253970642, 3.1415925085957745, 3.141592506533092, 3.1415925119503916, 3.141592524486485, 3.1415925092732073, 3.141592443115353, 3.1415923662472687, 3.1415922329992356, 3.14159207940169, 3.1415920695819213, 3.1415918564860577, 3.1415914944015997, 3.1415893032900586, 3.1415867246226146, 3.141576025393594, 3.141570832501623, 3.141555415233149, 3.1415364354703725, 3.141551872649431, 3.1415346794352184, 3.141537620216624, 3.141309816291611, 3.1415208916194772, 3.138894027493595, 3.1398491114907316, 3.1414589395570185], "predicted_p_opt": 0.014913340798385893, "predicted_tts": 67.05405673477485, "p_opt": 0.014839367821953258, "tts": 67.38831545914017, "approx": 0.8824616648979482, "opt_gap": -0.1175383351020518, "th": -126.9990005493164}