{"edges": [[6, 12], [6, 10], [6, 2], [12, 8], [12, 15], [3, 7], [3, 25], [3, 23], [7, 10], [7, 9], [5, 13], [5, 2], [5, 17], [13, 10], [13, 21], [4, 15], [4, 20], [4, 1], [15, 23], [25, 11], [25, 2], [14, 22], [14, 11], [14, 20], [22, 18], [22, 8], [8, 18], [18, 24], [11, 17], [19, 21], [19, 16], [19, 0], [21, 24], [1, 9], [1, 23], [9, 16], [17, 0], [0, 16], [24, 20]], "num_nodes": 26, "opt_value": 34, "opt_count": 6, "feasible_count": 67108864, "mean_value": 19.5, "std": 3.122498999199199, "level": 17, "gammas": [0.10231093317270279, 0.21065327525138855, 0.23882417380809784, 0.24413248896598816, 0.24200542271137238, 0.23734167218208313, 0.2333386391401291, 0.23160375654697418, 0.23197247087955475, 0.23431937396526337, 0.2385040521621704, 0.24440553784370422, 0.2532486915588379, 0.2661036550998688, 0.2826547920703888, 0.30318573117256165, 0.33206382393836975], "betas": [-2.580227851867676, -2.290680408477783, -2.127617120742798, -2.009233236312866, -1.9071283340454102, -1.8206027746200562, -1.7575578689575195, -1.7137539386749268, -1.6812511682510376, -1.6581403017044067, -1.6398526430130005, -1.6250380277633667, -1.617581844329834, -1.609290599822998, -1.5760749578475952, -1.4775481224060059, -1.2110531330108643], "predicted_p_opt": 0.00010952353477478027, "predicted_tts": 9130.45768707483, "p_opt": 1.163075125987234e-06, "tts": 859789.6882638482, "approx": 0.8069696426391602, "opt_gap": -0.19303035736083984}