{"N": 18, "edgelist": ["0 3 {}\n", "0 4 {}\n", "0 5 {}\n", "0 7 {}\n", "0 8 {}\n", "0 10 {}\n", "0 11 {}\n", "0 12 {}\n", "0 14 {}\n", "0 15 {}\n", "0 17 {}\n", "1 3 {}\n", "1 7 {}\n", "1 8 {}\n", "1 12 {}\n", "1 13 {}\n", "1 15 {}\n", "2 5 {}\n", "2 11 {}\n", "2 12 {}\n", "2 13 {}\n", "2 14 {}\n", "2 16 {}\n", "3 4 {}\n", "3 12 {}\n", "3 13 {}\n", "3 14 {}\n", "3 16 {}\n", "3 17 {}\n", "4 5 {}\n", "4 6 {}\n", "4 7 {}\n", "4 9 {}\n", "4 11 {}\n", "4 12 {}\n", "4 13 {}\n", "4 15 {}\n", "5 6 {}\n", "5 8 {}\n", "5 11 {}\n", "5 12 {}\n", "5 15 {}\n", "5 16 {}\n", "6 10 {}\n", "6 11 {}\n", "6 13 {}\n", "6 14 {}\n", "6 15 {}\n", "6 16 {}\n", "6 17 {}\n", "7 8 {}\n", "7 10 {}\n", "8 9 {}\n", "8 10 {}\n", "8 11 {}\n", "8 12 {}\n", "8 13 {}\n", "8 14 {}\n", "8 15 {}\n", "8 17 {}\n", "9 10 {}\n", "9 12 {}\n", "9 15 {}\n", "9 16 {}\n", "9 17 {}\n", "10 12 {}\n", "10 13 {}\n", "10 14 {}\n", "10 15 {}\n", "10 16 {}\n", "11 13 {}\n", "11 14 {}\n", "11 16 {}\n", "11 17 {}\n", "12 13 {}\n", "12 15 {}\n", "12 16 {}\n", "12 17 {}\n", "13 14 {}\n", "13 17 {}\n", "14 16 {}\n", "14 17 {}\n", "15 16 {}\n", "15 17 {}\n", "16 17 {}\n"], "opt_value": 75, "opt_count": 3, "feasible_count": 48620, "mean_value": 65.0, "std": 2.807552838536876, "level": 23, "gammas": [-0.16875927268703012, -0.29020076292684727, -0.3160339409917987, -0.32878394978972175, -0.33794455825886877, -0.34612173631519544, -0.35631799026495153, -0.3429749477457675, -0.34609018231046557, -0.34763818322871604, -0.3488237436296353, -0.3506725305589021, -0.35244465411973586, -0.3542709662997572, -0.35638990428756634, -0.3592098402892331, -0.4003576509351148, -0.3140632458841148, -0.3296005804053981, -0.339531424453169, -0.3429330800793707, 5.941523654123698, 5.949377875256508], "betas": [2.700954291495237, 2.6062998202016368, 2.5811618709424957, 2.5703063577709875, 2.5556928842439524, 2.5486548968850458, 2.6147065441243167, 2.623816449352425, 2.618453238927925, 2.613123694686997, 2.6109013004254793, 2.601400520522759, 2.590434584658089, 2.583076532091656, 2.573937905356238, 2.52119029516333, 2.511123188547543, 2.727547648582274, 2.7591598691712664, 2.716910630063495, 2.661241489853633, 2.6045237404965023, 2.4406631048477903], "predicted_p_opt": 0.13630193336075688, "predicted_tts": 7.336653085860872, "p_opt": 0.002191899100172045, "tts": 456.225380046695, "approx": 0.9734810795897738, "opt_gap": -0.026518920410226188}