{"edges": [[0, 4], [0, 7], [0, 8], [0, 13], [1, 3], [1, 6], [1, 10], [1, 13], [2, 4], [2, 12], [3, 7], [3, 11], [4, 13], [5, 9], [5, 10], [5, 11], [6, 8], [6, 10], [6, 12], [7, 11], [8, 10], [10, 11], [10, 12]], "num_nodes": 14, "num_colors": 3, "opt_value": 23, "opt_count": 96, "feasible_count": 4782969, "mean_value": 15.333333333333334, "std": 2.260776661041756, "level": 85, "gammas": [3.141592894324707, 3.141592869818541, 3.1415928757037825, 3.141592861851214, 3.1415928492394163, 3.141592843915851, 3.1415928277619396, 3.141592826862166, 3.141592818312169, 3.141592814329427, 3.14159280791438, 3.14159280164879, 3.1415927964240637, 3.141592790855539, 3.1415927974874966, 3.1415928032471045, 3.1415927951209, 3.1415927846316136, 3.1415927813306883, 3.141592775093581, 3.141592777006547, 3.1415927689052876, 3.1415927654058446, 3.1415927398305956, 3.1415927132458785, 3.141592673241359, 3.141592628924356, 3.1415924825638593, 3.1415922423396965, 3.141592067044025, 3.141591974534625, 3.141591718524263, 3.1415911711118754, 3.1415902791362202, 3.1415890516378724, 3.1415880391099082, 3.1415872277278076, 3.1415859849871723, 3.1415834149754733, 3.141581118037296, 3.141579023548388, 3.141579968995874, 3.1415846693198337, 3.141581062679349, 3.1415581345031955, 3.1415447350644774, 3.1415508627670627, 3.1415496761320547, 3.1415137273518248, 3.1414963561194544, 3.1415160792213066, 3.1415269666388874, 3.1415163569777884, 3.1414897900267214, 3.1414357165521043, 3.1414225956167674, 3.1414680448000007, 3.141450537507817, 3.1412726535827353, 3.1411334158080004, 3.141189732607194, 3.141212934094874, 3.141282835865752, 3.141256900346523, 3.1412030416047814, 3.141129109028688, 3.1408263895922937, 3.1403849746253747, 3.1406640858969923, 3.1405516203215518, 3.140206724063732, 3.1394412387825175, 3.1401914514839966, 3.1405039206906333, 3.140299585616194, 3.139380210871001, 3.139217537744454, 3.1382384887339754, 3.1383870324157748, 3.1333923192765547, 3.1361871053554693, 3.1282734509025767, 3.1356848105570534, 3.130104480841577, 3.1372113307066463], "betas": [3.141592410618047, 3.141592440383135, 3.1415924444698047, 3.1415924472983394, 3.1415924554030723, 3.1415924628502396, 3.1415924722744135, 3.1415924849273207, 3.141592494280492, 3.1415925001512357, 3.141592502971996, 3.1415925051646245, 3.1415925050446605, 3.141592508349718, 3.1415925146762818, 3.141592519610157, 3.141592518215028, 3.1415925144982326, 3.1415925133838583, 3.1415925143349748, 3.141592514411577, 3.1415925122820227, 3.1415925005366936, 3.1415924735773046, 3.141592439769849, 3.1415924062305125, 3.141592322350507, 3.141592108372202, 3.141591884488825, 3.141591765672249, 3.1415916324564583, 3.141591239247419, 3.1415905518874268, 3.141589451782771, 3.1415883043493995, 3.141587428352561, 3.1415865732560158, 3.1415846235895617, 3.141582036444179, 3.141579843250239, 3.1415787014099945, 3.1415820565347876, 3.1415850678668518, 3.141570809574749, 3.141548025482135, 3.1415464435804656, 3.1415533665465523, 3.141534800462141, 3.1414976387206224, 3.1415053605020087, 3.1415230386210258, 3.141524924252637, 3.14150403764595, 3.1414668050063734, 3.141415002798316, 3.1414485175900793, 3.1414707469166103, 3.1413857883803664, 3.141166593802429, 3.141163017031688, 3.141192708946615, 3.1412581953307277, 3.141269144958696, 3.141246587686749, 3.1411470948809077, 3.1410663421678624, 3.1405020359188063, 3.1405340324795232, 3.1406168488188784, 3.1405029766041497, 3.139690893396087, 3.13973406536538, 3.140405789478787, 3.140567656590707, 3.13966517520839, 3.139560128349957, 3.138307058499628, 3.13916261249535, 3.135093675268856, 3.1353806740393786, 3.1318861809389498, 3.1315657257713867, 3.13348605030151, 3.132167414698307, 3.1404941904209087], "predicted_p_opt": 0.58690240308896, "predicted_tts": 1.7038608033240996, "p_opt": 0.4807043162895087, "tts": 2.080280883930613, "approx": 0.8268980455676802, "opt_gap": -0.1731019544323198, "th": -22.999000549316406}