{"edges": [[0, 2], [0, 3], [0, 4], [0, 8], [0, 12], [1, 2], [1, 5], [1, 10], [1, 12], [3, 6], [3, 11], [4, 5], [4, 6], [4, 10], [4, 11], [4, 12], [5, 8], [5, 11], [6, 7], [7, 10], [8, 11], [9, 10], [10, 12]], "num_nodes": 13, "num_colors": 3, "distribution": [[0, 3], [4, 120], [8, 4092], [5, 288], [7, 1776], [9, 9306], [11, 43320], [12, 85446], [1, 6], [6, 672], [10, 20868], [3, 48], [13, 147600], [14, 220602], [2, 12], [15, 279318], [16, 287430], [17, 233364], [18, 149424], [19, 74580], [20, 27480], [21, 7224], [22, 1248], [23, 96]], "opt_value": 23, "opt_count": 96, "feasible_count": 1594323, "mean_value": 15.333333333333334, "std": 2.2607766610417563, "level": 7, "gammas": [0.160045325756073, 0.3076103925704956, 0.3429684340953827, 0.3600158393383026, 0.3771267533302307, 0.4017263650894165, 0.44692814350128174], "betas": [2.16801118850708, 1.731104850769043, 1.5422872304916382, 1.4405908584594727, 1.3638018369674683, 1.274389386177063, 1.0880205631256104], "predicted_p_opt": 0.01354807024674423, "predicted_tts": 73.81125, "p_opt": 0.0008452672627754509, "tts": 1183.0577665062779, "approx": 0.8501213788986206}