{"locs": [[0.15, 0.14], [0.21, 0.05], [0.54, 0.63], [0.26, 0.17], [0.81, 0.51], [0.06, 0.95], [0.3, 0.85], [0.0, 0.41], [0.95, 0.65], [0.8, 0.18]], "opt_value": 3.154655933380127, "opt_count": 2.0, "feasible_count": 362880.0, "mean_value": 6.09059476852417, "std": 0.7011605501174927, "level": 5, "gammas": [3.1416465703232914, 3.141461601818861, 3.141827220523486, 3.1413955079684097, 3.1414206130527367], "betas": [3.1414336557995988, 3.141602542507878, 3.1418643476096935, 3.1414586689349595, 3.1415386100067964], "predicted_p_opt": 0.0006668871252204586, "predicted_tts": 1499.5041322314048, "p_opt": 0.0006667401787778231, "tts": 1499.83461598649, "approx": 1.9300532341003418, "opt_gap": 0.9300532341003418, "th": 3.155655860900879}