{"edges": [[0, 3], [0, 4], [0, 5], [0, 12], [1, 6], [1, 8], [1, 9], [2, 4], [2, 10], [3, 4], [3, 9], [3, 10], [4, 6], [4, 7], [4, 10], [5, 6], [5, 8], [5, 10], [9, 10], [9, 11], [9, 12]], "num_nodes": 13, "num_colors": 3, "opt_value": 21, "opt_count": 96, "feasible_count": 1594323, "mean_value": 14.0, "std": 2.160246899469287, "level": 69, "gammas": [3.1415927149565843, 3.141592683758934, 3.1415926477101155, 3.141592633450078, 3.141592638377278, 3.1415926429619785, 3.1415926481169727, 3.1415926492595685, 3.1415926555579206, 3.141592645149972, 3.141592667282862, 3.141592646868237, 3.1415926483547025, 3.141592644541245, 3.1415926384753394, 3.141592635920794, 3.1415926226245126, 3.141592622742956, 3.1415926040211097, 3.1415925767561705, 3.1415925472973765, 3.1415925009165075, 3.1415924711526326, 3.141592324402883, 3.1415920660007868, 3.1415914974216625, 3.1415906968612104, 3.1415895567421037, 3.1415879643195144, 3.141587139863218, 3.141586589325179, 3.141585727582292, 3.1415831997939376, 3.1415793525606808, 3.1415720877286635, 3.141568729878804, 3.1415669932531256, 3.1415577490450732, 3.141514581724324, 3.141488516474431, 3.14146939752484, 3.141451891173498, 3.1413807010059127, 3.1413418368184436, 3.141405187163109, 3.1414010735037543, 3.141216340714747, 3.1410950326033165, 3.1409942202511942, 3.1409188252382174, 3.1406446650459947, 3.140252334398155, 3.1400728727242666, 3.139345598237422, 3.140409010279961, 3.1407373716382576, 3.140695549188176, 3.1400744058402674, 3.14029138112033, 3.1394381371353095, 3.138048429106432, 3.133698872024732, 3.1368591413577835, 3.1300480022900294, 3.133835408322172, 3.1317543758415147, 3.1384776745864498, 3.1277885846430045, 3.127137321206789], "betas": [3.1415926184144967, 3.1415926441229547, 3.141592668780878, 3.141592671570571, 3.1415926690779767, 3.1415926653146564, 3.141592660799771, 3.1415926556460256, 3.141592648781706, 3.1415926509397787, 3.1415926511217425, 3.1415926481477405, 3.1415926534169176, 3.1415926599612556, 3.141592664030168, 3.141592663863656, 3.141592661482393, 3.1415926439737327, 3.1415926157074954, 3.14159258350702, 3.1415925432067286, 3.1415925153390067, 3.1415924337259944, 3.141592232214052, 3.1415918462854373, 3.1415911178219056, 3.1415902409089833, 3.1415887653797108, 3.1415874973368267, 3.1415869058383437, 3.141586367240768, 3.141584664012982, 3.1415816837478316, 3.14157588120343, 3.1415697059398386, 3.1415679006937074, 3.1415651849497346, 3.1415392292238375, 3.1414961714665552, 3.1414813848231433, 3.141459312063059, 3.14142812904334, 3.141340006749044, 3.1413764330580656, 3.14141443895183, 3.1413372583846217, 3.1411154603160054, 3.1410847716095165, 3.140903729219288, 3.1408983104282937, 3.140320809011749, 3.140313198166248, 3.1395530234556195, 3.1397695951689446, 3.140723012215988, 3.140747554048266, 3.140380454723805, 3.1401982356632083, 3.1398351226049206, 3.1393558258152217, 3.1351233213984226, 3.1355488843876476, 3.1336649935451666, 3.1312994652039197, 3.1335230534086476, 3.132877742294293, 3.1385459084961473, 3.1208937673486816, 3.1366267269664903], "predicted_p_opt": 1.1633878454993123, "predicted_tts": 0.8595585761606542, "p_opt": 0.7766960762829713, "tts": 1.2875048948176648, "approx": 0.9255609990784596, "opt_gap": -0.07443900092154043, "th": -20.999000549316406}