{"edges": [[0, 1], [0, 2], [0, 5], [0, 7], [0, 9], [0, 13], [1, 4], [1, 5], [1, 8], [2, 3], [2, 5], [2, 9], [2, 10], [2, 13], [2, 14], [3, 14], [3, 15], [4, 8], [4, 9], [4, 15], [5, 10], [5, 12], [5, 14], [5, 15], [6, 9], [6, 10], [6, 13], [6, 14], [7, 8], [7, 9], [7, 10], [7, 13], [7, 14], [8, 14], [9, 14], [10, 11], [10, 15], [13, 14], [14, 15]], "num_nodes": 16, "num_colors": 3, "opt_value": 39, "opt_count": 24, "feasible_count": 43046721, "mean_value": 26.0, "std": 2.943920288775949, "level": 19, "gammas": [0.08798228949308395, 0.18012137711048126, 0.20456163585186005, 0.2130136787891388, 0.21740508079528809, 0.22040215134620667, 0.22327464818954468, 0.22638298571109772, 0.22946789860725403, 0.23270688951015472, 0.2363002598285675, 0.24039946496486664, 0.2450678050518036, 0.2501942217350006, 0.25656571984291077, 0.26583027839660645, 0.27943554520606995, 0.3003981113433838, 0.3392142057418823], "betas": [-2.2757039070129395, -1.8302708864212036, -1.6314841508865356, -1.5363599061965942, -1.4850932359695435, -1.4554407596588135, -1.4386608600616455, -1.426987648010254, -1.4161654710769653, -1.405427098274231, -1.393767237663269, -1.380361795425415, -1.3627201318740845, -1.3390024900436401, -1.3122841119766235, -1.282214879989624, -1.2412440776824951, -1.1742571592330933, -1.021705985069275], "predicted_p_opt": 0.000848008841370287, "predicted_tts": 1179.2329881656806, "p_opt": 8.406829692830797e-06, "tts": 118950.90498297868, "approx": 0.8382689356803894, "opt_gap": -0.1617310643196106}