{"edges": [[0, 3], [0, 5], [0, 8], [0, 10], [1, 5], [1, 6], [1, 8], [2, 8], [2, 9], [2, 13], [2, 15], [3, 9], [3, 12], [3, 13], [3, 14], [4, 6], [4, 8], [5, 7], [5, 9], [5, 11], [6, 11], [7, 9], [7, 11], [9, 12], [9, 14], [9, 15]], "num_nodes": 16, "num_colors": 3, "opt_value": 26, "opt_count": 384, "feasible_count": 43046721, "mean_value": 17.333333333333332, "std": 2.403700850309326, "level": 75, "gammas": [0.18074345588684082, 0.28935524821281433, 0.28930795192718506, 0.2863702178001404, 0.2796347141265869, 0.2775774896144867, 0.2750419080257416, 0.27431103587150574, 0.27660468220710754, 0.27964457869529724, 0.2818776071071625, 0.2833227515220642, 0.2840137183666229, 0.2832760214805603, 0.2809000313282013, 0.2762537896633148, 0.26929613947868347, 0.2613310217857361, 0.2545858323574066, 0.252178430557251, 0.27358078956604004, 0.23285728693008423, 0.24171875417232513, 0.2289924919605255, 0.26298028230667114, 0.2751867473125458, 0.25102534890174866, 0.25890010595321655, 0.2644065320491791, 0.26420965790748596, 0.2595672607421875, 0.25258737802505493, 0.2501147389411926, 0.2559085190296173, 0.2634890675544739, 0.26517024636268616, 0.25952011346817017, 0.2497023344039917, 0.24905605614185333, 0.26081252098083496, 0.27079853415489197, 0.2711040675640106, 0.26532092690467834, 0.25955912470817566, 0.2553096115589142, 0.2584633529186249, 0.21753010153770447, -0.1830417513847351, -0.27862831950187683, -0.3156638741493225, -0.3127098083496094, -0.3081374168395996, -0.3068201541900635, -0.3060944080352783, -0.3041396141052246, -0.3047970235347748, -0.3084756135940552, -0.3044259250164032, -0.3065807819366455, -0.3075896203517914, -0.3082147538661957, -0.3081735670566559, -0.3079540729522705, -0.30797433853149414, -0.2987125515937805, -0.31852445006370544, -0.30537113547325134, -0.3078286647796631, -0.305132120847702, -0.3093404173851013, -0.3131491541862488, -0.3152638077735901, -0.3181721568107605, -0.32144615054130554, -0.3191566467285156], "betas": [-2.631920099258423, -2.41856050491333, -2.3099923133850098, -2.3445987701416016, -2.340757369995117, -2.29595685005188, -2.278642177581787, -2.2760581970214844, -2.292712688446045, -2.319329261779785, -2.3401596546173096, -2.347839117050171, -2.3468234539031982, -2.3368353843688965, -2.3157758712768555, -2.279391288757324, -2.224686861038208, -2.1676621437072754, -2.2099575996398926, -2.136956214904785, -1.8697503805160522, -2.0258266925811768, -1.9372974634170532, -2.056666374206543, -2.047462224960327, -2.2136242389678955, -2.173146963119507, -2.1572258472442627, -2.1676459312438965, -2.1563167572021484, -2.118875503540039, -2.0793516635894775, -2.0862555503845215, -2.1392180919647217, -2.180741786956787, -2.1641955375671387, -2.1015560626983643, -2.0509257316589355, -2.0971834659576416, -2.1734979152679443, -2.1995999813079834, -2.187706708908081, -2.1326639652252197, -2.099447011947632, -2.1724252700805664, -1.9953662157058716, 1.9346606731414795, 3.125288486480713, 2.6188766956329346, 2.5800893306732178, 2.5799002647399902, 2.5766947269439697, 2.5681264400482178, 2.5534634590148926, 2.541792631149292, 2.5601935386657715, 2.5781984329223633, 2.593729257583618, 2.586313486099243, 2.5873422622680664, 2.590350866317749, 2.594733238220215, 2.5934038162231445, 2.6161279678344727, 2.6759393215179443, 2.359774112701416, 2.6137170791625977, 2.63175368309021, 2.641317367553711, 2.642673969268799, 2.651277542114258, 2.6716055870056152, 2.7074475288391113, 2.76774525642395, 2.8850440979003906], "predicted_p_opt": 0.20339723436774662, "predicted_tts": 4.916487695166879, "p_opt": 0.1266325654987146, "tts": 7.896862833519318, "approx": 0.6957505566703327, "opt_gap": -0.3042494433296673}