{"edges": [[0, 1], [0, 2], [0, 7], [0, 8], [0, 9], [0, 12], [0, 15], [1, 2], [1, 5], [1, 10], [1, 14], [2, 9], [2, 10], [2, 13], [3, 9], [3, 12], [3, 13], [4, 6], [4, 10], [4, 12], [5, 9], [5, 11], [5, 15], [6, 7], [6, 8], [6, 9], [6, 14], [7, 9], [7, 10], [9, 15], [10, 11], [13, 14]], "num_nodes": 16, "num_colors": 3, "opt_value": 32, "opt_count": 96, "feasible_count": 43046721, "mean_value": 21.333333333333332, "std": 2.6666666666666665, "level": 75, "gammas": [-0.1407098025083542, -0.2300153523683548, -0.23757478594779968, -0.23798955976963043, -0.23735007643699646, -0.23381973803043365, -0.22591687738895416, -0.21229542791843414, -0.21436738967895508, -0.22369177639484406, -0.20998725295066833, -0.23620203137397766, -0.20320436358451843, -0.19778116047382355, -0.20363381505012512, -0.2063998132944107, -0.20536603033542633, -0.20157453417778015, -0.19811619818210602, -0.19701144099235535, -0.19765901565551758, -0.19755007326602936, -0.19541902840137482, -0.19335898756980896, -0.19238750636577606, -0.18380385637283325, -0.18259160220623016, -0.20673774182796478, -0.1921827495098114, -0.19369234144687653, -0.17709393799304962, -0.19273555278778076, -0.18920975923538208, -0.1904161274433136, -0.19276706874370575, -0.1945207566022873, -0.1963052749633789, -0.1995237171649933, -0.20572726428508759, -0.21550479531288147, -0.16306306421756744, 0.13381439447402954, 0.18643207848072052, 0.22968874871730804, 0.23754183948040009, 0.23509345948696136, 0.23255202174186707, 0.2322438806295395, 0.233009934425354, 0.22895576059818268, 0.2244657576084137, 0.23067067563533783, 0.23655490577220917, 0.2345941960811615, 0.2346046268939972, 0.235726460814476, 0.23755426704883575, 0.23942504823207855, 0.24102796614170074, 0.24208539724349976, 0.24297834932804108, 0.24413549900054932, 0.24555552005767822, 0.24785923957824707, 0.24133066833019257, 0.25504958629608154, 0.25865134596824646, 0.25409260392189026, 0.24882212281227112, 0.2549659013748169, 0.26065441966056824, 0.262858122587204, 0.2641124725341797, 0.26620593667030334, 0.2637169361114502], "betas": [2.6269843578338623, 2.433145046234131, 2.4077956676483154, 2.393556833267212, 2.4031407833099365, 2.3995721340179443, 2.3382275104522705, 2.2628753185272217, 2.3247058391571045, 2.18768310546875, 2.0543606281280518, 2.1317925453186035, 2.199193239212036, 2.085033655166626, 2.110440254211426, 2.118002414703369, 2.0799875259399414, 2.036926031112671, 2.013195037841797, 2.0144121646881104, 2.018132448196411, 2.004901885986328, 1.9799588918685913, 1.9625344276428223, 1.9391251802444458, 1.9772883653640747, 1.9757773876190186, 1.827463984489441, 1.9490268230438232, 1.8521186113357544, 1.9562629461288452, 1.9772270917892456, 1.963281512260437, 1.9659910202026367, 1.96079421043396, 1.9623867273330688, 1.9690089225769043, 1.9963672161102295, 2.0797781944274902, 2.008498191833496, -1.7850276231765747, -2.6645917892456055, -2.4156675338745117, -2.401787042617798, -2.3749029636383057, -2.376847505569458, -2.3873963356018066, -2.4064390659332275, -2.423872470855713, -2.361781597137451, -2.3135037422180176, -2.4019315242767334, -2.4036550521850586, -2.432164430618286, -2.444882869720459, -2.4653987884521484, -2.4796478748321533, -2.492677688598633, -2.50508713722229, -2.518911838531494, -2.5338852405548096, -2.5477943420410156, -2.555983066558838, -2.5647265911102295, -2.710566282272339, -2.5425500869750977, -2.626720428466797, -2.6292576789855957, -2.6949756145477295, -2.73415207862854, -2.7423808574676514, -2.7537841796875, -2.7855851650238037, -2.8340542316436768, -2.9338133335113525], "predicted_p_opt": 0.050849308591936655, "predicted_tts": 19.665950780667515, "p_opt": 0.033340362778102095, "tts": 29.993674833580354, "approx": 0.6676518495735433, "opt_gap": -0.3323481504264567}