{"edges": [[18, 23], [18, 1], [18, 15], [23, 20], [23, 16], [20, 12], [20, 3], [3, 10], [3, 14], [10, 5], [10, 6], [4, 15], [4, 5], [4, 17], [15, 13], [5, 19], [19, 13], [19, 2], [9, 17], [9, 0], [9, 12], [17, 22], [8, 21], [8, 11], [8, 7], [21, 2], [21, 14], [1, 12], [1, 7], [6, 14], [6, 16], [2, 16], [11, 13], [11, 22], [0, 7], [0, 22]], "num_nodes": 24, "opt_value": 32, "opt_count": 12, "feasible_count": 16777216, "mean_value": 18.0, "std": 3.0, "level": 5, "gammas": [0.1488688886165619, 0.27850648760795593, 0.30799993872642517, 0.32507285475730896, 0.3507113456726074], "betas": [-2.33780574798584, -1.9840298891067505, -1.7872086763381958, -1.6044498682022095, -1.2876275777816772], "predicted_p_opt": 8.654594421386719e-05, "predicted_tts": 11554.556473829201, "p_opt": 4.077019184478559e-06, "tts": 245277.23681238887, "approx": 0.7413628101348877, "opt_gap": -0.2586371898651123}