{"edges": [[0, 3], [0, 4], [0, 6], [0, 10], [1, 2], [1, 8], [1, 10], [1, 13], [2, 12], [2, 13], [3, 4], [3, 7], [4, 7], [4, 12], [5, 7], [5, 11], [5, 12], [6, 7], [6, 12], [6, 13], [7, 8], [7, 10], [7, 11], [8, 12], [8, 13], [9, 12], [10, 11], [10, 12], [11, 12]], "num_nodes": 14, "num_colors": 3, "opt_value": 29, "opt_count": 96, "feasible_count": 4782969, "mean_value": 19.333333333333332, "std": 2.5385910352879693, "level": 61, "gammas": [0.15346938371658325, 0.2503284513950348, 0.2587195038795471, 0.25522899627685547, 0.24659591913223267, 0.22753898799419403, 0.20704810321331024, 0.22199822962284088, 0.2470981776714325, 0.23928587138652802, 0.21492886543273926, 0.24348998069763184, 0.21689140796661377, 0.20505094528198242, 0.2147158682346344, 0.21779640018939972, 0.20919856429100037, 0.2054140865802765, 0.21609540283679962, 0.22246886789798737, 0.21319863200187683, 0.20176628232002258, 0.2118430882692337, 0.22188428044319153, 0.21875755488872528, 0.2228398472070694, 0.19921907782554626, 0.2215411216020584, 0.2033618539571762, 0.2186599224805832, 0.2211880087852478, 0.22290487587451935, 0.2351135015487671, 0.24277062714099884, 0.23229944705963135, 0.20811818540096283, 0.2032773494720459, 0.2154236137866974, -0.14208048582077026, -0.2881842851638794, -0.2833007872104645, -0.2783050537109375, -0.2790674865245819, -0.2770257294178009, -0.27634042501449585, -0.2761790454387665, -0.27361923456192017, -0.2712160646915436, -0.2717641294002533, -0.2706831395626068, -0.2716846168041229, -0.27278608083724976, -0.2735383212566376, -0.2742093503475189, -0.27523571252822876, -0.2765870690345764, -0.28076353669166565, -0.2775702178478241, -0.2847532629966736, -0.28672125935554504, -0.2874738872051239], "betas": [-2.6350510120391846, -2.4682798385620117, -2.3963329792022705, -2.340768337249756, -2.2382524013519287, -2.054755210876465, -2.0081520080566406, -2.240243911743164, -2.3231263160705566, -2.015779972076416, -1.97370445728302, -1.905763864517212, -2.012693405151367, -1.9529024362564087, -1.9770232439041138, -1.9712740182876587, -1.898354172706604, -1.931931734085083, -2.0248045921325684, -2.0165724754333496, -1.903643012046814, -1.8729225397109985, -2.000962257385254, -2.1281230449676514, -1.9368854761123657, -1.7017080783843994, -1.9625988006591797, -1.9423938989639282, -2.00451397895813, -2.1058871746063232, -2.0810513496398926, -2.125821113586426, -2.1877224445343018, -2.1624486446380615, -2.026625156402588, -2.0047218799591064, -2.3053269386291504, 2.1806063652038574, 3.2182552814483643, 2.6637516021728516, 2.662013053894043, 2.626892566680908, 2.616053819656372, 2.622413158416748, 2.6258487701416016, 2.599848985671997, 2.5317211151123047, 2.4849026203155518, 2.527482032775879, 2.5513861179351807, 2.5617144107818604, 2.5722522735595703, 2.579991340637207, 2.589571952819824, 2.6049835681915283, 2.617300271987915, 2.6320838928222656, 2.7553811073303223, 2.5470058917999268, 2.8134870529174805, 2.947035551071167], "predicted_p_opt": 0.303657414463694, "predicted_tts": 3.2931848602022606, "p_opt": 0.17427408236051561, "tts": 5.738087881199281, "approx": 0.706082117062968, "opt_gap": -0.293917882937032}