{"edges": [[4, 6], [4, 15], [4, 8], [6, 11], [6, 9], [3, 10], [3, 1], [3, 12], [10, 15], [10, 13], [15, 1], [8, 12], [8, 0], [12, 14], [0, 7], [0, 13], [1, 2], [2, 11], [2, 14], [11, 5], [14, 5], [7, 13], [7, 9], [5, 9]], "num_nodes": 16, "opt_value": 22, "opt_count": 2, "feasible_count": 65536, "mean_value": 12.0, "std": 2.449489742783178, "level": 29, "gammas": [0.4196298749344582, 0.27270431402777795, 0.27970758664977446, 0.27243349583687915, 0.2551383024779991, 0.24881533637700734, 0.28326853030852506, 0.3241151754788077, 0.3405955310191237, 0.3502910994007475, 0.35747739149907193, 0.3714870176280744, 0.39000661408563797, 0.40742051197222057, 0.3919329017051935, 0.36796820171216554, 0.6685471275324175, 0.20269382210310405, 0.32547298054887747, 0.3496734929481567, 0.35362545567794534, 0.34861657436540905, 0.3528288192604054, 0.35612864901052754, 0.3546015065976122, 0.35913903428776106, 0.36686458722858367, 0.3759130638825875, 0.3744442350044501], "betas": [-2.134017280812354, -2.427796597876124, -1.946591934817708, -1.9205874901589783, -1.7226132902401317, -1.8403275332694689, -2.0605285872330836, -2.2939775642114135, -2.319935293565194, -2.3181407055064924, -2.3035945989182967, -2.3039423391765417, -2.246454132766109, -2.115945584680847, -2.207531009594845, -1.7860451268178685, -1.262037002789267, -3.394153844968037, -2.9353228005340544, -2.828581809045617, -2.655613097951261, 3.687252524646764, 3.675530832254476, 3.7851726861018293, 3.816286035818151, 3.8274262289711447, 3.799961126332428, 3.7432320645591872, 3.7867031639407727], "predicted_p_opt": 0.106231689453125, "predicted_tts": 9.413386957770756, "p_opt": 0.0011809640337332912, "tts": 846.7658382777133, "approx": 0.8746310256105428, "opt_gap": -0.12536897438945716}