{"edges": [[4, 12], [4, 8], [4, 2], [12, 10], [12, 2], [3, 13], [3, 1], [3, 5], [13, 0], [13, 6], [9, 14], [9, 7], [9, 6], [14, 11], [14, 0], [11, 5], [11, 7], [0, 15], [8, 15], [8, 10], [15, 1], [10, 1], [5, 6], [2, 7]], "num_nodes": 16, "opt_value": 21, "opt_count": 6, "feasible_count": 65536, "mean_value": 12.0, "std": 2.449489742783178, "level": 24, "gammas": [0.25417733557021377, 0.30294371683487314, 0.27747787124372175, 0.2767457258031056, 0.2952140831303864, 0.2846969692174447, 0.25123050072435144, 0.2962546893176222, 0.3534143690114019, 0.3515538549556432, 0.3604448135147851, 0.3652130247881306, 0.3679480446971496, 0.37438735337026213, 0.37591315673966313, 0.3699805820471419, 0.42270042151853293, 0.41481673866529467, 0.3524727819488053, 0.3573856993576344, 0.3547687144911809, 0.3581748312133041, 0.36168229034499016, 0.3622372807567419], "betas": [-2.33091105511304, -2.1582655528288464, -1.9283716975752598, -1.952273049242974, -1.9705857658615469, -1.744678570257508, -1.6701398508001448, -2.038908820255907, -2.168122883605868, -2.2697671845730603, -2.2627903434788412, -2.2559986457989747, -2.2335969983313104, -2.215881632299476, -2.197250862184068, -2.1676877341959515, -1.5332141699226463, -3.28518043870779, -3.031290980552877, -2.750455127097935, -2.618133507413133, 3.709700347634967, 3.6601729922073343, 3.64050064985987], "predicted_p_opt": 0.219818115234375, "predicted_tts": 4.5492156046091905, "p_opt": 0.006142463825697805, "tts": 162.80112156564414, "approx": 0.9100637456790848, "opt_gap": -0.08993625432091523}