{"edges": [[4, 9], [4, 18], [4, 11], [9, 3], [9, 0], [18, 17], [18, 7], [0, 5], [0, 13], [5, 19], [5, 14], [19, 16], [19, 17], [17, 6], [10, 12], [10, 11], [10, 8], [12, 15], [12, 11], [13, 14], [13, 1], [14, 15], [1, 15], [1, 7], [16, 2], [16, 8], [6, 3], [6, 2], [3, 8], [2, 7]], "num_nodes": 20, "opt_value": 27, "opt_count": 2, "feasible_count": 1048576, "mean_value": 15.0, "std": 2.7386127875258306, "level": 37, "gammas": [-0.34561541195514556, -0.23791079874128374, -0.2301239516301861, -0.2433341652504394, -0.23120095341040486, -0.21906746261868026, -0.22141007813504274, -0.24692172923034528, -0.26520004818222437, -0.27492561118839853, -0.27935052259750315, -0.2798780110741689, -0.2817612795472527, -0.2900122008792655, -0.3047630550471694, -0.3176852651795459, -0.32558152894689685, -0.3159847409155577, -0.32481860039885163, -0.2956928425511059, -0.5687248087229557, -0.1455086779811946, -0.25613812898307653, -0.2829088437651931, -0.28283881440349895, -0.28351848873021557, -0.28511738720132646, 5.9977494807870615, 5.9943841331728205, 5.994863800459394, 5.992715550290549, 5.989000499028248, 5.982700053286975, 5.974140687490434, 5.964725039912307, 5.958442077782411, 5.965705113820384], "betas": [1.6251558209391808, 2.3489525366707, 1.94417788392705, 1.9051411770842814, 1.8055002439454957, 1.701688377668839, 1.8358541653439604, 1.969965196591295, 2.0926192249577324, 2.1124839672585107, 2.1015259513193296, 2.0732583075811033, 2.0687079666284984, 2.107412903173399, 2.1536796454062825, 2.1433170601451748, 2.040880967360803, 1.8842551974512658, 2.068856790798462, 1.3461599822513217, 1.4722199352643675, 2.937940263890763, 2.676393746005095, 2.5277241637572496, 2.3864369913006844, 2.3520391655370494, 2.3139630479535023, 2.315879724855086, 2.2720661463239638, 2.25508377195095, 2.248661585149446, 2.2595136294619116, 2.2886164992851454, 2.3405565251018716, 2.4016590161757194, 2.4438881389148817, 2.15794832584081], "predicted_p_opt": 0.010728836059570312, "predicted_tts": 93.20675555555556, "p_opt": 4.6479379618004986e-05, "tts": 21514.917114182485, "approx": 0.8599466098678697, "opt_gap": -0.14005339013213025}