{"edges": [[0, 1], [0, 4], [0, 5], [0, 8], [0, 9], [0, 11], [0, 12], [1, 2], [1, 6], [1, 13], [1, 14], [2, 5], [3, 9], [3, 11], [3, 14], [4, 14], [4, 15], [5, 8], [5, 11], [6, 15], [7, 8], [7, 10], [7, 11], [8, 15], [9, 10], [9, 12], [9, 14], [9, 15], [11, 14], [11, 15]], "num_nodes": 16, "num_colors": 3, "opt_value": 30, "opt_count": 312, "feasible_count": 43046721, "mean_value": 20.0, "std": 2.581988897471611, "level": 6, "gammas": [3.139439105987549, 3.1406126022338867, 3.1410632133483887, 3.1407907009124756, 3.1397969722747803, 3.139029026031494], "betas": [3.1399986743927, 3.140841007232666, 3.1410531997680664, 3.1404945850372314, 3.139066219329834, 3.1391072273254395], "predicted_p_opt": 0.0012249016597570812, "predicted_tts": 816.3920687300864, "p_opt": 0.0006032037951639582, "tts": 1657.8145031865852, "approx": 0.8727423341980749, "opt_gap": -0.1272576658019251, "th": -25.963381363427867}