{"edges": [[24, 27], [24, 17], [24, 3], [27, 13], [27, 19], [13, 11], [13, 21], [6, 21], [6, 1], [6, 14], [21, 11], [7, 20], [7, 3], [7, 4], [20, 17], [20, 3], [4, 12], [4, 22], [12, 14], [12, 9], [8, 25], [8, 9], [8, 22], [25, 5], [25, 15], [0, 2], [0, 5], [0, 26], [2, 16], [2, 15], [9, 10], [5, 23], [1, 18], [1, 11], [17, 18], [18, 19], [19, 26], [26, 10], [14, 23], [10, 22], [16, 15], [16, 23]], "num_nodes": 28, "opt_value": 36, "opt_count": 10, "feasible_count": 268435456, "mean_value": 21.0, "std": 3.24037034920393, "level": 31, "gammas": [-0.13771902978609313, -0.2432290788833161, -0.2140402887501633, -0.18826925177241274, -0.22802104277110943, -0.24960105209652553, -0.2490796284353696, -0.23992405208782416, -0.2367366991161462, -0.24859955155083385, -0.24003107524191017, -0.24285048808614237, -0.24411485953580506, -0.24521288275906084, -0.2464158155000379, -0.24770959649952742, -0.2491359397986973, -0.25076272660665494, -0.2526477888114507, -0.2549093019748287, -0.25764444452997753, -0.2612289934537161, -0.2637931600910705, -0.2472278597532873, -0.3268398683681871, 5.919490163296908, 5.930565580662367, 5.964281387959038, 5.99043252700619, 6.002150896294181, 6.007504134510136], "betas": [2.8525717153653805, 2.6020302866199088, 2.1850568426961754, 2.24897090836426, 2.3815140085400137, 2.295123204489411, 2.1608778146359873, 2.026973265612829, 2.0217770114525804, 2.069616498361284, 2.1119005465861695, 2.096907232833748, 2.0908567044205104, 2.0827951123730375, 2.0736890821581087, 2.0638528015263584, 2.0536088297696407, 2.0434813243313124, 2.0338644109325834, 2.0258211332088742, 2.0207690812180292, 2.0193349006523684, 2.1515129532960273, 1.8630595100352338, 2.1924152698456245, 2.3626706433102758, 2.5450925859697744, 2.620739406820539, 2.607247323268992, 2.5839059788226675, 2.5206010476843796], "predicted_p_opt": 0.00014785677194595337, "predicted_tts": 6763.3019904258, "p_opt": 6.577033391753253e-07, "tts": 1520442.3338550634, "approx": 0.8403645924152695, "opt_gap": -0.1596354075847305}