{"edges": [[0, 3], [0, 5], [0, 7], [1, 2], [1, 5], [1, 7], [2, 3], [2, 4], [2, 6], [3, 7], [3, 9], [4, 7], [4, 10], [5, 6], [5, 8], [5, 9], [5, 10], [6, 7], [6, 9], [6, 10], [7, 8], [7, 9], [8, 9], [8, 10]], "num_nodes": 11, "num_colors": 3, "opt_value": 24, "opt_count": 18, "feasible_count": 177147, "mean_value": 16.0, "std": 2.309401076758503, "level": 51, "gammas": [3.1415928871695797, 3.141592784901687, 3.1415927374097756, 3.141592730797114, 3.1415927541087716, 3.141592784013698, 3.141592804056495, 3.1415928117126803, 3.1415928003774414, 3.1415927799680303, 3.1415927406588144, 3.1415927126361414, 3.1415926838252335, 3.141592646750486, 3.14159262473857, 3.141592605091223, 3.141592594301333, 3.141592579562944, 3.141592533240358, 3.1415923518442237, 3.1415920586464376, 3.1415916165373283, 3.141591125514294, 3.1415910720839624, 3.1415910859569016, 3.141589074299381, 3.1415842200946655, 3.141580779238752, 3.1415762390501665, 3.141570212240879, 3.141548969832484, 3.1415330381360334, 3.1414670019849438, 3.141446467195897, 3.141496235194973, 3.141502260013732, 3.1412909159931544, 3.141165092024025, 3.1410232548808303, 3.14073893938648, 3.1406668794613375, 3.1405100612814527, 3.139899246743188, 3.138707326998684, 3.138534282988153, 3.135994948595517, 3.139270401640962, 3.1367070705343636, 3.137488348325597, 3.1184691518361523, 3.133090821569064], "betas": [3.1415924779192603, 3.1415925549095878, 3.1415925767263224, 3.1415925676849628, 3.14159254224973, 3.141592514932221, 3.1415925002167304, 3.1415924995400806, 3.1415925176620414, 3.1415925420561073, 3.1415925700950815, 3.1415925970363774, 3.1415926012420186, 3.1415925908096103, 3.1415925608540456, 3.141592505238597, 3.1415924291680173, 3.1415923359817617, 3.1415921752628972, 3.1415918916736976, 3.141591564319021, 3.1415910951654125, 3.141590912542011, 3.1415911138558137, 3.1415906959219138, 3.141586825858446, 3.14158265108822, 3.1415784067467163, 3.1415743552830757, 3.1415596455525763, 3.141541116130807, 3.1415063650568107, 3.1414386228075055, 3.1414739394359072, 3.141509011384686, 3.1414353850811554, 3.1411751084388144, 3.141171964337121, 3.1407994306076947, 3.1407758066953684, 3.140450707790279, 3.140565911447643, 3.138867084495606, 3.139265068002771, 3.1366565365230143, 3.1374007261228467, 3.1384027912193813, 3.1386625280420914, 3.1269093660026863, 3.1228154150785197, 3.1395345432035517], "predicted_p_opt": 1.0779860793578215, "predicted_tts": 0.9276557639739843, "p_opt": 0.7422351237648211, "tts": 1.3472819703380843, "approx": 0.9140697175832218, "opt_gap": -0.08593028241677825, "th": -23.999000549316406}