{"N": 20, "edgelist": ["0 2 {}\n", "0 3 {}\n", "0 4 {}\n", "0 10 {}\n", "0 11 {}\n", "0 13 {}\n", "0 15 {}\n", "0 16 {}\n", "0 17 {}\n", "0 18 {}\n", "0 19 {}\n", "1 4 {}\n", "1 7 {}\n", "1 8 {}\n", "1 9 {}\n", "1 12 {}\n", "1 13 {}\n", "1 14 {}\n", "1 15 {}\n", "1 19 {}\n", "2 6 {}\n", "2 10 {}\n", "2 11 {}\n", "2 12 {}\n", "2 13 {}\n", "2 15 {}\n", "2 17 {}\n", "3 4 {}\n", "3 5 {}\n", "3 6 {}\n", "3 7 {}\n", "3 8 {}\n", "3 9 {}\n", "3 10 {}\n", "3 12 {}\n", "3 14 {}\n", "3 16 {}\n", "3 17 {}\n", "3 19 {}\n", "4 8 {}\n", "4 9 {}\n", "4 11 {}\n", "4 13 {}\n", "4 14 {}\n", "4 15 {}\n", "4 16 {}\n", "4 17 {}\n", "5 6 {}\n", "5 9 {}\n", "5 11 {}\n", "5 13 {}\n", "5 14 {}\n", "5 18 {}\n", "6 9 {}\n", "6 10 {}\n", "6 11 {}\n", "6 13 {}\n", "6 14 {}\n", "6 16 {}\n", "6 17 {}\n", "6 18 {}\n", "6 19 {}\n", "7 9 {}\n", "7 12 {}\n", "7 13 {}\n", "7 14 {}\n", "7 15 {}\n", "7 16 {}\n", "7 18 {}\n", "8 13 {}\n", "8 14 {}\n", "8 15 {}\n", "8 16 {}\n", "8 17 {}\n", "8 18 {}\n", "9 12 {}\n", "9 13 {}\n", "9 14 {}\n", "9 15 {}\n", "9 17 {}\n", "10 12 {}\n", "10 14 {}\n", "10 15 {}\n", "10 17 {}\n", "11 12 {}\n", "11 14 {}\n", "11 15 {}\n", "11 18 {}\n", "11 19 {}\n", "12 13 {}\n", "12 16 {}\n", "12 17 {}\n", "12 18 {}\n", "13 14 {}\n", "13 17 {}\n", "13 18 {}\n", "14 15 {}\n", "14 16 {}\n", "14 18 {}\n", "14 19 {}\n", "15 16 {}\n", "15 19 {}\n", "16 18 {}\n", "18 19 {}\n"], "opt_value": 92, "opt_count": 4, "feasible_count": 184756, "mean_value": 79.36842105263158, "std": 2.8345272208516072, "level": 55, "gammas": [-0.1413239985704422, -0.2354782074689865, -0.24441269040107727, -0.24160049855709076, -0.23775029182434082, -0.2311164140701294, -0.22285011410713196, -0.23197618126869202, -0.2246769517660141, -0.22751982510089874, -0.22541183233261108, -0.22584104537963867, -0.22683808207511902, -0.2263646125793457, -0.22564736008644104, -0.2255535125732422, -0.22596445679664612, -0.22557540237903595, -0.22471310198307037, -0.22430478036403656, -0.224862739443779, -0.22453585267066956, -0.223059743642807, -0.22369025647640228, -0.21937528252601624, -0.23490291833877563, -0.220380961894989, -0.2204488068819046, -0.22574365139007568, -0.23295974731445312, -0.23982203006744385, -0.2281801402568817, -0.17812226712703705, 0.1319267451763153, 0.2527194917201996, 0.25257936120033264, 0.24668170511722565, 0.2425670027732849, 0.24091193079948425, 0.23874089121818542, 0.23921038210391998, 0.23857729136943817, 0.23968444764614105, 0.23983286321163177, 0.23942460119724274, 0.23932671546936035, 0.23975487053394318, 0.2400887906551361, 0.23994337022304535, 0.23967108130455017, 0.23965033888816833, 0.23981225490570068, 0.24023373425006866, 0.2398521900177002, 0.23125037550926208], "betas": [3.0758399963378906, 3.0900001525878906, 3.090489387512207, 3.0796706676483154, 2.976999521255493, 2.7045183181762695, 2.5578677654266357, 2.9175541400909424, 2.769663095474243, 2.8066024780273438, 2.7970378398895264, 2.809680461883545, 2.812528133392334, 2.8033881187438965, 2.799410343170166, 2.8048808574676514, 2.8052165508270264, 2.7926149368286133, 2.7817535400390625, 2.7824206352233887, 2.7852442264556885, 2.772146463394165, 2.7669730186462402, 2.7309186458587646, 2.8935341835021973, 2.5924813747406006, 2.6863272190093994, 2.83088755607605, 2.8959462642669678, 2.963674306869507, 2.9917187690734863, 2.903106451034546, -2.3474280834198, -3.4504005908966064, -3.1789612770080566, -3.1292507648468018, -3.0808746814727783, -3.0183799266815186, -2.940103054046631, -2.9248993396759033, -2.9703855514526367, -2.9910647869110107, -2.997467279434204, -2.9936447143554688, -2.9901294708251953, -2.9936115741729736, -2.99867582321167, -3.001124382019043, -2.998990058898926, -2.995574712753296, -2.9942660331726074, -2.9965291023254395, -2.999849796295166, -2.9875242710113525, -2.966233015060425], "predicted_p_opt": 0.2667518240273658, "predicted_tts": 3.7488028569109653, "p_opt": 0.19209300352767367, "tts": 5.2058116726564485, "approx": 0.8970405555714618, "opt_gap": -0.10295944442853822}