{"edges": [[0, 5], [0, 6], [0, 8], [0, 9], [0, 12], [0, 14], [1, 4], [1, 7], [1, 13], [1, 15], [2, 3], [2, 4], [2, 5], [2, 8], [2, 10], [2, 14], [3, 5], [3, 8], [4, 7], [4, 8], [5, 7], [5, 13], [6, 7], [7, 9], [7, 10], [8, 12], [9, 14], [10, 14], [11, 14], [12, 13], [12, 14], [13, 15]], "num_nodes": 16, "num_colors": 3, "opt_value": 32, "opt_count": 24, "feasible_count": 43046721, "mean_value": 21.333333333333332, "std": 2.666666666666667, "level": 67, "gammas": [0.1426663100719452, 0.23636466264724731, 0.24296195805072784, 0.24221913516521454, 0.23915059864521027, 0.23537591099739075, 0.23064163327217102, 0.22172731161117554, 0.20332792401313782, 0.21247297525405884, 0.23240067064762115, 0.2130037099123001, 0.19935016334056854, 0.2050400823354721, 0.21050994098186493, 0.21330304443836212, 0.20989608764648438, 0.20324909687042236, 0.2008780688047409, 0.20458431541919708, 0.20774056017398834, 0.20590421557426453, 0.20128685235977173, 0.1990441232919693, 0.1981697380542755, 0.1930255889892578, 0.20346130430698395, 0.21605907380580902, 0.1927492320537567, 0.19691430032253265, 0.20634634792804718, 0.1992393285036087, 0.20197901129722595, 0.20565728843212128, 0.20775830745697021, 0.20887930691242218, 0.21299304068088531, 0.22351156175136566, 0.1872410923242569, -0.13729700446128845, -0.23626044392585754, -0.25389769673347473, -0.25045520067214966, -0.24807032942771912, -0.24393698573112488, -0.2452123761177063, -0.24491886794567108, -0.24154682457447052, -0.23734523355960846, -0.24338388442993164, -0.24182121455669403, -0.242752343416214, -0.24408692121505737, -0.24544335901737213, -0.24710172414779663, -0.24856622517108917, -0.24967975914478302, -0.2507309913635254, -0.2520199716091156, -0.2538207471370697, -0.2572978734970093, -0.24838989973068237, -0.2668067216873169, -0.2523685395717621, -0.26005885004997253, -0.2649310231208801, -0.2639301121234894], "betas": [-2.646883010864258, -2.489792823791504, -2.437680959701538, -2.424311399459839, -2.43434476852417, -2.4438092708587646, -2.4219884872436523, -2.2740626335144043, -2.076063394546509, -2.2022030353546143, -2.0648460388183594, -2.253664493560791, -2.1400845050811768, -2.128575325012207, -2.1841373443603516, -2.1747193336486816, -2.1130001544952393, -2.062253952026367, -2.0747780799865723, -2.1134917736053467, -2.1180460453033447, -2.0813398361206055, -2.0446512699127197, -2.025822639465332, -2.0674610137939453, -2.152078151702881, -1.9574263095855713, -2.028191328048706, -1.9363257884979248, -2.1405832767486572, -2.108797073364258, -2.0820260047912598, -2.08896541595459, -2.078571319580078, -2.0847373008728027, -2.110847234725952, -2.2369496822357178, -2.309544086456299, 2.029925584793091, 3.0661323070526123, 2.5939464569091797, 2.5232694149017334, 2.527858257293701, 2.538808822631836, 2.568363666534424, 2.574739694595337, 2.5410680770874023, 2.4472458362579346, 2.467768907546997, 2.5171799659729004, 2.535942316055298, 2.5428988933563232, 2.5573487281799316, 2.5698788166046143, 2.581696033477783, 2.5955164432525635, 2.6120951175689697, 2.6290576457977295, 2.6442880630493164, 2.645819902420044, 2.68739652633667, 2.795322895050049, 2.549255847930908, 2.702791452407837, 2.8019859790802, 2.8405652046203613, 2.933906316757202], "predicted_p_opt": 0.010161052685058172, "predicted_tts": 98.415, "p_opt": 0.0069570420663467945, "tts": 143.73924873004384, "approx": 0.6524955318447705, "opt_gap": -0.3475044681552295}