{"edges": [[0, 4], [0, 7], [0, 8], [0, 13], [1, 3], [1, 6], [1, 10], [1, 13], [2, 4], [2, 12], [3, 7], [3, 11], [4, 13], [5, 9], [5, 10], [5, 11], [6, 8], [6, 10], [6, 12], [7, 11], [8, 10], [10, 11], [10, 12]], "num_nodes": 14, "num_colors": 3, "opt_value": 23, "opt_count": 96, "feasible_count": 4782969, "mean_value": 15.333333333333334, "std": 2.260776661041756, "level": 85, "gammas": [0.187778040766716, 0.3041687309741974, 0.3107851445674896, 0.30398181080818176, 0.2963455617427826, 0.29455679655075073, 0.30039361119270325, 0.3039790689945221, 0.2904963195323944, 0.27495667338371277, 0.2824653685092926, 0.2842410206794739, 0.2833736538887024, 0.2822158932685852, 0.28205668926239014, 0.2807246148586273, 0.2745184004306793, 0.2620925307273865, 0.25660648941993713, 0.27974870800971985, 0.2704679071903229, 0.30130937695503235, 0.2555818259716034, 0.23862133920192719, 0.27221256494522095, 0.29343995451927185, 0.30256378650665283, 0.30694952607154846, 0.30648159980773926, 0.2964109480381012, 0.26852190494537354, 0.2803177535533905, 0.29077771306037903, 0.2981273829936981, 0.27758052945137024, 0.27627629041671753, 0.277485191822052, 0.2766686975955963, 0.2730894088745117, 0.2721883952617645, 0.2761377990245819, 0.2800910770893097, 0.2866079807281494, 0.2812000513076782, 0.27193599939346313, 0.26627805829048157, 0.271917462348938, 0.29284045100212097, 0.31034910678863525, 0.3113173544406891, 0.28426772356033325, 0.23602400720119476, 0.25679007172584534, -0.1778460592031479, -0.3606848418712616, -0.3537499010562897, -0.3505871295928955, -0.34550541639328003, -0.34090518951416016, -0.33744603395462036, -0.3314826786518097, -0.3235376179218292, -0.3147629201412201, -0.30560123920440674, -0.30246061086654663, -0.30712032318115234, -0.31192049384117126, -0.30808907747268677, -0.30613118410110474, -0.3023984730243683, -0.33265694975852966, -0.29077771306037903, -0.3215092718601227, -0.3354846239089966, -0.33977070450782776, -0.34204694628715515, -0.34281593561172485, -0.3433815538883209, -0.34446096420288086, -0.34607669711112976, -0.3482821583747864, -0.35105910897254944, -0.3544166684150696, -0.3581099212169647, -0.3561157286167145], "betas": [-2.556497097015381, -2.3647377490997314, -2.2640223503112793, -2.19559645652771, -2.1622674465179443, -2.1800143718719482, -2.219085693359375, -2.1783218383789062, -2.0198721885681152, -1.968485951423645, -2.0159215927124023, -1.9760613441467285, -1.9970135688781738, -2.039156198501587, -2.030045747756958, -2.000258207321167, -1.9632916450500488, -1.9255294799804688, -1.787246584892273, -1.7306313514709473, -2.103630781173706, -2.060645818710327, -1.7870577573776245, -1.9080778360366821, -2.119767665863037, -2.220468521118164, -2.269706964492798, -2.2889444828033447, -2.2640676498413086, -2.1349239349365234, -1.9384613037109375, -2.0498902797698975, -1.8447630405426025, -2.0552306175231934, -2.049349546432495, -2.0053372383117676, -2.001715898513794, -1.9914337396621704, -1.9589736461639404, -1.9280023574829102, -1.9511208534240723, -2.0132505893707275, -2.0428993701934814, -2.0058393478393555, -1.9675265550613403, -1.9465398788452148, -2.03511381149292, -2.186629295349121, -2.264981269836426, -2.1940696239471436, -1.9739422798156738, -2.130674123764038, 2.200073719024658, 3.231206178665161, 2.6872212886810303, 2.6118931770324707, 2.5702903270721436, 2.544874429702759, 2.5101613998413086, 2.457639694213867, 2.393725872039795, 2.3199424743652344, 2.2468483448028564, 2.197709321975708, 2.2088258266448975, 2.252333879470825, 2.2556099891662598, 2.235434055328369, 2.323698043823242, 2.1793787479400635, 2.0976052284240723, 2.263892889022827, 2.5099265575408936, 2.566868543624878, 2.564345359802246, 2.5537972450256348, 2.5467443466186523, 2.5460469722747803, 2.5547468662261963, 2.570572853088379, 2.5924015045166016, 2.6208693981170654, 2.660151243209839, 2.722175121307373, 2.8582656383514404], "predicted_p_opt": 0.58690240308896, "predicted_tts": 1.7038608033240996, "p_opt": 0.31251750490657076, "tts": 3.199820759796981, "approx": 0.7638505730049239, "opt_gap": -0.23614942699507613}