{"edges": [[0, 1], [0, 3], [0, 7], [0, 8], [0, 15], [1, 4], [1, 11], [1, 14], [2, 4], [2, 7], [2, 11], [2, 12], [2, 15], [3, 5], [3, 6], [4, 9], [5, 6], [5, 10], [5, 13], [5, 14], [6, 11], [6, 13], [7, 9], [7, 11], [7, 12], [7, 14], [8, 10], [8, 12], [8, 13], [9, 11], [9, 15], [10, 15], [14, 15]], "num_nodes": 16, "num_colors": 3, "opt_value": 33, "opt_count": 42, "feasible_count": 43046721, "mean_value": 22.0, "std": 2.70801280154532, "level": 18, "gammas": [3.140984535217285, 3.140564203262329, 3.140110731124878, 3.139744281768799, 3.1395890712738037, 3.1396548748016357, 3.1398203372955322, 3.139962911605835, 3.1400113105773926, 3.139944314956665, 3.1397621631622314, 3.1395018100738525, 3.1392600536346436, 3.1391875743865967, 3.139378309249878, 3.1397910118103027, 3.140316963195801, 3.140822172164917], "betas": [3.1407883167266846, 3.14034366607666, 3.139920234680176, 3.1396474838256836, 3.13960337638855, 3.13973069190979, 3.1398959159851074, 3.1399989128112793, 3.139993667602539, 3.1398708820343018, 3.1396420001983643, 3.139371871948242, 3.1391868591308594, 3.13923978805542, 3.1395528316497803, 3.1400392055511475, 3.1405751705169678, 3.141035556793213], "predicted_p_opt": 0.0013357114935653286, "predicted_tts": 748.6646665970991, "p_opt": 0.0007492261577565147, "tts": 1334.7104737965947, "approx": 0.8946766770161725, "opt_gap": -0.10532332298382752, "th": -29.952464725177315}