{"N": 18, "edgelist": ["0 1 {}\n", "0 2 {}\n", "0 3 {}\n", "0 4 {}\n", "0 5 {}\n", "0 10 {}\n", "0 12 {}\n", "0 14 {}\n", "0 15 {}\n", "0 16 {}\n", "1 2 {}\n", "1 3 {}\n", "1 4 {}\n", "1 5 {}\n", "1 8 {}\n", "1 11 {}\n", "1 13 {}\n", "1 14 {}\n", "1 16 {}\n", "1 17 {}\n", "2 3 {}\n", "2 4 {}\n", "2 6 {}\n", "2 7 {}\n", "2 9 {}\n", "2 12 {}\n", "2 13 {}\n", "2 14 {}\n", "2 15 {}\n", "3 5 {}\n", "3 10 {}\n", "3 11 {}\n", "3 14 {}\n", "3 16 {}\n", "3 17 {}\n", "4 5 {}\n", "4 6 {}\n", "4 7 {}\n", "4 10 {}\n", "4 12 {}\n", "4 13 {}\n", "4 14 {}\n", "4 15 {}\n", "5 6 {}\n", "5 7 {}\n", "5 8 {}\n", "5 10 {}\n", "5 12 {}\n", "5 13 {}\n", "5 15 {}\n", "5 16 {}\n", "5 17 {}\n", "6 7 {}\n", "6 8 {}\n", "6 11 {}\n", "6 13 {}\n", "6 15 {}\n", "6 16 {}\n", "6 17 {}\n", "7 8 {}\n", "7 9 {}\n", "7 15 {}\n", "7 16 {}\n", "7 17 {}\n", "8 9 {}\n", "8 11 {}\n", "8 13 {}\n", "8 14 {}\n", "8 16 {}\n", "8 17 {}\n", "9 10 {}\n", "9 12 {}\n", "9 13 {}\n", "9 15 {}\n", "9 16 {}\n", "10 13 {}\n", "10 14 {}\n", "10 15 {}\n", "11 14 {}\n", "14 17 {}\n", "15 16 {}\n"], "opt_value": 72, "opt_count": 1, "feasible_count": 48620, "mean_value": 61.94117647058823, "std": 2.6484310168873706, "level": 39, "gammas": [-0.31031838059425354, -0.28718477487564087, -0.22130002081394196, -0.19079890847206116, -0.22727487981319427, -0.18853428959846497, -0.2117938995361328, -0.19561679661273956, -0.19981813430786133, -0.21027229726314545, -0.20000964403152466, -0.233920618891716, -0.21015003323554993, -0.2467673122882843, -0.3003290891647339, -0.32435545325279236, -0.33726295828819275, -0.35087716579437256, -0.35570675134658813, -0.364130437374115, -0.33976244926452637, -0.5707827806472778, -0.22561730444431305, -0.24860604107379913, -0.26445528864860535, -0.24728819727897644, -0.2596295475959778, -0.2811736464500427, -0.27763456106185913, -0.2554474174976349, -0.26716315746307373, -0.3003504276275635, -0.3218142092227936, -0.33561819791793823, -0.3422241806983948, -0.34714868664741516, -0.3437037169933319, -0.3287046253681183, -0.3355598747730255], "betas": [1.9601566791534424, 2.1936187744140625, 1.575154423713684, 1.6779118776321411, 1.5824378728866577, 1.4842263460159302, 1.6140289306640625, 1.4159446954727173, 1.6486170291900635, 1.4236575365066528, 1.62919282913208, 1.6477808952331543, 1.577688217163086, 2.048001766204834, 2.2950849533081055, 2.40108323097229, 2.442155361175537, 2.5102837085723877, 2.4869322776794434, 2.5230467319488525, 2.105520248413086, 2.3094215393066406, 2.6565101146698, 2.4422945976257324, 2.145376443862915, 2.094799757003784, 2.188540458679199, 2.2146966457366943, 2.025418519973755, 2.0077707767486572, 2.1973109245300293, 2.420795440673828, 2.51945161819458, 2.5846033096313477, 2.636753797531128, 2.7008919715881348, 2.6112611293792725, 2.324037790298462, 1.6263831853866577], "predicted_p_opt": 0.1283628136569313, "predicted_tts": 7.790418202211184, "p_opt": 0.0021013624500483274, "tts": 475.8817309108202, "approx": 0.97344970703125, "opt_gap": -0.02655029296875}