{"edges": [[0, 1], [0, 7], [0, 8], [0, 13], [1, 4], [1, 5], [1, 8], [1, 10], [2, 4], [2, 6], [3, 6], [3, 9], [3, 11], [4, 7], [4, 8], [4, 9], [5, 9], [5, 10], [5, 11], [6, 9], [6, 13], [7, 9], [7, 12], [8, 12], [9, 10], [10, 12], [10, 13]], "num_nodes": 14, "num_colors": 3, "opt_value": 27, "opt_count": 102, "feasible_count": 4782969, "mean_value": 18.0, "std": 2.449489742783178, "level": 36, "gammas": [0.17045769786688772, 0.22248969745947617, 0.2408385274013484, 0.2783957118248936, 0.22984874334226815, 0.5097089366868242, 0.35956569355406676, 0.24884984432017712, 0.10288189866809942, 0.3281092327652645, 0.360929720601898, 0.3523130644679762, 0.20062811873829842, 0.19233866288911117, 0.3687004026905399, 0.34839095379800444, 0.2973031290311916, 0.17684780446444304, 0.3121828925026962, 0.34428582106037664, 0.2817830793325904, 0.3619189700333511, 0.5456244309436669, 0.716872570513457, 0.49142865822226245, 0.37749259577563155, 0.3718800090733566, 0.37004194725577105, 0.374716756822447, 0.3483822923488829, 0.3852295030223575, 0.3687710585436634, 0.37557573153272733, 0.39743938608527535, 0.3367524509387039, 0.35335472223171605], "betas": [-2.2886194371781388, -1.640192455670859, -2.077292164507218, -1.461001399047501, -1.9044441005796957, -2.4855625122917635, -3.092451521986968, -1.4995341211837396, -1.519858054257405, -2.3798393661370283, -2.317620301774155, -1.9957924367210125, -0.7086671216153811, -1.9299544338011847, -2.192983259461619, -2.0312415131738093, -1.181212279129478, -1.3273243323768589, -1.7002747772243194, -1.8337799711571867, -1.6205058499201461, 4.426025688005843, 4.4931315135510985, 4.0814215533767655, 3.7847743512239758, 3.863990184707036, 3.858083390063415, 3.874328273794412, 3.960963531819893, 3.9498450965975294, 3.964317628755322, 3.9499191772287827, 4.1518615148283295, 4.151004625665727, 3.928999108990371, 3.628212984480893], "predicted_p_opt": 0.1136444748021574, "predicted_tts": 8.799371916152461, "p_opt": 8.878423059358785e-05, "tts": 11263.26142958344, "approx": 0.9089830373131842, "opt_gap": -0.0910169626868158}