{"edges": [[0, 2], [0, 4], [0, 6], [0, 7], [0, 8], [0, 10], [1, 6], [1, 10], [2, 7], [3, 7], [3, 8], [3, 9], [3, 11], [4, 11], [5, 6], [6, 9], [6, 10], [6, 11], [7, 9]], "num_nodes": 12, "num_colors": 3, "opt_value": 19, "opt_count": 84, "feasible_count": 531441, "mean_value": 12.666666666666666, "std": 2.054804667656325, "level": 31, "gammas": [0.22309349477291107, 0.3555326759815216, 0.3377256989479065, 0.38668298721313477, 0.3680434823036194, 0.3641018569469452, 0.3486049473285675, 0.3342692255973816, 0.3504830598831177, 0.37579306960105896, 0.3908565044403076, 0.39930182695388794, 0.4053260385990143, 0.40587010979652405, 0.44073328375816345, 0.42104658484458923, 0.45808911323547363, 0.2550761103630066, -0.4753478765487671, -0.4354315996170044, -0.43636494874954224, -0.4193360209465027, -0.41305872797966003, -0.41072165966033936, -0.41146326065063477, -0.41507667303085327, -0.41996222734451294, -0.425301730632782, -0.4300422668457031, -0.4291706383228302, -0.45833927392959595], "betas": [-2.5304558277130127, -2.1864161491394043, -1.945799708366394, -1.9796768426895142, -2.1761372089385986, -2.111876964569092, -1.9947439432144165, -2.000702381134033, -2.1451780796051025, -2.2744271755218506, -2.3555972576141357, -2.408761978149414, -2.470430850982666, -2.493865489959717, -2.3793752193450928, -2.8612453937530518, -3.7658352851867676, -1.43064546585083, 3.0904266834259033, 2.6532459259033203, 2.524473190307617, 2.5035266876220703, 2.4838995933532715, 2.482887029647827, 2.4981870651245117, 2.526728391647339, 2.5637738704681396, 2.6024246215820312, 2.6672098636627197, 2.728578567504883, 2.8459534645080566], "predicted_p_opt": 0.6273433927754916, "predicted_tts": 1.5940233236151602, "p_opt": 0.30083033442497253, "tts": 3.3241328601767095, "approx": 0.7159942984580994, "opt_gap": -0.28400570154190063}