{"edges": [[0, 5], [0, 9], [0, 10], [1, 4], [1, 9], [1, 10], [1, 11], [2, 4], [2, 7], [2, 8], [3, 8], [3, 10], [4, 5], [5, 6], [6, 7], [7, 8], [7, 11], [8, 9]], "num_nodes": 12, "num_colors": 3, "opt_value": 18, "opt_count": 192, "feasible_count": 531441, "mean_value": 12.0, "std": 2.0, "level": 31, "gammas": [-0.24509724977145017, -0.4496219149859935, -0.4332119946032965, -0.4348822356192505, -0.43922877916316594, -0.4422231966985936, -0.4453890144590679, -0.44964102446463017, -0.45567606050554743, -0.4631036131492694, -0.47013010278114636, -0.47692591593037065, -0.5322072776151373, -0.3067792768731129, 0.5740027414342747, 0.4838245179115844, 0.4749223930271016, 0.4691754292910295, 0.46615279404733606, 0.4511999248272695, 0.44733789861020523, 0.44414111023000435, 0.44134301333445103, 0.43907766685944166, 0.43453181993196865, 0.46520766853466844, 0.4246525340837609, 0.45855554903841733, 0.45948101653289214, 0.4571871546449103, 0.4499511845852928], "betas": [2.5215444674874257, 2.285372909461349, 2.464798436418316, 2.4792861476219286, 2.499101501681265, 2.5242250688124765, 2.55522677147784, 2.5860881571349075, 2.622070185833958, 2.7003821715983043, 2.8130929122289206, 2.805360514018169, 4.0097169135291235, 1.237140260519241, -3.100113694915231, -2.8717282469313625, -2.764990427860871, -2.6881643566395943, -2.5916353917252173, -2.587615576024066, -2.550210490654426, -2.5280126112420986, -2.5163916023582353, -2.5172812741637456, -2.481377119806941, -2.3543978603004483, -2.6363523784205443, -2.702241665652648, -2.681618605208098, -2.6879516532673295, -2.764083133259425], "predicted_p_opt": 1.4339277549154092, "predicted_tts": 0.6973852040816326, "p_opt": 0.5917423432414337, "tts": 1.6899246968236565, "approx": 0.8670320777549831, "opt_gap": -0.13296792224501686}