{"edges": [[0, 2], [0, 11], [1, 5], [1, 10], [1, 11], [1, 12], [1, 14], [2, 8], [2, 11], [3, 5], [3, 15], [4, 9], [4, 12], [4, 13], [5, 8], [5, 15], [6, 7], [6, 9], [6, 10], [7, 8], [7, 9], [7, 11], [7, 12], [8, 10], [8, 15], [10, 15], [11, 14]], "num_nodes": 16, "num_colors": 3, "opt_value": 27, "opt_count": 240, "feasible_count": 43046721, "mean_value": 18.0, "std": 2.449489742783178, "level": 35, "gammas": [3.141592865092466, 3.141592705820708, 3.141592728395759, 3.14159276933456, 3.141592789116213, 3.141592774633632, 3.141592724380562, 3.14159271592182, 3.141592737868421, 3.141592760852673, 3.14159277458419, 3.1415927690550385, 3.141592726970766, 3.1415926656886755, 3.1415926174252937, 3.1415925897282397, 3.1415925651622474, 3.1415924833784405, 3.1415923539865647, 3.141591706264014, 3.141590751959447, 3.141589263562385, 3.141588162048626, 3.141588286013013, 3.141585474527166, 3.14157649533524, 3.141554166539829, 3.141560116099399, 3.141537048720478, 3.1415340566247774, 3.141368306790221, 3.141550709041673, 3.140139468839917, 3.1389765889859516, 3.1410608186860434], "betas": [3.141592566411214, 3.1415926013589646, 3.141592559508575, 3.141592530691216, 3.141592528486841, 3.1415925576793446, 3.141592585716965, 3.1415925797739397, 3.1415925595099425, 3.141592539430152, 3.1415925286018247, 3.1415925357020464, 3.14159255609486, 3.1415925733626264, 3.1415925429327993, 3.14159244693072, 3.1415922745672717, 3.141592146897299, 3.1415919374290464, 3.141591265418815, 3.1415903451302682, 3.1415882431001627, 3.1415877031424313, 3.141585751809446, 3.1415836465253353, 3.141567398917951, 3.1415554157565704, 3.141542886535421, 3.141529680824524, 3.1415303335106515, 3.141285392769272, 3.1413870338471424, 3.138889649587627, 3.1400785274653886, 3.1414869212057064], "predicted_p_opt": 0.02810527659005665, "predicted_tts": 35.58050733981353, "p_opt": 0.027843009520832095, "tts": 35.91565772557028, "approx": 0.6759458195081814, "opt_gap": -0.32405418049181856, "th": -26.999000549316406}