{"edges": [[6, 15], [6, 11], [6, 9], [15, 11], [15, 2], [4, 9], [4, 14], [4, 0], [9, 3], [12, 13], [12, 5], [12, 2], [13, 7], [13, 8], [0, 8], [0, 7], [8, 5], [11, 1], [7, 10], [10, 14], [10, 1], [3, 5], [3, 14], [1, 2]], "num_nodes": 16, "distribution": [[0, 2], [9, 6], [7, 12], [16, 54], [12, 20], [21, 296], [23, 460], [28, 2450], [10, 4], [17, 80], [24, 630], [22, 394], [29, 3290], [34, 7342], [15, 62], [14, 44], [19, 134], [26, 1314], [20, 220], [27, 1794], [30, 4540], [25, 946], [33, 7572], [18, 86], [31, 5822], [32, 6860], [6, 2], [13, 18], [11, 6], [36, 5436], [35, 6602], [37, 3884], [38, 2572], [39, 1468], [40, 704], [8, 6], [41, 292], [42, 86], [43, 24], [44, 2]], "opt_value": 44, "opt_count": 2, "feasible_count": 65536, "mean_value": 32.5, "std": 4.031128874149275, "level": 9, "gammas": [0.15385708212852478, 0.21215684711933136, 0.22360098361968994, 0.23468834161758423, 0.6927129626274109, 0.27440327405929565, 0.2697479724884033, 0.26277071237564087, 0.9551492929458618], "betas": [2.3004963397979736, 2.2790229320526123, 2.4231116771698, 2.6438443660736084, 1.5461348295211792, 1.8892301321029663, -3.7727198600769043, 2.8172686100006104, 2.490856170654297], "predicted_p_opt": 0.011016845703125, "predicted_tts": 90.77008310249307, "p_opt": 0.0013853545533493161, "tts": 721.8368738763229, "approx": 0.6936509013175964, "opt_gap": -0.30634909868240356}