{"edges": [[0, 3], [0, 5], [0, 10], [1, 5], [1, 6], [1, 10], [2, 5], [3, 4], [3, 8], [3, 9], [4, 6], [5, 9], [6, 9], [7, 8], [7, 10], [9, 10]], "num_nodes": 11, "num_colors": 3, "opt_value": 16, "opt_count": 564, "feasible_count": 177147, "mean_value": 10.666666666666666, "std": 1.8856180831641267, "level": 12, "gammas": [-0.200787796677794, -0.36260086153308974, -0.39280224437170747, -0.40798824795347954, -0.42157137770791325, -0.4296639360923623, -0.4332821539675064, -0.43916678012941457, -0.45485958662626813, -0.48233824433313904, -0.5272774952173372, 5.6790092664556555], "betas": [2.2859805734141285, 1.9898168160890963, 1.8530960768067406, 1.802084884855132, 1.77609495974303, 1.7386127697626568, 1.6964712485874427, 1.668087472465825, 1.656406176496669, 1.6277854622403287, 1.5617693429004054, 1.9530471873350979], "predicted_p_opt": 1.9898728174905587, "predicted_tts": 0.5025446808510639, "p_opt": 0.24284255856938755, "tts": 4.11789435052534, "approx": 0.9443833467457794, "opt_gap": -0.055616653254220605}