{"edges": [[0, 3], [0, 4], [0, 9], [1, 3], [1, 10], [1, 12], [2, 3], [2, 6], [2, 8], [2, 10], [3, 7], [3, 8], [4, 8], [5, 7], [5, 8], [5, 11], [6, 9], [6, 10], [7, 14], [8, 10], [9, 15], [10, 12], [10, 13], [12, 14], [13, 15], [14, 15]], "num_nodes": 16, "num_colors": 3, "opt_value": 26, "opt_count": 876, "feasible_count": 43046721, "mean_value": 17.333333333333332, "std": 2.4037008503093262, "level": 41, "gammas": [-0.28227698983462074, -0.2999668540076473, -0.24706211471122633, -0.23163271197312077, -0.22131432410307347, -0.2248001996220574, -0.23031209416141168, -0.26796539937659264, -0.2372584772912786, -0.24482245214222595, -0.2305186644556236, -0.2470440838281622, -0.278998603128678, -0.3262660531094063, -0.2945232601125104, -0.26332395276009823, -0.2978841535112483, -0.2944774210943827, -0.3012574795740199, -0.29345530563998673, -0.35991929454259297, -0.3498053577066328, -0.13966686266944375, -0.27102738864208176, -0.30626161453615336, -0.2868168488975683, -0.2750279080191458, -0.287111404313292, -0.2853869894522753, -0.2511563313044822, -0.2898915810356255, -0.35232471249272634, -0.22098435791891272, -0.3782237272182009, -0.3400307133949003, -0.34635158703756425, -0.3807993264736182, 1.8479836379421908, 0.38004485329760923, 0.3905154715896231, 0.3830900420900484], "betas": [1.5531534722816382, 1.7107434267638766, 1.6577054359025272, 1.43208614431267, 1.3791655258295699, 1.2914475062353388, 1.5634649879175122, 1.5929538112117931, 1.4008563472451743, 1.551605496378019, 1.3657473856471887, 1.7978562025536744, 1.6381072755052164, 1.5911308717139752, 1.4863831778889933, 1.5100533257221516, 1.6138495870440384, 1.5321063205913963, 1.5402744499265142, 1.2938031080758057, 0.8488731321421302, 1.7836437925780448, 1.897819848818683, 2.219301446064114, 1.936365292366237, 1.8266339316413727, 1.7340295998156574, 1.7811243938673, 1.655088088235257, 1.6496581857249497, 1.979099991704225, 2.2239651847903534, 1.9230898201241073, 1.5636089978216394, 2.2948934797487377, 2.357654670252838, 2.1658007964357635, -2.7753863787824677, 3.708967100321348, 3.751039800951503, 3.7542703812485922], "predicted_p_opt": 0.1401910263966447, "predicted_tts": 7.133124178509714, "p_opt": 0.0008393919216637868, "tts": 1191.3386038048432, "approx": 0.9255266274795091, "opt_gap": -0.07447337252049091}