{"edges": [[12, 16], [12, 19], [12, 21], [16, 15], [16, 18], [19, 14], [19, 20], [5, 13], [5, 10], [5, 18], [13, 3], [13, 17], [3, 6], [3, 11], [14, 1], [14, 20], [10, 15], [10, 11], [4, 18], [4, 8], [4, 17], [8, 15], [8, 11], [2, 17], [2, 20], [2, 1], [6, 7], [6, 9], [21, 9], [21, 0], [0, 1], [0, 7], [7, 9]], "num_nodes": 22, "opt_value": 29, "opt_count": 4, "feasible_count": 4194304, "mean_value": 16.5, "std": 2.8722813232690143, "level": 15, "gammas": [0.11333383619785309, 0.23105674982070923, 0.2612963616847992, 0.2684856951236725, 0.26943066716194153, 0.26882246136665344, 0.2689110338687897, 0.2701992392539978, 0.27240341901779175, 0.27702802419662476, 0.28530269861221313, 0.2964528203010559, 0.31063511967658997, 0.3297259211540222, 0.3599832057952881], "betas": [-2.546449661254883, -2.2465038299560547, -2.0882210731506348, -1.9867324829101562, -1.9108861684799194, -1.851784348487854, -1.8071061372756958, -1.7668722867965698, -1.7294814586639404, -1.7050949335098267, -1.6880353689193726, -1.6604491472244263, -1.6055195331573486, -1.4922796487808228, -1.223620057106018], "predicted_p_opt": 0.0009164810180664062, "predicted_tts": 1091.130072840791, "p_opt": 1.3949461390438955e-05, "tts": 71687.3556627359, "approx": 0.8151707053184509, "opt_gap": -0.18482929468154907}