{"locs": [[0.36, 0.1], [0.63, 0.35], [0.99, 0.7], [0.37, 0.32], [0.57, 0.29], [0.22, 0.48], [0.03, 0.33], [0.41, 0.12], [0.28, 0.63]], "opt_value": 2.5516979694366455, "opt_count": 2.0, "feasible_count": 40320.0, "mean_value": 3.8829338550567627, "std": 0.35305845737457275, "level": 1, "gammas": [1.8806514739990234], "betas": [-2.791123151779175], "predicted_p_opt": 0.0004464285714285714, "predicted_tts": 2240.0, "p_opt": 0.0003135668230243027, "tts": 3189.1128989832446, "approx": 1.4662073850631714, "opt_gap": 0.4662073850631714}