{"edges": [[3, 4], [3, 7], [3, 23], [4, 21], [4, 24], [18, 20], [18, 10], [18, 14], [20, 22], [20, 12], [7, 0], [7, 2], [21, 5], [21, 11], [0, 2], [0, 17], [2, 6], [24, 10], [24, 1], [5, 25], [5, 22], [25, 9], [25, 8], [8, 15], [8, 6], [15, 12], [15, 14], [22, 16], [10, 14], [17, 23], [17, 19], [6, 9], [1, 13], [1, 16], [16, 13], [12, 11], [23, 19], [9, 19], [11, 13]], "num_nodes": 26, "opt_value": 34, "opt_count": 6, "feasible_count": 67108864, "mean_value": 19.5, "std": 3.122498999199199, "level": 4, "gammas": [3.140367269515991, 3.1412529945373535, 3.1406099796295166, 3.1395716667175293], "betas": [3.1407999992370605, 3.141235828399658, 3.1399576663970947, 3.1393864154815674], "predicted_p_opt": 7.241964340209961e-06, "predicted_tts": 138084.08230452676, "p_opt": 3.675938214251205e-06, "tts": 272039.3928611506, "approx": 0.7755093934524302, "opt_gap": -0.2244906065475698, "th": -25.92764561722523}