{"N": 18, "edgelist": ["0 2 {}\n", "0 4 {}\n", "0 5 {}\n", "0 9 {}\n", "0 10 {}\n", "0 12 {}\n", "1 2 {}\n", "1 6 {}\n", "1 9 {}\n", "1 10 {}\n", "1 11 {}\n", "1 17 {}\n", "2 3 {}\n", "2 4 {}\n", "2 6 {}\n", "2 8 {}\n", "2 9 {}\n", "2 12 {}\n", "2 13 {}\n", "2 15 {}\n", "2 16 {}\n", "3 4 {}\n", "3 6 {}\n", "3 8 {}\n", "3 9 {}\n", "3 10 {}\n", "3 11 {}\n", "3 12 {}\n", "3 13 {}\n", "3 14 {}\n", "3 16 {}\n", "4 6 {}\n", "4 9 {}\n", "4 10 {}\n", "4 13 {}\n", "4 15 {}\n", "5 6 {}\n", "5 8 {}\n", "5 12 {}\n", "5 13 {}\n", "5 14 {}\n", "6 8 {}\n", "6 10 {}\n", "6 11 {}\n", "6 13 {}\n", "6 14 {}\n", "6 17 {}\n", "7 9 {}\n", "7 10 {}\n", "7 13 {}\n", "7 16 {}\n", "8 10 {}\n", "8 12 {}\n", "8 13 {}\n", "9 11 {}\n", "9 12 {}\n", "9 13 {}\n", "9 14 {}\n", "9 15 {}\n", "9 17 {}\n", "10 15 {}\n", "11 13 {}\n", "11 14 {}\n", "11 15 {}\n", "11 16 {}\n", "11 17 {}\n", "12 13 {}\n", "12 16 {}\n", "13 16 {}\n", "14 17 {}\n", "15 17 {}\n", "16 17 {}\n"], "opt_value": 66, "opt_count": 2, "feasible_count": 48620, "mean_value": 55.05882352941177, "std": 2.893615451407259, "level": 89, "gammas": [-0.1412234902381897, -0.24341054260730743, -0.25981420278549194, -0.2644338309764862, -0.26459282636642456, -0.26409390568733215, -0.26228585839271545, -0.2589104473590851, -0.2539595663547516, -0.24603696167469025, -0.2294536530971527, -0.21202439069747925, -0.2211315929889679, -0.22095517814159393, -0.23635132610797882, -0.20912589132785797, -0.21106863021850586, -0.21039487421512604, -0.2102416753768921, -0.20944443345069885, -0.20734386146068573, -0.20660492777824402, -0.20577192306518555, -0.20096580684185028, -0.2025064080953598, -0.22694207727909088, -0.20052529871463776, -0.20136111974716187, -0.20539098978042603, -0.2032579481601715, -0.20893016457557678, -0.21113650500774384, -0.21204952895641327, -0.21377940475940704, -0.21325473487377167, -0.21148620545864105, -0.21260593831539154, -0.21205613017082214, -0.20813292264938354, -0.20776860415935516, -0.20959250628948212, -0.15562836825847626, 0.13012641668319702, 0.1554882973432541, 0.2120104879140854, 0.23406273126602173, 0.23440051078796387, 0.2314605563879013, 0.23082765936851501, 0.23214608430862427, 0.23289573192596436, 0.23169159889221191, 0.23019950091838837, 0.23138427734375, 0.22975143790245056, 0.22804510593414307, 0.23446448147296906, 0.23722556233406067, 0.23296889662742615, 0.23399481177330017, 0.23488987982273102, 0.23526032269001007, 0.23662853240966797, 0.2371091991662979, 0.23605675995349884, 0.23757457733154297, 0.23953701555728912, 0.26429617404937744, 0.2345425933599472, 0.2367262989282608, 0.2436198741197586, 0.24985413253307343, 0.2555163502693176, 0.25966066122055054, 0.2627815008163452, 0.2646767795085907, 0.2657178044319153, 0.26661622524261475, 0.2675790786743164, 0.2697877883911133, 0.2709279954433441, 0.27056145668029785, 0.26890191435813904, 0.2680346369743347, 0.2680055797100067, 0.2678089737892151, 0.26723596453666687, 0.2664494514465332, 0.2574191987514496], "betas": [2.8484766483306885, 2.828200578689575, 2.8352463245391846, 2.8570666313171387, 2.8551695346832275, 2.838981866836548, 2.816628932952881, 2.7914540767669678, 2.7512428760528564, 2.654104471206665, 2.440737247467041, 2.28579044342041, 2.284146308898926, 2.0258028507232666, 2.2245402336120605, 2.2084829807281494, 2.1714279651641846, 2.1730124950408936, 2.1762282848358154, 2.161153554916382, 2.1397931575775146, 2.138265371322632, 2.116608142852783, 2.1398119926452637, 2.033475399017334, 2.0893259048461914, 2.080777645111084, 2.194108486175537, 2.190228223800659, 2.22652268409729, 2.2389183044433594, 2.228395938873291, 2.2330212593078613, 2.236253023147583, 2.223210096359253, 2.218038558959961, 2.2358744144439697, 2.228931427001953, 2.204646348953247, 2.2077207565307617, 1.948327660560608, -1.6586265563964844, -2.5768935680389404, -2.415283679962158, -2.4500081539154053, -2.4685442447662354, -2.455446720123291, -2.4421017169952393, -2.4456028938293457, -2.4586992263793945, -2.4591012001037598, -2.4520363807678223, -2.449026107788086, -2.4510841369628906, -2.4375205039978027, -2.4039928913116455, -2.441145420074463, -2.4125020503997803, -2.446122646331787, -2.457630157470703, -2.4695794582366943, -2.484055280685425, -2.4937691688537598, -2.4921116828918457, -2.480067014694214, -2.5386502742767334, -2.5561623573303223, -2.4119603633880615, -2.547633647918701, -2.6547868251800537, -2.703050374984741, -2.749854803085327, -2.789382219314575, -2.815593719482422, -2.833933115005493, -2.851940393447876, -2.8666656017303467, -2.8805041313171387, -2.900639533996582, -2.912750720977783, -2.917346715927124, -2.886270761489868, -2.876999855041504, -2.8788836002349854, -2.8783395290374756, -2.8755064010620117, -2.8721256256103516, -2.8614320755004883, -2.9088475704193115], "predicted_p_opt": 1.3180172768408063, "predicted_tts": 0.7587153958990044, "p_opt": 0.6428200056917848, "tts": 1.5556454235176271, "approx": 0.945835332099606, "opt_gap": -0.05416466790039398}