{"N": 18, "edgelist": ["0 4 {}\n", "0 7 {}\n", "0 10 {}\n", "0 12 {}\n", "0 14 {}\n", "0 17 {}\n", "1 3 {}\n", "1 4 {}\n", "1 7 {}\n", "1 9 {}\n", "1 10 {}\n", "1 11 {}\n", "1 12 {}\n", "1 13 {}\n", "1 14 {}\n", "1 15 {}\n", "1 16 {}\n", "1 17 {}\n", "2 5 {}\n", "2 7 {}\n", "2 9 {}\n", "2 10 {}\n", "2 11 {}\n", "2 12 {}\n", "2 13 {}\n", "2 14 {}\n", "2 15 {}\n", "2 16 {}\n", "3 4 {}\n", "3 12 {}\n", "3 17 {}\n", "4 6 {}\n", "4 7 {}\n", "4 11 {}\n", "4 13 {}\n", "4 16 {}\n", "5 6 {}\n", "5 8 {}\n", "5 11 {}\n", "5 12 {}\n", "5 17 {}\n", "6 8 {}\n", "6 9 {}\n", "6 10 {}\n", "6 12 {}\n", "6 13 {}\n", "6 14 {}\n", "6 15 {}\n", "6 16 {}\n", "6 17 {}\n", "7 10 {}\n", "7 11 {}\n", "7 13 {}\n", "7 14 {}\n", "7 15 {}\n", "7 16 {}\n", "7 17 {}\n", "8 9 {}\n", "8 11 {}\n", "8 12 {}\n", "8 13 {}\n", "9 10 {}\n", "9 11 {}\n", "9 17 {}\n", "10 12 {}\n", "10 14 {}\n", "10 15 {}\n", "10 16 {}\n", "11 12 {}\n", "11 13 {}\n", "11 14 {}\n", "11 16 {}\n", "12 13 {}\n", "12 14 {}\n", "12 16 {}\n", "12 17 {}\n", "13 14 {}\n", "13 15 {}\n", "13 16 {}\n", "13 17 {}\n", "14 15 {}\n", "15 16 {}\n", "15 17 {}\n"], "opt_value": 75, "opt_count": 1, "feasible_count": 48620, "mean_value": 63.470588235294116, "std": 3.048966016804106, "level": 89, "gammas": [-0.13608253002166748, -0.23129378259181976, -0.245590478181839, -0.249618262052536, -0.24785290658473969, -0.2434672713279724, -0.23528330028057098, -0.22622500360012054, -0.22355706989765167, -0.22128057479858398, -0.20825272798538208, -0.23670504987239838, -0.21738651394844055, -0.21954213082790375, -0.21381057798862457, -0.21288470923900604, -0.2149628847837448, -0.2157043069601059, -0.2135922759771347, -0.21010401844978333, -0.20858274400234222, -0.20908911526203156, -0.20843930542469025, -0.20497013628482819, -0.20184269547462463, -0.2006826102733612, -0.22619250416755676, -0.19864769279956818, -0.20199289917945862, -0.20492519438266754, -0.20242850482463837, -0.2082839012145996, -0.21129848062992096, -0.21078898012638092, -0.21126411855220795, -0.21327611804008484, -0.21981504559516907, -0.21799248456954956, -0.1615251898765564, 0.11859426647424698, 0.17224721610546112, 0.2109094262123108, 0.22546394169330597, 0.22742906212806702, 0.22520510852336884, 0.22216692566871643, 0.21928782761096954, 0.21938538551330566, 0.2207287847995758, 0.21970155835151672, 0.2191011905670166, 0.2255868762731552, 0.2217424362897873, 0.22152934968471527, 0.2206321507692337, 0.22127322852611542, 0.22305291891098022, 0.22408996522426605, 0.224916473031044, 0.22514094412326813, 0.22551646828651428, 0.2263578176498413, 0.22742556035518646, 0.22882339358329773, 0.22535663843154907, 0.2523437738418579, 0.22605404257774353, 0.23029804229736328, 0.2328319251537323, 0.23670132458209991, 0.24203193187713623, 0.24581341445446014, 0.24861346185207367, 0.2500971257686615, 0.24925142526626587, 0.24954459071159363, 0.25065678358078003, 0.2533096969127655, 0.2545972764492035, 0.2543131113052368, 0.25378701090812683, 0.2534925043582916, 0.253377765417099, 0.2533313035964966, 0.25328248739242554, 0.2533303499221802, 0.25323837995529175, 0.2532556653022766, 0.24580958485603333], "betas": [2.8251397609710693, 2.779733180999756, 2.7663559913635254, 2.7865514755249023, 2.795499563217163, 2.7628016471862793, 2.679361581802368, 2.5910892486572266, 2.527878761291504, 2.338534116744995, 2.137598752975464, 2.394564628601074, 2.466141700744629, 2.4051003456115723, 2.382061004638672, 2.3945815563201904, 2.4110071659088135, 2.4016804695129395, 2.3662166595458984, 2.3369362354278564, 2.3248472213745117, 2.3188328742980957, 2.2927887439727783, 2.242241859436035, 2.272698163986206, 2.210625171661377, 2.154176712036133, 2.185680389404297, 2.291341781616211, 2.288071870803833, 2.3177711963653564, 2.346529722213745, 2.3403189182281494, 2.3325612545013428, 2.324991226196289, 2.3536887168884277, 2.4455008506774902, 2.335209846496582, -1.7227447032928467, -2.7126526832580566, -2.465266466140747, -2.5132503509521484, -2.499364137649536, -2.4888603687286377, -2.485076904296875, -2.4771807193756104, -2.4484341144561768, -2.444748878479004, -2.452871799468994, -2.3882925510406494, -2.405538558959961, -2.421006441116333, -2.4519731998443604, -2.4577999114990234, -2.463939666748047, -2.4810969829559326, -2.49869441986084, -2.5134172439575195, -2.520026206970215, -2.520071268081665, -2.5254364013671875, -2.5391321182250977, -2.554814100265503, -2.570342540740967, -2.593341588973999, -2.414989709854126, -2.5828816890716553, -2.657318115234375, -2.695934534072876, -2.745518684387207, -2.7805018424987793, -2.8045504093170166, -2.8167617321014404, -2.822715997695923, -2.8212647438049316, -2.8140056133270264, -2.8488752841949463, -2.867353677749634, -2.873401165008545, -2.8768961429595947, -2.8779993057250977, -2.8806228637695312, -2.880790948867798, -2.874509334564209, -2.86928653717041, -2.870420217514038, -2.8735196590423584, -2.8857614994049072, -2.904282808303833], "predicted_p_opt": 0.6590086384204031, "predicted_tts": 1.5174307917980088, "p_opt": 0.393226520117593, "tts": 2.5430634731883126, "approx": 0.9114206284159423, "opt_gap": -0.08857937158405771}