{"edges": [[12, 16], [12, 8], [12, 18], [16, 14], [16, 4], [14, 2], [14, 10], [8, 3], [8, 13], [9, 11], [9, 5], [9, 6], [11, 17], [11, 19], [2, 5], [2, 10], [5, 3], [1, 3], [1, 4], [1, 19], [17, 0], [17, 15], [0, 10], [0, 15], [15, 7], [18, 7], [18, 13], [19, 6], [6, 13], [7, 4]], "num_nodes": 20, "opt_value": 27, "opt_count": 2, "feasible_count": 1048576, "mean_value": 15.0, "std": 2.7386127875258306, "level": 27, "gammas": [0.14285922050476074, 0.25671476125717163, 0.22035174071788788, 0.25062933564186096, 0.24207673966884613, 0.19969160854816437, 0.2374773472547531, 0.2370154708623886, 0.24030297994613647, 0.23122063279151917, 0.23828217387199402, 0.24462607502937317, 0.24366678297519684, 0.24406081438064575, 0.25634485483169556, 0.271934449672699, 0.2826075851917267, 0.28977328538894653, 0.29650285840034485, 0.3046414852142334, 0.3119119703769684, 0.3284364640712738, 0.37168088555336, 0.4543619155883789, 0.48254871368408203, 0.39847421646118164, 0.3464757800102234], "betas": [-2.779170036315918, -2.195621967315674, -1.904722809791565, -2.284358263015747, -1.7887811660766602, -1.6159863471984863, -1.6967791318893433, -1.5497416257858276, -1.5707604885101318, -1.635891079902649, -1.6577365398406982, -1.6541237831115723, -1.621726393699646, -1.6429413557052612, -1.7223341464996338, -1.7829333543777466, -1.8061001300811768, -1.8084635734558105, -1.8043408393859863, -1.8042832612991333, -1.8010259866714478, -1.5161100625991821, -1.961281657218933, -2.03286075592041, -2.349688768386841, -2.535586357116699, -2.5579631328582764], "predicted_p_opt": 0.0057697296142578125, "predicted_tts": 173.31834710743803, "p_opt": 5.106227763462812e-05, "tts": 19583.928612730848, "approx": 0.8325241208076477, "opt_gap": -0.1674758791923523}