{"edges": [[0, 6], [0, 9], [1, 3], [1, 6], [1, 8], [2, 5], [2, 8], [2, 10], [3, 4], [3, 5], [3, 6], [4, 7], [4, 9], [5, 7], [6, 8], [7, 10], [8, 10], [9, 10]], "num_nodes": 11, "num_colors": 3, "opt_value": 18, "opt_count": 72, "feasible_count": 177147, "mean_value": 12.0, "std": 2.0, "level": 33, "gammas": [3.1415925132686198, 3.1415928163829325, 3.141592806464198, 3.141592644711876, 3.141592488008899, 3.1415924203045447, 3.1415924887100584, 3.141592650137911, 3.1415928624086824, 3.141593022609228, 3.141593018319189, 3.1415927923699623, 3.1415923181322083, 3.141591415858076, 3.1415905665556476, 3.1415872179221704, 3.141583367882347, 3.14157852391213, 3.1415628548783414, 3.1415614890949244, 3.1414972877981215, 3.1414852530416986, 3.1413643556505253, 3.1413141066211767, 3.140766043189419, 3.1404235753873033, 3.139458081361739, 3.1365999561191336, 3.1379210410696303, 3.128913835387018, 3.1373299544188322, 3.100946868885844, 3.128285812875096], "betas": [3.141592585827206, 3.1415924745847263, 3.1415925806679197, 3.1415927545401443, 3.141592870927595, 3.1415928702087843, 3.1415927465955464, 3.141592533770378, 3.141592312130643, 3.141592164961232, 3.141592134304716, 3.1415922899922233, 3.1415924433742455, 3.141592468033063, 3.141591594148611, 3.141586609434619, 3.1415831172189264, 3.1415677768731105, 3.1415591160536622, 3.141532123864428, 3.1414698215532275, 3.1414543127757266, 3.141303897451349, 3.1412759902357066, 3.140333489071447, 3.1405961086910614, 3.136932458817702, 3.1381474862249763, 3.1337196595530865, 3.1336572040462616, 3.1197968759695995, 3.108270075660037, 3.139323854123787], "predicted_p_opt": 1.8245186201290453, "predicted_tts": 0.5480897750055692, "p_opt": 0.9523895497973307, "tts": 1.0499905214340086, "approx": 0.9841235247333908, "opt_gap": -0.01587647526660918, "th": -17.999000549316406}