{"N": 22, "edgelist": ["0 1 {}\n", "0 4 {}\n", "0 5 {}\n", "0 8 {}\n", "0 9 {}\n", "0 12 {}\n", "0 13 {}\n", "0 14 {}\n", "0 15 {}\n", "0 16 {}\n", "0 21 {}\n", "1 2 {}\n", "1 4 {}\n", "1 5 {}\n", "1 7 {}\n", "1 12 {}\n", "1 14 {}\n", "1 16 {}\n", "1 18 {}\n", "1 19 {}\n", "1 21 {}\n", "2 3 {}\n", "2 4 {}\n", "2 7 {}\n", "2 11 {}\n", "2 12 {}\n", "2 13 {}\n", "2 15 {}\n", "2 17 {}\n", "2 20 {}\n", "3 4 {}\n", "3 5 {}\n", "3 7 {}\n", "3 8 {}\n", "3 11 {}\n", "3 19 {}\n", "3 21 {}\n", "4 11 {}\n", "4 12 {}\n", "4 13 {}\n", "4 14 {}\n", "4 15 {}\n", "4 16 {}\n", "4 17 {}\n", "4 18 {}\n", "4 19 {}\n", "4 20 {}\n", "5 6 {}\n", "5 7 {}\n", "5 8 {}\n", "5 9 {}\n", "5 10 {}\n", "5 11 {}\n", "5 17 {}\n", "5 18 {}\n", "5 19 {}\n", "5 20 {}\n", "6 7 {}\n", "6 8 {}\n", "6 9 {}\n", "6 10 {}\n", "6 11 {}\n", "6 12 {}\n", "6 13 {}\n", "6 16 {}\n", "6 19 {}\n", "6 20 {}\n", "6 21 {}\n", "7 8 {}\n", "7 10 {}\n", "7 13 {}\n", "7 14 {}\n", "7 16 {}\n", "7 17 {}\n", "7 19 {}\n", "7 21 {}\n", "8 9 {}\n", "8 10 {}\n", "8 11 {}\n", "8 12 {}\n", "8 13 {}\n", "8 14 {}\n", "8 16 {}\n", "8 17 {}\n", "8 20 {}\n", "9 12 {}\n", "9 14 {}\n", "9 16 {}\n", "9 17 {}\n", "9 19 {}\n", "9 21 {}\n", "10 14 {}\n", "10 17 {}\n", "10 18 {}\n", "11 13 {}\n", "11 14 {}\n", "11 16 {}\n", "11 18 {}\n", "11 21 {}\n", "12 15 {}\n", "12 16 {}\n", "12 17 {}\n", "12 18 {}\n", "12 20 {}\n", "12 21 {}\n", "13 15 {}\n", "13 16 {}\n", "13 20 {}\n", "13 21 {}\n", "14 15 {}\n", "14 17 {}\n", "14 18 {}\n", "14 19 {}\n", "14 21 {}\n", "15 16 {}\n", "15 17 {}\n", "15 19 {}\n", "15 21 {}\n", "16 19 {}\n", "17 18 {}\n", "17 20 {}\n", "20 21 {}\n"], "opt_value": 107, "opt_count": 4, "feasible_count": 705432, "mean_value": 92.95238095238095, "std": 2.986433501332786, "level": 55, "gammas": [3.1415927704498494, 3.141592764493705, 3.141592728215824, 3.141592706161734, 3.141592692695204, 3.141592706626745, 3.141592727995211, 3.1415927528578895, 3.1415927586619334, 3.141592757851779, 3.14159274472979, 3.141592732684639, 3.1415927167876334, 3.141592702139734, 3.1415926912429892, 3.1415926895686224, 3.1415926860559837, 3.1415927037839304, 3.1415927226580944, 3.1415927410468654, 3.1415927347555797, 3.141592680691864, 3.1415925734293406, 3.1415924090943896, 3.141592231197599, 3.1415918575215227, 3.141591371751048, 3.1415906083532317, 3.141589498902599, 3.141589003811869, 3.1415885944151904, 3.1415873904630334, 3.141585042781851, 3.14158078730827, 3.1415725254093463, 3.141566000418983, 3.141556191582985, 3.1415494286688044, 3.141529710118276, 3.1415247438654035, 3.1414817323138604, 3.141460047574141, 3.1414360075524614, 3.1414385932315367, 3.1413621905868676, 3.141310707766013, 3.14125702629549, 3.1412858796109155, 3.1407892168636184, 3.1403744139246257, 3.1398906287143844, 3.1386970808092776, 3.1383023895007005, 3.130649727857931, 3.1383831273635625], "betas": [3.141592533364145, 3.1415925676975474, 3.1415925969876213, 3.1415926083010417, 3.141592602489497, 3.141592586806527, 3.141592569248544, 3.1415925519754384, 3.1415925467886763, 3.1415925516695133, 3.1415925634716317, 3.1415925819699635, 3.141592598736901, 3.1415926106192655, 3.1415926176860975, 3.141592614427679, 3.1415925986685833, 3.1415925757043173, 3.141592554869648, 3.141592532394623, 3.1415924855660426, 3.141592415841118, 3.141592315434095, 3.1415921986663973, 3.1415919970501216, 3.141591578125009, 3.141591051467695, 3.141589983854413, 3.1415890868780334, 3.141588647565255, 3.1415879317507667, 3.1415859545443543, 3.1415832861794493, 3.141576460856226, 3.1415694678053017, 3.1415610386532964, 3.1415537498676356, 3.1415398654055497, 3.141526313612235, 3.1415085219243473, 3.1414619697638373, 3.141453477737707, 3.1414307280083036, 3.1414265049616037, 3.141310042025438, 3.1413047441393607, 3.141211653916229, 3.141238252186789, 3.1403663418040595, 3.1405256116860283, 3.138507865738764, 3.1401838915217444, 3.1329814527939908, 3.1338310847745734, 3.1408602878287284], "predicted_p_opt": 0.06986357295954819, "predicted_tts": 14.313610908205503, "p_opt": 0.06825178682505481, "tts": 14.651631063714602, "approx": 0.8776738098917739, "opt_gap": -0.1223261901082261, "th": -106.9990005493164}