{"edges": [[0, 2], [0, 4], [0, 5], [0, 6], [0, 10], [1, 7], [1, 9], [2, 11], [3, 6], [3, 8], [4, 6], [4, 7], [5, 7], [6, 9], [7, 8], [7, 11], [8, 9], [8, 10]], "num_nodes": 12, "num_colors": 3, "opt_value": 18, "opt_count": 246, "feasible_count": 531441, "mean_value": 12.0, "std": 2.0, "level": 31, "gammas": [3.1415926275830524, 3.141592611995963, 3.141592405897833, 3.141590821715355, 3.141583140711824, 3.1415588680986573, 3.1414960220529013, 3.1413730453012776, 3.141193950934902, 3.140948932364126, 3.1407293527093882, 3.140798615418434, 3.140808310957479, 3.1406205521811157, 3.1406847832640694, 3.1406161340834835, 3.140426915748672, 3.140516791843647, 3.1405867523633173, 3.1406165995274726, 3.14096364133042, 3.1411935463921083, 3.141236743909759, 3.1413617834789047, 3.1415007894346956, 3.141567805484038, 3.141579038688565, 3.141579589104427, 3.1417096201976378, 3.1406510959119047, 3.1396922972778762], "betas": [3.1415926692132974, 3.1415926576774904, 3.1415920906356645, 3.141588286032775, 3.1415741787639284, 3.1415341340133693, 3.141442355446269, 3.1412902521563626, 3.141080715709215, 3.140816770654638, 3.1407292742598893, 3.140850223838979, 3.140698399996135, 3.140631863320658, 3.1406914157792163, 3.140502195092766, 3.140439628631945, 3.140582244274255, 3.1405689897991533, 3.140766454143729, 3.141119586104814, 3.1412159313364767, 3.1412881972406614, 3.1414370494422545, 3.1415383607747724, 3.1415809193947846, 3.141606214104967, 3.1415632014547143, 3.141548397641406, 3.139664776122567, 3.140676550584758], "predicted_p_opt": 1.837219935985368, "predicted_tts": 0.5443006470881036, "p_opt": 0.9543784863530472, "tts": 1.0478023282160158, "approx": 0.9847859545346839, "opt_gap": -0.015214045465316128, "th": -17.999000549316406}