{"edges": [[0, 3], [0, 4], [0, 6], [0, 10], [1, 2], [1, 8], [1, 10], [1, 13], [2, 12], [2, 13], [3, 4], [3, 7], [4, 7], [4, 12], [5, 7], [5, 11], [5, 12], [6, 7], [6, 12], [6, 13], [7, 8], [7, 10], [7, 11], [8, 12], [8, 13], [9, 12], [10, 11], [10, 12], [11, 12]], "num_nodes": 14, "num_colors": 3, "opt_value": 29, "opt_count": 96, "feasible_count": 4782969, "mean_value": 19.333333333333332, "std": 2.5385910352879693, "level": 34, "gammas": [2.2421188354492188, 2.236984968185425, 2.2398316860198975, 2.2503886222839355, 2.268012285232544, 2.2908434867858887, 2.3154985904693604, 2.3395063877105713, 2.361034631729126, 2.378434419631958, 2.3903088569641113, 2.39568829536438, 2.3941378593444824, 2.3857803344726562, 2.371290445327759, 2.351780652999878, 2.3286662101745605, 2.3034791946411133, 2.278195858001709, 2.256354808807373, 2.2403476238250732, 2.23185133934021, 2.231175422668457, 2.238022565841675, 4.116569684014212, 4.116569684014212, 4.116569684014212, 4.116569684014212, 4.116569684014212, 4.116569684014212, 4.116569684014212, 4.116569684014212, 4.116569684014212, 4.116569684014212], "betas": [2.238229751586914, 2.237473487854004, 2.2453501224517822, 2.2608718872070312, 2.28228759765625, 2.3065104484558105, 2.330655097961426, 2.3530588150024414, 2.3720948696136475, 2.386258125305176, 2.3943586349487305, 2.3956894874572754, 2.3900794982910156, 2.3779349327087402, 2.3601746559143066, 2.338128089904785, 2.3133692741394043, 2.2877955436706543, 2.2642483711242676, 2.246297836303711, 2.2351627349853516, 2.230905771255493, 2.2339305877685547, 2.2443130016326904, 0.0, 0.0, 0.0, 0.0, 0.0, 0.0, 0.0, 0.0, 0.0, 0.0], "predicted_p_opt": 0.09555905547370264, "predicted_tts": 10.464732986767485, "p_opt": 0.016293283949934092, "tts": 61.37498143853591, "approx": 0.9379175080644164, "opt_gap": -0.06208249193558357, "th": -26.996025783868447}