{"edges": [[0, 6], [0, 9], [1, 2], [1, 5], [1, 7], [1, 8], [1, 9], [1, 13], [2, 4], [2, 6], [2, 12], [3, 4], [3, 5], [3, 6], [3, 7], [4, 9], [4, 13], [5, 9], [5, 12], [6, 8], [6, 10], [6, 13], [8, 9], [10, 11], [10, 12]], "num_nodes": 14, "num_colors": 3, "opt_value": 25, "opt_count": 144, "feasible_count": 4782969, "mean_value": 16.666666666666668, "std": 2.3570226039551585, "level": 34, "gammas": [3.141592617444629, 3.1415926152272817, 3.1415926113974137, 3.1415926006480164, 3.141592472751902, 3.1415919219456785, 3.1415902774176003, 3.141587087739195, 3.141582589595897, 3.1415773833416076, 3.1415710804475143, 3.141562863083571, 3.1415626824297727, 3.1415927185951964, 3.1416353763148317, 3.1416620588230586, 3.141698483138927, 3.141708916594783, 3.1416641029195866, 3.1416296746157255, 3.1416169641078335, 3.141603575118205, 3.1415951395027464, 3.1415932050014903, 3.1415931434363893, 3.1415931147296914, 3.1415942981413325, 3.1415988838688342, 3.1415903307084347, 3.1415867604127112, 3.141360472296284, 3.140788384627524, 3.1398192923961967, 3.138290087825363], "betas": [3.141592672591156, 3.1415926779758636, 3.141592677088051, 3.1415926350965138, 3.1415923598842492, 3.1415913434827214, 3.141588947119145, 3.1415850223429738, 3.141580119777928, 3.1415745195727314, 3.1415671355687342, 3.1415603243243178, 3.141573533988789, 3.1416156521668155, -3.141535799189483, 3.141678809217965, -3.141473558520799, -3.1414953549222164, 3.1416427044288513, -3.1415624032608127, -3.1415747511584584, 3.141598406492976, -3.1415917891463447, -3.1415927682643354, 3.1415921557031954, -3.141592758570464, -3.1415916143234073, 3.1416128257242524, 3.14161076075915, 3.141475316781434, 3.1409488519994166, 3.140996483282092, 3.13798119316292, 3.1401759979966046], "predicted_p_opt": 0.14333858321055395, "predicted_tts": 6.97648865784499, "p_opt": 0.06083182481144792, "tts": 16.438763806602267, "approx": 0.9620389204385171, "opt_gap": -0.03796107956148287, "th": -23.98571121479708}