{"edges": [[0, 4], [0, 5], [0, 12], [0, 13], [1, 5], [1, 7], [1, 8], [1, 10], [1, 11], [1, 14], [2, 14], [3, 7], [3, 8], [3, 9], [3, 11], [4, 8], [4, 10], [5, 10], [6, 8], [6, 10], [7, 8], [7, 11], [7, 13], [7, 15], [8, 12], [8, 13], [9, 11], [9, 13], [10, 12], [11, 12], [12, 15]], "num_nodes": 16, "num_colors": 3, "opt_value": 31, "opt_count": 312, "feasible_count": 43046721, "mean_value": 20.666666666666668, "std": 2.6246692913372702, "level": 29, "gammas": [3.141677908276962, 3.1416646602428067, 3.1416463570082893, 3.1415829537826148, 3.141356591736097, 3.140930021506634, 3.140622259446138, 3.1403304548653357, 3.139343171465553, 3.1383255526467795, 3.1389941881199905, 3.13957785760088, 3.13878315032606, 3.138870539069804, 3.1384252570895677, 3.1379170392527067, 3.137899105073377, 3.1383047002676046, 3.1391497560799344, 3.1390949675769777, 3.1395169125118056, 3.140471783193499, 3.140954756800512, 3.141068358301763, 3.141342366110857, 3.1415486783772777, 3.141625905036602, 3.141656092464151, 3.1416711579616106], "betas": [3.1415139652475195, 3.1415243527705528, 3.141514418966766, 3.1414070874398607, 3.141078616289005, 3.1406806270272414, 3.1404724355213713, 3.139900798181139, 3.1386717279791814, 3.1384292222102963, 3.1394938025664767, 3.139176774663414, 3.1387111302815485, 3.1387963383900015, 3.138038369668084, 3.137908872489839, 3.137955384896182, 3.13879088562646, 3.1391605532165108, 3.1391500658052, 3.1399678431117715, 3.1407564373367327, 3.140950386632093, 3.1411232211476063, 3.141383596315241, 3.141495241456917, 3.141522611525267, 3.1415195436634464, 3.141507374222261], "predicted_p_opt": 0.02523007501546982, "predicted_tts": 39.63523689037191, "p_opt": 0.014226869189702469, "tts": 70.28953360475182, "approx": 0.9168254397545885, "opt_gap": -0.08317456024541148, "th": -28.903282406582978}