{"edges": [[0, 4], [0, 10], [1, 4], [1, 5], [2, 3], [2, 9], [2, 12], [3, 12], [4, 7], [4, 8], [4, 9], [5, 6], [5, 9], [6, 8], [6, 12], [7, 8], [7, 10], [8, 9], [10, 14], [11, 12], [11, 13], [12, 14]], "num_nodes": 15, "num_colors": 3, "opt_value": 22, "opt_count": 888, "feasible_count": 14348907, "mean_value": 14.666666666666666, "std": 2.2110831935702664, "level": 37, "gammas": [-0.24169575292823592, -0.39457353652053745, -0.42648143971796093, -0.4375099228413411, -0.4483168347054196, -0.43426832627948553, -0.39308534104685283, -0.32969322208267915, -0.5935518623559976, 1.1028680054999178, 0.37050483348865754, 0.4646084233052159, 0.45515334659172596, 0.4346420716992834, 0.3993588488190344, 0.38149314928529215, 0.41523435704947476, 0.4271552024699302, 0.41559004799977034, 0.4038837519223623, 0.4893563970562869, 0.24693093037090827, 0.5110935537082147, 0.4657103234254435, 0.46487822602512907, 0.44147309870499724, 0.432587649642042, 0.42626757476842075, 0.42316286145301174, 0.4296205618489932, 0.46167188343142584, 0.4573795902292467, 0.42786698508826404, 0.4189914430226277, 0.39967499926873806, 0.38026172599169156, 0.41854356004058263], "betas": [2.704138499068591, 2.711210350386651, 2.8216403540052393, 2.9000158399019784, 2.907681473389653, 2.6494027594110348, 3.8487471161947053, 1.6486121159187228, 3.0905564862878796, -2.5456466144148693, -3.0679893166506265, -3.012933935685309, -2.873121780901485, -2.7620746639259166, -2.6189349191357563, -2.6188938428429718, -1.969248631399474, -2.342004566399134, -2.2613666597019453, 4.3798664835327346, -1.9481247000726016, -2.9094281281485177, -2.6032818810077085, -2.7439659223309607, -3.008588460788255, -2.8888631420253463, -2.776280910312431, -2.7132815414998768, -2.7320312474831896, -2.798528315530824, -2.7236888303222826, -2.6295648332267056, -2.464078315330481, 3.9425632912901754, 3.8529910640337817, 3.9633521005638546, 4.0166239375905874], "predicted_p_opt": 0.34811013828440035, "predicted_tts": 2.872654054054054, "p_opt": 0.02142588661725559, "tts": 46.67251432174752, "approx": 0.9511610782519239, "opt_gap": -0.048838921748076136}