{"N": 18, "edgelist": ["0 1 {}\n", "0 3 {}\n", "0 4 {}\n", "0 7 {}\n", "0 8 {}\n", "1 2 {}\n", "1 4 {}\n", "1 9 {}\n", "1 11 {}\n", "1 12 {}\n", "1 15 {}\n", "1 16 {}\n", "2 7 {}\n", "2 9 {}\n", "2 10 {}\n", "2 11 {}\n", "2 12 {}\n", "2 13 {}\n", "2 14 {}\n", "2 15 {}\n", "2 17 {}\n", "3 4 {}\n", "3 5 {}\n", "3 10 {}\n", "3 15 {}\n", "3 16 {}\n", "4 5 {}\n", "4 6 {}\n", "4 7 {}\n", "4 10 {}\n", "4 15 {}\n", "4 16 {}\n", "5 10 {}\n", "5 11 {}\n", "5 12 {}\n", "5 14 {}\n", "5 15 {}\n", "5 16 {}\n", "5 17 {}\n", "6 7 {}\n", "6 12 {}\n", "6 15 {}\n", "6 16 {}\n", "7 14 {}\n", "7 16 {}\n", "8 9 {}\n", "8 10 {}\n", "8 14 {}\n", "8 17 {}\n", "9 10 {}\n", "9 11 {}\n", "9 12 {}\n", "9 13 {}\n", "10 12 {}\n", "10 16 {}\n", "11 15 {}\n", "12 13 {}\n", "12 15 {}\n", "12 16 {}\n"], "opt_value": 55, "opt_count": 3, "feasible_count": 48620, "mean_value": 45.11764705882353, "std": 2.7435990304959668, "level": 99, "gammas": [0.15323422849178314, 0.24615253508090973, 0.2670781910419464, 0.27063363790512085, 0.27334117889404297, 0.27391353249549866, 0.2729974091053009, 0.272075355052948, 0.26941508054733276, 0.2666671574115753, 0.26231566071510315, 0.2575468420982361, 0.2533036470413208, 0.2500530481338501, 0.24909275770187378, 0.24807986617088318, 0.2462831735610962, 0.24274605512619019, 0.2383306324481964, 0.23500950634479523, 0.2348494976758957, 0.23582823574543, 0.25454723834991455, 0.22050149738788605, 0.23690089583396912, 0.22452151775360107, 0.2260211855173111, 0.23390550911426544, 0.23612672090530396, 0.2359614223241806, 0.2366710752248764, 0.23689186573028564, 0.23683813214302063, 0.23709218204021454, 0.2374085932970047, 0.23655280470848083, 0.23548896610736847, 0.23525655269622803, 0.2358323186635971, 0.23644451797008514, 0.2361280918121338, 0.23491616547107697, 0.23397330939769745, 0.23474040627479553, 0.23661556839942932, 0.2361072599887848, 0.23247139155864716, 0.23883917927742004, 0.23863869905471802, 0.23804210126399994, 0.23072564601898193, 0.23262473940849304, 0.2361874133348465, 0.23305240273475647, 0.23362372815608978, 0.23565538227558136, 0.2370472103357315, 0.23840701580047607, 0.23945355415344238, 0.24029019474983215, 0.2407369613647461, 0.24158857762813568, 0.24311500787734985, 0.24428239464759827, 0.244804248213768, 0.24525202810764313, 0.24621930718421936, 0.2477301061153412, 0.249039426445961, 0.25049740076065063, 0.2506376802921295, 0.2531030476093292, 0.25276243686676025, 0.2546350657939911, 0.2560305893421173, 0.25985971093177795, 0.25845789909362793, 0.2575267553329468, 0.26152199506759644, 0.26216426491737366, 0.26520541310310364, 0.26717478036880493, 0.26976314187049866, 0.27205657958984375, 0.27419692277908325, 0.2761550843715668, 0.27784132957458496, 0.2794235646724701, 0.28085198998451233, 0.2821926474571228, 0.28313809633255005, 0.2841607332229614, 0.2845973074436188, 0.28602415323257446, 0.28668442368507385, 0.2872312664985657, 0.2887316346168518, 0.28774791955947876, 0.2811957001686096], "betas": [-2.704242467880249, -2.6039750576019287, -2.59602689743042, -2.623216152191162, -2.6231203079223633, -2.620181083679199, -2.608710289001465, -2.5853312015533447, -2.553379535675049, -2.512148857116699, -2.464670181274414, -2.4139835834503174, -2.378262519836426, -2.3561036586761475, -2.3401310443878174, -2.3152952194213867, -2.2836408615112305, -2.24869966506958, -2.213637113571167, -2.177175998687744, -2.2077229022979736, -2.1688928604125977, -1.9594309329986572, -2.192922353744507, -2.167544364929199, -2.1855616569519043, -2.2485909461975098, -2.2493884563446045, -2.242234468460083, -2.2432944774627686, -2.239393472671509, -2.2313694953918457, -2.2286770343780518, -2.227893590927124, -2.2210772037506104, -2.214657783508301, -2.2118043899536133, -2.2094547748565674, -2.2057902812957764, -2.2021291255950928, -2.1989409923553467, -2.1958999633789062, -2.1955950260162354, -2.195056438446045, -2.1870028972625732, -2.184671401977539, -2.1870057582855225, -2.1813879013061523, -2.163912534713745, -2.191918134689331, -2.181560516357422, -2.2031610012054443, -2.205838918685913, -2.214724063873291, -2.231795072555542, -2.234894037246704, -2.2434823513031006, -2.2503855228424072, -2.257885694503784, -2.264892816543579, -2.2715015411376953, -2.2798666954040527, -2.288079023361206, -2.2962284088134766, -2.305004119873047, -2.3135321140289307, -2.3233635425567627, -2.334400177001953, -2.3456778526306152, -2.3555662631988525, -2.368096113204956, -2.377896785736084, -2.3871865272521973, -2.39631724357605, -2.4263529777526855, -2.4388928413391113, -2.4484329223632812, -2.4565494060516357, -2.507617712020874, -2.5197887420654297, -2.5411453247070312, -2.565830945968628, -2.589080333709717, -2.612091541290283, -2.633345365524292, -2.6532187461853027, -2.6714885234832764, -2.68813157081604, -2.7027432918548584, -2.7155396938323975, -2.727609872817993, -2.737422227859497, -2.7501542568206787, -2.7568166255950928, -2.7659990787506104, -2.780404567718506, -2.7940452098846436, -2.8148019313812256, -2.8420727252960205], "predicted_p_opt": 2.4435006170300286, "predicted_tts": 0.409248924690454, "p_opt": 0.9211965458276221, "tts": 1.085544669624851, "approx": 0.9862817033026251, "opt_gap": -0.013718296697374899}