{"N": 18, "edgelist": ["0 1 {}\n", "0 2 {}\n", "0 3 {}\n", "0 6 {}\n", "0 8 {}\n", "0 10 {}\n", "0 11 {}\n", "0 13 {}\n", "0 15 {}\n", "0 16 {}\n", "1 3 {}\n", "1 5 {}\n", "1 6 {}\n", "1 9 {}\n", "1 12 {}\n", "1 13 {}\n", "1 16 {}\n", "1 17 {}\n", "2 3 {}\n", "2 5 {}\n", "2 6 {}\n", "2 13 {}\n", "2 14 {}\n", "2 16 {}\n", "3 5 {}\n", "3 9 {}\n", "3 11 {}\n", "3 12 {}\n", "3 15 {}\n", "4 12 {}\n", "4 13 {}\n", "4 14 {}\n", "4 16 {}\n", "4 17 {}\n", "5 6 {}\n", "5 7 {}\n", "5 9 {}\n", "5 10 {}\n", "5 11 {}\n", "5 13 {}\n", "5 16 {}\n", "5 17 {}\n", "6 7 {}\n", "6 8 {}\n", "6 11 {}\n", "6 15 {}\n", "7 8 {}\n", "7 10 {}\n", "7 11 {}\n", "7 13 {}\n", "7 15 {}\n", "7 17 {}\n", "8 11 {}\n", "8 12 {}\n", "8 17 {}\n", "9 12 {}\n", "9 13 {}\n", "9 14 {}\n", "9 15 {}\n", "9 17 {}\n", "10 14 {}\n", "10 17 {}\n", "11 12 {}\n", "11 15 {}\n", "11 16 {}\n", "11 17 {}\n", "12 13 {}\n", "12 15 {}\n", "12 17 {}\n", "13 15 {}\n", "14 16 {}\n", "14 17 {}\n"], "opt_value": 64, "opt_count": 4, "feasible_count": 48620, "mean_value": 55.05882352941177, "std": 2.4294900998622575, "level": 99, "gammas": [0.17050033807754517, 0.2838558554649353, 0.31736284494400024, 0.3137071430683136, 0.31908929347991943, 0.31776323914527893, 0.3172905147075653, 0.3156697154045105, 0.31312981247901917, 0.3086021840572357, 0.30243101716041565, 0.29490387439727783, 0.28617429733276367, 0.27662038803100586, 0.26762694120407104, 0.2594327926635742, 0.2509830892086029, 0.23393379151821136, 0.21695663034915924, 0.23308713734149933, 0.22549675405025482, 0.20828542113304138, 0.2079935371875763, 0.2505544126033783, 0.22495105862617493, 0.21375557780265808, 0.2226530760526657, 0.2250787913799286, 0.22503384947776794, 0.22511056065559387, 0.225077286362648, 0.2252243161201477, 0.2251054048538208, 0.22427332401275635, 0.22272123396396637, 0.2225639969110489, 0.2226281613111496, 0.2206133008003235, 0.2195972502231598, 0.2189432829618454, 0.21752405166625977, 0.21902664005756378, 0.21476103365421295, 0.21505522727966309, 0.2134072333574295, 0.20671826601028442, 0.20917090773582458, 0.19395528733730316, 0.15832701325416565, 0.19278772175312042, -0.14652562141418457, -0.08964253216981888, -0.21453739702701569, -0.22832781076431274, -0.22799015045166016, -0.23941965401172638, -0.23746542632579803, -0.2381954789161682, -0.24159899353981018, -0.24230989813804626, -0.24270085990428925, -0.24551308155059814, -0.2468051314353943, -0.24715197086334229, -0.2485581934452057, -0.24998968839645386, -0.2505791187286377, -0.2514875829219818, -0.2524304986000061, -0.2524575889110565, -0.2534475028514862, -0.2551221251487732, -0.24860572814941406, -0.2622416913509369, -0.2901081442832947, -0.2545067071914673, -0.24927541613578796, -0.26374268531799316, -0.268527626991272, -0.2759832441806793, -0.2872564494609833, -0.28962865471839905, -0.2952822744846344, -0.2994064390659332, -0.30308297276496887, -0.30684903264045715, -0.31090813875198364, -0.31442663073539734, -0.3174595534801483, -0.31996020674705505, -0.3219059705734253, -0.3243139088153839, -0.3239334225654602, -0.32861050963401794, -0.320387601852417, -0.32834288477897644, -0.325158029794693, -0.3223310708999634, -0.3151857554912567], "betas": [-2.6025357246398926, -2.62427020072937, -2.7194881439208984, -2.747666120529175, -2.75950026512146, -2.7632133960723877, -2.7563059329986572, -2.7345070838928223, -2.6992616653442383, -2.648367166519165, -2.578594923019409, -2.497459888458252, -2.419851541519165, -2.345346450805664, -2.2732653617858887, -2.19319486618042, -2.0999608039855957, -1.9903002977371216, -1.9643232822418213, -1.7322183847427368, -1.7751840353012085, -1.7806555032730103, -1.845348596572876, -1.7787925004959106, -1.890918493270874, -1.8766210079193115, -1.8860167264938354, -1.8904284238815308, -1.8895868062973022, -1.8845059871673584, -1.8824228048324585, -1.882061243057251, -1.8765082359313965, -1.8645648956298828, -1.860750675201416, -1.8630322217941284, -1.8582381010055542, -1.8445005416870117, -1.839147925376892, -1.832895278930664, -1.8261865377426147, -1.8247003555297852, -1.8058381080627441, -1.7947423458099365, -1.783071517944336, -1.7552852630615234, -1.7632571458816528, -1.6948047876358032, -1.0674554109573364, 1.394795536994934, 1.881575107574463, 1.9371591806411743, 1.9399504661560059, 1.9431110620498657, 1.988723635673523, 1.9996939897537231, 2.0096068382263184, 2.0347204208374023, 2.043581008911133, 2.049687623977661, 2.064831256866455, 2.0769872665405273, 2.0853257179260254, 2.092430353164673, 2.102128744125366, 2.1109440326690674, 2.118917942047119, 2.128655433654785, 2.1352858543395996, 2.143284559249878, 2.153386116027832, 2.1496753692626953, 2.1933531761169434, 2.096170663833618, 2.1604433059692383, 2.195183515548706, 2.2741661071777344, 2.341622829437256, 2.374391555786133, 2.437199115753174, 2.4812629222869873, 2.5344033241271973, 2.5634286403656006, 2.6055243015289307, 2.64463472366333, 2.6827616691589355, 2.7179126739501953, 2.750439167022705, 2.7804136276245117, 2.806004047393799, 2.829345703125, 2.840008020401001, 2.8822007179260254, 2.8064441680908203, 2.835589647293091, 2.8711953163146973, 2.867385149002075, 2.862419605255127, 2.897829294204712], "predicted_p_opt": 3.258000822706705, "predicted_tts": 0.3069366935178405, "p_opt": 0.9620993188288475, "tts": 1.0393937303866805, "approx": 0.9949438466535402, "opt_gap": -0.005056153346459813}