{"edges": [[0, 3], [0, 4], [0, 9], [1, 3], [1, 10], [1, 12], [2, 3], [2, 6], [2, 8], [2, 10], [3, 7], [3, 8], [4, 8], [5, 7], [5, 8], [5, 11], [6, 9], [6, 10], [7, 14], [8, 10], [9, 15], [10, 12], [10, 13], [12, 14], [13, 15], [14, 15]], "num_nodes": 16, "num_colors": 3, "opt_value": 26, "opt_count": 876, "feasible_count": 43046721, "mean_value": 17.333333333333332, "std": 2.4037008503093262, "level": 77, "gammas": [3.14159282468751, 3.1415927466852196, 3.141592708690739, 3.1415926874606654, 3.1415926778707903, 3.1415926715785134, 3.1415926822588585, 3.1415926906969522, 3.1415926949557083, 3.1415927050218873, 3.1415927090697027, 3.1415927122288734, 3.1415927195288975, 3.1415927219777915, 3.1415927136320505, 3.1415927134001516, 3.1415927046057144, 3.1415926975030777, 3.141592688845377, 3.141592688756974, 3.141592685260058, 3.1415926661009355, 3.141592666495413, 3.1415926438274338, 3.141592605785481, 3.1415925951075425, 3.141592538217451, 3.1415923023142134, 3.14159192652099, 3.14159163584879, 3.1415913590188236, 3.1415906409739653, 3.1415893763115967, 3.141588998742006, 3.1415895880273403, 3.1415897761301284, 3.1415886972746416, 3.1415851223669957, 3.1415780273462657, 3.1415760821328593, 3.141580469745999, 3.1415776902712067, 3.141554171147998, 3.141542872163789, 3.141552846063077, 3.1415551957340164, 3.1415528695125143, 3.1415449418962913, 3.1414935135262176, 3.1414553109768786, 3.14142519533372, 3.1414081731585486, 3.141403071783905, 3.141393022606753, 3.141410485208935, 3.14139164042665, 3.141351426708554, 3.1412762426857634, 3.141076400623475, 3.140950686992322, 3.1409176735792164, 3.1407604894537107, 3.14101434039881, 3.140998367110254, 3.1407520060156298, 3.141423250773486, 3.141216984331583, 3.1393547254126637, 3.1392585796875494, 3.13836890074897, 3.139731334029187, 3.1385448218272094, 3.1387000881845504, 3.131832753053777, 3.137022691395908, 3.136946798842778, 3.1390274498346358], "betas": [3.141592526773942, 3.1415925836697225, 3.141592615154278, 3.1415926301606274, 3.1415926332790214, 3.141592631967996, 3.141592624323563, 3.141592610580668, 3.141592600761349, 3.141592593003917, 3.141592590811416, 3.1415925924704857, 3.1415925954456645, 3.1415925951049712, 3.141592594180468, 3.1415925977306407, 3.141592600340604, 3.141592604746701, 3.141592605906257, 3.1415926044917963, 3.1415925899069537, 3.1415925668217706, 3.141592547810622, 3.1415925169028864, 3.1415924922610863, 3.141592473658828, 3.1415923436088953, 3.1415920102818107, 3.1415916608077805, 3.141591407057014, 3.141591006875505, 3.141589897620077, 3.141588918761995, 3.1415891493430914, 3.141589731556957, 3.1415893015489487, 3.14158735665521, 3.141581536947115, 3.141575813106686, 3.141577906854679, 3.141581233283409, 3.1415675057604453, 3.141544174084519, 3.1415474932142855, 3.1415551089058296, 3.14155378831634, 3.1415517241171766, 3.141524236960911, 3.1414678997028567, 3.141444159543201, 3.141408892405576, 3.141411994687421, 3.1413893372740036, 3.141408413180471, 3.141398080310551, 3.1413832722013644, 3.141309568641632, 3.141208871051471, 3.1409590568154355, 3.140984642886778, 3.140778953690526, 3.1409007351174685, 3.141020162780531, 3.140911956142982, 3.1408568216461714, 3.1418068306200557, 3.1400134054494258, 3.1394271290794356, 3.1385818486527066, 3.139148781286573, 3.1390483517048637, 3.1392556604933177, 3.1351054883346383, 3.1331139380341777, 3.1382955267074366, 3.136968094767161, 3.140845742793368], "predicted_p_opt": 0.488908318940251, "predicted_tts": 2.0453732555984776, "p_opt": 0.41424989248985067, "tts": 2.4140018335056066, "approx": 0.8047460075532802, "opt_gap": -0.19525399244671982, "th": -25.999000549316406}