{"edges": [[0, 1], [0, 10], [0, 11], [0, 15], [1, 5], [1, 11], [1, 12], [2, 13], [2, 15], [3, 5], [3, 10], [4, 6], [4, 8], [4, 9], [4, 13], [4, 14], [5, 8], [5, 11], [5, 12], [5, 15], [6, 7], [6, 9], [8, 11], [8, 15], [9, 10], [10, 13]], "num_nodes": 16, "num_colors": 3, "opt_value": 26, "opt_count": 192, "feasible_count": 43046721, "mean_value": 17.333333333333332, "std": 2.4037008503093262, "level": 77, "gammas": [3.141592499423536, 3.14159262304656, 3.1415925947162515, 3.141592615667547, 3.141592601260386, 3.1415925826448676, 3.141592566689837, 3.1415925648246903, 3.141592557935716, 3.141592565904798, 3.1415925686128245, 3.1415925777663665, 3.141592570542774, 3.1415925902795405, 3.141592593627917, 3.141592603430495, 3.1415925927629336, 3.141592585188203, 3.1415925794940343, 3.1415925826974562, 3.1415925833765446, 3.1415925721069695, 3.1415925515195253, 3.1415925354879257, 3.141592491097792, 3.1415924421427635, 3.1415923867392217, 3.141592291269747, 3.1415921937113818, 3.1415919424066256, 3.1415915781319423, 3.1415912571676246, 3.1415909872588315, 3.1415904597094997, 3.141589496526955, 3.141589121621362, 3.141589251871331, 3.1415890150219186, 3.1415877406244586, 3.141585399076034, 3.1415815229115567, 3.141578649115146, 3.141576791084547, 3.141573383794058, 3.1415627781952273, 3.141551861078364, 3.1415296087916142, 3.1415228410038023, 3.1415494766795624, 3.141563874783988, 3.1415209215122837, 3.1414820995979813, 3.1414707878546917, 3.141469646898672, 3.1414458366711715, 3.1414253557336203, 3.1414071416835805, 3.141362946815454, 3.141224677982903, 3.141158181804191, 3.141298424475879, 3.141368710043324, 3.141298792387519, 3.1411820459998645, 3.140852691276484, 3.1406477077143062, 3.1406224918622616, 3.14033421666373, 3.140871543704914, 3.1407735476433656, 3.140579762098894, 3.1399584414433144, 3.1395425488382718, 3.135673780589798, 3.137701404393146, 3.1207146782387616, 3.1333926821273113], "betas": [3.141592828432909, 3.1415927259232572, 3.1415926991737826, 3.141592693741507, 3.141592712769385, 3.1415927357502684, 3.141592748216644, 3.141592749171576, 3.1415927440546922, 3.1415927438100177, 3.1415927439304436, 3.1415927362918157, 3.1415927281261773, 3.1415927228004303, 3.1415927195130045, 3.1415927164308113, 3.141592710564385, 3.1415927068511507, 3.1415927111519073, 3.141592715685106, 3.1415927229220233, 3.1415927285555565, 3.14159272291385, 3.141592699514468, 3.1415926568392347, 3.141592599675996, 3.1415925164560683, 3.1415924067886487, 3.1415922182882445, 3.1415918726049084, 3.1415914951777753, 3.1415911826683156, 3.1415908482537467, 3.1415900348733747, 3.141589268049684, 3.1415892665160037, 3.1415893657165945, 3.141588625521878, 3.141586948531572, 3.1415837154099786, 3.14158010579955, 3.141577813470668, 3.14157602967934, 3.1415687451283194, 3.14155780435309, 3.141542208398083, 3.1415211730833694, 3.141534120882467, 3.1415621023516693, 3.1415487241203492, 3.1414955352753036, 3.14147647834876, 3.141468401355872, 3.1414647921863783, 3.141428673153821, 3.1414239357764435, 3.141385143791285, 3.1413132102681063, 3.141151008057718, 3.1412298202617905, 3.1413384509965, 3.141366834814146, 3.1412213375386573, 3.141090037049046, 3.1406409895036065, 3.140737430269109, 3.1403525894657522, 3.1406208343230277, 3.140852211103498, 3.1408536791197856, 3.1400255333453284, 3.1402120221904783, 3.136994381597028, 3.1383059297838574, 3.1284564892597255, 3.124172374689225, 3.1395082020931135], "predicted_p_opt": 0.10715798771293172, "predicted_tts": 9.332015478668055, "p_opt": 0.10338462124188319, "tts": 9.672618499615684, "approx": 0.7011268408340778, "opt_gap": -0.29887315916592216, "th": -25.999000549316406}