{"edges": [[0, 5], [1, 3], [1, 7], [1, 11], [2, 7], [2, 8], [2, 9], [2, 10], [2, 11], [3, 4], [3, 9], [3, 12], [4, 7], [4, 12], [5, 8], [5, 11], [5, 12], [6, 8], [7, 9], [9, 12], [11, 12]], "num_nodes": 13, "num_colors": 3, "opt_value": 21, "opt_count": 144, "feasible_count": 1594323, "mean_value": 14.0, "std": 2.160246899469287, "level": 21, "gammas": [-0.6699080949782742, 0.8865871409612467, 0.24215972085827372, 0.31782737146258366, 0.2966602719025682, 0.2969415357446567, 0.32218734894440093, 0.3286816335373651, 0.3197872121917693, 0.31993512317514805, 0.3226715988910785, 0.3289637107503603, 0.3393503450241667, 0.35139676359857697, 0.3648654864701854, 0.3674312538695667, 0.35520324334944253, 0.506064789560401, 0.5447425348927447, 0.6252684483753295, 0.504583186310779], "betas": [0.5467392348409176, -2.08417891236611, -1.7377239226166499, -2.020537015470609, -1.554503651359248, -1.5796471840334272, -1.3893731276132875, -1.4174106058148601, -1.4422521766051746, -1.4239814069013936, -1.4158410679055886, -1.4215857541146124, -1.4334881537724327, -1.4406496215167388, -1.4682609366869992, -1.6172269905715064, -1.2635088853437024, 4.868191159831948, 4.365753691272026, 3.8515902949153356, 3.640436538459571], "predicted_p_opt": 0.16700254590820054, "predicted_tts": 5.987932666306111, "p_opt": 0.0038799149148945732, "tts": 257.7376107298406, "approx": 0.9118589050795062, "opt_gap": -0.08814109492049382}