{"edges": [[0, 2], [0, 3], [0, 9], [0, 10], [0, 11], [1, 2], [1, 4], [1, 6], [1, 9], [1, 11], [1, 12], [2, 10], [3, 4], [3, 6], [3, 8], [3, 11], [3, 12], [5, 6], [5, 7], [5, 9], [5, 11], [6, 7], [7, 10], [7, 12], [8, 10], [9, 10]], "num_nodes": 13, "num_colors": 3, "opt_value": 26, "opt_count": 66, "feasible_count": 1594323, "mean_value": 17.333333333333332, "std": 2.4037008503093262, "level": 8, "gammas": [0.14602688068084754, 0.28075054608048894, 0.3109665202836663, 0.3235877016514574, 0.3354261379247703, 0.3510041985558492, 0.37478391691108853, 0.41803728893048797], "betas": [-2.2290437051306577, -1.8076817897394315, -1.6228230492405784, -1.5311893881923238, -1.4714750439083666, -1.4176445246587401, -1.3370997362972368, 5.134768351256474], "predicted_p_opt": 0.011963698698444419, "predicted_tts": 83.58619062598301, "p_opt": 0.0006326265230757383, "tts": 1580.7114680208874, "approx": 0.8523391729301272, "opt_gap": -0.14766082706987282}