{"N": 28, "edgelist": ["0 1 {}\n", "0 2 {}\n", "0 4 {}\n", "0 5 {}\n", "0 6 {}\n", "0 8 {}\n", "0 11 {}\n", "0 20 {}\n", "0 22 {}\n", "0 24 {}\n", "0 27 {}\n", "1 2 {}\n", "1 4 {}\n", "1 7 {}\n", "1 10 {}\n", "1 11 {}\n", "1 12 {}\n", "1 15 {}\n", "1 17 {}\n", "1 18 {}\n", "1 20 {}\n", "1 21 {}\n", "1 26 {}\n", "1 27 {}\n", "2 5 {}\n", "2 6 {}\n", "2 9 {}\n", "2 10 {}\n", "2 11 {}\n", "2 12 {}\n", "2 13 {}\n", "2 14 {}\n", "2 15 {}\n", "2 19 {}\n", "2 20 {}\n", "2 21 {}\n", "2 23 {}\n", "2 26 {}\n", "2 27 {}\n", "3 4 {}\n", "3 8 {}\n", "3 10 {}\n", "3 11 {}\n", "3 14 {}\n", "3 15 {}\n", "3 17 {}\n", "3 18 {}\n", "3 22 {}\n", "3 23 {}\n", "3 24 {}\n", "3 26 {}\n", "3 27 {}\n", "4 8 {}\n", "4 10 {}\n", "4 11 {}\n", "4 13 {}\n", "4 14 {}\n", "4 15 {}\n", "4 16 {}\n", "4 17 {}\n", "4 18 {}\n", "4 20 {}\n", "4 22 {}\n", "4 25 {}\n", "5 7 {}\n", "5 8 {}\n", "5 9 {}\n", "5 11 {}\n", "5 12 {}\n", "5 13 {}\n", "5 14 {}\n", "5 15 {}\n", "5 16 {}\n", "5 17 {}\n", "5 18 {}\n", "5 19 {}\n", "5 21 {}\n", "5 22 {}\n", "5 26 {}\n", "6 7 {}\n", "6 11 {}\n", "6 13 {}\n", "6 15 {}\n", "6 18 {}\n", "6 19 {}\n", "6 21 {}\n", "6 22 {}\n", "6 23 {}\n", "6 24 {}\n", "6 27 {}\n", "7 8 {}\n", "7 11 {}\n", "7 12 {}\n", "7 13 {}\n", "7 15 {}\n", "7 17 {}\n", "7 18 {}\n", "7 23 {}\n", "7 24 {}\n", "7 27 {}\n", "8 11 {}\n", "8 13 {}\n", "8 14 {}\n", "8 17 {}\n", "8 26 {}\n", "9 12 {}\n", "9 14 {}\n", "9 23 {}\n", "9 24 {}\n", "9 26 {}\n", "10 16 {}\n", "10 20 {}\n", "10 23 {}\n", "10 25 {}\n", "10 26 {}\n", "11 12 {}\n", "11 14 {}\n", "11 17 {}\n", "11 19 {}\n", "11 20 {}\n", "11 21 {}\n", "11 22 {}\n", "11 23 {}\n", "11 25 {}\n", "12 14 {}\n", "12 15 {}\n", "12 18 {}\n", "12 21 {}\n", "12 25 {}\n", "12 26 {}\n", "12 27 {}\n", "13 14 {}\n", "13 16 {}\n", "13 17 {}\n", "13 21 {}\n", "14 15 {}\n", "14 18 {}\n", "14 20 {}\n", "14 25 {}\n", "15 16 {}\n", "15 17 {}\n", "15 19 {}\n", "15 23 {}\n", "15 27 {}\n", "16 19 {}\n", "16 20 {}\n", "16 25 {}\n", "16 26 {}\n", "16 27 {}\n", "17 19 {}\n", "17 20 {}\n", "17 21 {}\n", "17 22 {}\n", "17 23 {}\n", "17 24 {}\n", "17 25 {}\n", "17 26 {}\n", "17 27 {}\n", "18 19 {}\n", "18 22 {}\n", "18 26 {}\n", "19 21 {}\n", "19 22 {}\n", "19 24 {}\n", "19 27 {}\n", "20 22 {}\n", "20 24 {}\n", "20 26 {}\n", "20 27 {}\n", "21 24 {}\n", "22 26 {}\n", "22 27 {}\n", "23 26 {}\n", "23 27 {}\n", "24 25 {}\n", "24 26 {}\n", "25 26 {}\n", "25 27 {}\n"], "opt_value": 157, "opt_count": 2, "feasible_count": 40116600, "mean_value": 135.14814814814815, "std": 4.432403442191203, "level": 41, "gammas": [1.9531290531158447, 1.9420671463012695, 1.9352918863296509, 1.9328426122665405, 1.9347902536392212, 1.9409759044647217, 1.9508501291275024, 1.9636303186416626, 1.9786981344223022, 1.9953219890594482, 2.012572765350342, 2.0296201705932617, 2.0458476543426514, 2.0607337951660156, 2.0738375186920166, 2.0847442150115967, 2.093097686767578, 2.0986154079437256, 2.101102113723755, 2.1004769802093506, 2.0967628955841064, 2.09009051322937, 2.080686092376709, 2.068869113922119, 2.0550143718719482, 2.039555311203003, 2.022935628890991, 2.0056416988372803, 1.988313913345337, 1.9718164205551147, 1.9568086862564087, 1.9442352056503296, 1.935013771057129, 1.929787516593933, 1.928866982460022, 1.9318442344665527, 1.9394248723983765, 1.951372742652893, 2.6021272484279097, 2.6021272484279097, 2.6021272484279097], "betas": [1.946758508682251, 1.937605619430542, 1.9332983493804932, 1.93314790725708, 1.9375436305999756, 1.9460502862930298, 1.958086371421814, 1.9727115631103516, 1.9890024662017822, 2.0061655044555664, 2.0232908725738525, 2.039837598800659, 2.055194616317749, 2.0689754486083984, 2.0807557106018066, 2.0901293754577637, 2.0968008041381836, 2.100492477416992, 2.1011126041412354, 2.0986106395721436, 2.093078374862671, 2.0847084522247314, 2.0737650394439697, 2.0606026649475098, 2.0456316471099854, 2.0293056964874268, 2.012122631072998, 1.9947118759155273, 1.9779047966003418, 1.9625864028930664, 1.9493963718414307, 1.9389312267303467, 1.9319568872451782, 1.9289952516555786, 1.9301766157150269, 1.9355024099349976, 1.9450432062149048, 1.9589061737060547, 0.0, 0.0, 0.0], "predicted_p_opt": 0.00034344884661212567, "predicted_tts": 2911.6417477137466, "p_opt": 8.495828295442725e-05, "tts": 11770.4827030981, "approx": 0.9595351392110587, "opt_gap": -0.04046486078894129, "th": -149.9238655702003}