{"edges": [[0, 6], [0, 12], [0, 13], [0, 15], [0, 16], [1, 3], [1, 8], [1, 10], [1, 12], [1, 14], [2, 15], [3, 6], [4, 5], [4, 12], [4, 13], [4, 14], [5, 6], [5, 7], [5, 8], [5, 9], [5, 10], [5, 11], [5, 12], [5, 14], [5, 15], [6, 12], [9, 10], [9, 15], [10, 12], [10, 14], [11, 12], [12, 15], [13, 15], [13, 16], [14, 16]], "num_nodes": 17, "num_colors": 3, "opt_value": 35, "opt_count": 48, "feasible_count": 129140163, "mean_value": 23.333333333333332, "std": 2.7888667551135855, "level": 25, "gammas": [3.1415922208234566, 3.1415928567347975, 3.141592770537044, 3.14159259691965, 3.1415926092801247, 3.1415926932231963, 3.1415927189969155, 3.1415926521451376, 3.1415925926202557, 3.141592511519561, 3.141592413970128, 3.1415918090152037, 3.14159083252355, 3.141588079207392, 3.1415857842756543, 3.1415865455385417, 3.141583717960039, 3.1415711815854324, 3.141548838520268, 3.141554764458036, 3.141359334205215, 3.1415419770126163, 3.1404823193279716, 3.1405351243386246, 3.1414457068391743], "betas": [3.141592618248578, 3.141592448879714, 3.141592638586601, 3.1415927272732107, 3.1415926543898296, 3.1415925824389723, 3.141592614461183, 3.1415926725563286, 3.141592523216902, 3.141592166116419, 3.1415917287550243, 3.1415913853744772, 3.1415906191824043, 3.1415867955764094, 3.141584670514907, 3.1415835463293855, 3.141585540017716, 3.1415583034954966, 3.1415430725611846, 3.141486329811313, 3.141426956711053, 3.1411837865928236, 3.1401826313677597, 3.141092756545331, 3.1415678621201186], "predicted_p_opt": 0.0009667635311874277, "predicted_tts": 1034.3791089965398, "p_opt": 0.0009664521871096819, "tts": 1034.712335837997, "approx": 0.6669886404517636, "opt_gap": -0.33301135954823635, "th": -34.999000549316406}