{"edges": [[7, 23], [7, 16], [7, 14], [23, 21], [23, 14], [18, 20], [18, 17], [18, 10], [20, 13], [20, 3], [4, 9], [4, 17], [4, 16], [9, 8], [9, 0], [12, 19], [12, 21], [12, 27], [19, 27], [19, 10], [5, 13], [5, 0], [5, 2], [13, 22], [8, 15], [8, 21], [3, 22], [3, 15], [22, 27], [0, 24], [17, 6], [15, 1], [2, 26], [2, 24], [10, 1], [11, 26], [11, 1], [11, 25], [26, 24], [6, 14], [6, 25], [16, 25]], "num_nodes": 28, "opt_value": 37, "opt_count": 10, "feasible_count": 268435456, "mean_value": 21.0, "std": 3.24037034920393, "level": 44, "gammas": [-0.12319723440328921, -0.23366118739962657, -0.18123755320607557, -0.23668586050180448, -0.362047457932489, -0.21713193537616607, -0.239577226046742, -0.25424393580406196, -0.2402364179104949, -0.2347799732348555, -0.22300524976824665, -0.20175728545222688, -0.19056731898958276, -0.21038490471070245, -0.2322025437815859, -0.2445014148549341, -0.25165578954724205, -0.25655814603534804, -0.26059697165176765, -0.2634600361368569, -0.2617720477433229, -0.2505667651047229, -0.24474890357965162, -0.28319740866737286, -0.27965655660246846, 5.942628983209119, 5.894815569497809, 5.81907989680069, 5.9532095868118855, 6.019397622180882, 6.029444576182586, 6.034546186142823, 6.036370175298601, 6.03795763987586, 6.037359592356359, 6.036101135517613, 6.032811780750874, 6.029060315267936, 6.02551677432356, 6.021996229007585, 6.017730371943755, 6.012062858379062, 6.004925447995189, 6.0004291716431215], "betas": [2.8415791436544047, 2.256306527124701, 1.4309335313005564, 2.3007452543730036, 3.5191230035091303, 3.258996686572124, 2.4964978838652097, 2.4077297361853978, 2.312476239119259, 2.1933257517136164, 1.999325965977984, 1.7808120446601778, 1.827141788345196, 2.0313193816716453, 2.1691451956668595, 2.23529118605149, 2.2608625461617087, 2.263503075633218, 2.2472143767518618, 2.196236251394674, 2.073746661135096, 1.8999048450986784, 1.8924065789191662, 1.685622429528936, 2.2162986362964157, 2.271878965402966, 2.161511710079746, 2.602896313397811, 2.715969066348246, 2.6103008472824363, 2.491601906934788, 2.4124243122382234, 2.380246731244798, 2.3598879526908605, 2.3351279544657597, 2.328482588783731, 2.334495170168667, 2.3422452914559018, 2.347747018929928, 2.3548651344797698, 2.373009154170821, 2.405124065670961, 2.455923015066432, 2.461037532733805], "predicted_p_opt": 0.0002950802445411682, "predicted_tts": 3388.90867314733, "p_opt": 8.2930046924391e-07, "tts": 1205835.5651380739, "approx": 0.8327364790206166, "opt_gap": -0.16726352097938335}