{"edges": [[0, 3], [0, 5], [0, 7], [0, 12], [0, 13], [0, 14], [1, 3], [1, 5], [1, 7], [1, 12], [2, 5], [2, 9], [2, 10], [2, 13], [3, 4], [3, 5], [3, 8], [3, 10], [3, 11], [3, 13], [4, 7], [4, 10], [4, 11], [4, 12], [4, 13], [5, 9], [5, 12], [6, 9], [6, 10], [7, 10], [9, 11], [10, 12], [11, 12], [12, 13], [12, 14]], "num_nodes": 15, "num_colors": 3, "opt_value": 35, "opt_count": 24, "feasible_count": 14348907, "mean_value": 23.333333333333332, "std": 2.7888667551135855, "level": 26, "gammas": [-0.09901255783339041, -0.17389875669908658, -0.20001971371230023, -0.21173810774185636, -0.2119226035956848, -0.21208750621698658, -0.212922561312138, -0.21431200295283906, -0.21674981458271766, -0.2194228121741327, -0.22118330140228645, -0.22163822629227994, -0.2227121089515529, -0.22605045892303965, -0.22989540832802766, -0.23300130589365642, -0.2358694523749044, -0.2387805904442429, -0.24228850112474629, -0.2471280254294591, -0.253754554125667, -0.26274104340866766, -0.27523504925547126, -0.2849408529565579, -0.28293686381307437, 5.823418985768524], "betas": [2.193074512896661, 1.8475313524562755, 1.5637610525306285, 1.4749904323123575, 1.4514526670092387, 1.4230025500315036, 1.4028191277771698, 1.3962831189510077, 1.3960802777300012, 1.393918042234198, 1.382967439007665, 1.3670327794297112, 1.3608265910669464, 1.3628487403407077, 1.3594872839276677, 1.3497383151207232, 1.3362771330158427, 1.3203072890406158, 1.3046817415790029, 1.290752842881004, 1.2780543005904383, 1.2635887450017895, 1.2702434472174333, 1.370411435797532, 1.1683867063184141, 1.811005637591077], "predicted_p_opt": 0.004698336953469696, "predicted_tts": 212.84126913492346, "p_opt": 2.864865546781685e-05, "tts": 34905.65206885097, "approx": 0.8645932544913679, "opt_gap": -0.13540674550863208}