{"edges": [[0, 2], [0, 4], [0, 7], [0, 12], [0, 16], [1, 10], [1, 13], [1, 14], [1, 15], [2, 11], [3, 5], [3, 13], [3, 15], [4, 6], [4, 9], [4, 13], [4, 14], [4, 16], [5, 9], [5, 13], [5, 14], [5, 15], [6, 10], [7, 14], [7, 15], [8, 13], [8, 16], [9, 10], [9, 12], [9, 13], [10, 13], [10, 16], [11, 12], [11, 15], [12, 15], [12, 16]], "num_nodes": 17, "num_colors": 3, "opt_value": 36, "opt_count": 72, "feasible_count": 129140163, "mean_value": 24.0, "std": 2.8284271247461903, "level": 39, "gammas": [3.1415925289740803, 3.1415925392970245, 3.1415925295770397, 3.1415925357395693, 3.141592531310889, 3.1415925432643625, 3.141592548913323, 3.1415925401663496, 3.1415925187150147, 3.1415925043093136, 3.1415924997171865, 3.141592513005105, 3.1415925306739867, 3.1415925427903066, 3.1415925352868483, 3.141592486767453, 3.141592396414837, 3.1415922922757686, 3.1415922047679175, 3.141591792568463, 3.141591203639559, 3.1415908855574455, 3.1415906093784227, 3.1415895978003756, 3.1415879190728355, 3.1415863971635978, 3.141584568397468, 3.141576839010232, 3.1415540832014477, 3.141548654765944, 3.1415059778111, 3.1414979571580455, 3.141292523892716, 3.141333067894821, 3.140961584482508, 3.140656770039307, 3.141245608271902, 3.140438105367581, 3.141206859415187], "betas": [3.14159276577267, 3.141592777671353, 3.1415927746359658, 3.141592769989323, 3.1415927653088973, 3.1415927567894197, 3.141592758794918, 3.1415927730482225, 3.141592794240272, 3.1415928025620903, 3.141592793578952, 3.141592774319619, 3.1415927532517327, 3.1415927299753537, 3.1415926908884124, 3.1415926494270807, 3.1415926078477416, 3.1415925865462646, 3.141592392635176, 3.1415917627285013, 3.1415912115388034, 3.141590783554051, 3.141590236388539, 3.141588681883539, 3.1415877501573113, 3.1415858922933526, 3.1415839604916553, 3.141564684314949, 3.1415519039024775, 3.141527017019907, 3.1415024401183627, 3.1414290804260787, 3.1412617311723148, 3.1412605289805704, 3.1406270442609996, 3.1410988760854255, 3.1407834772484797, 3.1407075336334827, 3.1415015816640435], "predicted_p_opt": 0.0034795681650177258, "predicted_tts": 287.39198445761895, "p_opt": 0.0034755347838355865, "tts": 287.7255047628682, "approx": 0.667824939931954, "opt_gap": -0.332175060068046, "th": -35.999000549316406}