{"edges": [[4, 6], [4, 8], [4, 16], [6, 10], [6, 16], [12, 13], [12, 15], [12, 7], [13, 16], [13, 10], [0, 2], [0, 8], [0, 11], [2, 17], [2, 9], [8, 11], [1, 3], [1, 5], [1, 14], [3, 14], [3, 17], [11, 5], [17, 5], [15, 14], [15, 7], [9, 10], [9, 7]], "num_nodes": 18, "opt_value": 23, "opt_count": 2, "feasible_count": 262144, "mean_value": 13.5, "std": 2.598076211353316, "level": 35, "gammas": [0.17901150637133492, 0.29615232230636646, 0.30906079930815306, 0.3042900247444737, 0.29337909152014513, 0.509675676704708, 0.28094126720629226, 0.34732911542261413, 0.3868523462308824, 0.35886559197987494, 0.35655971370414896, 0.36211953641165845, 0.3612662958279194, 0.35064017088750077, 0.34138308414587787, 0.3350750723655706, 0.33968987913551574, 0.26564235482220544, 0.27122487563712416, 0.3038051328575815, 0.4452915709028327, 0.9037679552536653, 0.40947377080360287, 0.336495626448799, 0.35983262373083824, 0.36090680985688106, 0.36109826624601893, 0.3627016519956623, 0.3594739731922239, 0.3494514234147315, 0.34193201289687536, 0.35043467193186945, 0.2990336307379229, 0.3432674220889465, 0.358899905777056], "betas": [-2.4886178119851787, -2.2371398686115764, -2.098051274630032, -1.9841120058418955, -2.0522725582499612, -3.7739575880688956, -3.05588575698983, -2.540215617095243, -2.694371475036328, -2.662068628906994, -2.632096519279952, -2.5854389463012017, -2.4717532262617303, -2.357759559467236, -2.211721944778044, -1.972442713938464, -2.1901457268139795, 4.552303527740807, 4.370311214107046, 4.388917006255191, 5.111646728582779, 3.671445563270951, 3.6039873938494305, 3.511863411251773, 3.5837757932477463, 3.6679545044181214, 3.6882673003812267, 3.6897503213148477, 3.7774222697175195, 3.8754547515654196, 4.130461190273919, 4.150770668780665, 3.9718353891240636, 3.8370668144033697, 3.4131798310385837], "predicted_p_opt": 0.03845977783203125, "predicted_tts": 26.00119024003174, "p_opt": 1.0811480030930392e-05, "tts": 92494.27433978659, "approx": 0.9018839650434676, "opt_gap": -0.09811603495653243}