{"edges": [[0, 2], [0, 4], [0, 5], [0, 6], [0, 12], [1, 4], [1, 11], [1, 12], [2, 6], [2, 7], [2, 10], [2, 12], [3, 9], [5, 6], [6, 11], [7, 8], [8, 10], [8, 13], [9, 10], [10, 12]], "num_nodes": 14, "num_colors": 3, "opt_value": 20, "opt_count": 432, "feasible_count": 4782969, "mean_value": 13.333333333333334, "std": 2.1081851067789197, "level": 12, "gammas": [3.141584660824465, 3.141075473060078, 3.1412468531363467, 3.14113135077314, 3.1404235244192584, 3.140745698311756, 1.788689456805781, 4.116569684014212, 4.116569684014212, 4.116569684014212, 4.116569684014212, 4.116569684014212], "betas": [3.1411416263682344, 3.1411704499939006, 3.141162556587223, 3.140809393624939, 3.140825702614234, 3.1306319923054002, 0.49693324767392255, 0.0, 0.0, 0.0, 0.0, 0.0], "predicted_p_opt": 0.056450292694767625, "predicted_tts": 17.7147, "p_opt": 0.006690207583348244, "tts": 149.47219313328551, "approx": 0.9074152383858216, "opt_gap": -0.09258476161417839, "th": -17.992260214165277}