{"edges": [[12, 19], [12, 14], [12, 2], [19, 15], [19, 17], [5, 7], [5, 3], [5, 8], [7, 0], [7, 1], [3, 16], [3, 1], [16, 6], [16, 4], [8, 9], [8, 14], [9, 11], [9, 18], [4, 18], [4, 2], [18, 10], [11, 1], [11, 15], [0, 14], [0, 6], [10, 6], [10, 13], [2, 17], [17, 13], [13, 15]], "num_nodes": 20, "opt_value": 28, "opt_count": 2, "feasible_count": 1048576, "mean_value": 15.0, "std": 2.7386127875258306, "level": 47, "gammas": [3.141609294199329, 3.1416084850260058, 3.141607451569579, 3.1416062994206526, 3.141605025783635, 3.14160360607131, 3.1416017428762313, 3.141598405975418, 3.1415922957253097, 3.1415831696616996, 3.1415708176579513, 3.141553741667603, 3.141534097806708, 3.1415145065346013, 3.141487869465542, 3.141459246813081, 3.1414333482189836, 3.141369884613744, 3.1412690195742177, 3.1412283800630605, 3.1412821778018527, 3.141339743615782, 3.1413659447143343, 3.141402659638226, 3.1414359064757997, 3.1414264192260966, 3.1414099733602225, 3.1414253246192576, 3.1414678440541803, 3.141507772823577, 3.141536029784566, 3.14155516652851, 3.141569680229629, 3.1415828632284306, 3.141593060560052, 3.141599459216426, 3.1416028232308126, 3.1416035418362944, 3.1416008129381625, 3.1415938738520985, 3.1415833597734353, 3.1415713537626817, 3.1415708079343, 3.1417450200552186, 3.141357499844354, 3.140532628695239, 3.1495743597426036], "betas": [3.14157617068158, 3.1415773405820575, 3.1415784099196884, 3.1415796086770253, 3.1415808384841055, 3.141581878881077, 3.141582070791976, 3.1415800360748416, 3.141574817488508, 3.14156653369851, 3.1415539961239713, 3.1415368854965884, 3.1415191628128243, 3.1414983770536744, 3.141469676644564, 3.1414456624406655, 3.141407508242811, 3.1413183741483612, 3.141234427188517, 3.1412477732676707, 3.1413155469797687, 3.1413543827356123, 3.141381823600957, 3.1414241939278185, 3.1414366496692003, 3.1414171156188764, 3.1414147832529973, 3.1414473065249373, 3.1414916407673457, 3.1415250674595168, 3.141547380699851, 3.1415614255793556, 3.1415721383831303, 3.1415797521937714, 3.141582815511229, 3.141582510603579, 3.14158156627389, 3.1415826483551106, 3.1415876663467195, 3.141596674635581, 3.141607790702064, 3.1416186437040703, 3.1415725385465216, 3.1412761634619786, 3.1404834619303377, 3.1457301002607747, 3.14653285500388], "predicted_p_opt": 0.017213821411132812, "predicted_tts": 58.092853185595565, "p_opt": 0.007391536220782089, "tts": 135.28987346208137, "approx": 0.9010673171926421, "opt_gap": -0.0989326828073579, "th": -24.94820999666272}