{"edges": [[4, 6], [4, 14], [4, 19], [6, 19], [6, 22], [3, 10], [3, 13], [3, 20], [10, 18], [10, 15], [12, 22], [12, 8], [12, 21], [22, 20], [13, 14], [13, 0], [8, 2], [8, 17], [17, 18], [17, 1], [18, 9], [2, 23], [2, 16], [15, 1], [15, 9], [14, 7], [11, 23], [11, 16], [11, 5], [23, 16], [0, 20], [0, 21], [1, 7], [7, 19], [5, 9], [5, 21]], "num_nodes": 24, "opt_value": 32, "opt_count": 2, "feasible_count": 16777216, "mean_value": 18.0, "std": 3.0, "level": 46, "gammas": [-0.1268127890933111, -0.23185466678574393, -0.23553996841446662, -0.261849041907986, -0.38186371236794603, -0.14054703369473706, -0.24844325451236793, -0.19027310332427977, -0.1895799950090364, -0.20471722431226128, -0.20641511395762102, -0.18718856656587932, -0.18419892436008173, -0.21975643746783774, -0.2519200577118807, -0.2693387548664609, -0.2774676206304636, -0.2810613713688394, -0.2615823291577113, -0.21232361489776302, -0.21628138498174168, -0.27042142843387834, -0.29062997450495986, -0.29117740846583046, -0.23818144266062696, 5.958134119027526, 5.698131369581886, 5.699488097376261, 6.034676823072548, 6.032939575143932, 6.029869044154255, 6.035614437337506, 6.0344572524092435, 6.028513501323462, 6.024190953728439, 6.016907982572337, 6.006360078482754, 5.995163767284948, 5.989465370874811, 5.985731526782137, 5.987265383018758, 5.981586649422548, 5.9603821794475085, 5.990723207169021, 5.289399673005856, 5.979088070901276], "betas": [2.611765601710646, 2.32224810438374, 1.9615692174013475, 1.9957802294269535, 3.355946664303165, 2.229134997273017, 1.5375132552806983, 1.6778976742136453, 1.8392306344335594, 1.8075337986149553, 1.667631522288298, 1.5352461956455579, 1.7280025917474793, 2.0090573830597185, 2.1978122422244724, 2.3108501642465464, 2.367892562495131, 2.2309224188407866, 1.9056206470599126, 1.6016030037369253, 1.8767664132686799, 2.117068876241239, 2.0055142468215372, 1.807400586236974, 2.0473679589413445, 2.3630036598359183, 0.5710390521708677, 2.4736278679043373, 2.4826047354276537, 2.2874932913447568, 2.2217344263354626, 2.243731895068485, 2.230799898770762, 2.2485600473752045, 2.2992980612334053, 2.3572359498688003, 2.374027160584823, 2.4757592881544648, 2.5099147680427008, 2.4607345005031784, 2.480809706162946, 2.5021853017088427, 2.4395951687906616, 2.7893195950105185, 2.3948499780316186, 2.3613136978500577], "predicted_p_opt": 0.001031041145324707, "predicted_tts": 969.8933980807029, "p_opt": 2.1882399009506517e-06, "tts": 456988.28522666247, "approx": 0.8444329201406193, "opt_gap": -0.15556707985938067}