{"edges": [[0, 4], [0, 7], [0, 9], [1, 2], [1, 3], [1, 8], [1, 10], [2, 5], [2, 6], [2, 7], [2, 8], [2, 10], [3, 7], [3, 9], [4, 5], [4, 7], [4, 10], [5, 8], [5, 9], [5, 10], [6, 10], [7, 8], [7, 9], [7, 10], [9, 10]], "num_nodes": 11, "num_colors": 3, "opt_value": 25, "opt_count": 6, "feasible_count": 177147, "mean_value": 16.666666666666668, "std": 2.3570226039551585, "level": 42, "gammas": [3.141592671686844, 3.141592664592804, 3.14159265832788, 3.141592649560278, 3.1415926490867254, 3.1415925926970933, 3.1415922208172513, 3.1415912436448776, 3.141588749481415, 3.1415832918398077, 3.1415734479139705, 3.1415627449761656, 3.1415560851618496, 3.141550513906712, 3.1415394828453063, 3.141526880519899, 3.141529643421483, 3.1415415194745924, 3.1415354516892915, 3.141520465817741, 3.1415157305187, 3.141518939750563, 3.141525922588728, 3.1415373687774686, 3.1415517495273053, 3.1415630384578934, 3.1415721450772214, 3.141581468520326, 3.1415880599866814, 3.141591072369422, 3.1415921633971013, 3.1415925747432216, 3.141592984921144, 3.1415926754778365, 3.141592127650418, 3.1415946173676486, 3.1417110492365743, 3.141836739339861, 3.141670727645305, 3.1413778501448295, 3.1419979468678947, 3.1420124468139456], "betas": [3.1415926284674107, 3.1415926397502174, 3.141592636770951, 3.1415926293155843, 3.1415925981521986, 3.1415924457574675, 3.1415918657498545, 3.141590249721311, 3.1415865230607274, 3.141578835232123, 3.141567772951718, 3.141558846616117, 3.1415536258454977, 3.141545842796045, 3.14153234607717, 3.141525665012426, 3.141536421936265, 3.1415411876710073, 3.1415273138002044, 3.1415166313828857, 3.141516729673538, 3.1415219743746214, 3.141530981873141, 3.1415445736497736, 3.1415579166530123, 3.1415675285198814, 3.141576896779643, 3.141585270718875, 3.1415899669921834, 3.141591846957528, 3.1415924494922844, 3.1415924324735442, 3.1415922458187278, 3.14159347726834, 3.1415888386490516, 3.141635768578558, 3.141798617836787, 3.141770756050582, 3.141533279700127, 3.1415300783087745, 3.1422245962131123, 3.14172935834939], "predicted_p_opt": 0.24471201883181765, "predicted_tts": 4.086435986159169, "p_opt": 0.11027860222497737, "tts": 9.067942282764141, "approx": 0.9622128106709803, "opt_gap": -0.0377871893290197, "th": -23.937143164917376}