{"N": 20, "edgelist": ["0 3 {}\n", "0 4 {}\n", "0 5 {}\n", "0 7 {}\n", "0 8 {}\n", "0 10 {}\n", "0 11 {}\n", "0 12 {}\n", "0 14 {}\n", "0 15 {}\n", "0 17 {}\n", "0 18 {}\n", "1 3 {}\n", "1 7 {}\n", "1 8 {}\n", "1 12 {}\n", "1 13 {}\n", "1 15 {}\n", "2 5 {}\n", "2 11 {}\n", "2 12 {}\n", "2 13 {}\n", "2 14 {}\n", "2 16 {}\n", "2 19 {}\n", "3 4 {}\n", "3 12 {}\n", "3 13 {}\n", "3 14 {}\n", "3 16 {}\n", "3 17 {}\n", "3 19 {}\n", "4 5 {}\n", "4 6 {}\n", "4 7 {}\n", "4 9 {}\n", "4 11 {}\n", "4 12 {}\n", "4 13 {}\n", "4 15 {}\n", "4 19 {}\n", "5 6 {}\n", "5 8 {}\n", "5 11 {}\n", "5 12 {}\n", "5 15 {}\n", "5 16 {}\n", "5 19 {}\n", "6 10 {}\n", "6 11 {}\n", "6 13 {}\n", "6 14 {}\n", "6 15 {}\n", "6 16 {}\n", "6 17 {}\n", "6 18 {}\n", "6 19 {}\n", "7 8 {}\n", "7 10 {}\n", "7 18 {}\n", "8 9 {}\n", "8 10 {}\n", "8 11 {}\n", "8 12 {}\n", "8 13 {}\n", "8 14 {}\n", "8 15 {}\n", "8 17 {}\n", "8 18 {}\n", "8 19 {}\n", "9 10 {}\n", "9 12 {}\n", "9 15 {}\n", "9 16 {}\n", "9 17 {}\n", "9 19 {}\n", "10 12 {}\n", "10 13 {}\n", "10 14 {}\n", "10 15 {}\n", "10 16 {}\n", "10 18 {}\n", "11 13 {}\n", "11 14 {}\n", "11 16 {}\n", "11 17 {}\n", "12 13 {}\n", "12 15 {}\n", "12 16 {}\n", "12 17 {}\n", "12 18 {}\n", "13 14 {}\n", "13 17 {}\n", "13 19 {}\n", "14 16 {}\n", "14 17 {}\n", "14 19 {}\n", "15 16 {}\n", "15 17 {}\n", "16 17 {}\n", "16 18 {}\n", "18 19 {}\n"], "opt_value": 90, "opt_count": 2, "feasible_count": 184756, "mean_value": 77.84210526315789, "std": 3.0713634735151243, "level": 13, "gammas": [3.1415975519436845, 3.1415983732721466, 3.1415970101624193, 3.141599703872302, 3.141595062144829, 3.1415884292829777, 3.1416030958731334, 3.1416113402945114, 3.141564864752933, 3.14166456351177, 3.14136452853365, 3.141658369586454, 3.141605825604175], "betas": [3.141585202880691, 3.141588587440266, 3.1415866587284533, 3.141586724651264, 3.141594280669676, 3.1415949732585053, 3.1415652475180886, 3.141586647046078, 3.141649326338156, 3.141413919174171, 3.1415262891452675, 3.1416132422954854, 3.141577202210524], "predicted_p_opt": 0.007891489315637922, "predicted_tts": 126.71879286694103, "p_opt": 0.007870781682400308, "tts": 127.05218367777616, "approx": 0.865974119387488, "opt_gap": -0.13402588061251197, "th": -89.9990005493164}