{"edges": [[6, 15], [6, 4], [6, 5], [15, 5], [15, 0], [4, 0], [4, 7], [3, 10], [3, 16], [3, 9], [10, 17], [10, 1], [16, 13], [16, 8], [9, 14], [9, 17], [14, 1], [14, 12], [17, 0], [2, 5], [2, 11], [2, 12], [11, 13], [11, 7], [13, 8], [1, 8], [7, 12]], "num_nodes": 18, "opt_value": 23, "opt_count": 22, "feasible_count": 262144, "mean_value": 13.5, "std": 2.598076211353316, "level": 28, "gammas": [-0.19426204365678762, -0.12726761352900784, 0.4940551091509363, 0.2598365266925163, 0.2759045704129462, 0.2759319696873887, 0.23204156353192162, 0.2156553342473479, 0.28776585351155964, 0.32433299685587386, 0.3330312371023145, 0.3269547416922019, 0.3281476204569396, 0.3308580616725404, 0.3323068664289517, 0.33392374672304126, 0.33543355917106993, 0.33703406320963886, 0.33558112166557613, 0.3662513778355398, 0.35428714902684894, 0.3201721109294175, 0.29771334699946445, 0.32100914058354263, 0.3342880131782638, 0.33378276811362817, 0.34008242166995517, 0.3409146557738472], "betas": [0.36264882806958926, 0.20518549032229913, -2.1389764089628267, -2.080426880274837, -2.0424716502765716, -1.877418800309449, -1.4758134410650041, -1.743249976952178, -2.1120301873958516, -2.209626135328393, -2.1588935713357094, -2.24515147851735, -2.2306246528695644, -2.222256570691952, -2.210920572009327, -2.2000041547392795, -2.1826830080708146, -2.1770979699804465, -2.12610814465091, -1.8382754572112048, -2.746947984483981, -2.379520353883595, -2.4209265577300214, -2.5103211746943215, -2.5048654756421915, -2.541336578679151, -2.5540586823133458, 3.7439520418156667], "predicted_p_opt": 0.27266693115234375, "predicted_tts": 3.6674781051512353, "p_opt": 0.0052636667989219834, "tts": 189.98163033511227, "approx": 0.9160004231282236, "opt_gap": -0.0839995768717764}