{"N": 20, "edgelist": ["0 1 {}\n", "0 3 {}\n", "0 12 {}\n", "0 13 {}\n", "0 14 {}\n", "0 16 {}\n", "1 2 {}\n", "1 5 {}\n", "1 8 {}\n", "1 10 {}\n", "1 11 {}\n", "1 13 {}\n", "1 15 {}\n", "1 16 {}\n", "1 18 {}\n", "1 19 {}\n", "2 3 {}\n", "2 5 {}\n", "2 9 {}\n", "2 11 {}\n", "2 12 {}\n", "2 13 {}\n", "2 14 {}\n", "2 15 {}\n", "2 17 {}\n", "2 19 {}\n", "3 6 {}\n", "3 7 {}\n", "3 8 {}\n", "3 12 {}\n", "3 13 {}\n", "3 14 {}\n", "3 15 {}\n", "3 16 {}\n", "3 17 {}\n", "3 19 {}\n", "4 7 {}\n", "4 8 {}\n", "4 9 {}\n", "4 10 {}\n", "4 11 {}\n", "4 14 {}\n", "5 6 {}\n", "5 11 {}\n", "5 13 {}\n", "5 15 {}\n", "5 16 {}\n", "6 7 {}\n", "6 9 {}\n", "6 10 {}\n", "6 13 {}\n", "6 14 {}\n", "6 15 {}\n", "6 17 {}\n", "6 18 {}\n", "7 14 {}\n", "7 15 {}\n", "7 17 {}\n", "7 18 {}\n", "8 9 {}\n", "8 10 {}\n", "8 11 {}\n", "8 15 {}\n", "9 10 {}\n", "9 12 {}\n", "9 15 {}\n", "9 17 {}\n", "9 18 {}\n", "9 19 {}\n", "10 11 {}\n", "10 17 {}\n", "10 18 {}\n", "10 19 {}\n", "11 13 {}\n", "11 15 {}\n", "11 16 {}\n", "11 17 {}\n", "11 18 {}\n", "11 19 {}\n", "12 13 {}\n", "12 15 {}\n", "12 16 {}\n", "12 18 {}\n", "13 15 {}\n", "13 16 {}\n", "13 17 {}\n", "14 15 {}\n", "14 17 {}\n", "15 16 {}\n", "15 18 {}\n", "15 19 {}\n", "16 18 {}\n", "18 19 {}\n"], "opt_value": 83, "opt_count": 1, "feasible_count": 184756, "mean_value": 70.97368421052632, "std": 3.0841030106261313, "level": 26, "gammas": [-0.1068861245577026, -0.20345966721038117, -0.23661560556618572, -0.23327574517266475, -0.21968868563596858, -0.20624154491397229, -0.20706631734013908, -0.2090056498725588, -0.2042905356243619, -0.20532254086432108, -0.2110967246712569, -0.21151271609447195, -0.21129029891414733, -0.2160057117153038, -0.21916071639167645, -0.21751766670493367, -0.217193909016603, -0.22129486807278442, -0.22453463204253155, -0.2249105790772724, -0.23078589947478526, -0.24962290727888287, -0.2745948459667957, -0.30039826302252687, -0.3144107933190058, 5.842158088704868], "betas": [2.7416070481958283, 2.334543337011384, 2.142728398054903, 1.974760963085521, 1.7889170729866974, 1.7012228321456142, 1.7099376175382752, 1.6744536353157802, 1.6329064738263266, 1.65619436844691, 1.6685681356931452, 1.645086780968537, 1.6475385162419327, 1.6685742952101361, 1.6538865581227746, 1.6200368826107228, 1.612758161967696, 1.617208503400106, 1.593116094786075, 1.5581980004178604, 1.5799849742065766, 1.6387778085473674, 1.6622472757932565, 1.6354242364915856, 1.4813676844221169, 1.576444560263213], "predicted_p_opt": 0.015203836411266752, "predicted_tts": 65.77287290850836, "p_opt": 0.00013912191783644484, "tts": 7187.940013705279, "approx": 0.9575094155676475, "opt_gap": -0.04249058443235254}