{"edges": [[0, 2], [0, 5], [0, 8], [0, 11], [1, 3], [1, 6], [1, 7], [1, 12], [2, 4], [2, 6], [3, 9], [3, 10], [3, 11], [4, 6], [4, 9], [4, 10], [5, 7], [5, 11], [5, 12], [6, 8], [6, 12], [7, 8], [7, 10]], "num_nodes": 13, "num_colors": 3, "opt_value": 23, "opt_count": 96, "feasible_count": 1594323, "mean_value": 15.333333333333334, "std": 2.260776661041756, "level": 83, "gammas": [3.1415923265128805, 3.141592525060855, 3.141592537622303, 3.1415925761908072, 3.1415926002023804, 3.1415925940225566, 3.141592596554479, 3.141592588895691, 3.141592592178257, 3.141592576590012, 3.1415925853267024, 3.1415925801120537, 3.141592579259178, 3.141592570815031, 3.1415925797156152, 3.141592566875061, 3.1415925543505794, 3.1415925485939478, 3.141592554736316, 3.1415925172662775, 3.1415924868258047, 3.1415924869952567, 3.141592469270375, 3.1415924449322934, 3.141592333096554, 3.1415921031392324, 3.1415917175667514, 3.1415909779011315, 3.1415898561331645, 3.141588813443562, 3.1415877743869705, 3.1415858746161587, 3.1415822265814177, 3.1415785080568477, 3.1415725564390438, 3.1415710130992265, 3.1415735900704127, 3.141568955005813, 3.1415474576596334, 3.1415337479082415, 3.1415180320261027, 3.1414994330275268, 3.1414417938214703, 3.1413923603435436, 3.14137103303071, 3.1413659736251733, 3.141299928905439, 3.1412138724656664, 3.1410522127328724, 3.140873729158952, 3.141121764296551, 3.1412989456278333, 3.141092878737732, 3.1407972965637434, 3.1405438480441914, 3.1402789201890715, 3.1405940777698085, 3.140308500462635, 3.140017338654448, 3.13895974004285, 3.139385738249846, 3.13960048235655, 3.140267877214702, 3.1402604833298873, 3.139584514061527, 3.1360553698054723, 3.1380295605545974, 3.1377068870835956, 3.135878902940584, 3.130842735211754, 3.1344881088319876, 3.1264514098018537, 3.1328439128486565, 3.1271930952918217, 3.1296871243864945, 3.1244704803521377, 3.1289704935703657, 3.1137599595532897, 3.1292391591536344, 3.103844354164042, 3.1133364107347026, 3.1257215952345514, 3.1062573620788148], "betas": [3.1415925792895445, 3.141592798767437, 3.141592743644112, 3.1415927250728792, 3.1415927270885358, 3.1415927258424015, 3.141592719497491, 3.1415927217712074, 3.1415927229303673, 3.1415927205046152, 3.141592725102556, 3.141592729252199, 3.1415927355460074, 3.141592743649371, 3.1415927459775883, 3.141592743207936, 3.1415927397003163, 3.141592739349515, 3.1415927268736006, 3.1415926963363336, 3.1415926760984294, 3.141592664910651, 3.141592638810737, 3.141592568046485, 3.141592399932549, 3.1415920857811406, 3.1415915732592032, 3.1415905858344835, 3.1415894885872957, 3.14158844581349, 3.141587246356285, 3.141584277725542, 3.141580693290507, 3.1415758257562865, 3.1415709795878737, 3.1415725521553584, 3.1415734160552176, 3.1415595802407914, 3.1415388846411316, 3.141527694182585, 3.141509426867648, 3.141477853777032, 3.1414088671767666, 3.1413838503594023, 3.1413636577432706, 3.141351392101493, 3.1412438850399185, 3.1411687466427867, 3.1409130868840918, 3.1409722094686408, 3.1412391134554025, 3.1412605463199212, 3.1408947371278395, 3.140736331443389, 3.140298545379396, 3.140493486832692, 3.1404407402016927, 3.1402899271685145, 3.1393946358929026, 3.139079144846304, 3.1394887028021046, 3.139967674751274, 3.140251123338396, 3.140329711673135, 3.137654744370264, 3.13649075085294, 3.1383930336308854, 3.137268365988045, 3.132572562826717, 3.13303770920994, 3.130780765498058, 3.128229961001099, 3.1321498544672632, 3.126397162670853, 3.128553373455761, 3.1261667194146394, 3.1225184899125487, 3.117951786675575, 3.123822719750737, 3.0979583469182344, 3.1297538394384046, 3.107724824305803, 3.1243310867474894], "predicted_p_opt": 1.6792983604953324, "predicted_tts": 0.5954867958693392, "p_opt": 0.9263053001507331, "tts": 1.0795576791337316, "approx": 0.9754338743319001, "opt_gap": -0.024566125668099903, "th": -22.999000549316406}