{"edges": [[4, 6], [4, 0], [4, 1], [6, 17], [6, 7], [3, 10], [3, 16], [3, 1], [10, 15], [10, 8], [14, 16], [14, 12], [14, 5], [16, 15], [5, 7], [5, 9], [7, 0], [12, 19], [12, 11], [19, 2], [19, 17], [8, 9], [8, 13], [9, 18], [17, 18], [18, 2], [1, 13], [2, 11], [11, 13], [15, 0]], "num_nodes": 20, "opt_value": 28, "opt_count": 2, "feasible_count": 1048576, "mean_value": 15.0, "std": 2.7386127875258306, "level": 18, "gammas": [0.11186496745821006, 0.23176628646904598, 0.26076008039886384, 0.26036887910075557, 0.2492388581484398, 0.24085276042845621, 0.2463696369056578, 0.2606777496267764, 0.27470559464111766, 0.28510706002381025, 0.29177108164779375, 0.2962903356102294, 0.30108636548156936, 0.30804299698557525, 0.31760635967945294, 0.330153503889499, 0.34790859698960636, 0.37681015771875537], "betas": [-2.625104211394144, -2.339701561794709, -2.1501968676371463, -1.9780818561656202, -1.8280044654329406, -1.7705877933258767, -1.8147435739388318, -1.8853519283577616, -1.935834763041299, -1.9536918911589904, -1.943194460861294, -1.917156264248502, -1.8879573752484202, -1.8563169513405904, -1.810036563705933, -1.7311582624479855, -1.588298575543362, 5.009910356766368], "predicted_p_opt": 0.0026111602783203125, "predicted_tts": 382.97151205259314, "p_opt": 2.5270199173377214e-05, "tts": 39572.303848460564, "approx": 0.7958322985551451, "opt_gap": -0.20416770144485485}