{"N": 22, "edgelist": ["0 1 {}\n", "0 2 {}\n", "0 3 {}\n", "0 4 {}\n", "0 6 {}\n", "0 10 {}\n", "0 11 {}\n", "0 12 {}\n", "0 15 {}\n", "0 16 {}\n", "0 17 {}\n", "0 19 {}\n", "0 21 {}\n", "1 3 {}\n", "1 4 {}\n", "1 6 {}\n", "1 9 {}\n", "1 12 {}\n", "1 14 {}\n", "1 16 {}\n", "1 18 {}\n", "1 19 {}\n", "2 3 {}\n", "2 4 {}\n", "2 5 {}\n", "2 6 {}\n", "2 10 {}\n", "2 11 {}\n", "2 14 {}\n", "2 17 {}\n", "2 18 {}\n", "3 4 {}\n", "3 5 {}\n", "3 7 {}\n", "3 9 {}\n", "3 10 {}\n", "3 13 {}\n", "3 15 {}\n", "3 16 {}\n", "3 17 {}\n", "3 18 {}\n", "3 20 {}\n", "3 21 {}\n", "4 5 {}\n", "4 7 {}\n", "4 8 {}\n", "4 10 {}\n", "4 12 {}\n", "4 14 {}\n", "4 15 {}\n", "4 16 {}\n", "4 18 {}\n", "4 19 {}\n", "5 8 {}\n", "5 9 {}\n", "5 14 {}\n", "5 15 {}\n", "5 18 {}\n", "5 20 {}\n", "6 11 {}\n", "6 14 {}\n", "6 17 {}\n", "6 18 {}\n", "6 20 {}\n", "7 9 {}\n", "7 10 {}\n", "7 11 {}\n", "7 12 {}\n", "7 13 {}\n", "7 14 {}\n", "7 16 {}\n", "7 18 {}\n", "7 20 {}\n", "7 21 {}\n", "8 9 {}\n", "8 11 {}\n", "8 12 {}\n", "8 15 {}\n", "8 16 {}\n", "8 17 {}\n", "8 19 {}\n", "9 10 {}\n", "9 11 {}\n", "9 12 {}\n", "9 13 {}\n", "9 16 {}\n", "9 18 {}\n", "9 19 {}\n", "9 20 {}\n", "10 11 {}\n", "10 12 {}\n", "10 13 {}\n", "10 15 {}\n", "10 17 {}\n", "10 18 {}\n", "10 19 {}\n", "10 20 {}\n", "10 21 {}\n", "11 13 {}\n", "11 14 {}\n", "11 17 {}\n", "12 14 {}\n", "12 15 {}\n", "12 18 {}\n", "12 19 {}\n", "12 21 {}\n", "13 20 {}\n", "13 21 {}\n", "14 15 {}\n", "14 16 {}\n", "14 18 {}\n", "14 20 {}\n", "14 21 {}\n", "15 16 {}\n", "15 18 {}\n", "15 21 {}\n", "16 19 {}\n", "16 20 {}\n", "18 20 {}\n", "18 21 {}\n", "20 21 {}\n"], "opt_value": 106, "opt_count": 2, "feasible_count": 705432, "mean_value": 92.19047619047619, "std": 3.433224008354009, "level": 45, "gammas": [-0.12362489849328995, -0.2320319414138794, -0.21257460117340088, -0.13071082532405853, -0.18921832740306854, -0.15923090279102325, -0.13171541690826416, -0.16844028234481812, -0.13339896500110626, -0.15697066485881805, -0.14311200380325317, -0.14534685015678406, -0.1515817791223526, -0.13923154771327972, -0.1589881330728531, -0.1392604410648346, -0.16614288091659546, -0.14822006225585938, -0.16730529069900513, -0.1622045934200287, -0.15621589124202728, -0.16785737872123718, -0.16483396291732788, -0.16380257904529572, -0.17254212498664856, -0.1695995181798935, -0.17130745947360992, -0.18239524960517883, -0.1815178543329239, -0.18300937116146088, -0.20385590195655823, -0.2244413048028946, -0.23361217975616455, -0.23629307746887207, -0.2818492650985718, -0.3162011206150055, -0.3253532648086548, -0.3114539384841919, -0.2830953598022461, -0.2627484202384949, -0.25282227993011475, -0.2500293254852295, -0.25100305676460266, -0.2533644735813141, -0.25456303358078003], "betas": [2.8257949352264404, 2.545639753341675, 1.7268989086151123, 1.7617640495300293, 2.1905248165130615, 1.4881848096847534, 1.703039526939392, 1.5334047079086304, 1.3504772186279297, 1.5156409740447998, 1.2490485906600952, 1.4671255350112915, 1.2522780895233154, 1.4067736864089966, 1.306979775428772, 1.3519796133041382, 1.409157156944275, 1.3264821767807007, 1.4927226305007935, 1.4732732772827148, 1.5143418312072754, 1.5529801845550537, 1.4907835721969604, 1.5442306995391846, 1.5669935941696167, 1.518040418624878, 1.585675597190857, 1.6267282962799072, 1.581540822982788, 1.6732697486877441, 1.8565970659255981, 1.9854060411453247, 2.1272621154785156, 1.8381831645965576, 2.175853967666626, 2.258450508117676, 2.3265318870544434, 2.4333832263946533, 2.4776501655578613, 2.471351385116577, 2.4561963081359863, 2.4560084342956543, 2.469968318939209, 2.4746079444885254, 2.358060121536255], "predicted_p_opt": 0.02347781217750258, "predicted_tts": 42.59340659340659, "p_opt": 0.00013031307025812566, "tts": 7673.827329976864, "approx": 0.9658159017562866, "opt_gap": -0.03418409824371338}