{"N": 22, "edgelist": ["0 3 {}\n", "0 6 {}\n", "0 9 {}\n", "0 11 {}\n", "0 13 {}\n", "0 16 {}\n", "0 17 {}\n", "0 18 {}\n", "0 21 {}\n", "1 7 {}\n", "1 11 {}\n", "1 12 {}\n", "1 14 {}\n", "1 17 {}\n", "1 19 {}\n", "1 21 {}\n", "2 3 {}\n", "2 4 {}\n", "2 5 {}\n", "2 11 {}\n", "2 12 {}\n", "2 13 {}\n", "2 14 {}\n", "2 18 {}\n", "2 19 {}\n", "3 5 {}\n", "3 7 {}\n", "3 10 {}\n", "3 12 {}\n", "3 13 {}\n", "3 14 {}\n", "3 17 {}\n", "3 18 {}\n", "3 19 {}\n", "3 20 {}\n", "3 21 {}\n", "4 6 {}\n", "4 7 {}\n", "4 10 {}\n", "4 11 {}\n", "4 12 {}\n", "4 13 {}\n", "4 17 {}\n", "4 18 {}\n", "4 21 {}\n", "5 7 {}\n", "5 9 {}\n", "5 10 {}\n", "5 11 {}\n", "5 18 {}\n", "5 19 {}\n", "5 20 {}\n", "5 21 {}\n", "6 8 {}\n", "6 9 {}\n", "6 11 {}\n", "6 12 {}\n", "6 13 {}\n", "6 15 {}\n", "6 17 {}\n", "6 18 {}\n", "6 20 {}\n", "7 8 {}\n", "7 9 {}\n", "7 10 {}\n", "7 11 {}\n", "7 14 {}\n", "7 19 {}\n", "7 20 {}\n", "8 9 {}\n", "8 13 {}\n", "8 15 {}\n", "8 16 {}\n", "8 18 {}\n", "8 19 {}\n", "8 20 {}\n", "9 11 {}\n", "9 12 {}\n", "9 13 {}\n", "9 15 {}\n", "9 18 {}\n", "9 19 {}\n", "9 21 {}\n", "10 11 {}\n", "10 12 {}\n", "10 13 {}\n", "10 14 {}\n", "10 15 {}\n", "10 18 {}\n", "10 19 {}\n", "10 20 {}\n", "10 21 {}\n", "11 12 {}\n", "11 16 {}\n", "11 17 {}\n", "11 18 {}\n", "11 19 {}\n", "11 20 {}\n", "12 13 {}\n", "12 14 {}\n", "12 15 {}\n", "12 16 {}\n", "12 19 {}\n", "13 17 {}\n", "13 18 {}\n", "13 19 {}\n", "14 15 {}\n", "14 18 {}\n", "14 19 {}\n", "14 20 {}\n", "15 18 {}\n", "15 19 {}\n", "16 17 {}\n", "16 18 {}\n", "16 19 {}\n", "16 21 {}\n", "17 18 {}\n", "17 21 {}\n", "18 19 {}\n", "18 20 {}\n", "19 20 {}\n", "20 21 {}\n"], "opt_value": 107, "opt_count": 12, "feasible_count": 705432, "mean_value": 92.95238095238095, "std": 3.572764996405016, "level": 77, "gammas": [3.141592496234202, 3.141592565545638, 3.141592608488299, 3.1415926437685275, 3.141592653101798, 3.141592647928067, 3.141592644333103, 3.1415926343625182, 3.1415926299945673, 3.1415926113721984, 3.141592610638897, 3.141592605922272, 3.141592605672314, 3.141592604664123, 3.141592616773236, 3.1415926204976428, 3.1415926310292126, 3.141592640180215, 3.1415926328683015, 3.14159263660329, 3.1415926329549055, 3.141592617183741, 3.1415926062620096, 3.1415925607405017, 3.141592523165315, 3.141592484993745, 3.141592431204822, 3.14159228041067, 3.141592010225089, 3.1415915437949997, 3.1415909199257923, 3.1415907095785154, 3.141590919281152, 3.141590455280837, 3.1415889988291887, 3.1415883252636734, 3.1415886385290586, 3.1415860914219222, 3.1415789743647653, 3.1415770034533215, 3.1415808219756163, 3.141578653936328, 3.1415607145919577, 3.141551356504632, 3.1415568823227327, 3.1415473906015188, 3.141499193584073, 3.1414662987261277, 3.1414396288530875, 3.1414363997589527, 3.1414644533821883, 3.1414811081414706, 3.141464878497943, 3.1414332821240625, 3.1414466307271907, 3.141456690864091, 3.141452708901437, 3.141395255447453, 3.1411932033496557, 3.141006152780821, 3.1412639382314023, 3.1414324407977148, 3.1409115584136544, 3.1405813703309615, 3.1402818400979045, 3.1395968298877563, 3.1400001141248652, 3.1399370318286426, 3.1401282735472664, 3.139267170296178, 3.139745207948318, 3.1388074133816626, 3.1394480610355946, 3.1372910513773165, 3.138990397849787, 3.1281795278393845, 3.1350768299909704], "betas": [3.1415927663420455, 3.1415927125977827, 3.1415926785883803, 3.141592661474929, 3.1415926602944877, 3.1415926640374017, 3.141592669846248, 3.1415926779129575, 3.1415926833561643, 3.1415926956330096, 3.1415927051196837, 3.1415927054604635, 3.1415927045011918, 3.141592698506661, 3.1415926876999762, 3.1415926786775072, 3.14159268019241, 3.1415926770826514, 3.1415926643275136, 3.1415926620011505, 3.1415926558768, 3.1415926457155474, 3.1415926217743206, 3.14159257744798, 3.1415925430596134, 3.1415925152642314, 3.1415924218015814, 3.141592202618746, 3.141591855931713, 3.1415912552928997, 3.141590763041678, 3.141590835199474, 3.1415908651098094, 3.141589776236175, 3.1415884846555917, 3.1415885046227348, 3.141588116456964, 3.141582652869663, 3.1415768852529613, 3.141578801521502, 3.1415815748045195, 3.141570994899864, 3.1415531729144472, 3.141553880182438, 3.141556502072382, 3.1415263262366317, 3.1414780213548834, 3.1414550380429773, 3.1414300879800217, 3.1414519909628207, 3.141472943164226, 3.1414815566963186, 3.141441944563876, 3.141440693956812, 3.1414485495649447, 3.1414647278689696, 3.141425998460372, 3.141328956824534, 3.1410456092580463, 3.1411067293464985, 3.1413923902922383, 3.141276601439001, 3.1406001930772134, 3.1406150126641856, 3.1397521008388414, 3.1398601738227714, 3.139873584514779, 3.140220462637116, 3.1395417629838147, 3.1396496839017933, 3.1391286153339326, 3.1392854654527698, 3.1382448978630992, 3.138669177350063, 3.133923866362756, 3.1291327918335625, 3.1397596376095764], "predicted_p_opt": 0.40868574150307896, "predicted_tts": 2.4468678459937565, "p_opt": 0.3559594709036063, "tts": 2.809308591962706, "approx": 0.9154451493911056, "opt_gap": -0.08455485060889445, "th": -106.9990005493164}