{"edges": [[3, 10], [3, 15], [3, 0], [10, 5], [10, 15], [5, 12], [5, 11], [0, 8], [0, 4], [8, 6], [8, 1], [11, 14], [11, 15], [14, 6], [14, 7], [1, 9], [1, 12], [9, 12], [9, 2], [6, 13], [7, 13], [7, 4], [13, 2], [2, 4]], "num_nodes": 16, "opt_value": 22, "opt_count": 2, "feasible_count": 65536, "mean_value": 12.0, "std": 2.449489742783178, "level": 7, "gammas": [3.1411244869232178, 3.141339063644409, 3.141488552093506, 3.141495943069458, 3.1413938999176025, 3.141172409057617, 3.141051769256592], "betas": [3.141225814819336, 3.141413688659668, 3.1414999961853027, 3.1414802074432373, 3.141305923461914, 3.1410410404205322, 3.1410789489746094], "predicted_p_opt": 0.006866455078125, "predicted_tts": 145.63555555555556, "p_opt": 0.003161481018697959, "tts": 316.3074502379411, "approx": 0.8336949124333949, "opt_gap": -0.16630508756660511, "th": -17.959751657913802}