{"edges": [[0, 7], [0, 11], [0, 15], [1, 2], [1, 3], [1, 5], [1, 10], [1, 11], [2, 3], [2, 4], [2, 10], [2, 13], [3, 13], [4, 8], [4, 11], [4, 15], [5, 12], [5, 15], [6, 10], [6, 12], [7, 13], [7, 15], [8, 12], [8, 14], [9, 11], [11, 12], [12, 15], [13, 14], [14, 15]], "num_nodes": 16, "num_colors": 3, "opt_value": 29, "opt_count": 132, "feasible_count": 43046721, "mean_value": 19.333333333333332, "std": 2.5385910352879693, "level": 81, "gammas": [3.1415925065875356, 3.1415925507582583, 3.141592581220937, 3.1415926000827565, 3.141592613648373, 3.1415926041564264, 3.1415925977853636, 3.14159259893181, 3.1415925864270564, 3.141592579628825, 3.141592576877452, 3.1415925752588545, 3.141592582019853, 3.1415925763959867, 3.141592583754708, 3.1415925880105915, 3.1415925883698916, 3.1415925923428873, 3.14159259546697, 3.1415925865304026, 3.141592591012619, 3.14159256826431, 3.141592566751958, 3.141592536138825, 3.141592510714138, 3.1415924720032375, 3.14159240981961, 3.141592342119236, 3.141592234344899, 3.141592029153653, 3.1415917728988583, 3.1415916003500888, 3.141591440375281, 3.1415910090205865, 3.1415901661286454, 3.1415896770354528, 3.141589475957381, 3.141590740471443, 3.141598578605669, 3.141602880392429, 3.141592073915034, 3.1415795478932007, 3.141570802889937, 3.1415689202514687, 3.141573856984376, 3.1415736202742144, 3.141558833954093, 3.141554319946496, 3.1415689710508614, 3.141572506104902, 3.141539988466337, 3.141510031442894, 3.141476626938777, 3.141465770926755, 3.1415162555991905, 3.1415325632072597, 3.1414206522368873, 3.1413475121014285, 3.1413480550486637, 3.1413644298708623, 3.141400913923459, 3.141381183310502, 3.1411929063586075, 3.1410701646383483, 3.1412569259037793, 3.141369794951553, 3.1413438103260023, 3.1412591646751777, 3.140962358599767, 3.1406594342402605, 3.140532283583582, 3.140112568094171, 3.140530258972767, 3.1402836335927042, 3.1399558526342917, 3.1389941490571047, 3.1398638793993103, 3.136561418723862, 3.1381711374580594, 3.1241289516434096, 3.134880891968774], "betas": [3.1415927930189533, 3.141592747666789, 3.1415927175662715, 3.1415927035551214, 3.141592698090932, 3.141592699894396, 3.1415927091395885, 3.141592714979311, 3.141592724911269, 3.141592732677604, 3.1415927321184323, 3.14159273116522, 3.141592727841931, 3.1415927229778893, 3.141592721638306, 3.1415927187579693, 3.141592711214752, 3.1415927070186687, 3.1415927026467196, 3.1415927037885347, 3.1415927040591, 3.1415927012965823, 3.141592693269559, 3.1415926675013943, 3.1415926441444206, 3.1415926072414893, 3.141592542397595, 3.1415924552430727, 3.1415923003924284, 3.141592045304072, 3.141591819313599, 3.141591658444835, 3.1415914090833357, 3.141590730699371, 3.1415899560989202, 3.1415897131051023, 3.1415896839252975, 3.1415940082995304, 3.1416026417262755, 3.1415989444990893, 3.1415854146916535, 3.1415748620967245, 3.14156883543259, 3.141571209666217, 3.141575623211939, 3.1415674031349203, 3.141553529327032, 3.141560817192689, 3.1415747187367415, 3.141559665608843, 3.1415226324617658, 3.141495914997288, 3.141462408340334, 3.141487665845703, 3.141537375333124, 3.141489619249407, 3.1413654666930992, 3.1413506643310942, 3.141346830950328, 3.1413901897599645, 3.1413980183913517, 3.1413164314813464, 3.141080788137694, 3.1411565038379923, 3.141324201867629, 3.1413872904463576, 3.1412839277665956, 3.1411914778005707, 3.140709365253976, 3.140703726837539, 3.1401779422361393, 3.1403892881776723, 3.140370595234994, 3.140382967172549, 3.1391246328902342, 3.139685699670925, 3.1380060038102213, 3.138545992936812, 3.1305345411413015, 3.1271439349771515, 3.139920989998547], "predicted_p_opt": 0.08147212885274119, "predicted_tts": 12.274136125833593, "p_opt": 0.07928346303206357, "tts": 12.612970747702873, "approx": 0.6930935206648112, "opt_gap": -0.3069064793351888, "th": -28.999000549316406}