{"edges": [[0, 2], [0, 9], [1, 2], [1, 3], [1, 8], [1, 9], [2, 6], [2, 7], [2, 8], [3, 4], [3, 7], [4, 5], [4, 8], [4, 9], [4, 10], [5, 9], [6, 7], [6, 9], [6, 10], [7, 10], [8, 9], [8, 10]], "num_nodes": 11, "num_colors": 3, "opt_value": 22, "opt_count": 36, "feasible_count": 177147, "mean_value": 14.666666666666666, "std": 2.211083193570267, "level": 53, "gammas": [3.1415890751752764, 3.141589990301555, 3.141590609806436, 3.141591275953508, 3.1415919261237124, 3.141592542178884, 3.1415931191306474, 3.141593611312627, 3.1415939916840556, 3.14159430109667, 3.1415944854447666, 3.141594598202622, 3.1415946353835347, 3.1415945448083504, 3.1415942747631034, 3.141594130219721, 3.141594771759815, 3.1415980441996507, 3.1416020625155414, 3.141598697067474, 3.1417941073390487, 3.1422125021674807, 3.1421117513090326, 3.1416237270927128, 3.141637805864419, 3.141780784876948, 3.141671386677448, 3.141571891727617, 3.1414258096802445, 3.1413721611726677, 3.141141253829614, 3.1409005486675543, 3.1407851870823946, 3.1405333389531225, 3.1407527065770484, 3.1405116282012955, 3.140674319742802, 3.1399847868844053, 3.1398084791279515, 3.1379171586112804, 3.137247409353423, 3.1261679414028998, 3.1329035196818094, 3.12733836866069, 3.134573046708601, 3.1144046889521224, 3.1223996362099844, 3.1203648901030547, 3.1210304720297706, 3.0933252181803357, 3.100018530166589, 3.010640437981512, 3.0405733877510217], "betas": [3.14159559652003, 3.1415950098770753, 3.141594362904824, 3.141593699752853, 3.1415930571770887, 3.1415924669621615, 3.1415919403112036, 3.1415914912010257, 3.1415911502197305, 3.141590922565793, 3.141590843365246, 3.141590938130694, 3.141591197398104, 3.1415915517256505, 3.141592069710129, 3.141593175627771, 3.141596074397295, 3.1416026628427405, 3.1416000246620994, 3.1416544658426053, 3.1420210993749995, 3.142268848977438, 3.1418539772042253, 3.141570435154737, 3.1417518787773755, 3.1417509625608266, 3.141622856459536, 3.141515620550105, 3.1413770693437164, 3.141319714047143, 3.1409408251964432, 3.1409080401881644, 3.1405424352838023, 3.1406823874783356, 3.140537974473876, 3.1406422728002927, 3.140233402557472, 3.1400717253506536, 3.1384494148983246, 3.1387155928382664, 3.1309104205396263, 3.1285221323198167, 3.1314466476985725, 3.1304638155421207, 3.128526097290461, 3.1112079887988715, 3.134677852765757, 3.1080181538408587, 3.1168250345200907, 3.0723507777204992, 3.084719751007883, 3.021596266356286, 3.0492413659035984], "predicted_p_opt": 2.32667784382462, "predicted_tts": 0.42979736221504067, "p_opt": 0.9979278035746375, "tts": 1.0020764993398719, "approx": 0.9993092202510936, "opt_gap": -0.0006907797489064116, "th": -21.999000549316406}