{"edges": [[0, 1], [0, 6], [1, 2], [1, 7], [1, 11], [2, 4], [2, 9], [2, 12], [3, 5], [3, 9], [3, 10], [3, 11], [4, 7], [4, 8], [4, 9], [4, 12], [5, 6], [5, 12], [6, 10], [6, 11], [7, 10], [7, 11], [8, 9], [8, 10], [8, 12], [9, 11], [10, 12], [10, 13], [11, 13], [12, 13]], "num_nodes": 14, "num_colors": 3, "opt_value": 30, "opt_count": 18, "feasible_count": 4782969, "mean_value": 20.0, "std": 2.581988897471611, "level": 59, "gammas": [3.141592812344557, 3.1415927461830844, 3.141592686713791, 3.141592655416106, 3.141592658055263, 3.141592669221299, 3.1415926868754434, 3.141592698348649, 3.1415926982068254, 3.1415927058676316, 3.141592701465689, 3.141592697020295, 3.141592693229436, 3.1415926889079486, 3.1415926797910165, 3.1415926792736224, 3.141592679866712, 3.141592673221981, 3.1415926639063856, 3.1415926381045427, 3.141592573154027, 3.1415925857481573, 3.1415925972139234, 3.141592596937263, 3.1415925354649596, 3.141592375254973, 3.14159213238121, 3.1415914412115016, 3.141590460579712, 3.14159021182209, 3.1415905023332202, 3.1415897985886994, 3.1415878029345334, 3.141584724919151, 3.1415770535378957, 3.141574850520431, 3.1415800452293063, 3.1415770182511906, 3.1415581566152855, 3.141548695406758, 3.141534985661986, 3.141525898705095, 3.1414985243501974, 3.141491307579335, 3.141488908863638, 3.1414830956366058, 3.141258082306034, 3.1411443898406484, 3.1413514339666686, 3.1414723547539487, 3.1410179994214498, 3.1406131546259712, 3.140339987042635, 3.139860830810713, 3.140530099671776, 3.139817052894701, 3.140393306621314, 3.134504281829056, 3.1388592432805833], "betas": [3.1415925302317804, 3.141592591603542, 3.141592635542512, 3.1415926504290628, 3.1415926457194465, 3.141592628844248, 3.1415926147509943, 3.14159260908501, 3.1415926051998984, 3.141592608207006, 3.141592611497727, 3.1415926134329912, 3.1415926208070015, 3.1415926212378253, 3.1415926181754155, 3.14159261801246, 3.1415926119735507, 3.1415925994424625, 3.141592575571488, 3.1415925263972566, 3.141592494674614, 3.141592503804242, 3.1415925096412693, 3.1415924753976094, 3.141592367116056, 3.14159218613484, 3.1415917879519153, 3.1415908322932573, 3.141590122750279, 3.1415902501556285, 3.141590283158714, 3.141588674975988, 3.1415865935169585, 3.1415810507711925, 3.1415744816450726, 3.141577257289664, 3.1415808716903078, 3.1415680932618515, 3.1415520285834138, 3.1415427761645067, 3.1415294069145396, 3.1415148994304185, 3.141488799675398, 3.1414920517319462, 3.141493140944356, 3.141406508438549, 3.141139146744977, 3.1412487856851237, 3.1414195720847724, 3.1413667929344937, 3.1406644215487676, 3.140673103112085, 3.1398630237943514, 3.140286608531967, 3.140051081819161, 3.140741225124549, 3.137119186415052, 3.135732714505734, 3.140905590547249], "predicted_p_opt": 0.053292839656706954, "predicted_tts": 18.764246875220675, "p_opt": 0.05235289138981064, "tts": 19.10114176033128, "approx": 0.6841164453705969, "opt_gap": -0.3158835546294031, "th": -29.999000549316406}