{"N": 18, "edgelist": ["0 1 {}\n", "0 2 {}\n", "0 7 {}\n", "0 8 {}\n", "0 11 {}\n", "0 15 {}\n", "1 2 {}\n", "1 4 {}\n", "1 5 {}\n", "1 6 {}\n", "1 8 {}\n", "1 10 {}\n", "1 11 {}\n", "1 12 {}\n", "1 13 {}\n", "1 14 {}\n", "1 15 {}\n", "1 17 {}\n", "2 3 {}\n", "2 4 {}\n", "2 5 {}\n", "2 7 {}\n", "2 8 {}\n", "2 12 {}\n", "2 14 {}\n", "2 15 {}\n", "2 17 {}\n", "3 4 {}\n", "3 6 {}\n", "3 11 {}\n", "3 12 {}\n", "3 13 {}\n", "4 5 {}\n", "4 7 {}\n", "4 9 {}\n", "4 11 {}\n", "4 13 {}\n", "4 14 {}\n", "4 16 {}\n", "5 7 {}\n", "5 8 {}\n", "5 10 {}\n", "5 11 {}\n", "5 13 {}\n", "5 14 {}\n", "6 7 {}\n", "6 8 {}\n", "6 9 {}\n", "6 10 {}\n", "6 11 {}\n", "6 13 {}\n", "6 16 {}\n", "6 17 {}\n", "7 8 {}\n", "7 11 {}\n", "7 14 {}\n", "7 15 {}\n", "8 9 {}\n", "8 11 {}\n", "8 12 {}\n", "8 14 {}\n", "8 15 {}\n", "8 16 {}\n", "8 17 {}\n", "9 10 {}\n", "9 14 {}\n", "9 15 {}\n", "9 16 {}\n", "10 11 {}\n", "10 14 {}\n", "10 16 {}\n", "10 17 {}\n", "11 12 {}\n", "11 13 {}\n", "11 14 {}\n", "11 17 {}\n", "12 14 {}\n", "12 15 {}\n", "12 16 {}\n", "12 17 {}\n", "14 15 {}\n", "14 17 {}\n", "15 16 {}\n", "15 17 {}\n", "16 17 {}\n"], "opt_value": 76, "opt_count": 2, "feasible_count": 48620, "mean_value": 65.0, "std": 2.9154759474226504, "level": 57, "gammas": [-0.1475786566734314, -0.2462577223777771, -0.2607920467853546, -0.26356884837150574, -0.2640971541404724, -0.26396194100379944, -0.26269862055778503, -0.25966551899909973, -0.2566016614437103, -0.254901647567749, -0.25694510340690613, -0.2614824175834656, -0.25455203652381897, -0.24943417310714722, -0.24275550246238708, -0.24863259494304657, -0.2508030831813812, -0.2530156373977661, -0.2534797787666321, -0.2520550489425659, -0.25022175908088684, -0.24356678128242493, -0.24772873520851135, -0.24830199778079987, -0.25527292490005493, -0.25104478001594543, -0.2504365146160126, -0.2539847791194916, -0.25777143239974976, -0.26013171672821045, -0.2603575587272644, -0.2597006857395172, -0.2591160833835602, -0.2571437954902649, -0.24658256769180298, -0.2112092226743698, 0.12888093292713165, 0.2663270831108093, 0.27007585763931274, 0.2692073583602905, 0.2680765390396118, 0.2673647701740265, 0.2666754126548767, 0.2654013931751251, 0.26460835337638855, 0.2646215558052063, 0.26605015993118286, 0.2682667672634125, 0.2685379981994629, 0.2654370665550232, 0.26453760266304016, 0.2643676698207855, 0.26421332359313965, 0.2640158534049988, 0.2635065019130707, 0.26258641481399536, 0.2551681101322174], "betas": [2.881442070007324, 2.8269946575164795, 2.8117728233337402, 2.816136360168457, 2.827623128890991, 2.8312201499938965, 2.8295154571533203, 2.8247768878936768, 2.8295493125915527, 2.8444244861602783, 2.8350088596343994, 2.7006595134735107, 2.386237621307373, 2.66125750541687, 2.645254135131836, 2.688905954360962, 2.715874433517456, 2.7267489433288574, 2.725093126296997, 2.704784870147705, 2.6627910137176514, 2.672145128250122, 2.3583881855010986, 2.6695423126220703, 2.766228199005127, 2.7600765228271484, 2.766641139984131, 2.785064697265625, 2.7962234020233154, 2.7914047241210938, 2.7788069248199463, 2.7610723972320557, 2.749699592590332, 2.759960889816284, 2.8812062740325928, -2.0239405632019043, -3.345534324645996, -2.94990873336792, -2.886047601699829, -2.8734660148620605, -2.8788609504699707, -2.882910966873169, -2.882685422897339, -2.8785200119018555, -2.879119396209717, -2.8856420516967773, -2.886291265487671, -2.868568181991577, -2.8580400943756104, -2.86688494682312, -2.8653666973114014, -2.862760066986084, -2.8548595905303955, -2.8477261066436768, -2.847254991531372, -2.844348430633545, -2.912628412246704], "predicted_p_opt": 0.5440148087206911, "predicted_tts": 1.8381852551984876, "p_opt": 0.34055974505412245, "tts": 2.936342343811298, "approx": 0.9160125593284844, "opt_gap": -0.08398744067151565}