{"N": 26, "edgelist": ["0 4 {}\n", "0 6 {}\n", "0 8 {}\n", "0 9 {}\n", "0 11 {}\n", "0 13 {}\n", "0 15 {}\n", "0 23 {}\n", "0 24 {}\n", "1 8 {}\n", "1 9 {}\n", "1 14 {}\n", "1 17 {}\n", "1 18 {}\n", "1 19 {}\n", "1 20 {}\n", "1 25 {}\n", "2 3 {}\n", "2 4 {}\n", "2 8 {}\n", "2 9 {}\n", "2 10 {}\n", "2 12 {}\n", "2 13 {}\n", "2 14 {}\n", "2 15 {}\n", "2 16 {}\n", "2 19 {}\n", "2 20 {}\n", "2 21 {}\n", "2 22 {}\n", "2 23 {}\n", "3 4 {}\n", "3 8 {}\n", "3 9 {}\n", "3 14 {}\n", "3 16 {}\n", "3 19 {}\n", "3 20 {}\n", "3 21 {}\n", "3 22 {}\n", "3 24 {}\n", "4 5 {}\n", "4 6 {}\n", "4 9 {}\n", "4 12 {}\n", "4 14 {}\n", "4 17 {}\n", "4 19 {}\n", "4 20 {}\n", "4 24 {}\n", "4 25 {}\n", "5 6 {}\n", "5 8 {}\n", "5 11 {}\n", "5 12 {}\n", "5 13 {}\n", "5 14 {}\n", "5 15 {}\n", "5 18 {}\n", "5 21 {}\n", "5 25 {}\n", "6 8 {}\n", "6 10 {}\n", "6 14 {}\n", "6 15 {}\n", "6 18 {}\n", "6 19 {}\n", "6 21 {}\n", "6 22 {}\n", "6 23 {}\n", "6 24 {}\n", "7 8 {}\n", "7 9 {}\n", "7 11 {}\n", "7 12 {}\n", "7 13 {}\n", "7 18 {}\n", "7 20 {}\n", "7 23 {}\n", "7 25 {}\n", "8 9 {}\n", "8 13 {}\n", "8 14 {}\n", "8 16 {}\n", "8 17 {}\n", "8 18 {}\n", "8 20 {}\n", "8 22 {}\n", "8 23 {}\n", "9 11 {}\n", "9 12 {}\n", "9 13 {}\n", "9 14 {}\n", "9 19 {}\n", "9 24 {}\n", "9 25 {}\n", "10 12 {}\n", "10 13 {}\n", "10 17 {}\n", "10 18 {}\n", "10 19 {}\n", "10 21 {}\n", "10 22 {}\n", "10 24 {}\n", "11 12 {}\n", "11 14 {}\n", "11 15 {}\n", "11 16 {}\n", "11 18 {}\n", "11 20 {}\n", "11 21 {}\n", "11 24 {}\n", "11 25 {}\n", "12 13 {}\n", "12 14 {}\n", "12 16 {}\n", "12 17 {}\n", "12 19 {}\n", "12 20 {}\n", "12 21 {}\n", "12 22 {}\n", "12 24 {}\n", "13 17 {}\n", "13 18 {}\n", "13 21 {}\n", "13 23 {}\n", "13 24 {}\n", "14 15 {}\n", "14 16 {}\n", "14 21 {}\n", "14 22 {}\n", "14 23 {}\n", "14 24 {}\n", "15 17 {}\n", "15 18 {}\n", "15 20 {}\n", "15 21 {}\n", "16 17 {}\n", "16 23 {}\n", "16 24 {}\n", "17 18 {}\n", "17 21 {}\n", "17 22 {}\n", "18 21 {}\n", "19 20 {}\n", "19 21 {}\n", "19 22 {}\n", "19 24 {}\n", "20 22 {}\n", "20 23 {}\n", "20 24 {}\n", "22 23 {}\n", "22 24 {}\n", "22 25 {}\n"], "opt_value": 134, "opt_count": 3, "feasible_count": 10400600, "mean_value": 117.8, "std": 3.8972677162563407, "level": 39, "gammas": [3.1415920112838225, 3.141592398157109, 3.141592487309817, 3.1415924278403247, 3.1415923519528643, 3.1415923549482554, 3.141592403805084, 3.141592492875484, 3.1415925956491133, 3.1415926584446265, 3.141592672919837, 3.14159262114162, 3.141592523571133, 3.1415924304720444, 3.1415923810332558, 3.1415924026508733, 3.1415924874191568, 3.1415925653102996, 3.141592563546062, 3.1415922069455195, 3.1415915464464446, 3.1415903419275404, 3.1415891072829347, 3.141587266311825, 3.141585592914214, 3.1415843514793282, 3.141579488830198, 3.1415753627153293, 3.1415562609026537, 3.14153964168583, 3.1414786245949715, 3.1414916532155783, 3.141263676712037, 3.14123991131583, 3.141236882518916, 3.141172149459145, 3.1403309932865966, 3.136980748789665, 3.140239935933357], "betas": [3.141593052577886, 3.141592837627686, 3.1415928422622983, 3.1415929173073165, 3.1415929596303265, 3.1415929380061653, 3.1415928654254044, 3.141592764625968, 3.1415926709334863, 3.1415926308280366, 3.1415926564355967, 3.141592726952, 3.1415928119454395, 3.141592865709919, 3.1415928672828723, 3.1415927923479607, 3.141592610954827, 3.141592413246255, 3.1415921312866253, 3.141591711382213, 3.1415911938545564, 3.141590320612595, 3.141589389533705, 3.1415870141442372, 3.141585903154161, 3.1415810663676202, 3.1415779210671655, 3.1415661117342406, 3.1415530175183886, 3.141508963164972, 3.1414818154504593, 3.141413296042284, 3.141193369703614, 3.141323483788582, 3.1409846156260803, 3.141498403628804, 3.1379493627526074, 3.1383315978905886, 3.1412825649950316], "predicted_p_opt": 0.0018001846047343423, "predicted_tts": 555.4985846285317, "p_opt": 0.001799104784388555, "tts": 555.8319941547267, "approx": 0.8793219064692412, "opt_gap": -0.12067809353075876, "th": -133.99899291992188}