{"edges": [[6, 12], [6, 14], [6, 3], [12, 4], [12, 2], [15, 21], [15, 19], [15, 11], [21, 4], [21, 1], [4, 18], [8, 9], [8, 16], [8, 10], [9, 20], [9, 7], [18, 3], [18, 11], [0, 5], [0, 7], [0, 13], [5, 11], [5, 17], [20, 19], [20, 14], [1, 2], [1, 13], [7, 16], [16, 13], [14, 17], [3, 17], [2, 10], [19, 10]], "num_nodes": 22, "opt_value": 29, "opt_count": 16, "feasible_count": 4194304, "mean_value": 16.5, "std": 2.8722813232690143, "level": 44, "gammas": [-0.4006538730118197, -0.2589096978967522, -0.2499703842040522, -0.2419941703387773, -0.24091788096964806, -0.2436119777928754, -0.2445201863024593, -0.24575171617485753, -0.2548778963246028, -0.2511977741596833, -0.25098100263747164, -0.24543111179589167, -0.24632541267388075, -0.25594636061248466, -0.2701967571879366, -0.2843496771580542, -0.29713442265984047, -0.3051518827782713, -0.2963262532383607, -0.28878993287743704, -0.8024468484523524, -0.13623642898163932, -0.22231501397903686, -0.26130316343207083, -0.26398705640154685, 6.017811912471746, 6.026617495536904, 6.025639260303755, 6.029884785016132, 6.0251187462974265, 6.022308249719946, 6.018053619081732, 6.013048218933591, 6.008588606495823, 6.003927797135906, 5.998078591429505, 5.991428557147489, 5.9795073785770905, 4.963305334064536, 1.0050451755928969, 4.8687935311277535, 5.883815493229387, 5.931480518609385, 5.9756251950826424], "betas": [2.54072053739394, 2.748869651144478, 2.248634066242168, 2.153641412483735, 2.081922924394756, 2.029433058345142, 2.1831653600883207, 2.08981107281366, 2.1423452914708703, 2.0948361303608407, 2.0300307472902106, 1.9839734732087255, 1.9962279899637005, 2.0626304728759384, 2.132047989514346, 2.173717414564437, 2.191522562458649, 2.077938530872931, 1.919132429483698, 2.0031206727414905, 1.7258869744341627, 2.557607149932935, 3.081659258991482, 2.7895231693126887, 2.460060877889161, 2.311595576569196, 2.2592269057957153, 2.188447152799878, 2.254357316011511, 2.1997530008205564, 2.2333722086211263, 2.2502373848235986, 2.2654930380229614, 2.2722658612879503, 2.2827528295819377, 2.3068644709199897, 2.343740102045365, 2.445773955294507, 2.0484745757213547, 2.5435272268884948, 2.2413705493775633, 2.526220108373064, 2.690949462748236, 2.6589322933871156], "predicted_p_opt": 0.030216217041015625, "predicted_tts": 33.09481126120439, "p_opt": 0.00013685880209972478, "tts": 7306.800765882277, "approx": 0.8736493116026456, "opt_gap": -0.12635068839735442}