{"N": 24, "edgelist": ["0 2 {}\n", "0 5 {}\n", "0 6 {}\n", "0 10 {}\n", "0 15 {}\n", "0 17 {}\n", "0 18 {}\n", "0 19 {}\n", "0 20 {}\n", "0 22 {}\n", "1 2 {}\n", "1 3 {}\n", "1 4 {}\n", "1 7 {}\n", "1 11 {}\n", "1 13 {}\n", "1 18 {}\n", "1 20 {}\n", "1 21 {}\n", "1 22 {}\n", "2 5 {}\n", "2 6 {}\n", "2 7 {}\n", "2 9 {}\n", "2 10 {}\n", "2 11 {}\n", "2 12 {}\n", "2 15 {}\n", "2 17 {}\n", "3 6 {}\n", "3 7 {}\n", "3 12 {}\n", "3 14 {}\n", "3 15 {}\n", "3 17 {}\n", "3 22 {}\n", "4 5 {}\n", "4 8 {}\n", "4 11 {}\n", "4 17 {}\n", "4 18 {}\n", "4 19 {}\n", "4 23 {}\n", "5 6 {}\n", "5 7 {}\n", "5 9 {}\n", "5 10 {}\n", "5 11 {}\n", "5 12 {}\n", "5 13 {}\n", "5 14 {}\n", "5 15 {}\n", "5 18 {}\n", "6 7 {}\n", "6 9 {}\n", "6 11 {}\n", "6 12 {}\n", "6 13 {}\n", "6 14 {}\n", "6 15 {}\n", "6 16 {}\n", "6 17 {}\n", "6 18 {}\n", "6 19 {}\n", "6 20 {}\n", "6 21 {}\n", "6 23 {}\n", "7 9 {}\n", "7 10 {}\n", "7 11 {}\n", "7 12 {}\n", "7 16 {}\n", "7 17 {}\n", "7 18 {}\n", "7 19 {}\n", "7 20 {}\n", "7 23 {}\n", "8 9 {}\n", "8 12 {}\n", "8 13 {}\n", "8 14 {}\n", "8 15 {}\n", "8 16 {}\n", "8 20 {}\n", "9 10 {}\n", "9 11 {}\n", "9 14 {}\n", "9 15 {}\n", "9 17 {}\n", "9 19 {}\n", "9 20 {}\n", "9 21 {}\n", "9 22 {}\n", "9 23 {}\n", "10 13 {}\n", "10 14 {}\n", "10 15 {}\n", "10 16 {}\n", "10 23 {}\n", "11 12 {}\n", "11 16 {}\n", "11 20 {}\n", "11 22 {}\n", "12 13 {}\n", "12 14 {}\n", "12 18 {}\n", "12 20 {}\n", "12 21 {}\n", "12 23 {}\n", "13 14 {}\n", "13 16 {}\n", "13 17 {}\n", "13 18 {}\n", "13 19 {}\n", "13 22 {}\n", "14 16 {}\n", "14 17 {}\n", "14 19 {}\n", "14 20 {}\n", "14 22 {}\n", "14 23 {}\n", "15 17 {}\n", "15 20 {}\n", "16 18 {}\n", "16 20 {}\n", "16 21 {}\n", "16 22 {}\n", "17 19 {}\n", "17 22 {}\n", "18 22 {}\n", "19 20 {}\n", "19 21 {}\n", "19 22 {}\n", "19 23 {}\n", "20 21 {}\n", "20 23 {}\n", "21 22 {}\n", "21 23 {}\n", "22 23 {}\n"], "opt_value": 121, "opt_count": 7, "feasible_count": 2704156, "mean_value": 105.76086956521739, "std": 3.6774395952585794, "level": 24, "gammas": [2.799628496170044, 2.768117904663086, 2.7462317943573, 2.735868453979492, 2.7376902103424072, 2.753340005874634, 2.7810001373291016, 2.814291477203369, 2.8461735248565674, 2.8719377517700195, 2.889387607574463, 2.8979530334472656, 2.8975870609283447, 2.888185977935791, 2.8694729804992676, 2.841761350631714, 2.807988405227661, 2.774880886077881, 2.7493746280670166, 2.7345755100250244, 2.7311434745788574, 2.7393341064453125, 2.757103681564331, 2.7856557369232178], "betas": [2.782474994659424, 2.755800247192383, 2.73950457572937, 2.735708236694336, 2.7447707653045654, 2.7669997215270996, 2.7983040809631348, 2.831646680831909, 2.8606934547424316, 2.8821208477020264, 2.8949596881866455, 2.8989479541778564, 2.893970489501953, 2.879681348800659, 2.855907440185547, 2.824298858642578, 2.7899346351623535, 2.760094165802002, 2.740201473236084, 2.7314743995666504, 2.733877420425415, 2.7472236156463623, 2.7698981761932373, 2.8027021884918213], "predicted_p_opt": 0.0062152479368793815, "predicted_tts": 160.89462723865054, "p_opt": 0.002443281141677442, "tts": 409.28568675213813, "approx": 0.9706148393082198, "opt_gap": -0.02938516069178021, "th": -116.99205913441517}