{"N": 24, "edgelist": ["0 1 {}\n", "0 3 {}\n", "0 4 {}\n", "0 5 {}\n", "0 10 {}\n", "0 11 {}\n", "0 12 {}\n", "0 17 {}\n", "0 20 {}\n", "0 23 {}\n", "1 2 {}\n", "1 3 {}\n", "1 5 {}\n", "1 7 {}\n", "1 10 {}\n", "1 11 {}\n", "1 16 {}\n", "1 17 {}\n", "1 20 {}\n", "1 21 {}\n", "1 22 {}\n", "2 5 {}\n", "2 6 {}\n", "2 7 {}\n", "2 8 {}\n", "2 9 {}\n", "2 10 {}\n", "2 12 {}\n", "2 13 {}\n", "2 14 {}\n", "2 21 {}\n", "2 22 {}\n", "3 4 {}\n", "3 5 {}\n", "3 7 {}\n", "3 8 {}\n", "3 16 {}\n", "3 18 {}\n", "3 19 {}\n", "3 20 {}\n", "3 21 {}\n", "3 22 {}\n", "4 5 {}\n", "4 6 {}\n", "4 8 {}\n", "4 9 {}\n", "4 15 {}\n", "4 16 {}\n", "4 17 {}\n", "4 18 {}\n", "4 19 {}\n", "4 20 {}\n", "4 21 {}\n", "4 22 {}\n", "4 23 {}\n", "5 11 {}\n", "5 14 {}\n", "5 17 {}\n", "5 20 {}\n", "5 21 {}\n", "5 22 {}\n", "6 7 {}\n", "6 8 {}\n", "6 9 {}\n", "6 12 {}\n", "6 13 {}\n", "6 14 {}\n", "6 15 {}\n", "6 18 {}\n", "6 19 {}\n", "7 8 {}\n", "7 10 {}\n", "7 11 {}\n", "7 13 {}\n", "7 15 {}\n", "7 17 {}\n", "7 19 {}\n", "7 23 {}\n", "8 9 {}\n", "8 11 {}\n", "8 12 {}\n", "8 14 {}\n", "8 15 {}\n", "8 17 {}\n", "8 21 {}\n", "9 12 {}\n", "9 13 {}\n", "9 14 {}\n", "9 16 {}\n", "9 17 {}\n", "9 20 {}\n", "10 14 {}\n", "10 17 {}\n", "10 20 {}\n", "10 21 {}\n", "11 12 {}\n", "11 13 {}\n", "11 15 {}\n", "11 16 {}\n", "11 19 {}\n", "12 13 {}\n", "12 14 {}\n", "12 16 {}\n", "12 20 {}\n", "12 22 {}\n", "12 23 {}\n", "13 16 {}\n", "13 18 {}\n", "13 19 {}\n", "13 22 {}\n", "14 16 {}\n", "14 17 {}\n", "14 20 {}\n", "14 22 {}\n", "14 23 {}\n", "15 20 {}\n", "15 21 {}\n", "15 22 {}\n", "15 23 {}\n", "16 19 {}\n", "16 22 {}\n", "16 23 {}\n", "17 18 {}\n", "17 20 {}\n", "17 21 {}\n", "18 22 {}\n", "19 23 {}\n", "20 22 {}\n", "20 23 {}\n", "21 23 {}\n"], "opt_value": 112, "opt_count": 9, "feasible_count": 2704156, "mean_value": 98.91304347826087, "std": 3.1225314311440187, "level": 24, "gammas": [3.1414968967437744, 3.141401767730713, 3.1412689685821533, 3.141106605529785, 3.1409530639648438, 3.140848398208618, 3.140824317932129, 3.1408703327178955, 3.14094877243042, 3.1410255432128906, 3.1410815715789795, 3.141106605529785, 3.1410975456237793, 3.141052484512329, 3.1409695148468018, 3.140859365463257, 3.140753746032715, 3.140704393386841, 3.1407463550567627, 3.1408727169036865, 3.1410419940948486, 3.1412129402160645, 3.1413588523864746, 3.1414644718170166], "betas": [3.141463279724121, 3.1413533687591553, 3.141206741333008, 3.141047716140747, 3.140916347503662, 3.1408531665802, 3.140866994857788, 3.1409354209899902, 3.1410181522369385, 3.141087770462036, 3.141130208969116, 3.141139507293701, 3.141113758087158, 3.1410486698150635, 3.1409480571746826, 3.1408326625823975, 3.1407461166381836, 3.140734910964966, 3.1408209800720215, 3.140972852706909, 3.141145706176758, 3.141303300857544, 3.141428232192993, 3.1415109634399414], "predicted_p_opt": 0.007991033061702062, "predicted_tts": 125.14026563006155, "p_opt": 0.004199703475487795, "tts": 238.11204906171386, "approx": 0.9708641518030692, "opt_gap": -0.029135848196930825, "th": -108.83719330909325}