{"edges": [[0, 8], [1, 6], [1, 10], [1, 12], [2, 9], [2, 10], [2, 11], [2, 12], [3, 5], [3, 10], [3, 11], [4, 10], [5, 8], [5, 9], [5, 11], [6, 10], [7, 12], [8, 9], [8, 10], [8, 11], [8, 12], [9, 12], [11, 12], [12, 13]], "num_nodes": 14, "num_colors": 3, "opt_value": 24, "opt_count": 288, "feasible_count": 4782969, "mean_value": 16.0, "std": 2.309401076758503, "level": 77, "gammas": [3.1415926006906942, 3.141592593778012, 3.1415925723675926, 3.1415925632308124, 3.141592546175773, 3.1415925310702857, 3.141592544308222, 3.1415925545796397, 3.1415925676609673, 3.141592577739935, 3.1415925783435057, 3.1415925735950263, 3.141592589665777, 3.1415925857187794, 3.1415925942030256, 3.141592591274606, 3.1415925704366683, 3.141592566736013, 3.141592549441207, 3.141592541017147, 3.1415925274883585, 3.1415924972326614, 3.1415924594846123, 3.141592321161827, 3.1415921355277256, 3.141591734194893, 3.1415911457564922, 3.141590356590184, 3.1415893998880273, 3.1415892102648395, 3.141589574726965, 3.1415875572610226, 3.1415820801143286, 3.141578092221665, 3.141575558634416, 3.141573446376301, 3.1415652539762444, 3.1415562163428037, 3.141537999502147, 3.141529953462431, 3.1415393339807114, 3.1415382937463328, 3.1414606643952445, 3.1413911605346825, 3.1413315633928836, 3.141301463345737, 3.141276577811738, 3.141242774128617, 3.141061477289394, 3.1408763140075933, 3.1409354084425134, 3.140860662567956, 3.140564197285835, 3.140299320078922, 3.1405354400383487, 3.140234564789331, 3.1406789122015923, 3.140565324286994, 3.1404100001841257, 3.1402747623115785, 3.1397494945973756, 3.1384447237847946, 3.1386571286422753, 3.1356206145702994, 3.1384846076361446, 3.1396348412118606, 3.138795645298309, 3.136209665691485, 3.138450852964293, 3.1326205015442303, 3.1346501453037936, 3.123312038856826, 3.1304809513829386, 3.1248133479138582, 3.135039292841131, 3.092668986042276, 3.1067460256553554], "betas": [3.1415925191904797, 3.1415927345931878, 3.141592740115732, 3.1415927638967305, 3.1415927701184225, 3.1415927634640597, 3.1415927576565816, 3.141592751017823, 3.1415927407670563, 3.141592726313958, 3.141592720199409, 3.141592717864727, 3.141592714232262, 3.1415927183921357, 3.1415927259260235, 3.1415927236092465, 3.1415927223123914, 3.1415927241017596, 3.1415927197402476, 3.141592710157621, 3.141592690783248, 3.1415926585453935, 3.141592570079451, 3.1415924025093265, 3.1415921185058604, 3.1415915942170387, 3.1415909367387997, 3.141589972166004, 3.1415893012547564, 3.1415895595895558, 3.1415892326904324, 3.1415850704580386, 3.1415799249585157, 3.1415767869605693, 3.1415750347798594, 3.1415701763088886, 3.141561133430651, 3.1415485555395755, 3.141530860080639, 3.14153410396604, 3.141544079282247, 3.1415095700079183, 3.141416813941551, 3.141367491021446, 3.141303615900541, 3.1413010652419744, 3.1412509733838268, 3.1411963999294086, 3.1409139463635105, 3.1409256701329196, 3.140890088180323, 3.1407893102044215, 3.140313653427681, 3.1404857531836936, 3.140346705824828, 3.1404271777890966, 3.1406913790100037, 3.140503122264725, 3.1402528261513596, 3.1403247536262886, 3.1387261435076104, 3.138960661372666, 3.13691913982433, 3.136463760692602, 3.1396143536252477, 3.139456324423724, 3.1372442930730973, 3.137362123660417, 3.1360783472020994, 3.1331484302520267, 3.1296552023814326, 3.125055151846516, 3.13001657904524, 3.127503755434828, 3.122097845496736, 3.084841189728825, 3.1303939951828004], "predicted_p_opt": 1.4466328341245782, "predicted_tts": 0.6912604058272633, "p_opt": 0.870557478987944, "tts": 1.1486892297594615, "approx": 0.9568500113600112, "opt_gap": -0.04314998863998876, "th": -23.999000549316406}