{"edges": [[0, 1], [0, 2], [1, 3], [1, 4], [1, 10], [2, 5], [2, 6], [3, 6], [4, 7], [4, 8], [5, 6], [5, 7], [6, 8], [6, 9], [7, 9], [7, 10], [8, 10]], "num_nodes": 11, "num_colors": 3, "opt_value": 17, "opt_count": 168, "feasible_count": 177147, "mean_value": 11.333333333333334, "std": 1.9436506316151, "level": 1, "gammas": [3.1413499110256238], "betas": [3.14143222154476], "predicted_p_opt": 0.008535284255448864, "predicted_tts": 117.16071428571429, "p_opt": 0.005871241887787323, "tts": 170.32171712769733, "approx": 0.8050069836440815, "opt_gap": -0.19499301635591848, "th": -13.798777617854139}