{"edges": [[6, 12], [6, 14], [6, 25], [12, 15], [12, 2], [16, 20], [16, 17], [16, 9], [20, 9], [20, 5], [15, 24], [15, 22], [24, 1], [24, 11], [17, 10], [17, 3], [4, 18], [4, 8], [4, 13], [18, 19], [18, 11], [23, 25], [23, 21], [23, 14], [25, 0], [0, 5], [0, 13], [5, 3], [19, 21], [19, 7], [21, 8], [8, 7], [9, 3], [2, 14], [2, 22], [1, 11], [1, 10], [7, 22], [13, 10]], "num_nodes": 26, "opt_value": 35, "opt_count": 6, "feasible_count": 67108864, "mean_value": 19.5, "std": 3.122498999199199, "level": 45, "gammas": [-0.24792174341517578, -0.23979209044877323, -0.21922859193362407, -0.19140423517551894, -0.16738057619750105, -0.18971153829954812, -0.20521876807919262, -0.17208575932768708, -0.21760475215457661, -0.13617562845878603, -0.24520431606596235, -0.24943607826703154, -0.20287531323084415, -0.2095818962211103, -0.2543409092248173, -0.25804216847612876, -0.26721741759224893, -0.26341666734307917, -0.25699474444248566, -0.26986576954542824, -0.2633166408817619, -0.26798482302707244, -0.270443957234309, -0.25180818268400906, -0.3591595911613998, -0.25725247115215416, -0.24748362020997655, 6.009695102284644, 6.028133051403424, 6.038672898933701, 6.0318863719697395, 5.620081556783221, 6.070747432702344, 6.006701795405659, 6.043589695143697, 1.1473358484920055, 6.038135603508986, 6.039577217621694, 5.994851889004116, 6.047826475917977, 5.964029287262416, 6.015676037614763, 6.006722297579173, 6.001455975871909, 6.002067996471146], "betas": [2.416786851538631, 2.4699545623428296, 2.046898273640468, 1.639275013174317, 1.6494500111053463, 1.8377268938454172, 1.765861316744398, 1.5007098844598372, 1.8888900048000579, 2.5899006186193145, 1.558791400019754, 2.2396505238637983, 1.9268819233559655, 1.8369674573355685, 2.1150564605696203, 2.2280854867695035, 2.1771888759898834, 2.0619298055069364, 1.9966378345108988, 2.08158429413008, 2.1050401375821095, 2.0889366587296223, 2.12187790780037, 1.9345560569328097, 1.0622777588658463, 3.4408323675578756, 3.1280421104251053, 2.729457644058118, 2.5526324578362773, 2.4314627727113565, 2.253477903174642, 2.223045745103953, 2.4534995599581935, 2.4535511170530127, 2.635206882176005, 2.1101388348242307, 2.676593599457555, 2.490732806179278, 2.2147299978194925, 3.4335558934158046, 2.2215868097848097, 2.4104473618113267, 2.473142615719334, 2.493868655192306, 2.403535481607552], "predicted_p_opt": 0.0007403790950775146, "predicted_tts": 1350.6594211649156, "p_opt": 4.026664684674127e-07, "tts": 2483444.931002316, "approx": 0.8352994186961508, "opt_gap": -0.16470058130384924}