{"edges": [[0, 11], [1, 6], [1, 14], [1, 15], [2, 3], [2, 9], [2, 12], [2, 13], [3, 5], [3, 6], [3, 8], [3, 13], [3, 14], [4, 8], [4, 12], [4, 13], [5, 6], [5, 9], [5, 11], [5, 12], [6, 7], [6, 8], [6, 11], [7, 14], [8, 10], [8, 12], [8, 15], [9, 14], [10, 11], [11, 13], [12, 14]], "num_nodes": 16, "num_colors": 3, "opt_value": 31, "opt_count": 108, "feasible_count": 43046721, "mean_value": 20.666666666666668, "std": 2.6246692913372702, "level": 87, "gammas": [3.1415926349920933, 3.141592590485374, 3.141592610214096, 3.141592609055329, 3.1415926012901823, 3.141592604054398, 3.1415926024317313, 3.1415925989101825, 3.1415925986074167, 3.1415925908410243, 3.141592592482788, 3.141592582032357, 3.1415925966404026, 3.141592597648147, 3.141592586241005, 3.141592589953723, 3.141592590124298, 3.1415925928576263, 3.141592594640759, 3.1415926026461025, 3.1415925983374944, 3.1415925835548215, 3.1415925852365256, 3.141592574801106, 3.141592566801425, 3.1415925116174637, 3.1415924536604307, 3.141592394371691, 3.141592364989876, 3.1415922997217987, 3.1415922026925065, 3.1415921692764655, 3.141592201263694, 3.1415918729279326, 3.1415911653237436, 3.141590426166653, 3.1415896721299403, 3.14158952838313, 3.141589721845378, 3.141589701259144, 3.1415895556601123, 3.1415889668864656, 3.141587277730482, 3.1415838914732452, 3.141577357770619, 3.1415694511537136, 3.141556295101519, 3.1415461123641997, 3.141534793247287, 3.1415304804853696, 3.1415372987151065, 3.1415466383320862, 3.14154444926148, 3.1415359770657942, 3.1415254047619663, 3.141504495997144, 3.1415311245197395, 3.141554400288146, 3.1415156336598176, 3.1414895004777748, 3.141456711057431, 3.1414332612520313, 3.1413899189399017, 3.141351250291786, 3.1413259020528135, 3.141317372965234, 3.1412453702598246, 3.1411716996254375, 3.1411104019300087, 3.1410834730873023, 3.1412769079735385, 3.1413025325171358, 3.1408380167567183, 3.140433939289671, 3.1407003752164706, 3.140784092805979, 3.1410327956145276, 3.140668029466872, 3.140068156844755, 3.1394178275030593, 3.1393717751968717, 3.1375079135758575, 3.1385988974968315, 3.133716092912441, 3.1370658235000315, 3.134382778588658, 3.139240529009774], "betas": [3.141592649564228, 3.1415926946402677, 3.1415927025834485, 3.1415927009269917, 3.141592697140318, 3.1415926960116782, 3.14159269688967, 3.141592699390456, 3.1415927041796543, 3.1415927120927556, 3.141592717368458, 3.1415927193110025, 3.1415927172964917, 3.1415927116840834, 3.1415927090301463, 3.1415927084646684, 3.1415927074396066, 3.141592707592443, 3.1415927111191824, 3.1415927081795463, 3.1415927038869165, 3.1415926976296595, 3.141592691377615, 3.1415926963709113, 3.141592680551983, 3.141592629734317, 3.1415925755097507, 3.141592542939818, 3.141592505166997, 3.1415924205381214, 3.1415923439489077, 3.141592374992572, 3.1415922827329084, 3.141591710685427, 3.14159096738389, 3.1415901725847837, 3.1415896486344557, 3.1415897694249684, 3.141589859588039, 3.141589750207017, 3.141589508447096, 3.141588349433713, 3.1415861206700373, 3.1415809790996163, 3.1415740007492334, 3.141563456452891, 3.141550779598068, 3.1415411885455913, 3.14153079003463, 3.1415337036012474, 3.1415421154783267, 3.141548453831397, 3.1415390022571823, 3.141533813929349, 3.1415122105127677, 3.1415117946568434, 3.141549979271378, 3.141539714511155, 3.141498066004568, 3.1414776055176654, 3.1414401336364977, 3.141420572765788, 3.1413614899586113, 3.141345452200801, 3.1413132380414406, 3.141303971132496, 3.1411863385681063, 3.1411645666344414, 3.141052347130887, 3.1411898981833186, 3.141310621981439, 3.141164947886169, 3.1405085101789316, 3.1405909776908705, 3.140700477885688, 3.1409886714599056, 3.1408253641751074, 3.140537011740961, 3.1394404176963304, 3.1398411257565906, 3.1379649953528848, 3.138631008474562, 3.1357097457974326, 3.135456719988759, 3.1355947241986133, 3.1362343584217354, 3.141022735489049], "predicted_p_opt": 0.0768351206123226, "predicted_tts": 13.01488163265306, "p_opt": 0.07488732792145528, "tts": 13.353394062194857, "approx": 0.691628300142176, "opt_gap": -0.308371699857824, "th": -30.999000549316406}