{"edges": [[0, 6], [0, 10], [1, 2], [1, 3], [1, 6], [2, 7], [3, 5], [3, 9], [4, 5], [4, 6], [4, 7], [4, 9], [5, 6], [5, 8], [5, 10], [6, 9], [8, 9]], "num_nodes": 11, "num_colors": 3, "opt_value": 17, "opt_count": 288, "feasible_count": 177147, "mean_value": 11.333333333333334, "std": 1.9436506316151, "level": 15, "gammas": [-0.18739265203475952, -0.3525789678096771, -0.3714577257633209, -0.37290626764297485, -0.35603785514831543, -0.325836718082428, -0.3164370059967041, -0.3407606780529022, -0.36893430352211, -0.3913866877555847, -0.4078807532787323, -0.4213252663612366, -0.43712571263313293, -0.46736934781074524, -0.3988158106803894], "betas": [2.115081548690796, 1.8847265243530273, 1.7944469451904297, 1.6766629219055176, 1.5114482641220093, 1.3668012619018555, 1.3798432350158691, 1.470516562461853, 1.5408275127410889, 1.5804811716079712, 1.5759012699127197, 1.5357986688613892, 1.4629390239715576, 1.5253998041152954, 1.8544448614120483], "predicted_p_opt": 1.5623634608545445, "predicted_tts": 0.64005593132154, "p_opt": 0.12907332181930542, "tts": 7.747534392892882, "approx": 0.9437769651412964, "opt_gap": -0.05622303485870361}