{"edges": [[0, 6], [0, 8], [0, 11], [0, 14], [1, 2], [1, 9], [1, 11], [1, 16], [2, 6], [3, 4], [3, 5], [3, 7], [3, 12], [3, 16], [4, 10], [4, 13], [4, 15], [5, 6], [5, 10], [5, 11], [5, 14], [5, 15], [5, 16], [6, 9], [6, 13], [7, 12], [7, 14], [7, 16], [8, 9], [8, 14], [8, 15], [9, 10], [9, 11], [9, 14], [9, 15], [10, 12], [10, 13], [11, 14], [11, 15], [12, 13], [13, 16], [14, 16]], "num_nodes": 17, "num_colors": 3, "opt_value": 42, "opt_count": 18, "feasible_count": 129140163, "mean_value": 28.0, "std": 3.0550504633038935, "level": 93, "gammas": [3.141592656299007, 3.141592645266775, 3.1415926467455955, 3.141592650128811, 3.1415926496239024, 3.1415926556263543, 3.1415926622359085, 3.1415926679436637, 3.1415926710376243, 3.141592675410943, 3.141592675014017, 3.1415926757690893, 3.1415926762227095, 3.141592676741048, 3.141592679174896, 3.1415926632898565, 3.141592668806951, 3.1415926611686764, 3.1415926590448398, 3.1415926494577575, 3.141592651165342, 3.1415926412781228, 3.1415926423089866, 3.1415926465713673, 3.1415926452553897, 3.14159262210267, 3.1415926293942156, 3.1415926191293932, 3.1415925863069076, 3.1415925408728684, 3.1415925023260094, 3.1415924525893466, 3.141592382765755, 3.1415921681209453, 3.1415918656605712, 3.141591561909438, 3.141591222709654, 3.1415905461996316, 3.1415894537776077, 3.141588967231178, 3.141589078779662, 3.1415894366739026, 3.141589925094352, 3.1415886372424864, 3.1415847094587086, 3.141582001963803, 3.1415802932679955, 3.141576833394083, 3.1415712933280684, 3.1415673021645714, 3.1415610618532055, 3.1415553220650145, 3.1415508515440367, 3.141551735112717, 3.1415512210607415, 3.1415509206886445, 3.141560100346826, 3.141560250798476, 3.141529300032195, 3.141506890152285, 3.1415171303401537, 3.141525109630931, 3.141499666418475, 3.141470557024713, 3.1414315590069255, 3.141395971507189, 3.1413432175433087, 3.1413157420767615, 3.141312502513729, 3.141282111714176, 3.141286311773772, 3.1412658876985557, 3.1413502865961416, 3.141370748680454, 3.141026904291263, 3.1407141900505016, 3.1410469957736624, 3.14122118057436, 3.1408710357395067, 3.14043578689996, 3.140885316576086, 3.141232189009459, 3.1408616587664904, 3.1403854370558304, 3.1399781253612047, 3.1392221565807317, 3.139001267675882, 3.1367847632314265, 3.138290676725181, 3.1343385191075304, 3.1364334880122025, 3.1291776962250917, 3.13853044191425], "betas": [3.141592657610701, 3.141592656881022, 3.1415926577938125, 3.141592656986308, 3.1415926524663647, 3.141592651025277, 3.1415926457201166, 3.141592635718207, 3.141592629750358, 3.1415926285866713, 3.1415926278468684, 3.1415926264982876, 3.141592631021349, 3.141592638814911, 3.14159263972874, 3.1415926374480208, 3.1415926393796236, 3.1415926437962005, 3.1415926429578085, 3.141592642682538, 3.141592641796073, 3.141592640122467, 3.1415926409743804, 3.1415926340399722, 3.141592616302405, 3.1415926055618555, 3.141592603886929, 3.1415925791597186, 3.141592536059567, 3.141592499710978, 3.1415924613861375, 3.1415924131823676, 3.1415922903516647, 3.141592025679896, 3.141591720347363, 3.1415914185975624, 3.1415909753249944, 3.1415900140708786, 3.1415891127572375, 3.1415889949416016, 3.141589224283679, 3.1415897124829137, 3.141589664515784, 3.1415867700970432, 3.141583020809626, 3.141581180795092, 3.1415788840628522, 3.14157401330117, 3.141569167165713, 3.1415645584929286, 3.14155783949932, 3.141552929906345, 3.14155049801355, 3.1415525404846103, 3.1415498382364593, 3.1415551487775715, 3.1415632007897107, 3.141548225875846, 3.1415129399402626, 3.1415102835485014, 3.1415232353438234, 3.1415169984728797, 3.1414823118130886, 3.141455297482243, 3.14140927505125, 3.1413770309531026, 3.1413155927401752, 3.1413253558437115, 3.1412873093534492, 3.1412937102401903, 3.141263571708429, 3.1413056298377686, 3.1413785527267155, 3.1412637246711697, 3.1407793797135364, 3.1408543817177628, 3.141171834350395, 3.141142042706476, 3.1405458974922538, 3.1406201827916265, 3.141091625045927, 3.1412046373944977, 3.1404358054368546, 3.1404377051986594, 3.1392464678763927, 3.1396857511762963, 3.137344111350733, 3.1379475583674443, 3.1357539720295495, 3.136668698701256, 3.1313367405754535, 3.1333295656662346, 3.141005950547765], "predicted_p_opt": 0.004874099469736615, "predicted_tts": 205.16610426377648, "p_opt": 0.004866197228242681, "tts": 205.49927450456582, "approx": 0.668292468481377, "opt_gap": -0.331707531518623, "th": -41.999000549316406}