{"edges": [[0, 1], [0, 2], [0, 4], [0, 6], [0, 8], [0, 9], [0, 16], [1, 3], [1, 4], [1, 15], [2, 7], [2, 8], [2, 9], [2, 10], [2, 12], [2, 14], [3, 4], [3, 7], [3, 8], [4, 8], [5, 10], [5, 13], [5, 14], [5, 15], [6, 7], [6, 9], [6, 10], [6, 11], [7, 14], [8, 14], [8, 15], [9, 11], [9, 12], [9, 13], [10, 15], [10, 16], [11, 13], [11, 15], [13, 14], [14, 16]], "num_nodes": 17, "num_colors": 3, "opt_value": 40, "opt_count": 12, "feasible_count": 129140163, "mean_value": 26.666666666666668, "std": 2.9814239699997196, "level": 21, "gammas": [3.141584987980879, 3.14159579854283, 3.1415940492715078, 3.1415901788743987, 3.1415892012720152, 3.141591037333575, 3.1415929638073172, 3.1415927465928335, 3.1415904671319166, 3.1415885113306925, 3.1415896276534565, 3.141588813020436, 3.1415872494076162, 3.1415744623339448, 3.1415550915111843, 3.1415660295037435, 3.1414595106012673, 3.1416794316793504, 3.14048085229033, 3.14023545900221, 3.141394019516958], "betas": [3.141592501913141, 3.1415895837125025, 3.1415933757725463, 3.1415960667368807, 3.141595403243512, 3.1415931303994915, 3.141592117478736, 3.141593544452669, 3.141595613864765, 3.1415958390932666, 3.1415930023164367, 3.141589254387294, 3.1415882843406764, 3.1415584354130965, 3.141555734016879, 3.1415717062167934, 3.1414894895812684, 3.1413871301451675, 3.1399236613559918, 3.14093584673744, 3.141564248813782], "predicted_p_opt": 0.00017181331883559726, "predicted_tts": 5820.27055164954, "p_opt": 0.00017180370691875028, "tts": 5820.596178829376, "approx": 0.6667255848300992, "opt_gap": -0.33327441516990075, "th": -39.999000549316406}