{"edges": [[0, 6], [1, 5], [1, 6], [1, 7], [1, 10], [2, 3], [2, 7], [2, 12], [3, 5], [3, 7], [3, 10], [4, 7], [4, 8], [5, 6], [6, 11], [6, 12], [8, 10], [9, 10]], "num_nodes": 13, "num_colors": 3, "opt_value": 18, "opt_count": 816, "feasible_count": 1594323, "mean_value": 12.0, "std": 2.0, "level": 17, "gammas": [3.1415945224389716, 3.1415940254815347, 3.141591911957183, 3.1415929482462386, 3.1415944589939038, 3.1415940616248563, 3.141592409717532, 3.14159135356178, 3.141592624948364, 3.141584484107617, 3.141580272631057, 3.1415665970135045, 3.141496607718011, 3.1416452752771384, 3.1409487194169334, 3.1409471217259695, 3.1415090721346335], "betas": [3.141589997854461, 3.1415927142772437, 3.1415931736440323, 3.14159144823436, 3.141590747590192, 3.141592030341611, 3.141593030573221, 3.141592858276388, 3.141591232658745, 3.14157508247724, 3.1415697311178494, 3.141548745933466, 3.1415485915716377, 3.1414249176568276, 3.140728661142559, 3.141295012632471, 3.1415779766266416], "predicted_p_opt": 0.6269745841965524, "predicted_tts": 1.5949609843937576, "p_opt": 0.5064865695901131, "tts": 1.9743860154263815, "approx": 0.8354113640000308, "opt_gap": -0.1645886359999692, "th": -17.999000549316406}