{"edges": [[0, 3], [0, 5], [0, 7], [0, 12], [0, 13], [0, 14], [1, 3], [1, 5], [1, 7], [1, 12], [2, 5], [2, 9], [2, 10], [2, 13], [3, 4], [3, 5], [3, 8], [3, 10], [3, 11], [3, 13], [4, 7], [4, 10], [4, 11], [4, 12], [4, 13], [5, 9], [5, 12], [6, 9], [6, 10], [7, 10], [9, 11], [10, 12], [11, 12], [12, 13], [12, 14]], "num_nodes": 15, "num_colors": 3, "opt_value": 35, "opt_count": 24, "feasible_count": 14348907, "mean_value": 23.333333333333332, "std": 2.7888667551135855, "level": 13, "gammas": [-0.15505175292491913, -0.23322537541389465, -0.23255664110183716, -0.22954344749450684, -0.22896252572536469, -0.22996710240840912, -0.2314903438091278, -0.233117014169693, -0.23476387560367584, -0.23668575286865234, -0.23923204839229584, -0.24251346290111542, -0.24182917177677155], "betas": [2.6570301055908203, 2.5507633686065674, 2.564708709716797, 2.604081392288208, 2.6348583698272705, 2.653043508529663, 2.6685945987701416, 2.686844825744629, 2.7086758613586426, 2.7346370220184326, 2.768976926803589, 2.831573247909546, 2.950040102005005], "predicted_p_opt": 0.0012193263222069807, "predicted_tts": 820.125, "p_opt": 0.0009136506705544889, "tts": 1094.5102239054959, "approx": 0.638490617275238, "opt_gap": -0.36150938272476196}