{"edges": [[0, 9], [0, 12], [1, 2], [1, 11], [1, 12], [2, 6], [2, 14], [2, 16], [3, 5], [3, 13], [3, 14], [3, 16], [4, 5], [4, 8], [4, 13], [4, 16], [6, 8], [6, 14], [7, 9], [7, 11], [8, 15], [9, 13], [9, 16], [10, 11], [10, 15], [12, 16], [13, 14], [13, 15]], "num_nodes": 17, "num_colors": 3, "opt_value": 28, "opt_count": 1542, "feasible_count": 129140163, "mean_value": 18.666666666666668, "std": 2.494438257849294, "level": 87, "gammas": [0.1607426404953003, 0.2586885392665863, 0.27076485753059387, 0.2708435654640198, 0.27006685733795166, 0.2704441547393799, 0.27219274640083313, 0.27488818764686584, 0.276692271232605, 0.27659279108047485, 0.2747725248336792, 0.27115288376808167, 0.26515981554985046, 0.2571462094783783, 0.24701766669750214, 0.23442068696022034, 0.23283782601356506, 0.22910508513450623, 0.22372271120548248, 0.2488909661769867, 0.22514411807060242, 0.20548252761363983, 0.24008004367351532, 0.213412344455719, 0.2178908735513687, 0.20093202590942383, 0.21579509973526, 0.21213218569755554, 0.2166910320520401, 0.2176922708749771, 0.21975883841514587, 0.22184883058071136, 0.22151072323322296, 0.22004586458206177, 0.2190156728029251, 0.2196652889251709, 0.22078834474086761, 0.22032909095287323, 0.2194724977016449, 0.21759730577468872, 0.21805284917354584, 0.2210659682750702, 0.2171163707971573, 0.21822533011436462, 0.2148204892873764, 0.266685426235199, -0.14927329123020172, -0.08727879822254181, -0.20561805367469788, -0.23778726160526276, -0.2463015466928482, -0.2466534823179245, -0.24642294645309448, -0.2465091496706009, -0.24769429862499237, -0.24898147583007812, -0.2501506209373474, -0.2512443959712982, -0.2520325481891632, -0.25284573435783386, -0.25483056902885437, -0.25761154294013977, -0.25782158970832825, -0.25901904702186584, -0.26047483086586, -0.2607131600379944, -0.262082040309906, -0.2681467831134796, -0.26266372203826904, -0.28924956917762756, -0.2738593816757202, -0.2738073468208313, -0.2670346200466156, -0.27308279275894165, -0.2822328209877014, -0.28783321380615234, -0.29066216945648193, -0.29192471504211426, -0.29307350516319275, -0.29440420866012573, -0.29593518376350403, -0.2974220812320709, -0.2992297410964966, -0.3018566071987152, -0.30379167199134827, -0.3068927228450775, -0.3010548949241638], "betas": [-2.6379547119140625, -2.47188663482666, -2.460167169570923, -2.4171485900878906, -2.4191269874572754, -2.4390792846679688, -2.4612669944763184, -2.4758803844451904, -2.4864819049835205, -2.4831621646881104, -2.4630751609802246, -2.425084352493286, -2.3721988201141357, -2.3195908069610596, -2.255439043045044, -2.1624720096588135, -2.1360323429107666, -1.9748281240463257, -1.9602259397506714, -1.813065528869629, -1.9559483528137207, -1.9017544984817505, -1.7698861360549927, -1.9090594053268433, -1.8282159566879272, -1.943016767501831, -1.934338927268982, -1.949342131614685, -1.9594006538391113, -1.9601588249206543, -1.958823323249817, -1.952431082725525, -1.9452061653137207, -1.9368555545806885, -1.933651089668274, -1.9384742975234985, -1.9371672868728638, -1.928939700126648, -1.919518232345581, -1.9176526069641113, -1.9314212799072266, -1.9322031736373901, -1.9040179252624512, -2.0009987354278564, -1.897386074066162, 0.8644778728485107, 1.7313816547393799, 2.187119483947754, 2.1475141048431396, 2.166123628616333, 2.1630475521087646, 2.1896777153015137, 2.186169385910034, 2.1959028244018555, 2.210330009460449, 2.224710464477539, 2.23492169380188, 2.245215892791748, 2.2572007179260254, 2.270601511001587, 2.2893385887145996, 2.3106796741485596, 2.323911428451538, 2.34368634223938, 2.3567333221435547, 2.324558734893799, 2.3376190662384033, 2.393380641937256, 2.4759223461151123, 2.306941270828247, 2.4350788593292236, 2.466608762741089, 2.5356788635253906, 2.586099863052368, 2.614785671234131, 2.6323025226593018, 2.6459972858428955, 2.659083127975464, 2.672700881958008, 2.6880650520324707, 2.705136775970459, 2.725107192993164, 2.7478885650634766, 2.771188974380493, 2.8023738861083984, 2.8325939178466797, 2.899214029312134], "predicted_p_opt": 0.3656782592104983, "predicted_tts": 2.734644389740332, "p_opt": 0.20658383207543352, "tts": 4.8406498705806404, "approx": 0.737661256863542, "opt_gap": -0.262338743136458}