{"edges": [[12, 16], [12, 14], [12, 17], [16, 5], [16, 7], [3, 13], [3, 1], [3, 9], [13, 2], [13, 8], [5, 6], [5, 14], [1, 2], [1, 8], [2, 8], [7, 4], [7, 11], [15, 17], [15, 9], [15, 0], [17, 4], [9, 6], [6, 0], [4, 11], [11, 10], [10, 0], [10, 14]], "num_nodes": 18, "opt_value": 24, "opt_count": 2, "feasible_count": 262144, "mean_value": 13.5, "std": 2.598076211353316, "level": 6, "gammas": [0.1586979521485262, 0.3003923429589913, 0.33199403594492205, 0.3467090478413061, 0.36420147099233696, 0.3972055206451908], "betas": [-2.306438935376891, -1.9359856631262162, -1.7582488549083204, -1.631216159241191, -1.4925947335352066, 5.0593024075659], "predicted_p_opt": 0.00128936767578125, "predicted_tts": 775.5739644970414, "p_opt": 7.442306263205922e-05, "tts": 13436.695086628026, "approx": 0.7728284569349547, "opt_gap": -0.22717154306504528}