{"edges": [[3, 10], [3, 1], [3, 8], [10, 9], [10, 4], [0, 2], [0, 7], [0, 6], [2, 14], [2, 12], [8, 9], [8, 5], [9, 5], [1, 13], [1, 16], [14, 15], [14, 7], [6, 11], [6, 5], [11, 13], [11, 12], [15, 17], [15, 12], [17, 4], [17, 16], [7, 13], [4, 16]], "num_nodes": 18, "opt_value": 23, "opt_count": 24, "feasible_count": 262144, "mean_value": 13.5, "std": 2.598076211353316, "level": 6, "gammas": [0.15978626321703435, 0.3024266639652075, 0.3340044603362696, 0.3487227428954948, 0.3669016112736614, 0.40003680347032244], "betas": [-2.328464166842683, -1.9598374162854066, -1.7756388721818437, -1.6441785699689826, -1.501202411960166, 5.057262438016638], "predicted_p_opt": 0.015472412109375, "predicted_tts": 64.63116370808679, "p_opt": 0.0010898436629511266, "tts": 917.562797302648, "approx": 0.808493007495002, "opt_gap": -0.19150699250499803}