{"N": 24, "edgelist": ["0 2 {}\n", "0 3 {}\n", "0 5 {}\n", "0 6 {}\n", "0 13 {}\n", "0 16 {}\n", "0 17 {}\n", "0 19 {}\n", "0 20 {}\n", "0 22 {}\n", "1 8 {}\n", "1 12 {}\n", "1 15 {}\n", "1 16 {}\n", "1 17 {}\n", "1 19 {}\n", "1 22 {}\n", "1 23 {}\n", "2 4 {}\n", "2 7 {}\n", "2 9 {}\n", "2 11 {}\n", "2 15 {}\n", "2 16 {}\n", "2 18 {}\n", "2 21 {}\n", "2 22 {}\n", "2 23 {}\n", "3 4 {}\n", "3 5 {}\n", "3 6 {}\n", "3 7 {}\n", "3 8 {}\n", "3 12 {}\n", "3 13 {}\n", "3 17 {}\n", "3 19 {}\n", "3 20 {}\n", "3 21 {}\n", "3 22 {}\n", "4 5 {}\n", "4 6 {}\n", "4 7 {}\n", "4 8 {}\n", "4 9 {}\n", "4 11 {}\n", "4 12 {}\n", "4 15 {}\n", "4 16 {}\n", "4 18 {}\n", "4 19 {}\n", "4 20 {}\n", "4 21 {}\n", "4 23 {}\n", "5 10 {}\n", "5 11 {}\n", "5 12 {}\n", "5 13 {}\n", "5 14 {}\n", "5 15 {}\n", "5 17 {}\n", "5 19 {}\n", "5 20 {}\n", "5 21 {}\n", "6 9 {}\n", "6 10 {}\n", "6 12 {}\n", "6 13 {}\n", "6 14 {}\n", "6 15 {}\n", "6 16 {}\n", "6 17 {}\n", "6 19 {}\n", "6 22 {}\n", "6 23 {}\n", "7 8 {}\n", "7 11 {}\n", "7 15 {}\n", "7 16 {}\n", "7 17 {}\n", "7 22 {}\n", "7 23 {}\n", "8 11 {}\n", "8 12 {}\n", "8 13 {}\n", "8 18 {}\n", "8 21 {}\n", "8 23 {}\n", "9 13 {}\n", "9 17 {}\n", "9 20 {}\n", "9 21 {}\n", "9 22 {}\n", "9 23 {}\n", "10 11 {}\n", "10 15 {}\n", "10 16 {}\n", "10 18 {}\n", "10 19 {}\n", "10 20 {}\n", "10 23 {}\n", "11 14 {}\n", "11 15 {}\n", "11 16 {}\n", "11 17 {}\n", "11 18 {}\n", "11 21 {}\n", "11 23 {}\n", "12 14 {}\n", "12 15 {}\n", "12 16 {}\n", "12 18 {}\n", "12 23 {}\n", "13 16 {}\n", "13 19 {}\n", "14 16 {}\n", "14 21 {}\n", "15 16 {}\n", "15 17 {}\n", "15 18 {}\n", "15 19 {}\n", "15 21 {}\n", "16 17 {}\n", "16 18 {}\n", "16 21 {}\n", "16 23 {}\n", "17 19 {}\n", "17 21 {}\n", "17 22 {}\n", "17 23 {}\n", "18 19 {}\n", "18 20 {}\n", "18 21 {}\n", "19 20 {}\n", "19 22 {}\n", "19 23 {}\n", "21 23 {}\n", "22 23 {}\n"], "opt_value": 121, "opt_count": 2, "feasible_count": 2704156, "mean_value": 105.0, "std": 3.9554977857305462, "level": 40, "gammas": [0.10357213816277655, 0.20187642963721647, 0.2057458478146447, 0.1590590463922741, 0.1695075895010713, 0.19064855380165063, 0.18032522256162922, 0.1533390722821222, 0.16489329928244043, 0.17862470298445313, 0.16111662780365982, 0.16387220702645997, 0.17830949810543995, 0.17482527069463166, 0.173146271533423, 0.17649972886767742, 0.18118240280861597, 0.18490878660400828, 0.18661086598338336, 0.1876413169196371, 0.18983292129335724, 0.1939774120100284, 0.19912109147996143, 0.2039620410937182, 0.20812661502579063, 0.21164951190059675, 0.21473592452428725, 0.21767023578961595, 0.22068138066088905, 0.22341874621324778, 0.2220182997008772, 0.26465857622666294, 0.2894547446623074, 0.3010618978472601, 0.28923773407982317, 0.25984166995653274, 0.2397661883400392, 0.23180658549021235, 0.22942639688095473, 0.2263574708234666], "betas": [-2.8794293320262936, -2.6477351777587375, -2.2107759430717695, -2.0097797102988575, -2.418428712407789, -2.327560700537552, -1.9181929124013548, -1.6984307191141732, -1.887126605450934, -1.8064507504418215, -1.625769854731082, -1.7676256710522333, -1.7710355989724709, -1.8469123419674882, -1.8455359436007306, -1.8784001632345197, -1.9174607920729492, -1.9359975312076005, -1.9374331354257963, -1.9406399696669256, -1.9608700456327604, -1.9967784712320953, -2.034620130665926, -2.064712653190936, -2.085354623686384, -2.097772939094418, -2.1045696773791023, -2.1076788921751723, -2.112734975269009, -2.1565362927118903, -1.878020959836925, -2.2206460415541325, -2.2833342408218114, 3.906166276999483, 3.7710076904773997, 3.6937757751560056, 3.680188672148216, 3.691849442311702, 3.703143543964646, 3.8049320708498073], "predicted_p_opt": 0.004852530697193505, "predicted_tts": 206.07803688462124, "p_opt": 2.41850435351167e-05, "tts": 41347.86851005661, "approx": 0.9627619550563546, "opt_gap": -0.037238044943645354}