{"N": 24, "edgelist": ["0 1 {}\n", "0 4 {}\n", "0 6 {}\n", "0 8 {}\n", "0 12 {}\n", "0 13 {}\n", "0 15 {}\n", "0 20 {}\n", "1 5 {}\n", "1 7 {}\n", "1 9 {}\n", "1 10 {}\n", "1 11 {}\n", "1 12 {}\n", "1 13 {}\n", "1 15 {}\n", "1 16 {}\n", "1 17 {}\n", "1 23 {}\n", "2 3 {}\n", "2 4 {}\n", "2 6 {}\n", "2 8 {}\n", "2 9 {}\n", "2 10 {}\n", "2 11 {}\n", "2 12 {}\n", "2 14 {}\n", "2 17 {}\n", "2 18 {}\n", "2 19 {}\n", "2 20 {}\n", "2 21 {}\n", "2 22 {}\n", "3 5 {}\n", "3 7 {}\n", "3 8 {}\n", "3 9 {}\n", "3 10 {}\n", "3 11 {}\n", "3 12 {}\n", "3 13 {}\n", "3 14 {}\n", "3 15 {}\n", "3 17 {}\n", "3 18 {}\n", "3 20 {}\n", "3 21 {}\n", "3 22 {}\n", "3 23 {}\n", "4 5 {}\n", "4 12 {}\n", "4 13 {}\n", "4 15 {}\n", "4 16 {}\n", "4 19 {}\n", "4 21 {}\n", "4 23 {}\n", "5 7 {}\n", "5 8 {}\n", "5 9 {}\n", "5 10 {}\n", "5 13 {}\n", "5 15 {}\n", "5 17 {}\n", "5 18 {}\n", "5 23 {}\n", "6 7 {}\n", "6 11 {}\n", "6 14 {}\n", "6 16 {}\n", "6 19 {}\n", "6 20 {}\n", "6 22 {}\n", "7 8 {}\n", "7 9 {}\n", "7 10 {}\n", "7 11 {}\n", "7 12 {}\n", "7 13 {}\n", "7 15 {}\n", "7 16 {}\n", "7 18 {}\n", "7 19 {}\n", "7 20 {}\n", "7 21 {}\n", "7 23 {}\n", "8 10 {}\n", "8 12 {}\n", "8 13 {}\n", "8 14 {}\n", "8 15 {}\n", "8 16 {}\n", "8 19 {}\n", "8 21 {}\n", "8 23 {}\n", "9 14 {}\n", "9 15 {}\n", "9 18 {}\n", "9 21 {}\n", "9 23 {}\n", "10 12 {}\n", "10 14 {}\n", "10 15 {}\n", "10 16 {}\n", "10 17 {}\n", "10 18 {}\n", "10 19 {}\n", "11 12 {}\n", "11 13 {}\n", "11 14 {}\n", "11 17 {}\n", "11 19 {}\n", "12 14 {}\n", "12 16 {}\n", "12 18 {}\n", "12 19 {}\n", "12 20 {}\n", "12 21 {}\n", "13 14 {}\n", "13 17 {}\n", "13 18 {}\n", "13 19 {}\n", "13 20 {}\n", "13 23 {}\n", "14 16 {}\n", "14 17 {}\n", "14 20 {}\n", "14 21 {}\n", "15 16 {}\n", "15 20 {}\n", "15 23 {}\n", "16 19 {}\n", "16 20 {}\n", "16 21 {}\n", "16 22 {}\n", "16 23 {}\n", "17 19 {}\n", "17 20 {}\n", "17 23 {}\n", "18 20 {}\n", "18 22 {}\n", "19 20 {}\n", "19 21 {}\n", "19 22 {}\n", "19 23 {}\n", "20 21 {}\n", "21 22 {}\n", "21 23 {}\n", "22 23 {}\n"], "opt_value": 130, "opt_count": 6, "feasible_count": 2704156, "mean_value": 114.1304347826087, "std": 3.757609975798279, "level": 97, "gammas": [3.141592499581213, 3.141592559270264, 3.1415926276832336, 3.1415926754674572, 3.1415926978768387, 3.141592721124636, 3.1415927308220537, 3.141592729877315, 3.141592719568244, 3.1415927113540714, 3.14159270309326, 3.1415926921860735, 3.1415926947065356, 3.141592695194358, 3.1415926911386287, 3.141592696489699, 3.14159269775307, 3.1415927012463083, 3.1415927025345107, 3.1415927079876504, 3.141592714383841, 3.141592714746844, 3.1415927077079915, 3.1415927107169463, 3.1415927025084964, 3.141592687968073, 3.1415926649902097, 3.141592658280195, 3.1415926209266973, 3.141592568710859, 3.141592482220823, 3.141592419630221, 3.141592401905455, 3.1415922459545618, 3.141591964660492, 3.14159156463903, 3.1415910769637163, 3.141590838708531, 3.1415909138167044, 3.141590527506463, 3.1415892893077277, 3.141587314887908, 3.1415846697676275, 3.1415834271604246, 3.141583830048322, 3.141584284517021, 3.14158332205197, 3.141581072370079, 3.141578323521553, 3.1415772556022277, 3.141576193507266, 3.141575176317947, 3.141574460859746, 3.1415675952504625, 3.141546981943903, 3.141538116600574, 3.1415492006021863, 3.141575777748655, 3.1416550666936667, 3.141686406950536, 3.1416068848480356, 3.1415444231813354, 3.1415450268430782, 3.1415418570342455, 3.1414572696184924, 3.1413932607321073, 3.141391155225431, 3.14138750704934, 3.141374810407219, 3.1413676985170755, 3.1413667718979625, 3.1413404971801007, 3.141342903836103, 3.1413643230508734, 3.141381149851266, 3.1413163585612134, 3.141141651271773, 3.1410286935645564, 3.1410081057530164, 3.14091081136036, 3.140972421840613, 3.1407942988471538, 3.1408206443772153, 3.1409334903728214, 3.1404905621585293, 3.1399557560761946, 3.1400052810452133, 3.1395258860471533, 3.139165157751208, 3.1374028109581507, 3.1385033503907773, 3.13748121590647, 3.1394370576403863, 3.137474099424091, 3.140603835831995, 3.1302597794243625, 3.1341766734420973], "betas": [3.1415927818038303, 3.1415927082759603, 3.1415926511881094, 3.1415926155793117, 3.1415925949226318, 3.1415925816818286, 3.1415925789877437, 3.1415925800110314, 3.1415925881124043, 3.141592600364838, 3.1415926038079873, 3.141592609058026, 3.1415926162071064, 3.141592616455064, 3.1415926141859685, 3.1415926122710633, 3.1415926084471097, 3.1415926022353204, 3.1415925971178305, 3.1415925929801714, 3.1415925902761206, 3.141592580735421, 3.1415925746654723, 3.1415925726867173, 3.141592560098082, 3.141592541682009, 3.141592528722808, 3.141592513496651, 3.1415924779851623, 3.1415924108637703, 3.141592346473178, 3.141592331026543, 3.1415922639522647, 3.1415920410086975, 3.141591708882334, 3.141591239377759, 3.141590832946315, 3.141590799396068, 3.1415907674719716, 3.141589924148033, 3.1415883419118953, 3.1415859065402447, 3.141583680325095, 3.141583438217304, 3.1415840720939423, 3.1415839483192345, 3.1415822424286772, 3.1415795804432616, 3.1415774959685145, 3.141576852486228, 3.1415754483077194, 3.141574975899024, 3.141572484524413, 3.1415583598994727, 3.141538737307366, 3.1415431003548635, 3.1415570433000566, 3.141611143141869, 3.141686070313947, 3.1416542854426757, 3.141565919288134, 3.141540086996519, 3.1415496288013447, 3.141509165168758, 3.1414118901793424, 3.1413925736960016, 3.141387021084413, 3.1413862703898485, 3.1413637724745795, 3.1413753420883412, 3.141347713936088, 3.141343806006381, 3.141343691347082, 3.141387142420918, 3.141350449537136, 3.1412537792463318, 3.1410415453523344, 3.14105376386504, 3.140918939725919, 3.14097840083421, 3.140865605580105, 3.140808111345718, 3.1408438492397495, 3.140887058332046, 3.1400129531053853, 3.140157345074591, 3.139561781557971, 3.1397641470147972, 3.137877974945939, 3.138120612396713, 3.1377242427654672, 3.138539286223654, 3.1389040413672906, 3.1383437606378797, 3.1374247432844324, 3.1288002195915117, 3.1393821421661494], "predicted_p_opt": 0.08437013249235621, "predicted_tts": 11.852535612535613, "p_opt": 0.08202392147770712, "tts": 12.19156536269465, "approx": 0.8879391542182131, "opt_gap": -0.11206084578178688, "th": -129.99899291992188}