{"N": 24, "edgelist": ["0 1 {}\n", "0 2 {}\n", "0 4 {}\n", "0 5 {}\n", "0 6 {}\n", "0 9 {}\n", "0 10 {}\n", "0 14 {}\n", "0 16 {}\n", "0 17 {}\n", "0 18 {}\n", "0 22 {}\n", "1 2 {}\n", "1 3 {}\n", "1 4 {}\n", "1 5 {}\n", "1 6 {}\n", "1 8 {}\n", "1 9 {}\n", "1 10 {}\n", "1 11 {}\n", "1 13 {}\n", "1 14 {}\n", "1 16 {}\n", "1 18 {}\n", "1 19 {}\n", "1 20 {}\n", "1 21 {}\n", "1 22 {}\n", "1 23 {}\n", "2 3 {}\n", "2 8 {}\n", "2 9 {}\n", "2 10 {}\n", "2 13 {}\n", "2 14 {}\n", "2 16 {}\n", "2 17 {}\n", "2 18 {}\n", "2 19 {}\n", "2 20 {}\n", "2 22 {}\n", "2 23 {}\n", "3 5 {}\n", "3 6 {}\n", "3 8 {}\n", "3 9 {}\n", "3 17 {}\n", "3 19 {}\n", "3 20 {}\n", "3 23 {}\n", "4 6 {}\n", "4 9 {}\n", "4 10 {}\n", "4 11 {}\n", "4 14 {}\n", "4 15 {}\n", "4 16 {}\n", "4 17 {}\n", "4 19 {}\n", "4 20 {}\n", "4 23 {}\n", "5 6 {}\n", "5 11 {}\n", "5 12 {}\n", "5 13 {}\n", "5 18 {}\n", "5 22 {}\n", "6 10 {}\n", "6 11 {}\n", "6 12 {}\n", "6 16 {}\n", "6 18 {}\n", "6 19 {}\n", "6 20 {}\n", "6 22 {}\n", "7 13 {}\n", "7 14 {}\n", "7 22 {}\n", "7 23 {}\n", "8 12 {}\n", "8 13 {}\n", "8 16 {}\n", "8 17 {}\n", "8 20 {}\n", "8 21 {}\n", "8 22 {}\n", "9 11 {}\n", "9 16 {}\n", "9 18 {}\n", "9 19 {}\n", "9 21 {}\n", "9 23 {}\n", "10 13 {}\n", "10 16 {}\n", "10 17 {}\n", "10 19 {}\n", "10 21 {}\n", "10 22 {}\n", "11 12 {}\n", "11 13 {}\n", "11 18 {}\n", "11 19 {}\n", "11 21 {}\n", "12 13 {}\n", "12 14 {}\n", "12 15 {}\n", "12 18 {}\n", "12 21 {}\n", "12 22 {}\n", "13 18 {}\n", "13 21 {}\n", "14 16 {}\n", "14 19 {}\n", "14 20 {}\n", "14 21 {}\n", "14 23 {}\n", "15 19 {}\n", "15 21 {}\n", "15 22 {}\n", "16 19 {}\n", "16 22 {}\n", "16 23 {}\n", "17 20 {}\n", "18 19 {}\n", "18 20 {}\n", "18 21 {}\n", "18 22 {}\n", "18 23 {}\n", "19 21 {}\n", "19 23 {}\n", "20 22 {}\n", "21 22 {}\n", "22 23 {}\n"], "opt_value": 119, "opt_count": 1, "feasible_count": 2704156, "mean_value": 101.95652173913044, "std": 4.396282769274016, "level": 97, "gammas": [3.1415926550600117, 3.14159261901274, 3.1415926149274234, 3.1415925961245996, 3.141592587209777, 3.1415925938904534, 3.1415925901102137, 3.141592597118322, 3.1415926015702724, 3.1415926148197855, 3.141592613441238, 3.141592613973537, 3.141592611641421, 3.141592603081221, 3.141592609044555, 3.1415926012627007, 3.14159259817344, 3.1415925973416967, 3.141592595925235, 3.1415925871908703, 3.141592591504289, 3.1415925907201783, 3.141592583040478, 3.141592585539653, 3.1415925717325996, 3.141592568724416, 3.141592556291474, 3.14159251641137, 3.141592481952432, 3.1415924797263273, 3.141592461731427, 3.141592348982989, 3.141592142166766, 3.1415920474953407, 3.1415920446930623, 3.1415921044667394, 3.1415920641825386, 3.1415913799933066, 3.141590055517237, 3.1415891669065985, 3.141588961575573, 3.1415884698930783, 3.1415871718573025, 3.1415865137588037, 3.1415864761898766, 3.1415856563928055, 3.1415838176767865, 3.141583729615743, 3.14158493761761, 3.1415833184441793, 3.1415781698287937, 3.141573059359707, 3.141565376698952, 3.141558850945851, 3.14155140916911, 3.141549956705248, 3.1415675212188785, 3.14157393220094, 3.1415358070252792, 3.141504227864097, 3.1415019040757914, 3.1415049507186636, 3.141484181618029, 3.14147367825878, 3.141517612405452, 3.1415434458344094, 3.141499269550287, 3.141443643428197, 3.1413854138789405, 3.141362216915482, 3.141425548658551, 3.141454164473215, 3.1412555174082977, 3.1410777727402857, 3.141058044780317, 3.1410347915042363, 3.141279058310748, 3.141411088980859, 3.1413889804204644, 3.141281278261463, 3.1410727662333517, 3.1408553923453724, 3.1405286288326644, 3.140095845738969, 3.140732829771069, 3.140811718565831, 3.140590673229329, 3.1400527365090176, 3.139839234072104, 3.138772808333568, 3.1386457714714644, 3.1363662511744357, 3.139444151788382, 3.1365245082685176, 3.13697147649832, 3.128769192104032, 3.1372936437715206], "betas": [3.141592649333021, 3.1415926882551672, 3.1415927054079096, 3.141592712356211, 3.141592717108153, 3.1415927141866384, 3.141592707299177, 3.1415927054409516, 3.1415927050567056, 3.1415927024113253, 3.141592694726936, 3.141592689991102, 3.1415926917323778, 3.141592700500491, 3.1415927051222368, 3.141592707686901, 3.1415927105026755, 3.141592712923395, 3.141592715665669, 3.1415927169043996, 3.1415927192772823, 3.141592718609793, 3.1415927132338908, 3.141592701290976, 3.1415926902957314, 3.1415926820530085, 3.1415926596045165, 3.1415926228400184, 3.1415925954456596, 3.141592592429039, 3.1415925396489137, 3.141592363263467, 3.141592198805397, 3.14159216847031, 3.1415922111321284, 3.141592261223844, 3.1415919962721492, 3.141590897693854, 3.1415896525117883, 3.1415891726339966, 3.1415889840438265, 3.141588000853502, 3.14158683315754, 3.141586632018121, 3.1415863599539855, 3.1415848497015855, 3.141583512976478, 3.1415845267976636, 3.1415847647596977, 3.1415810258725227, 3.1415757515924057, 3.1415696783030422, 3.141561807265331, 3.141555751129892, 3.1415485846624955, 3.1415573150852905, 3.1415756671533206, 3.141559326096644, 3.1415153176284423, 3.1415016446155475, 3.1415041378573467, 3.1414990520736, 3.141471502819949, 3.141492662313091, 3.141537484904819, 3.1415295740162796, 3.1414675499479703, 3.141418781750936, 3.1413593969863727, 3.141390924556777, 3.141453814337571, 3.1413891044666125, 3.1411284190348177, 3.1410797571270885, 3.1410170588211592, 3.1411446377848202, 3.1413685283510793, 3.1414215166565476, 3.1413276502007887, 3.141215889078152, 3.1409159463579264, 3.1407915462643645, 3.140175519808732, 3.1404005380584805, 3.140828415047278, 3.1407958906139903, 3.140188920056092, 3.1401708080645303, 3.13902552879483, 3.1391333762640414, 3.137134485411936, 3.137722133855505, 3.138360169559046, 3.1374019698970086, 3.1320558606144315, 3.131814981911147, 3.1405609572874673], "predicted_p_opt": 0.014061688748726035, "predicted_tts": 71.11521367521367, "p_opt": 0.0139958973390011, "tts": 71.4495095082893, "approx": 0.8587819765403317, "opt_gap": -0.14121802345966827, "th": -118.9990005493164}