{"edges": [[20, 23], [20, 11], [20, 21], [23, 10], [23, 1], [1, 16], [1, 18], [16, 0], [16, 10], [9, 14], [9, 7], [9, 6], [14, 6], [14, 3], [8, 12], [8, 21], [8, 17], [12, 3], [12, 5], [5, 22], [5, 18], [22, 4], [22, 17], [21, 7], [18, 13], [11, 4], [11, 10], [2, 17], [2, 4], [2, 19], [6, 13], [3, 15], [15, 19], [15, 7], [0, 13], [0, 19]], "num_nodes": 24, "opt_value": 32, "opt_count": 8, "feasible_count": 16777216, "mean_value": 18.0, "std": 3.0, "level": 26, "gammas": [-0.11278729182514777, -0.2030722155607914, -0.21361739092545118, -0.2305722970597123, -0.22406012471995773, -0.2205942167113839, -0.21765740191366742, -0.2117275738004989, -0.20895985503502004, -0.21360066981506987, -0.22124309546101714, -0.22796636584072494, -0.23356322147325273, -0.2381507657471374, -0.24117145366725573, -0.24270670941151332, -0.2444852754978223, -0.2489653262051146, -0.2566513200715251, -0.26615880741225256, -0.27640824526561625, -0.2878175793096276, -0.3012561747754073, -0.293810356669883, -0.40172187010864585, 5.875790909658233], "betas": [2.7259114785690635, 2.2847811072330413, 2.082065625740714, 1.8810563997176912, 1.8655387356660058, 1.809553160554219, 1.7436724797483905, 1.682773885510167, 1.6730152229209705, 1.7092468388589777, 1.748047618655081, 1.775383448556009, 1.7923176832152672, 1.7960107901073497, 1.7834277688891733, 1.7609663882831788, 1.745337643116074, 1.7474805988759692, 1.7602439426793457, 1.769706280375878, 1.7687803590295272, 1.7563549478303724, 1.7963565826288885, 1.6490828270426778, 1.909921526540116, 2.178303927550841], "predicted_p_opt": 0.0013394355773925781, "predicted_tts": 746.5831256674974, "p_opt": 8.3004878539585e-06, "tts": 120474.84649026989, "approx": 0.8240747368086857, "opt_gap": -0.1759252631913143}