{"edges": [[0, 1], [0, 7], [1, 5], [1, 8], [1, 9], [1, 11], [2, 11], [3, 6], [3, 9], [3, 11], [4, 7], [4, 10], [6, 8], [7, 11], [8, 9], [8, 10], [8, 11]], "num_nodes": 12, "num_colors": 3, "distribution": [[0, 3], [5, 1398], [2, 42], [7, 9840], [3, 180], [8, 23652], [10, 80556], [9, 48336], [6, 3768], [11, 106860], [12, 108774], [13, 81276], [14, 43890], [4, 534], [15, 17544], [1, 12], [16, 4200], [17, 576]], "opt_value": 17, "opt_count": 576, "feasible_count": 531441, "mean_value": 11.333333333333334, "std": 1.9436506316151, "level": 1, "gammas": [-0.39874371886253357], "betas": [-2.6108782291412354], "predicted_p_opt": 0.009754610577655845, "predicted_tts": 102.515625, "p_opt": 0.005814872216433287, "tts": 171.97282464332085}