{"edges": [[4, 6], [4, 8], [4, 16], [6, 10], [6, 16], [12, 13], [12, 15], [12, 7], [13, 16], [13, 10], [0, 2], [0, 8], [0, 11], [2, 17], [2, 9], [8, 11], [1, 3], [1, 5], [1, 14], [3, 14], [3, 17], [11, 5], [17, 5], [15, 14], [15, 7], [9, 10], [9, 7]], "num_nodes": 18, "opt_value": 23, "opt_count": 2, "feasible_count": 262144, "mean_value": 13.5, "std": 2.598076211353316, "level": 23, "gammas": [0.18115224424362658, 0.33109012294965257, 0.33106944488428247, 0.29536298106691966, 0.2914337099375204, 0.3192253310432775, 0.345731925032081, 0.3472024265178191, 0.3418143142543399, 0.3383263119639251, 0.3414918751353118, 0.3437059712251427, 0.3466415775456485, 0.34921195058153626, 0.35232186958444217, 0.35369999415796505, 0.3377907862145346, 0.44071220448771903, 0.4648209444364676, 0.45713374330769646, 0.4137333257666054, 0.39647684098880526, 0.3806753843324477], "betas": [-2.7949523594671666, -2.674369150338698, -2.569422690429154, -2.301125035789164, -2.130838882842982, -2.1674766294885375, -2.143183504787526, -1.9733226344621537, -2.0644519450225767, -2.054191874894181, -2.0372344325039347, -2.018931902427038, -1.9985257205331073, -1.977613139817171, -1.9629177027167122, -2.029844292668146, -1.793784904405508, 4.27742937288486, 4.203748316628776, 3.9771255100521117, 3.8044271368215927, 3.7310433353972186, 3.702144144044148], "predicted_p_opt": 0.01685333251953125, "predicted_tts": 59.335445903123585, "p_opt": 0.0003789677312830851, "tts": 2638.7470949419967, "approx": 0.8781006243990271, "opt_gap": -0.12189937560097286}