{
  "locs": [
    [
      0.7,
      0.09
    ],
    [
      0.29,
      0.98
    ],
    [
      0.37,
      0.93
    ],
    [
      0.81,
      0.41
    ],
    [
      0.04,
      0.01
    ],
    [
      0.15,
      0.83
    ],
    [
      0.76,
      0.64
    ],
    [
      0.1,
      0.18
    ],
    [
      0.11,
      0.75
    ],
    [
      0.65,
      0.4
    ]
  ],
  "opt_value": 2.9998559951782227,
  "opt_count": 2,
  "feasible_count": 362880,
  "mean_value": 6.064663887023926,
  "std": 0.749677300453186,
  "level": 3,
  "gammas": [
    -0.7929193377494812,
    -1.0173006057739258,
    -0.9582362771034241
  ],
  "betas": [
    2.927288293838501,
    2.965451240539551,
    2.936492443084717
  ],
  "predicted_p_opt": 0.0002700617283950617,
  "predicted_tts": 3702.857142857143,
  "p_opt": 0.000196476757992059,
  "tts": 5089.66052890804,
  "approx": 1.943956971168518,
  "opt_gap": 0.9439569711685181
}
