{"edges": [[0, 1], [0, 6], [0, 10], [0, 11], [1, 3], [1, 4], [2, 4], [2, 13], [2, 14], [3, 8], [3, 13], [4, 6], [4, 7], [5, 7], [5, 9], [5, 10], [5, 14], [6, 7], [6, 10], [6, 13], [7, 10], [7, 12], [8, 9], [8, 11], [8, 12], [9, 12]], "num_nodes": 15, "num_colors": 3, "opt_value": 26, "opt_count": 72, "feasible_count": 14348907, "mean_value": 17.333333333333332, "std": 2.4037008503093262, "level": 7, "gammas": [3.1411149501800537, 3.1413233280181885, 3.1414825916290283, 3.141495704650879, 3.14139723777771, 3.1411755084991455, 3.1410531997680664], "betas": [3.141219139099121, 3.1414034366607666, 3.141496419906616, 3.1414804458618164, 3.1413140296936035, 3.1410467624664307, 3.1410868167877197], "predicted_p_opt": 0.0011290058538953524, "predicted_tts": 885.735, "p_opt": 0.0005898696302261159, "tts": 1695.2898551781145, "approx": 0.8816184759579684, "opt_gap": -0.11838152404203162, "th": -22.910660034871665}