{"N": 18, "edgelist": ["0 1 {}\n", "0 5 {}\n", "0 9 {}\n", "0 14 {}\n", "0 15 {}\n", "0 17 {}\n", "1 2 {}\n", "1 3 {}\n", "1 4 {}\n", "1 5 {}\n", "1 6 {}\n", "1 7 {}\n", "1 10 {}\n", "1 12 {}\n", "1 13 {}\n", "1 14 {}\n", "2 4 {}\n", "2 6 {}\n", "2 8 {}\n", "2 11 {}\n", "2 14 {}\n", "2 16 {}\n", "3 4 {}\n", "3 5 {}\n", "3 6 {}\n", "3 7 {}\n", "3 9 {}\n", "3 13 {}\n", "3 17 {}\n", "4 5 {}\n", "4 6 {}\n", "4 7 {}\n", "4 10 {}\n", "4 11 {}\n", "4 12 {}\n", "4 14 {}\n", "4 17 {}\n", "5 7 {}\n", "5 8 {}\n", "5 9 {}\n", "5 10 {}\n", "5 11 {}\n", "5 13 {}\n", "5 14 {}\n", "5 15 {}\n", "5 16 {}\n", "6 7 {}\n", "6 11 {}\n", "6 13 {}\n", "6 14 {}\n", "6 15 {}\n", "7 11 {}\n", "7 14 {}\n", "7 16 {}\n", "7 17 {}\n", "8 10 {}\n", "8 11 {}\n", "8 13 {}\n", "8 14 {}\n", "8 15 {}\n", "8 16 {}\n", "8 17 {}\n", "9 10 {}\n", "9 11 {}\n", "9 13 {}\n", "9 14 {}\n", "9 16 {}\n", "10 13 {}\n", "10 14 {}\n", "10 17 {}\n", "11 12 {}\n", "11 13 {}\n", "11 14 {}\n", "11 17 {}\n", "12 14 {}\n", "12 15 {}\n", "12 16 {}\n", "13 15 {}\n", "14 15 {}\n"], "opt_value": 70, "opt_count": 4, "feasible_count": 48620, "mean_value": 60.411764705882355, "std": 2.820279992971323, "level": 53, "gammas": [0.17216601967811584, 0.28090181946754456, 0.2951173186302185, 0.29722607135772705, 0.29720279574394226, 0.2968970239162445, 0.29638615250587463, 0.2957899868488312, 0.2954925000667572, 0.2954806089401245, 0.29547181725502014, 0.2953678369522095, 0.2949727773666382, 0.294307678937912, 0.29355719685554504, 0.2925598621368408, 0.2915324568748474, 0.2919436991214752, 0.29277941584587097, 0.3336557447910309, 0.29234471917152405, 0.2819819450378418, 0.28659242391586304, 0.29440516233444214, 0.2983788847923279, 0.2999788224697113, 0.30004850029945374, 0.29972174763679504, 0.2994369864463806, 0.29988765716552734, 0.30023252964019775, 0.3007904887199402, 0.3015441596508026, 0.30265048146247864, 0.30369043350219727, 0.3045552670955658, 0.305340439081192, 0.30559054017066956, 0.3018345832824707, 0.28128400444984436, -0.15123306214809418, -0.3080073595046997, -0.30683228373527527, -0.30406680703163147, -0.3022230565547943, -0.3013399839401245, -0.3009946048259735, -0.3010164201259613, -0.301154226064682, -0.3012600839138031, -0.30117788910865784, -0.29985302686691284, -0.29117730259895325], "betas": [-2.8382174968719482, -2.805227756500244, -2.7911264896392822, -2.7798588275909424, -2.766831874847412, -2.7557010650634766, -2.7494120597839355, -2.749046802520752, -2.747934103012085, -2.7474489212036133, -2.7466559410095215, -2.7471630573272705, -2.7449655532836914, -2.7409157752990723, -2.7390167713165283, -2.749457597732544, -2.7763779163360596, -2.8177330493927, -2.8063437938690186, -2.7141294479370117, -2.441316604614258, -2.7472336292266846, -2.804377317428589, -2.8244290351867676, -2.820777177810669, -2.8098864555358887, -2.7709414958953857, -2.7914977073669434, -2.7963554859161377, -2.8008594512939453, -2.8062689304351807, -2.814002513885498, -2.823255777359009, -2.8340325355529785, -2.8443222045898438, -2.855052947998047, -2.86692476272583, -2.899427890777588, -3.073075294494629, 1.694395661354065, 3.447230815887451, 2.95112681388855, 2.855691909790039, 2.8276774883270264, 2.81548810005188, 2.8091349601745605, 2.8087005615234375, 2.8121578693389893, 2.8136491775512695, 2.8127856254577637, 2.812185525894165, 2.817474842071533, 2.8442189693450928], "predicted_p_opt": 0.9419169066227889, "predicted_tts": 1.0616647742160887, "p_opt": 0.49940933300106166, "tts": 2.0023654623969036, "approx": 0.9405161793119924, "opt_gap": -0.059483820688007616}