{"N": 26, "edgelist": ["0 1 {}\n", "0 3 {}\n", "0 4 {}\n", "0 7 {}\n", "0 8 {}\n", "0 18 {}\n", "0 23 {}\n", "0 24 {}\n", "1 2 {}\n", "1 4 {}\n", "1 9 {}\n", "1 11 {}\n", "1 12 {}\n", "1 15 {}\n", "1 16 {}\n", "1 20 {}\n", "1 24 {}\n", "1 25 {}\n", "2 7 {}\n", "2 9 {}\n", "2 10 {}\n", "2 11 {}\n", "2 12 {}\n", "2 13 {}\n", "2 14 {}\n", "2 15 {}\n", "2 17 {}\n", "2 19 {}\n", "2 21 {}\n", "2 23 {}\n", "2 25 {}\n", "3 4 {}\n", "3 5 {}\n", "3 10 {}\n", "3 15 {}\n", "3 16 {}\n", "3 20 {}\n", "3 22 {}\n", "3 25 {}\n", "4 5 {}\n", "4 6 {}\n", "4 7 {}\n", "4 10 {}\n", "4 15 {}\n", "4 16 {}\n", "4 18 {}\n", "4 20 {}\n", "4 21 {}\n", "4 22 {}\n", "4 23 {}\n", "4 24 {}\n", "4 25 {}\n", "5 10 {}\n", "5 11 {}\n", "5 12 {}\n", "5 14 {}\n", "5 15 {}\n", "5 16 {}\n", "5 17 {}\n", "5 19 {}\n", "5 23 {}\n", "5 24 {}\n", "6 7 {}\n", "6 12 {}\n", "6 15 {}\n", "6 16 {}\n", "6 18 {}\n", "6 19 {}\n", "6 22 {}\n", "6 23 {}\n", "6 24 {}\n", "7 14 {}\n", "7 16 {}\n", "7 19 {}\n", "7 25 {}\n", "8 9 {}\n", "8 10 {}\n", "8 14 {}\n", "8 17 {}\n", "8 18 {}\n", "8 19 {}\n", "8 21 {}\n", "8 22 {}\n", "8 24 {}\n", "8 25 {}\n", "9 10 {}\n", "9 11 {}\n", "9 12 {}\n", "9 13 {}\n", "9 21 {}\n", "9 23 {}\n", "9 25 {}\n", "10 12 {}\n", "10 16 {}\n", "10 18 {}\n", "10 19 {}\n", "10 20 {}\n", "10 21 {}\n", "10 22 {}\n", "10 23 {}\n", "10 24 {}\n", "10 25 {}\n", "11 15 {}\n", "11 20 {}\n", "11 21 {}\n", "12 13 {}\n", "12 15 {}\n", "12 16 {}\n", "12 19 {}\n", "12 20 {}\n", "12 22 {}\n", "12 24 {}\n", "13 18 {}\n", "13 21 {}\n", "13 23 {}\n", "14 19 {}\n", "14 20 {}\n", "14 21 {}\n", "14 22 {}\n", "14 24 {}\n", "14 25 {}\n", "15 24 {}\n", "16 20 {}\n", "17 18 {}\n", "17 19 {}\n", "17 21 {}\n", "17 24 {}\n", "17 25 {}\n", "18 19 {}\n", "18 21 {}\n", "18 24 {}\n", "18 25 {}\n", "19 21 {}\n", "19 22 {}\n", "20 22 {}\n", "20 23 {}\n", "20 24 {}\n", "21 24 {}\n", "22 24 {}\n", "23 25 {}\n", "24 25 {}\n"], "opt_value": 124, "opt_count": 3, "feasible_count": 10400600, "mean_value": 107.16, "std": 4.070312454623216, "level": 11, "gammas": [3.1387319564819336, 3.1387906074523926, 3.1396050453186035, 3.1403701305389404, 3.140735387802124, 3.1407878398895264, 3.1405625343322754, 3.139984607696533, 3.13911509513855, 3.138424873352051, 3.13859486579895], "betas": [3.1387252807617188, 3.1391992568969727, 3.1399946212768555, 3.1405603885650635, 3.14078688621521, 3.140737295150757, 3.1403720378875732, 3.139573574066162, 3.138641834259033, 3.1382853984832764, 3.1389522552490234], "predicted_p_opt": 0.00015258735072976558, "predicted_tts": 6553.623188405798, "p_opt": 7.871668870044343e-05, "tts": 12703.78640805767, "approx": 0.951998574669968, "opt_gap": -0.048001425330032044, "th": -117.9058672585077}