{"edges": [[0, 1], [0, 3], [0, 6], [1, 3], [1, 10], [2, 5], [2, 6], [3, 7], [3, 10], [4, 8], [4, 11], [5, 6], [6, 8], [6, 9], [6, 10], [7, 11]], "num_nodes": 12, "num_colors": 3, "opt_value": 16, "opt_count": 504, "feasible_count": 531441, "mean_value": 10.666666666666666, "std": 1.8856180831641267, "level": 15, "gammas": [-0.2738068699836731, -0.4289339780807495, -0.4355563819408417, -0.45233747363090515, -0.4445509910583496, -0.4480988383293152, -0.4522886872291565, -0.45604270696640015, -0.4608919322490692, -0.46286359429359436, -0.4626771807670593, -0.4895763099193573, -0.46314525604248047, -0.4931575655937195, -0.489583820104599], "betas": [2.497764825820923, 2.2719948291778564, 2.1546201705932617, 2.183854818344116, 2.2047176361083984, 2.2097740173339844, 2.228454113006592, 2.2552120685577393, 2.2783725261688232, 2.308061361312866, 2.284590721130371, 2.1373748779296875, 2.6223692893981934, 2.6434035301208496, 2.7330169677734375], "predicted_p_opt": 0.9113786854984843, "predicted_tts": 1.0972387394083543, "p_opt": 0.38733073966443526, "tts": 2.5817728819208927, "approx": 0.7772552201660018, "opt_gap": -0.2227447798339982}