{"edges": [[0, 3], [0, 8], [0, 9], [0, 10], [1, 6], [1, 11], [1, 13], [2, 3], [2, 7], [2, 9], [2, 10], [2, 11], [2, 13], [3, 5], [3, 12], [4, 5], [4, 6], [4, 8], [4, 12], [5, 6], [5, 14], [6, 10], [6, 12], [6, 13], [7, 10], [8, 14], [12, 14], [13, 14]], "num_nodes": 15, "num_colors": 3, "distribution": [[0, 3], [4, 102], [6, 612], [7, 1152], [8, 3162], [10, 17502], [9, 7440], [2, 18], [12, 87792], [11, 40548], [14, 383814], [13, 190674], [16, 1194648], [15, 713580], [18, 2192340], [17, 1754142], [3, 18], [5, 132], [19, 2346996], [20, 2093622], [21, 1564266], [22, 975624], [23, 500034], [24, 201648], [25, 62670], [26, 14058], [27, 2148], [28, 162]], "opt_value": 28, "opt_count": 162, "feasible_count": 14348907, "mean_value": 18.666666666666668, "std": 2.494438257849294, "level": 6, "gammas": [0.2545303702354431, 0.31895649433135986, 0.8812869191169739, 0.38324669003486633, 0.9375727772712708, 0.9916857481002808], "betas": [2.7224552631378174, 2.82131028175354, 2.0760443210601807, 2.6874003410339355, 1.9154859781265259, 2.744605302810669], "predicted_p_opt": 0.0019080198930831456, "predicted_tts": 524.103550295858, "p_opt": 0.00023789231854323537, "tts": 4203.582554172536}