{"edges": [[12, 13], [12, 4], [12, 5], [13, 5], [13, 7], [4, 2], [4, 7], [3, 10], [3, 1], [3, 0], [10, 7], [10, 8], [5, 1], [8, 9], [8, 15], [9, 14], [9, 2], [14, 11], [14, 6], [1, 6], [6, 0], [11, 0], [11, 15], [15, 2]], "num_nodes": 16, "opt_value": 22, "opt_count": 2, "feasible_count": 65536, "mean_value": 12.0, "std": 2.449489742783178, "level": 49, "gammas": [3.141592639906655, 3.1415926417118873, 3.1415926408938253, 3.1415926455284797, 3.141592645475892, 3.141592614829405, 3.1415924253537697, 3.1415918418926907, 3.1415903498269886, 3.1415877639502785, 3.1415844292035455, 3.141579817775334, 3.1415720202230983, 3.1415603239239163, 3.1415497676527564, 3.141549923022345, 3.141547834440134, 3.1415232631826364, 3.1414805355249453, 3.1414410305677483, 3.1414444584848757, 3.1414518370059312, 3.14143182991169, 3.141436531674144, 3.141444543587444, 3.1414233554256996, 3.1413997716140347, 3.1413914934430944, 3.141397342821815, 3.1414128856385384, 3.141452011130124, 3.1414985601552243, 3.141520745980694, 3.1415323031073354, 3.1415531096270852, 3.1415748288158727, 3.141585137411145, 3.1415879126982786, 3.1415898480217277, 3.1415918615695633, 3.141593376900409, 3.141593926250457, 3.141591832678584, 3.1415850712095708, 3.1415821870987672, 3.1416310697978256, 3.141690524040009, 3.140374738218193, 3.1386127417881373], "betas": [3.1415926538733254, 3.1415926577163233, 3.1415926584292517, 3.141592653535008, 3.14159263034815, 3.1415925479499798, 3.141592220262699, 3.1415912503168406, 3.141589196645213, 3.14158618398913, 3.141582401439605, 3.1415764303821727, 3.1415665710736302, 3.1415541761254926, 3.141548504802226, 3.1415509896378304, 3.1415384261249613, 3.141503553747991, 3.1414574303569585, 3.1414372364518677, 3.1414525610732773, 3.141441939448154, 3.1414299647155053, 3.1414439274575043, 3.1414364438860516, 3.1414101227866484, 3.1413934477237344, 3.1413932658201653, 3.141403207804197, 3.141429122491699, 3.14147708481802, 3.1415127513159278, 3.1415259329455196, 3.1415414915470947, 3.141565057682341, 3.14158171363408, 3.1415872847166013, 3.141589157874707, 3.141590691200582, 3.1415913148191383, 3.141591152365724, 3.1415918742070255, 3.141596291058049, 3.1416038492293525, 3.1415900343229306, 3.1414980994901107, 3.1418249572857277, 3.1384608883214598, 3.1402767345936993], "predicted_p_opt": 0.299102783203125, "predicted_tts": 3.3433323130292827, "p_opt": 0.15792118573769984, "tts": 6.332272616423715, "approx": 0.9402536504732727, "opt_gap": -0.059746349526727305, "th": -20.944221895107667}