{"N": 18, "edgelist": ["0 1 {}\n", "0 3 {}\n", "0 4 {}\n", "0 5 {}\n", "0 10 {}\n", "0 11 {}\n", "0 12 {}\n", "0 17 {}\n", "1 2 {}\n", "1 3 {}\n", "1 5 {}\n", "1 7 {}\n", "1 10 {}\n", "1 11 {}\n", "1 16 {}\n", "1 17 {}\n", "2 5 {}\n", "2 6 {}\n", "2 7 {}\n", "2 8 {}\n", "2 9 {}\n", "2 10 {}\n", "2 12 {}\n", "2 13 {}\n", "2 14 {}\n", "3 4 {}\n", "3 5 {}\n", "3 7 {}\n", "3 8 {}\n", "3 16 {}\n", "4 5 {}\n", "4 6 {}\n", "4 8 {}\n", "4 9 {}\n", "4 15 {}\n", "4 16 {}\n", "4 17 {}\n", "5 11 {}\n", "5 14 {}\n", "5 17 {}\n", "6 7 {}\n", "6 8 {}\n", "6 9 {}\n", "6 12 {}\n", "6 13 {}\n", "6 14 {}\n", "6 15 {}\n", "7 8 {}\n", "7 10 {}\n", "7 11 {}\n", "7 13 {}\n", "7 15 {}\n", "7 17 {}\n", "8 9 {}\n", "8 11 {}\n", "8 12 {}\n", "8 14 {}\n", "8 15 {}\n", "8 17 {}\n", "9 12 {}\n", "9 13 {}\n", "9 14 {}\n", "9 16 {}\n", "9 17 {}\n", "10 14 {}\n", "10 17 {}\n", "11 12 {}\n", "11 13 {}\n", "11 15 {}\n", "11 16 {}\n", "12 13 {}\n", "12 14 {}\n", "12 16 {}\n", "13 16 {}\n", "14 16 {}\n", "14 17 {}\n"], "opt_value": 66, "opt_count": 1, "feasible_count": 48620, "mean_value": 58.11764705882353, "std": 2.225053943593978, "level": 79, "gammas": [0.21098794043064117, 0.33779457211494446, 0.3479432761669159, 0.34630921483039856, 0.34451672434806824, 0.3434455692768097, 0.3431895077228546, 0.3439221978187561, 0.3445766270160675, 0.3457309901714325, 0.34598252177238464, 0.34520959854125977, 0.34189894795417786, 0.3396320939064026, 0.3453373610973358, 0.34559497237205505, 0.39103633165359497, 0.33894461393356323, 0.32602736353874207, 0.33852270245552063, 0.34902873635292053, 0.352029949426651, 0.35238924622535706, 0.3522755801677704, 0.3519621193408966, 0.3518424332141876, 0.3519119620323181, 0.3518020510673523, 0.35169360041618347, 0.3504977822303772, 0.34316515922546387, 0.32627078890800476, 0.32462379336357117, 0.37516042590141296, 0.3338084816932678, 0.3339420258998871, 0.33216768503189087, 0.3364453911781311, 0.33969178795814514, 0.34036555886268616, 0.34011340141296387, 0.33912989497184753, 0.33892014622688293, 0.3391983211040497, 0.34036001563072205, 0.3426077663898468, 0.3459286093711853, 0.35028406977653503, 0.34385374188423157, 0.3039732575416565, -0.1814250946044922, -0.3610515296459198, -0.3636189103126526, -0.3615362346172333, -0.3593900501728058, -0.3578662872314453, -0.3568536639213562, -0.35639774799346924, -0.3557488024234772, -0.35587552189826965, -0.3552025854587555, -0.35387349128723145, -0.3519640266895294, -0.3524114191532135, -0.3482551872730255, -0.35041573643684387, -0.36583155393600464, -0.3616097569465637, -0.35629376769065857, -0.3549729287624359, -0.35648012161254883, -0.3584457039833069, -0.3594624698162079, -0.36033713817596436, -0.3611670434474945, -0.36247557401657104, -0.36424461007118225, -0.36544692516326904, -0.3570815920829773], "betas": [-2.8189609050750732, -2.71490740776062, -2.659289598464966, -2.6338107585906982, -2.61930775642395, -2.615079879760742, -2.6176466941833496, -2.631664514541626, -2.6482748985290527, -2.6609489917755127, -2.664189577102661, -2.647120475769043, -2.608797073364258, -2.589064836502075, -2.6207189559936523, -2.5085079669952393, -2.57303524017334, -2.5436666011810303, -2.606858015060425, -2.699167013168335, -2.725219249725342, -2.717303991317749, -2.7089741230010986, -2.7040939331054688, -2.703449010848999, -2.7032032012939453, -2.7069194316864014, -2.7150137424468994, -2.72847580909729, -2.7230913639068604, -2.6380867958068848, -2.475769281387329, -2.426136016845703, -2.418431282043457, -2.5310728549957275, -2.517432689666748, -2.5509769916534424, -2.5880091190338135, -2.602304697036743, -2.6009392738342285, -2.5912418365478516, -2.5799496173858643, -2.5720021724700928, -2.577317476272583, -2.590167760848999, -2.6164722442626953, -2.661419630050659, -2.7427828311920166, -2.8912405967712402, 1.962321400642395, 3.303884983062744, 2.871077060699463, 2.803560972213745, 2.7671096324920654, 2.7439868450164795, 2.731257915496826, 2.722943067550659, 2.725468397140503, 2.7290799617767334, 2.7291789054870605, 2.716165542602539, 2.6866774559020996, 2.6528260707855225, 2.6833877563476562, 2.6995060443878174, 2.415073871612549, 2.7792787551879883, 2.849640130996704, 2.808598756790161, 2.7697129249572754, 2.756706714630127, 2.754000186920166, 2.7584080696105957, 2.7656373977661133, 2.7781033515930176, 2.7912094593048096, 2.8119192123413086, 2.835637331008911, 2.865551233291626], "predicted_p_opt": 0.5199712052653229, "predicted_tts": 1.9231834183774377, "p_opt": 0.31469692164400337, "tts": 3.177660571879494, "approx": 0.924259448443823, "opt_gap": -0.07574055155617698}