{"N": 26, "edgelist": ["0 1 {}\n", "0 4 {}\n", "0 6 {}\n", "0 8 {}\n", "0 10 {}\n", "0 11 {}\n", "0 18 {}\n", "0 22 {}\n", "0 24 {}\n", "0 25 {}\n", "1 5 {}\n", "1 7 {}\n", "1 8 {}\n", "1 13 {}\n", "1 14 {}\n", "1 17 {}\n", "1 18 {}\n", "1 20 {}\n", "1 21 {}\n", "1 23 {}\n", "1 24 {}\n", "2 7 {}\n", "2 9 {}\n", "2 12 {}\n", "2 13 {}\n", "2 20 {}\n", "2 21 {}\n", "2 22 {}\n", "2 25 {}\n", "3 6 {}\n", "3 8 {}\n", "3 10 {}\n", "3 11 {}\n", "3 12 {}\n", "3 15 {}\n", "3 16 {}\n", "3 17 {}\n", "3 19 {}\n", "3 20 {}\n", "3 21 {}\n", "3 23 {}\n", "3 25 {}\n", "4 7 {}\n", "4 16 {}\n", "4 17 {}\n", "4 18 {}\n", "4 19 {}\n", "4 20 {}\n", "4 21 {}\n", "5 7 {}\n", "5 8 {}\n", "5 11 {}\n", "5 12 {}\n", "5 15 {}\n", "5 16 {}\n", "5 17 {}\n", "5 19 {}\n", "5 21 {}\n", "5 22 {}\n", "5 23 {}\n", "6 11 {}\n", "6 12 {}\n", "6 13 {}\n", "6 15 {}\n", "6 16 {}\n", "6 18 {}\n", "6 19 {}\n", "6 21 {}\n", "6 22 {}\n", "6 25 {}\n", "7 8 {}\n", "7 10 {}\n", "7 13 {}\n", "7 16 {}\n", "7 17 {}\n", "7 18 {}\n", "7 20 {}\n", "7 21 {}\n", "7 23 {}\n", "7 24 {}\n", "8 9 {}\n", "8 10 {}\n", "8 11 {}\n", "8 13 {}\n", "8 15 {}\n", "8 16 {}\n", "8 19 {}\n", "8 21 {}\n", "8 23 {}\n", "9 10 {}\n", "9 11 {}\n", "9 13 {}\n", "9 16 {}\n", "9 17 {}\n", "9 19 {}\n", "9 23 {}\n", "9 24 {}\n", "9 25 {}\n", "10 13 {}\n", "10 15 {}\n", "10 16 {}\n", "10 17 {}\n", "10 19 {}\n", "10 21 {}\n", "10 22 {}\n", "11 15 {}\n", "11 18 {}\n", "11 19 {}\n", "11 20 {}\n", "11 21 {}\n", "11 23 {}\n", "11 24 {}\n", "12 14 {}\n", "12 17 {}\n", "12 18 {}\n", "12 20 {}\n", "12 21 {}\n", "12 22 {}\n", "12 23 {}\n", "13 17 {}\n", "13 18 {}\n", "13 22 {}\n", "13 24 {}\n", "14 18 {}\n", "14 19 {}\n", "14 20 {}\n", "14 23 {}\n", "14 24 {}\n", "14 25 {}\n", "15 16 {}\n", "15 17 {}\n", "15 18 {}\n", "15 20 {}\n", "15 22 {}\n", "15 23 {}\n", "15 24 {}\n", "15 25 {}\n", "16 17 {}\n", "16 20 {}\n", "16 21 {}\n", "16 23 {}\n", "16 24 {}\n", "17 18 {}\n", "17 21 {}\n", "17 22 {}\n", "17 24 {}\n", "17 25 {}\n", "18 20 {}\n", "18 23 {}\n", "18 24 {}\n", "18 25 {}\n", "19 20 {}\n", "19 21 {}\n", "20 23 {}\n", "20 24 {}\n", "21 22 {}\n", "21 23 {}\n", "21 25 {}\n", "22 24 {}\n"], "opt_value": 136, "opt_count": 9, "feasible_count": 10400600, "mean_value": 120.84, "std": 3.7419548483321554, "level": 30, "gammas": [1.6309319734573364, 1.62222421169281, 1.6190158128738403, 1.6215054988861084, 1.6294306516647339, 1.6424506902694702, 1.660579800605774, 1.6823279857635498, 1.7051500082015991, 1.7271265983581543, 1.747098445892334, 1.764187216758728, 1.7776243686676025, 1.7867553234100342, 1.7911187410354614, 1.7904947996139526, 1.784930944442749, 1.774742603302002, 1.7604830265045166, 1.7428972721099854, 1.7227816581726074, 1.700850486755371, 1.677932620048523, 1.656102180480957, 1.6375913619995117, 1.6240110397338867, 1.6161314249038696, 1.6140724420547485, 1.6174653768539429, 1.627434253692627], "betas": [1.6242274045944214, 1.6184680461883545, 1.6185054779052734, 1.6244348287582397, 1.6360095739364624, 1.652962565422058, 1.6747163534164429, 1.6983718872070312, 1.720973014831543, 1.7415494918823242, 1.7594823837280273, 1.7740482091903687, 1.7845193147659302, 1.7903631925582886, 1.7912580966949463, 1.7871681451797485, 1.7783291339874268, 1.765209674835205, 1.7484877109527588, 1.7289693355560303, 1.7075331211090088, 1.6852307319641113, 1.6636284589767456, 1.6448140144348145, 1.630248785018921, 1.620344877243042, 1.6157026290893555, 1.6165879964828491, 1.622979998588562, 1.6354031562805176], "predicted_p_opt": 0.003219910389785205, "predicted_tts": 310.567649078802, "p_opt": 0.0007301639253209028, "tts": 1369.5554728487932, "approx": 0.9733366842466736, "opt_gap": -0.026663315753326366, "th": -131.9422406222921}