{"edges": [[7, 23], [7, 19], [7, 6], [23, 20], [23, 3], [20, 0], [20, 22], [14, 16], [14, 6], [14, 12], [16, 13], [16, 10], [5, 10], [5, 11], [5, 17], [10, 21], [4, 18], [4, 2], [4, 0], [18, 8], [18, 15], [3, 22], [3, 1], [22, 2], [8, 0], [8, 2], [9, 11], [9, 12], [9, 21], [11, 21], [1, 15], [1, 19], [13, 17], [13, 6], [17, 19], [15, 12]], "num_nodes": 24, "opt_value": 32, "opt_count": 8, "feasible_count": 16777216, "mean_value": 18.0, "std": 3.0, "level": 47, "gammas": [0.34319964100348505, 0.22143685855569134, 0.2346675066063163, 0.23043486469354424, 0.23326196151427286, 0.21718635704437175, 0.2481401644819078, 0.18563443138276287, 0.2709513405408505, 0.20110755133662345, 0.21993200237652968, 0.23434413537588675, 0.21994703846007857, 0.2295618099707324, 0.23853934548502526, 0.24977156941339435, 0.26236088283873454, 0.2745792252650305, 0.28729494939363165, 0.29348135304754175, 0.28364546623598186, 0.27438164580635327, 0.6509402288093629, 0.13053404395941434, 0.22912866906479576, 0.2533680816988496, 0.24395743883601476, 0.8948508525946176, 5.603742797804845, 0.2916446890865675, 0.2100927569232374, 0.2531231316427329, 0.22020912259084965, 0.26009132072231494, 0.22527604484005725, 0.24264030547645637, 0.24650939578668685, 0.24755372013432114, 0.2528651108007305, 0.2582571864977435, 0.26632186383677703, 0.27653492833760385, 0.28922707343453885, 0.296984257338775, 0.9510140824655642, 0.38887830850616567, 0.34508793526401843], "betas": [-2.4129812026801933, -2.5232099242016726, -2.119446766720389, -2.097442945506714, -2.034830264299272, -2.011676102972661, -2.9891357337684177, -1.5492672938793435, -1.6178886405029627, -2.3096164807741997, -1.8360817186247425, -1.9192199810067403, -1.9463314667710616, -1.9394126004751968, -2.0217574778293206, -2.0836675042207813, -2.1384730768679305, -2.176674806702221, -2.1697053754266, -2.045329829704304, -1.9027844048517113, -1.7935135570507381, -0.9693127441797162, -3.2107694633575843, -3.098464020289153, 3.61429181345846, 3.9597812030754747, 3.619835363444513, 4.0198937574445095, 4.6473804731625314, 3.004262648882967, 4.333060073953284, 4.163875291864256, 4.301950966628913, 4.132553663962511, 4.1767107992374335, 4.143140517066813, 4.146169411717541, 4.13175860631441, 4.105698360721343, 4.063085591058548, 3.986790881116906, 3.8886118802435896, 3.8806653542243317, 4.396383844817929, 4.065416587182937, 3.809796208011338], "predicted_p_opt": 0.004303455352783203, "predicted_tts": 232.37141274238226, "p_opt": 9.429962347607772e-06, "tts": 106044.96212582267, "approx": 0.8538724867969265, "opt_gap": -0.1461275132030735}