{"edges": [[0, 2], [0, 3], [0, 9], [0, 10], [0, 11], [1, 2], [1, 4], [1, 6], [1, 9], [1, 11], [1, 12], [2, 10], [3, 4], [3, 6], [3, 8], [3, 11], [3, 12], [5, 6], [5, 7], [5, 9], [5, 11], [6, 7], [7, 10], [7, 12], [8, 10], [9, 10]], "num_nodes": 13, "num_colors": 3, "opt_value": 26, "opt_count": 66, "feasible_count": 1594323, "mean_value": 17.333333333333332, "std": 2.4037008503093262, "level": 37, "gammas": [3.1415926847405213, 3.1415926677463935, 3.1415926587736602, 3.1415926416360134, 3.1415924228231495, 3.1415915434726185, 3.1415892073463128, 3.141584757377462, 3.1415754699988265, 3.1415602482400153, 3.1415505509062753, 3.141551090015247, 3.1415393474954665, 3.1415033804389365, 3.141478004787053, 3.141494666270447, 3.14151577065229, 3.141519025303341, 3.141518931258451, 3.1415189048626506, 3.141533494304821, 3.141556668802682, 3.1415729546453783, 3.141583542208458, 3.1415897298954496, 3.141591955196982, 3.1415923968815593, 3.141592141362292, 3.141591824802547, 3.1415901109319777, 3.1415886181660326, 3.141596092645403, 3.141645276006849, 3.141984792699453, 3.14183306173665, 3.140783085572338, 3.140875731937481], "betas": [3.1415926107285053, 3.141592627005391, 3.141592635539249, 3.141592573857375, 3.1415921318730713, 3.141590594732153, 3.1415873527491374, 3.1415810139836684, 3.141568217882156, 3.1415538112478063, 3.141550559922423, 3.141548479373778, 3.1415233502595363, 3.14148607065025, 3.141482223977276, 3.1415078152283806, 3.1415185675085744, 3.141519313948055, 3.1415181873737787, 3.141523968295151, 3.141545446286256, 3.1415658535017843, 3.141578761681336, 3.1415872206399116, 3.1415912479330954, 3.1415924874960193, 3.1415926306255537, 3.141591989266732, 3.141591049053566, 3.1415901897544423, 3.141580201978605, 3.1416221526559354, 3.1417913204071324, 3.141995926714338, 3.141417225025099, 3.140517718175769, 3.141349121146323], "predicted_p_opt": 0.23285745736591645, "predicted_tts": 4.294472727272727, "p_opt": 0.09564181295703515, "tts": 10.455678004025568, "approx": 0.9651852256254977, "opt_gap": -0.03481477437450231, "th": -24.98738855645069}