{
  "locs": [
    [
      0.1,
      0.9
    ],
    [
      0.63,
      0.41
    ],
    [
      0.14,
      0.91
    ],
    [
      0.88,
      0.55
    ],
    [
      0.17,
      0.23
    ],
    [
      0.78,
      0.96
    ],
    [
      0.77,
      0.58
    ],
    [
      0.34,
      0.08
    ]
  ],
  "opt_value": 2.7791249752044678,
  "opt_count": 2,
  "feasible_count": 5040,
  "mean_value": 4.833903789520264,
  "std": 0.6302995681762695,
  "level": 3,
  "gammas": [
    -1.0778727531433105,
    -1.4619964361190796,
    -1.4146586656570435
  ],
  "betas": [
    2.9231152534484863,
    2.8919248580932617,
    2.7583680152893066
  ],
  "predicted_p_opt": 0.019444444444444445,
  "predicted_tts": 51.42857142857143,
  "p_opt": 0.011122575961053371,
  "tts": 89.90723043848686,
  "approx": 1.563708782196045,
  "opt_gap": 0.5637087821960449
}
