{
  "locs": [
    [
      0.79,
      0.7
    ],
    [
      0.1,
      0.33
    ],
    [
      0.55,
      0.47
    ],
    [
      0.96,
      0.31
    ],
    [
      0.02,
      0.45
    ],
    [
      0.23,
      0.29
    ],
    [
      0.17,
      0.65
    ],
    [
      0.7,
      0.64
    ]
  ],
  "opt_value": 2.401202917098999,
  "opt_count": 2,
  "feasible_count": 5040,
  "mean_value": 4.0102925300598145,
  "std": 0.5798001289367676,
  "level": 3,
  "gammas": [
    -1.1941167116165161,
    -1.6965545415878296,
    -1.664973258972168
  ],
  "betas": [
    2.6633875370025635,
    2.613703489303589,
    2.5515096187591553
  ],
  "predicted_p_opt": 0.019444444444444445,
  "predicted_tts": 51.42857142857143,
  "p_opt": 0.009032504633069038,
  "tts": 110.71126344501225,
  "approx": 1.4682707786560059,
  "opt_gap": 0.46827077865600586
}
