{"edges": [[0, 10], [0, 11], [1, 4], [1, 6], [1, 7], [1, 11], [2, 5], [2, 6], [2, 7], [3, 5], [3, 10], [3, 11], [4, 7], [4, 9], [5, 7], [5, 8], [5, 10], [5, 11], [6, 7], [6, 8], [6, 10], [6, 11], [8, 11]], "num_nodes": 12, "num_colors": 3, "opt_value": 23, "opt_count": 24, "feasible_count": 531441, "mean_value": 15.333333333333334, "std": 2.260776661041756, "level": 9, "gammas": [3.1421323728010786, 3.141497945567073, 3.1416193647823945, 3.1416487481774196, 3.1417051802873552, 3.1413771203476673, 3.1419774692214455, 3.141644393263584, 3.1413875042339137], "betas": [3.1415702099861518, 3.1416340053339162, 3.1415429037309073, 3.1414963021116358, 3.141615472223946, 3.1414961546834492, 3.1420404826554837, 3.1414725895054794, 3.1415248641193076], "predicted_p_opt": 0.01630284453024889, "predicted_tts": 61.338988919667585, "p_opt": 0.016214686343249986, "tts": 61.672484982497984, "approx": 0.6720567502204634, "opt_gap": -0.3279432497795366, "th": -22.999000549316406}