{
  "locs": [
    [
      0.22,
      0.55
    ],
    [
      0.5,
      0.47
    ],
    [
      0.08,
      0.1
    ],
    [
      0.3,
      0.4
    ],
    [
      0.16,
      0.4
    ],
    [
      0.45,
      0.34
    ],
    [
      0.27,
      0.37
    ],
    [
      0.08,
      0.82
    ],
    [
      0.83,
      0.06
    ],
    [
      0.34,
      0.33
    ],
    [
      0.57,
      0.25
    ],
    [
      0.41,
      0.99
    ],
    [
      0.26,
      0.66
    ]
  ],
  "opt_value": 3.290848970413208,
  "opt_count": 2,
  "feasible_count": 479001632,
  "mean_value": 5.434137344360352,
  "std": 0.4330593943595886,
  "level": 5,
  "gammas": [
    -1.145307183265686,
    -1.516790509223938,
    -1.4458180665969849,
    -1.4208258390426636,
    -1.3783314228057861
  ],
  "betas": [
    3.031648874282837,
    3.0512051582336426,
    3.027400016784668,
    3.0316123962402344,
    3.007859230041504
  ],
  "predicted_p_opt": 5.052174853550394e-07,
  "predicted_tts": 1979345.5867768596,
  "p_opt": 4.1793461491579365e-07,
  "tts": 2392718.7754033776,
  "approx": 1.634250521659851,
  "opt_gap": 0.6342505216598511
}
