{"edges": [[0, 3], [0, 5], [0, 7], [0, 12], [0, 13], [0, 14], [1, 3], [1, 5], [1, 7], [1, 12], [2, 5], [2, 9], [2, 10], [2, 13], [3, 4], [3, 5], [3, 8], [3, 10], [3, 11], [3, 13], [4, 7], [4, 10], [4, 11], [4, 12], [4, 13], [5, 9], [5, 12], [6, 9], [6, 10], [7, 10], [9, 11], [10, 12], [11, 12], [12, 13], [12, 14]], "num_nodes": 15, "num_colors": 3, "opt_value": 35, "opt_count": 24, "feasible_count": 14348907, "mean_value": 23.333333333333332, "std": 2.7888667551135855, "level": 91, "gammas": [-0.12672637403011322, -0.20532752573490143, -0.21165359020233154, -0.21045202016830444, -0.20858505368232727, -0.20637091994285583, -0.20240305364131927, -0.1945500373840332, -0.1936555951833725, -0.21626652777194977, -0.2092479169368744, -0.21669821441173553, -0.19351957738399506, -0.203464537858963, -0.2036057710647583, -0.20216672122478485, -0.20293059945106506, -0.2028791755437851, -0.20269209146499634, -0.20337162911891937, -0.2040722817182541, -0.20324909687042236, -0.20085686445236206, -0.1987886279821396, -0.1986040323972702, -0.2018943578004837, -0.20373065769672394, -0.19425655901432037, -0.20962557196617126, -0.20038846135139465, -0.20654170215129852, -0.18414810299873352, -0.18794119358062744, -0.1985977739095688, -0.2047841101884842, -0.20910295844078064, -0.2138991355895996, -0.21704041957855225, -0.21543696522712708, -0.17537613213062286, 0.11564144492149353, 0.167059525847435, 0.2099863886833191, 0.21098533272743225, 0.20639581978321075, 0.20378652215003967, 0.20295685529708862, 0.20457129180431366, 0.2060558795928955, 0.19996041059494019, 0.20049838721752167, 0.20289327204227448, 0.19749616086483002, 0.1940232813358307, 0.1967766433954239, 0.20077913999557495, 0.20323407649993896, 0.20337790250778198, 0.20129194855690002, 0.19912570714950562, 0.1998567134141922, 0.2028750777244568, 0.2034187763929367, 0.20166359841823578, 0.20342041552066803, 0.20265741646289825, 0.2059279978275299, 0.19892720878124237, 0.2009405791759491, 0.22255529463291168, 0.19963456690311432, 0.20474086701869965, 0.20887458324432373, 0.21009400486946106, 0.21432174742221832, 0.21642279624938965, 0.2173944115638733, 0.21877892315387726, 0.22158707678318024, 0.22533169388771057, 0.22779199481010437, 0.22850894927978516, 0.22936859726905823, 0.23044872283935547, 0.23189067840576172, 0.23367378115653992, 0.2355581372976303, 0.23758092522621155, 0.2400233894586563, 0.2431745082139969, 0.24252811074256897], "betas": [2.569892406463623, 2.3702971935272217, 2.3128743171691895, 2.3232903480529785, 2.3444201946258545, 2.3737244606018066, 2.36938214302063, 2.2764382362365723, 2.301161527633667, 2.327805519104004, 2.105229616165161, 2.387054681777954, 2.365316152572632, 2.294771432876587, 2.3120250701904297, 2.2996037006378174, 2.2969255447387695, 2.2935500144958496, 2.296778917312622, 2.3064231872558594, 2.306063413619995, 2.286931037902832, 2.2618212699890137, 2.256225109100342, 2.275944232940674, 2.27337384223938, 2.3476176261901855, 2.336399555206299, 2.093355178833008, 2.2565295696258545, 2.180967092514038, 2.1556105613708496, 2.270421266555786, 2.3144357204437256, 2.33286452293396, 2.3546977043151855, 2.387683391571045, 2.4354398250579834, 2.238487958908081, -1.5736554861068726, -2.7318146228790283, -2.3767504692077637, -2.3097329139709473, -2.289222478866577, -2.293414354324341, -2.307452440261841, -2.3214032649993896, -2.3387937545776367, -2.3121700286865234, -2.2373523712158203, -2.2398014068603516, -2.2412075996398926, -2.2220261096954346, -2.2188925743103027, -2.2500510215759277, -2.280129909515381, -2.297619581222534, -2.290069341659546, -2.265376567840576, -2.2545294761657715, -2.2762787342071533, -2.2998058795928955, -2.2837798595428467, -2.28171706199646, -2.304239511489868, -2.314434289932251, -2.278291940689087, -2.3942770957946777, -2.3275651931762695, -2.238173007965088, -2.273146390914917, -2.41902494430542, -2.4231956005096436, -2.441873550415039, -2.4526875019073486, -2.4618210792541504, -2.482653856277466, -2.5152673721313477, -2.556353807449341, -2.586219072341919, -2.5971410274505615, -2.6118998527526855, -2.631166934967041, -2.6527445316314697, -2.6747021675109863, -2.6963727474212646, -2.71846342086792, -2.7439162731170654, -2.77742338180542, -2.837001323699951, -2.954925775527954], "predicted_p_opt": 0.05601374376459475, "predicted_tts": 17.8527613544746, "p_opt": 0.03904314456577454, "tts": 25.612691065785878, "approx": 0.6573339728771136, "opt_gap": -0.3426660271228864}