{"locs": [[0.13, 0.92], [0.01, 0.28], [0.8, 0.68], [0.17, 0.09], [0.68, 0.53], [0.08, 0.15], [0.51, 0.37]], "opt_value": 2.4846560955047607, "opt_count": 2.0, "feasible_count": 720.0, "mean_value": 3.9451661109924316, "std": 0.5591868758201599, "level": 7, "gammas": [3.1415947708768868, 3.1415343157582862, 3.141721341609499, 3.1413607377668757, 3.142286622175774, 3.1413660431102968, 3.1413906450065427], "betas": [3.141475047517578, 3.141670403431473, 3.1414314834187613, 3.141718069966916, 3.141808642371138, 3.1411031567790695, 3.1416704449449724], "predicted_p_opt": 0.625, "predicted_tts": 1.6, "p_opt": 0.5055376533228204, "tts": 1.9780920242580458, "approx": 1.2914605140686035, "opt_gap": 0.2914605140686035, "th": 2.4856560230255127}