{"locs": [[0.26, 0.56], [0.2, 0.35], [0.47, 0.83], [0.87, 0.86], [0.32, 0.49], [0.66, 0.45], [0.14, 0.56]], "opt_value": 2.06896710395813, "opt_count": 2.0, "feasible_count": 720.0, "mean_value": 2.9124300479888916, "std": 0.33595046401023865, "level": 7, "gammas": [3.1417188063116743, 3.141477977230909, 3.141684473489107, 3.1413981726596227, 3.14179085810456, 3.1418061595170856, 3.1414690273230663], "betas": [3.1416889757968383, 3.141568314292242, 3.141657570503991, 3.141386735329515, 3.142112166672353, 3.1414887060828893, 3.1415449202742525], "predicted_p_opt": 0.625, "predicted_tts": 1.6, "p_opt": 0.5055376641764916, "tts": 1.9780919817892804, "approx": 1.2021408081054688, "opt_gap": 0.20214080810546875, "th": 2.069967031478882}