{"N": 24, "edgelist": ["0 2 {}\n", "0 4 {}\n", "0 5 {}\n", "0 6 {}\n", "0 8 {}\n", "0 9 {}\n", "0 10 {}\n", "0 12 {}\n", "0 13 {}\n", "0 14 {}\n", "0 16 {}\n", "0 18 {}\n", "1 3 {}\n", "1 7 {}\n", "1 10 {}\n", "1 13 {}\n", "1 16 {}\n", "1 17 {}\n", "1 19 {}\n", "1 23 {}\n", "2 6 {}\n", "2 8 {}\n", "2 11 {}\n", "2 15 {}\n", "2 17 {}\n", "2 18 {}\n", "2 19 {}\n", "2 20 {}\n", "2 22 {}\n", "2 23 {}\n", "3 4 {}\n", "3 10 {}\n", "3 11 {}\n", "3 12 {}\n", "3 13 {}\n", "3 15 {}\n", "3 16 {}\n", "3 17 {}\n", "3 19 {}\n", "3 20 {}\n", "3 22 {}\n", "3 23 {}\n", "4 6 {}\n", "4 8 {}\n", "4 10 {}\n", "4 11 {}\n", "4 14 {}\n", "4 16 {}\n", "4 18 {}\n", "4 23 {}\n", "5 7 {}\n", "5 9 {}\n", "5 10 {}\n", "5 11 {}\n", "5 15 {}\n", "5 18 {}\n", "5 19 {}\n", "5 21 {}\n", "5 23 {}\n", "6 7 {}\n", "6 9 {}\n", "6 10 {}\n", "6 15 {}\n", "6 17 {}\n", "6 21 {}\n", "6 23 {}\n", "7 8 {}\n", "7 10 {}\n", "7 14 {}\n", "7 17 {}\n", "7 18 {}\n", "7 20 {}\n", "7 21 {}\n", "8 9 {}\n", "8 10 {}\n", "8 13 {}\n", "8 15 {}\n", "8 18 {}\n", "8 19 {}\n", "8 20 {}\n", "8 22 {}\n", "8 23 {}\n", "9 10 {}\n", "9 11 {}\n", "9 12 {}\n", "9 14 {}\n", "9 15 {}\n", "9 16 {}\n", "9 19 {}\n", "9 20 {}\n", "9 21 {}\n", "10 12 {}\n", "10 13 {}\n", "10 16 {}\n", "10 17 {}\n", "10 20 {}\n", "10 21 {}\n", "10 22 {}\n", "10 23 {}\n", "11 12 {}\n", "11 14 {}\n", "11 16 {}\n", "11 17 {}\n", "11 23 {}\n", "12 14 {}\n", "12 15 {}\n", "12 17 {}\n", "12 18 {}\n", "13 14 {}\n", "13 17 {}\n", "13 18 {}\n", "13 19 {}\n", "13 20 {}\n", "13 21 {}\n", "13 22 {}\n", "14 17 {}\n", "14 20 {}\n", "14 23 {}\n", "15 16 {}\n", "15 17 {}\n", "15 19 {}\n", "15 20 {}\n", "15 21 {}\n", "15 22 {}\n", "15 23 {}\n", "16 18 {}\n", "16 19 {}\n", "16 21 {}\n", "16 23 {}\n", "17 18 {}\n", "17 23 {}\n", "18 19 {}\n", "19 21 {}\n", "19 23 {}\n", "20 22 {}\n", "22 23 {}\n"], "opt_value": 119, "opt_count": 3, "feasible_count": 2704156, "mean_value": 103.47826086956522, "std": 3.41004536594245, "level": 45, "gammas": [3.141817113906137, 3.1417878647792534, 3.1417604072574385, 3.141734743663884, 3.1417107552908132, 3.141688365852177, 3.1416673934600015, 3.1416475818996847, 3.1416286496207824, 3.1416101674338486, 3.1415910561919502, 3.141570257043559, 3.141547445627328, 3.141524125723543, 3.1414995640241403, 3.1414638027910033, 3.141427719397786, 3.141419181226145, 3.1414131389336166, 3.1413839259275633, 3.141373165279614, 3.141390689842711, 3.141395542610733, 3.1413887924939923, 3.1413876650879478, 3.1413879792766832, 3.141401382130028, 3.1414308883289666, 3.1414555195190728, 3.1414775604431964, 3.141508088565033, 3.1415329493800344, 3.1415484237059554, 3.1415653220021307, 3.1415845111105356, 3.141603085003782, 3.141620867673473, 3.141638832239902, 3.1416576841562627, 3.1416778020538874, 3.1416993930405424, 3.1417225591376035, 3.141747402368757, 3.1417739933402355, 3.141802340094433], "betas": [3.1413830320014444, 3.1414114013527503, 3.1414379469526406, 3.141462761076765, 3.141485905499298, 3.14150740887028, 3.1415271858894127, 3.1415450668911205, 3.141560865279857, 3.1415739313650506, 3.141583133923393, 3.1415877886040957, 3.141588369461805, 3.141586753281861, 3.141576732056411, 3.1415535596731727, 3.1415443857812027, 3.141555461035757, 3.141545838704232, 3.1415270030182656, 3.141539650952622, 3.141557503256662, 3.141553890675731, 3.1415480552386175, 3.141543756150723, 3.1415420500845044, 3.141556938621065, 3.141575225372683, 3.1415831049495173, 3.141594258533645, 3.1416062342324103, 3.141604855353512, 3.141597381322367, 3.1415906541811274, 3.1415819449820868, 3.1415696430436286, 3.1415543461097792, 3.1415368791555336, 3.141517677791911, 3.141496890491914, 3.1414745309097962, 3.1414505445875838, 3.141424835164403, 3.1413973273809646, 3.1413711859142808], "predicted_p_opt": 0.009186969982501009, "predicted_tts": 108.84981684981686, "p_opt": 0.004595426417045648, "tts": 217.60766232503178, "approx": 0.9740204227701197, "opt_gap": -0.025979577229880313, "th": -115.95573616003996}