{"edges": [[0, 6], [0, 8], [0, 9], [1, 6], [1, 10], [1, 11], [1, 12], [2, 6], [2, 9], [3, 6], [4, 9], [5, 9], [5, 12], [6, 11], [7, 8], [7, 9], [8, 9], [8, 12], [9, 11]], "num_nodes": 13, "num_colors": 3, "opt_value": 19, "opt_count": 528, "feasible_count": 1594323, "mean_value": 12.666666666666666, "std": 2.0548046676563256, "level": 13, "gammas": [-0.16869758069515228, -0.3252156376838684, -0.35878267884254456, -0.37064582109451294, -0.37890705466270447, -0.3864450454711914, -0.3943427801132202, -0.4035698473453522, -0.41507160663604736, -0.43010443449020386, -0.45019349455833435, -0.47924891114234924, -0.5167293548583984], "betas": [2.246612787246704, 1.8747705221176147, 1.7121078968048096, 1.6353949308395386, 1.5954033136367798, 1.569206714630127, 1.5480750799179077, 1.5273710489273071, 1.5044831037521362, 1.4767802953720093, 1.4375660419464111, 1.3831337690353394, 1.3926175832748413], "predicted_p_opt": 0.24142661179698216, "predicted_tts": 4.142045454545455, "p_opt": 0.010406105779111385, "tts": 96.09742791653551, "approx": 0.9022185802459717, "opt_gap": -0.09778141975402832}