{"edges": [[0, 4], [0, 8], [0, 12], [1, 3], [1, 4], [1, 10], [1, 12], [2, 5], [2, 6], [2, 10], [2, 12], [5, 6], [5, 9], [5, 12], [6, 11], [7, 9], [7, 12], [8, 11], [8, 12], [9, 10], [11, 12]], "num_nodes": 13, "num_colors": 3, "opt_value": 21, "opt_count": 180, "feasible_count": 1594323, "mean_value": 14.0, "std": 2.160246899469287, "level": 13, "gammas": [0.14235401153564453, 0.2910075783729553, 0.33066505193710327, 0.34409287571907043, 0.35083824396133423, 0.3557138442993164, 0.35952502489089966, 0.3632347285747528, 0.3691374957561493, 0.3790399134159088, 0.3937772214412689, 0.4176735281944275, 0.46013209223747253], "betas": [-2.338479518890381, -1.935723066329956, -1.747314214706421, -1.6489894390106201, -1.590192198753357, -1.5470942258834839, -1.506529450416565, -1.4665087461471558, -1.4286526441574097, -1.3873231410980225, -1.3316004276275635, -1.2456564903259277, -1.0482228994369507], "predicted_p_opt": 0.0823045267489712, "predicted_tts": 12.15, "p_opt": 0.003213622374460101, "tts": 311.17532910754744, "approx": 0.8901103138923645, "opt_gap": -0.1098896861076355}