{"edges": [[0, 1], [0, 14], [0, 16], [1, 3], [1, 6], [1, 12], [1, 14], [1, 16], [2, 3], [2, 12], [2, 14], [3, 9], [3, 15], [4, 5], [4, 7], [4, 12], [5, 8], [5, 10], [5, 11], [5, 15], [5, 16], [6, 10], [6, 13], [7, 12], [8, 15], [9, 15], [9, 16], [10, 11], [10, 16], [13, 14], [13, 15], [13, 16]], "num_nodes": 17, "num_colors": 3, "opt_value": 32, "opt_count": 120, "feasible_count": 129140163, "mean_value": 21.333333333333332, "std": 2.6666666666666665, "level": 12, "gammas": [0.11996820115194068, 0.2411189388566943, 0.271251539373431, 0.2808234148391102, 0.28615613477081064, 0.29106989521220333, 0.2968597510179967, 0.3041824595942999, 0.31381220878293326, 0.3272353239797731, 0.3476477118403206, 0.38309076971838774], "betas": [-2.341442475826123, -1.947897211718906, -1.7650565304268107, -1.6716759639380134, -1.6179545678815381, -1.5819951907264143, -1.5519108742878516, -1.5199863061423433, -1.4795358669989451, -1.421665242421809, -1.325417887843852, 5.171945585626291], "predicted_p_opt": 0.0005807643281354693, "predicted_tts": 1721.86884, "p_opt": 1.3540960152484897e-05, "tts": 73850.00684877507, "approx": 0.8482938396864848, "opt_gap": -0.15170616031351525}