{"edges": [[0, 3], [0, 6], [0, 7], [0, 8], [1, 9], [2, 5], [2, 6], [2, 11], [3, 4], [3, 6], [3, 9], [3, 10], [5, 9], [5, 12], [6, 8], [6, 12], [7, 8], [7, 10], [8, 12], [10, 11]], "num_nodes": 13, "num_colors": 3, "distribution": [[0, 3], [3, 96], [2, 24], [5, 954], [6, 2598], [4, 348], [7, 6810], [8, 16650], [9, 38394], [10, 80622], [11, 147066], [12, 228108], [13, 292926], [14, 300474], [15, 243912], [16, 150222], [17, 63918], [18, 18330], [1, 12], [19, 2688], [20, 168]], "opt_value": 20, "opt_count": 168, "feasible_count": 1594323, "mean_value": 13.333333333333334, "std": 2.1081851067789197, "level": 8, "gammas": [0.2570113241672516, 0.3840605318546295, 0.39150890707969666, 0.3922758996486664, 0.39426127076148987, 0.3980512320995331, 0.4030930697917938, 0.40304771065711975], "betas": [2.5592923164367676, 2.4464385509490967, 2.4444069862365723, 2.475450038909912, -3.766890048980713, 2.5702531337738037, 2.6508047580718994, -3.4930176734924316], "predicted_p_opt": 0.030453051232403973, "predicted_tts": 32.83743203163618, "p_opt": 0.017376198747323903, "tts": 57.549986308369625}