{"edges": [[0, 1], [0, 7], [0, 9], [1, 9], [2, 5], [2, 6], [2, 7], [2, 8], [2, 9], [2, 10], [3, 5], [3, 6], [3, 9], [4, 8], [4, 9], [5, 9], [5, 11], [6, 8], [7, 10], [7, 11], [9, 10], [10, 11]], "num_nodes": 12, "num_colors": 3, "opt_value": 22, "opt_count": 36, "feasible_count": 531441, "mean_value": 14.666666666666666, "std": 2.211083193570267, "level": 61, "gammas": [3.1415926549960225, 3.1415926712040316, 3.141592654725086, 3.141592642480823, 3.14159264570553, 3.141592633096944, 3.141592643576626, 3.1415926514744403, 3.141592658498299, 3.141592672668549, 3.141592670314647, 3.141592677009794, 3.141592672905492, 3.141592666458098, 3.1415926468404685, 3.1415926397165674, 3.1415926273233, 3.1415926064423294, 3.1415925664824993, 3.1415925155123747, 3.1415924497941385, 3.141592361329583, 3.1415922710187645, 3.141592095748152, 3.1415918162763496, 3.141591278945165, 3.1415905738397596, 3.141589109256576, 3.141586572303381, 3.1415837406522167, 3.141579992248383, 3.141573179265382, 3.141554383468643, 3.1415429344797534, 3.1415254891925324, 3.1415192869700284, 3.141490889670402, 3.1414711297058644, 3.1415078648026484, 3.1415215350058956, 3.1413937806928782, 3.141295980561187, 3.1411743010169775, 3.141052405564332, 3.141175022303836, 3.141135490948188, 3.141209783388087, 3.1411824996805975, 3.141137726499708, 3.1405244077340395, 3.1401503248016627, 3.138875304501065, 3.13988625087277, 3.139407383395657, 3.1397543736472264, 3.1387026675958203, 3.1396171434385383, 3.132935191454945, 3.1359721654192585, 3.112092855009104, 3.1262478610158064], "betas": [3.141592640713035, 3.1415926498434934, 3.1415926594371233, 3.1415926638926375, 3.141592665995289, 3.1415926668888527, 3.14159266087691, 3.141592652448535, 3.14159264821787, 3.141592640726532, 3.141592632764796, 3.1415926322037726, 3.141592637690581, 3.1415926403702104, 3.1415926454556056, 3.1415926536844934, 3.1415926542020456, 3.1415926459048515, 3.141592617809809, 3.141592560086537, 3.141592467358803, 3.141592365969602, 3.1415922291991687, 3.1415919685361233, 3.1415915582807914, 3.1415908613489854, 3.141589977889977, 3.141587766284, 3.1415853159282263, 3.141581748889048, 3.141578038583515, 3.141564367920827, 3.1415478862093233, 3.141535408890983, 3.1415204932008503, 3.141511371158097, 3.141471781693384, 3.141487651386775, 3.1415229387203265, 3.141477730154246, 3.141320748047567, 3.1412674546739647, 3.1410664660153986, 3.141128163303133, 3.1411509846795718, 3.1411827826690786, 3.1411754740082443, 3.1412487991295297, 3.140776862753962, 3.1404717580339487, 3.1393650631805894, 3.139277165855539, 3.139839084995952, 3.1394936900690036, 3.139285631134464, 3.13908772349873, 3.1370868358264588, 3.1341802022764966, 3.1259044079238665, 3.112949530460016, 3.1372177707090683], "predicted_p_opt": 1.0248437738149672, "predicted_tts": 0.9757584770969662, "p_opt": 0.7192427522149752, "tts": 1.3903511671412838, "approx": 0.9064080226905993, "opt_gap": -0.09359197730940072, "th": -21.999000549316406}