{"edges": [[12, 13], [12, 8], [12, 14], [13, 9], [13, 1], [3, 10], [3, 6], [3, 17], [10, 15], [10, 7], [5, 7], [5, 19], [5, 17], [7, 0], [8, 18], [8, 4], [19, 2], [19, 15], [1, 6], [1, 2], [6, 14], [9, 17], [9, 18], [11, 14], [11, 16], [11, 18], [15, 0], [4, 2], [4, 16], [0, 16]], "num_nodes": 20, "distribution": [[0, 2], [10, 6], [12, 6], [20, 74], [15, 16], [23, 196], [25, 378], [31, 1368], [9, 12], [19, 68], [27, 478], [22, 112], [30, 1088], [36, 4488], [18, 72], [28, 600], [26, 384], [34, 2730], [29, 768], [37, 5740], [35, 3662], [41, 16754], [17, 50], [21, 80], [24, 268], [38, 7486], [39, 9660], [43, 29060], [16, 48], [32, 1716], [33, 2092], [42, 21994], [46, 60612], [11, 8], [40, 12856], [45, 48474], [44, 37682], [48, 83520], [47, 72504], [50, 97734], [52, 88486], [49, 92714], [51, 96332], [53, 75700], [54, 60002], [55, 43838], [8, 2], [56, 29214], [58, 9924], [57, 17668], [7, 6], [59, 5254], [14, 14], [60, 2600], [62, 494], [61, 1188], [63, 204], [64, 70], [13, 2], [65, 12], [66, 4], [67, 2]], "opt_value": 67, "opt_count": 2, "feasible_count": 1048576, "mean_value": 49.0, "std": 4.949747468305833, "level": 3, "gammas": [0.08043356239795685, 0.15275387465953827, 0.19380983710289001], "betas": [1.635677695274353, 1.1371841430664062, 0.9347956776618958], "predicted_p_opt": 9.34600830078125e-05, "predicted_tts": 10699.755102040815, "p_opt": 1.0721287253545597e-05, "tts": 93272.38197720089, "approx": 0.8128659129142761}