{"N": 18, "edgelist": ["0 1 {}\n", "0 7 {}\n", "0 11 {}\n", "0 13 {}\n", "0 16 {}\n", "0 17 {}\n", "1 3 {}\n", "1 4 {}\n", "1 5 {}\n", "1 7 {}\n", "1 9 {}\n", "1 11 {}\n", "1 13 {}\n", "1 15 {}\n", "1 16 {}\n", "2 4 {}\n", "2 8 {}\n", "2 11 {}\n", "2 13 {}\n", "2 14 {}\n", "2 16 {}\n", "3 5 {}\n", "3 7 {}\n", "3 11 {}\n", "3 12 {}\n", "4 5 {}\n", "4 6 {}\n", "4 7 {}\n", "4 8 {}\n", "4 9 {}\n", "4 11 {}\n", "4 12 {}\n", "4 13 {}\n", "4 14 {}\n", "4 16 {}\n", "5 6 {}\n", "5 9 {}\n", "5 10 {}\n", "5 11 {}\n", "5 12 {}\n", "5 13 {}\n", "5 14 {}\n", "5 15 {}\n", "6 7 {}\n", "6 9 {}\n", "6 13 {}\n", "6 14 {}\n", "6 16 {}\n", "7 8 {}\n", "7 9 {}\n", "7 10 {}\n", "7 11 {}\n", "7 14 {}\n", "7 17 {}\n", "8 9 {}\n", "8 10 {}\n", "8 12 {}\n", "8 15 {}\n", "8 16 {}\n", "8 17 {}\n", "9 11 {}\n", "9 12 {}\n", "9 13 {}\n", "9 14 {}\n", "9 15 {}\n", "9 16 {}\n", "10 11 {}\n", "10 12 {}\n", "10 13 {}\n", "10 14 {}\n", "10 15 {}\n", "10 16 {}\n", "11 13 {}\n", "11 14 {}\n", "11 16 {}\n", "11 17 {}\n", "12 13 {}\n", "12 14 {}\n", "12 16 {}\n", "12 17 {}\n", "13 14 {}\n", "14 16 {}\n", "15 16 {}\n", "15 17 {}\n"], "opt_value": 76, "opt_count": 1, "feasible_count": 48620, "mean_value": 64.23529411764706, "std": 3.0770385259150395, "level": 23, "gammas": [3.141594325981267, 3.1415923387452116, 3.1415924154603125, 3.1415927282134755, 3.1415927027493513, 3.1415925291815636, 3.1415925668001607, 3.141592776984721, 3.1415927275225175, 3.141592152188944, 3.141591592684246, 3.141591559836708, 3.141592408278453, 3.141587447283182, 3.1415812907118097, 3.1415771105515025, 3.1415571955482213, 3.1415606475284523, 3.141357134276184, 3.1415983329029045, 3.140236803678153, 3.1399984767667517, 3.141351065903362], "betas": [3.141592430583567, 3.1415930447580265, 3.1415926915867725, 3.141592549984357, 3.141592699393801, 3.141592785379969, 3.1415926372430465, 3.1415924951517264, 3.141592545239743, 3.14159272559773, 3.1415923083922763, 3.1415910084456113, 3.141588675405215, 3.141584568890979, 3.14158886143348, 3.14155929702415, 3.1415445065225063, 3.141525140358624, 3.141381213684362, 3.1412482314120393, 3.1396223078841197, 3.1408005597577047, 3.141550881890434], "predicted_p_opt": 0.04543397778691896, "predicted_tts": 22.00995925758262, "p_opt": 0.04475035919894264, "tts": 22.3461893468696, "approx": 0.852125519649311, "opt_gap": -0.14787448035068895, "th": -75.9990005493164}