{"N": 20, "edgelist": ["0 1 {}\n", "0 7 {}\n", "0 11 {}\n", "0 13 {}\n", "0 16 {}\n", "0 17 {}\n", "0 18 {}\n", "0 19 {}\n", "1 3 {}\n", "1 4 {}\n", "1 5 {}\n", "1 7 {}\n", "1 9 {}\n", "1 11 {}\n", "1 13 {}\n", "1 15 {}\n", "1 16 {}\n", "1 19 {}\n", "2 4 {}\n", "2 8 {}\n", "2 11 {}\n", "2 13 {}\n", "2 14 {}\n", "2 16 {}\n", "2 18 {}\n", "3 5 {}\n", "3 7 {}\n", "3 11 {}\n", "3 12 {}\n", "4 5 {}\n", "4 6 {}\n", "4 7 {}\n", "4 8 {}\n", "4 9 {}\n", "4 11 {}\n", "4 12 {}\n", "4 13 {}\n", "4 14 {}\n", "4 16 {}\n", "4 18 {}\n", "4 19 {}\n", "5 6 {}\n", "5 9 {}\n", "5 10 {}\n", "5 11 {}\n", "5 12 {}\n", "5 13 {}\n", "5 14 {}\n", "5 15 {}\n", "5 18 {}\n", "5 19 {}\n", "6 7 {}\n", "6 9 {}\n", "6 13 {}\n", "6 14 {}\n", "6 16 {}\n", "6 18 {}\n", "7 8 {}\n", "7 9 {}\n", "7 10 {}\n", "7 11 {}\n", "7 14 {}\n", "7 17 {}\n", "8 9 {}\n", "8 10 {}\n", "8 12 {}\n", "8 15 {}\n", "8 16 {}\n", "8 17 {}\n", "8 18 {}\n", "9 11 {}\n", "9 12 {}\n", "9 13 {}\n", "9 14 {}\n", "9 15 {}\n", "9 16 {}\n", "9 18 {}\n", "10 11 {}\n", "10 12 {}\n", "10 13 {}\n", "10 14 {}\n", "10 15 {}\n", "10 16 {}\n", "10 18 {}\n", "10 19 {}\n", "11 13 {}\n", "11 14 {}\n", "11 16 {}\n", "11 17 {}\n", "12 13 {}\n", "12 14 {}\n", "12 16 {}\n", "12 17 {}\n", "12 19 {}\n", "13 14 {}\n", "13 18 {}\n", "13 19 {}\n", "14 16 {}\n", "14 19 {}\n", "15 16 {}\n", "15 17 {}\n", "15 18 {}\n", "16 18 {}\n"], "opt_value": 92, "opt_count": 1, "feasible_count": 184756, "mean_value": 78.60526315789474, "std": 3.405136828277656, "level": 39, "gammas": [1.841761589050293, 1.8306105136871338, 1.8250313997268677, 1.8253426551818848, 1.8314635753631592, 1.8431800603866577, 1.8606065511703491, 1.8826422691345215, 1.9066306352615356, 1.9300518035888672, 1.951393485069275, 1.9698227643966675, 1.9847350120544434, 1.995605230331421, 2.0020205974578857, 2.0037240982055664, 2.0006628036499023, 1.9929882287979126, 1.9810519218444824, 1.9653465747833252, 1.9464201927185059, 1.9247957468032837, 1.9010461568832397, 1.876726508140564, 1.8549340963363647, 1.8378725051879883, 1.8262494802474976, 1.8202857971191406, 1.8201791048049927, 1.8255964517593384, 1.837340235710144, 2.6021272484279097, 2.6021272484279097, 2.6021272484279097, 2.6021272484279097, 2.6021272484279097, 2.6021272484279097, 2.6021272484279097, 2.6021272484279097], "betas": [1.8343945741653442, 1.8262437582015991, 1.8238176107406616, 1.8274840116500854, 1.8369834423065186, 1.8524326086044312, 1.8734663724899292, 1.8978955745697021, 1.9222805500030518, 1.944514274597168, 1.9639145135879517, 1.9800606966018677, 1.9923566579818726, 2.0003762245178223, 2.003774404525757, 2.0024046897888184, 1.9963366985321045, 1.9858379364013672, 1.9713550806045532, 1.9534176588058472, 1.9326412677764893, 1.9097594022750854, 1.8860218524932861, 1.8636215925216675, 1.8450887203216553, 1.831613302230835, 1.8232938051223755, 1.8204889297485352, 1.8233133554458618, 1.8316624164581299, 1.8460118770599365, 0.0, 0.0, 0.0, 0.0, 0.0, 0.0, 0.0, 0.0], "predicted_p_opt": 0.03377968780445561, "predicted_tts": 29.603589168402497, "p_opt": 0.005747124707296258, "tts": 174.00005236191424, "approx": 0.9703279574902038, "opt_gap": -0.02967204250979616, "th": -88.8507771311537}