{"N": 26, "edgelist": ["0 1 {}\n", "0 3 {}\n", "0 4 {}\n", "0 7 {}\n", "0 8 {}\n", "0 18 {}\n", "0 23 {}\n", "0 24 {}\n", "1 2 {}\n", "1 4 {}\n", "1 9 {}\n", "1 11 {}\n", "1 12 {}\n", "1 15 {}\n", "1 16 {}\n", "1 20 {}\n", "1 24 {}\n", "1 25 {}\n", "2 7 {}\n", "2 9 {}\n", "2 10 {}\n", "2 11 {}\n", "2 12 {}\n", "2 13 {}\n", "2 14 {}\n", "2 15 {}\n", "2 17 {}\n", "2 19 {}\n", "2 21 {}\n", "2 23 {}\n", "2 25 {}\n", "3 4 {}\n", "3 5 {}\n", "3 10 {}\n", "3 15 {}\n", "3 16 {}\n", "3 20 {}\n", "3 22 {}\n", "3 25 {}\n", "4 5 {}\n", "4 6 {}\n", "4 7 {}\n", "4 10 {}\n", "4 15 {}\n", "4 16 {}\n", "4 18 {}\n", "4 20 {}\n", "4 21 {}\n", "4 22 {}\n", "4 23 {}\n", "4 24 {}\n", "4 25 {}\n", "5 10 {}\n", "5 11 {}\n", "5 12 {}\n", "5 14 {}\n", "5 15 {}\n", "5 16 {}\n", "5 17 {}\n", "5 19 {}\n", "5 23 {}\n", "5 24 {}\n", "6 7 {}\n", "6 12 {}\n", "6 15 {}\n", "6 16 {}\n", "6 18 {}\n", "6 19 {}\n", "6 22 {}\n", "6 23 {}\n", "6 24 {}\n", "7 14 {}\n", "7 16 {}\n", "7 19 {}\n", "7 25 {}\n", "8 9 {}\n", "8 10 {}\n", "8 14 {}\n", "8 17 {}\n", "8 18 {}\n", "8 19 {}\n", "8 21 {}\n", "8 22 {}\n", "8 24 {}\n", "8 25 {}\n", "9 10 {}\n", "9 11 {}\n", "9 12 {}\n", "9 13 {}\n", "9 21 {}\n", "9 23 {}\n", "9 25 {}\n", "10 12 {}\n", "10 16 {}\n", "10 18 {}\n", "10 19 {}\n", "10 20 {}\n", "10 21 {}\n", "10 22 {}\n", "10 23 {}\n", "10 24 {}\n", "10 25 {}\n", "11 15 {}\n", "11 20 {}\n", "11 21 {}\n", "12 13 {}\n", "12 15 {}\n", "12 16 {}\n", "12 19 {}\n", "12 20 {}\n", "12 22 {}\n", "12 24 {}\n", "13 18 {}\n", "13 21 {}\n", "13 23 {}\n", "14 19 {}\n", "14 20 {}\n", "14 21 {}\n", "14 22 {}\n", "14 24 {}\n", "14 25 {}\n", "15 24 {}\n", "16 20 {}\n", "17 18 {}\n", "17 19 {}\n", "17 21 {}\n", "17 24 {}\n", "17 25 {}\n", "18 19 {}\n", "18 21 {}\n", "18 24 {}\n", "18 25 {}\n", "19 21 {}\n", "19 22 {}\n", "20 22 {}\n", "20 23 {}\n", "20 24 {}\n", "21 24 {}\n", "22 24 {}\n", "23 25 {}\n", "24 25 {}\n"], "opt_value": 124, "opt_count": 3, "feasible_count": 10400600, "mean_value": 107.16, "std": 4.070312454623216, "level": 99, "gammas": [-0.09241105616092682, -0.1624387949705124, -0.1756570041179657, -0.17654043436050415, -0.17515231668949127, -0.1717843860387802, -0.1680648773908615, -0.16450172662734985, -0.16178950667381287, -0.15681873261928558, -0.1513139307498932, -0.15745039284229279, -0.16772620379924774, -0.14927130937576294, -0.1469288021326065, -0.14775912463665009, -0.14845086634159088, -0.14721401035785675, -0.14580193161964417, -0.14538049697875977, -0.14440932869911194, -0.14316658675670624, -0.14234614372253418, -0.14143817126750946, -0.14045466482639313, -0.13960584998130798, -0.13883483409881592, -0.13809821009635925, -0.13739004731178284, -0.1367674171924591, -0.13610155880451202, -0.13553044199943542, -0.13504499197006226, -0.13421031832695007, -0.13391566276550293, -0.13327626883983612, -0.1323297768831253, -0.13333465158939362, -0.12888728082180023, -0.12550145387649536, -0.14447391033172607, -0.1328044980764389, -0.13464465737342834, -0.12804904580116272, -0.1289995312690735, -0.13119328022003174, -0.1313353329896927, -0.1331024020910263, -0.1345750391483307, -0.1342790126800537, -0.135847806930542, -0.1370583325624466, -0.13479945063591003, -0.14304788410663605, -0.1518717259168625, -0.10427242517471313, 0.08082474768161774, 0.11768229305744171, 0.14333555102348328, 0.15377740561962128, 0.15327495336532593, 0.14915888011455536, 0.14922374486923218, 0.14950962364673615, 0.14964018762111664, 0.14860187470912933, 0.14836342632770538, 0.1517898291349411, 0.15138520300388336, 0.15420715510845184, 0.1562764197587967, 0.15404850244522095, 0.15562579035758972, 0.15571747720241547, 0.15750226378440857, 0.158687025308609, 0.15969166159629822, 0.16073641180992126, 0.16196799278259277, 0.1631251722574234, 0.16424746811389923, 0.1654200702905655, 0.16660265624523163, 0.16780494153499603, 0.16895180940628052, 0.1700720340013504, 0.1711122840642929, 0.17216716706752777, 0.1731547862291336, 0.17382138967514038, 0.174299955368042, 0.17530173063278198, 0.17230752110481262, 0.18011875450611115, 0.1747395396232605, 0.17389625310897827, 0.1699918657541275, -0.10438723011698971, -0.17384887211963043], "betas": [2.8811492919921875, 2.847642660140991, 2.8551039695739746, 2.8498361110687256, 2.832216501235962, 2.7950680255889893, 2.761289358139038, 2.744210720062256, 2.7177042961120605, 2.611815929412842, 2.479707717895508, 2.4993491172790527, 2.4531500339508057, 2.54545521736145, 2.4297523498535156, 2.439746141433716, 2.4251549243927, 2.390373945236206, 2.3741273880004883, 2.3602144718170166, 2.338615894317627, 2.321955919265747, 2.3077104091644287, 2.2911317348480225, 2.2760324478149414, 2.261991262435913, 2.248683452606201, 2.2356488704681396, 2.2234790325164795, 2.212247848510742, 2.2006585597991943, 2.1914544105529785, 2.18160343170166, 2.170987606048584, 2.168158531188965, 2.1549668312072754, 2.1522464752197266, 2.149813175201416, 2.138350009918213, 2.15549635887146, 2.089484930038452, 2.128772020339966, 2.1231772899627686, 2.1385648250579834, 2.151508331298828, 2.1499757766723633, 2.1531383991241455, 2.1573235988616943, 2.1532719135284424, 2.1452624797821045, 2.170135259628296, 2.177593469619751, 2.1585276126861572, 2.317246437072754, 2.345087766647339, -1.7889480590820312, -2.698674201965332, -2.4159364700317383, -2.458888292312622, -2.4208059310913086, -2.412532329559326, -2.40088152885437, -2.4244632720947266, -2.441105365753174, -2.452561855316162, -2.4602200984954834, -2.466775894165039, -2.484035015106201, -2.488823413848877, -2.493382215499878, -2.538224458694458, -2.551835298538208, -2.562894105911255, -2.5828230381011963, -2.603178024291992, -2.618248462677002, -2.6375627517700195, -2.658939838409424, -2.6799397468566895, -2.7011890411376953, -2.7231218814849854, -2.7455649375915527, -2.7680649757385254, -2.7904787063598633, -2.8122947216033936, -2.832378625869751, -2.852177143096924, -2.8707194328308105, -2.8872182369232178, -2.900777816772461, -2.906022548675537, -2.9035189151763916, -3.014366388320923, -2.834233045578003, -2.9174444675445557, -2.947543144226074, -2.9592182636260986, 0.1038856097423907, 0.014015341032649536], "predicted_p_opt": 0.011422706382324097, "predicted_tts": 87.54492731665025, "p_opt": 0.00796320909045437, "tts": 125.57751386921592, "approx": 0.8724751506976992, "opt_gap": -0.1275248493023008}