{"edges": [[0, 5], [0, 7], [0, 8], [1, 3], [1, 5], [1, 9], [1, 10], [1, 11], [2, 3], [2, 5], [2, 8], [2, 10], [2, 11], [3, 6], [3, 7], [3, 9], [3, 11], [4, 5], [4, 8], [4, 11], [5, 11], [6, 9], [7, 8], [7, 9], [8, 9], [9, 10], [10, 11]], "num_nodes": 12, "num_colors": 3, "opt_value": 27, "opt_count": 6, "feasible_count": 531441, "mean_value": 18.0, "std": 2.449489742783178, "level": 26, "gammas": [3.1404638290405273, 3.1395697593688965, 3.1383578777313232, 3.136904239654541, 3.135380983352661, 3.1340444087982178, 3.133141279220581, 3.1328201293945312, 3.133105754852295, 3.1338157653808594, 3.1346261501312256, 3.135254383087158, 3.135556221008301, 3.1354775428771973, 3.135014533996582, 3.134216547012329, 3.1332530975341797, 3.1324479579925537, 3.132132053375244, 3.1324667930603027, 3.1334009170532227, 3.1347501277923584, 3.1362810134887695, 3.1377880573272705, 3.139108419418335, 3.1401360034942627], "betas": [3.1400253772735596, 3.138975143432617, 3.1376359462738037, 3.1361300945281982, 3.134675979614258, 3.133535146713257, 3.1329100131988525, 3.132897138595581, 3.1334195137023926, 3.1342129707336426, 3.134960651397705, 3.1354410648345947, 3.1355626583099365, 3.13529634475708, 3.1346561908721924, 3.1337392330169678, 3.1327943801879883, 3.1321861743927, 3.132183074951172, 3.132830858230591, 3.1340019702911377, 3.1354727745056152, 3.1370155811309814, 3.1384496688842773, 3.139639377593994, 3.1405115127563477], "predicted_p_opt": 0.03171377443592045, "predicted_tts": 31.53203987184051, "p_opt": 0.01567591479185482, "tts": 63.79213036546986, "approx": 0.92444394717975, "opt_gap": -0.07555605282025002, "th": -24.97838418116754}