{"edges": [[0, 1], [0, 2], [0, 10], [0, 11], [1, 7], [1, 8], [2, 5], [2, 6], [2, 9], [2, 11], [3, 7], [3, 8], [4, 8], [4, 10], [5, 6], [6, 8], [7, 8], [7, 10], [9, 11]], "num_nodes": 12, "num_colors": 3, "opt_value": 19, "opt_count": 66, "feasible_count": 531441, "mean_value": 12.666666666666666, "std": 2.0548046676563256, "level": 3, "gammas": [0.23175320029258728, 0.43349653482437134, 0.5020197033882141], "betas": [-1.9079700708389282, -1.3899985551834106, -1.0547266006469727], "predicted_p_opt": 0.006085341552495949, "predicted_tts": 164.32931354359926, "p_opt": 0.0011175837134942412, "tts": 894.7875563374098, "approx": 0.8096970915794373, "opt_gap": -0.19030290842056274}