{"edges": [[12, 19], [12, 14], [12, 2], [19, 15], [19, 17], [5, 7], [5, 3], [5, 8], [7, 0], [7, 1], [3, 16], [3, 1], [16, 6], [16, 4], [8, 9], [8, 14], [9, 11], [9, 18], [4, 18], [4, 2], [18, 10], [11, 1], [11, 15], [0, 14], [0, 6], [10, 6], [10, 13], [2, 17], [17, 13], [13, 15]], "num_nodes": 20, "opt_value": 28, "opt_count": 2, "feasible_count": 1048576, "mean_value": 15.0, "std": 2.7386127875258306, "level": 1, "gammas": [3.1417717453810665], "betas": [3.1417083488846766], "predicted_p_opt": 1.71661376953125e-05, "predicted_tts": 58254.22222222222, "p_opt": 9.941777467295211e-06, "tts": 100585.63504258991, "approx": 0.6678690542601423, "opt_gap": -0.3321309457398577, "th": -17.89937176300693}