{"edges": [[0, 1], [0, 4], [0, 7], [0, 11], [0, 13], [0, 14], [1, 2], [1, 3], [1, 6], [1, 7], [1, 8], [1, 10], [1, 11], [1, 14], [2, 6], [2, 11], [2, 13], [3, 7], [3, 12], [4, 6], [4, 11], [5, 7], [5, 11], [7, 13], [8, 9], [8, 12], [10, 14], [11, 12], [11, 13]], "num_nodes": 15, "num_colors": 3, "opt_value": 29, "opt_count": 48, "feasible_count": 14348907, "mean_value": 19.333333333333332, "std": 2.5385910352879693, "level": 45, "gammas": [3.1415927398093833, 3.1415925690519675, 3.1415925004841814, 3.1415925193254837, 3.141592541559337, 3.1415925694742146, 3.1415925648636005, 3.141592560550743, 3.1415925539260035, 3.1415925605656647, 3.141592566951158, 3.1415925860380307, 3.1415925876042743, 3.141592595082559, 3.1415926037589017, 3.141592589047076, 3.1415925607067905, 3.1415925117631227, 3.141592452087133, 3.141592318708637, 3.141592168641857, 3.1415921292121167, 3.1415920855914155, 3.141591779607323, 3.1415913750252757, 3.1415904316970056, 3.1415891482374474, 3.14158858352739, 3.1415879192376392, 3.1415833268188558, 3.1415722077430908, 3.141566265830171, 3.1415516817227904, 3.1415557515761336, 3.1415428816740567, 3.1415269135019406, 3.141407710004114, 3.14137752871609, 3.1412431220677033, 3.141245843439509, 3.140722030988798, 3.139993455969067, 3.1400907177645987, 3.136100915732753, 3.139857926863656], "betas": [3.141592677777111, 3.141592788371858, 3.141592803039209, 3.1415927775579653, 3.141592750659895, 3.14159273938469, 3.141592743605278, 3.141592750199717, 3.141592752482673, 3.1415927437522377, 3.1415927297233117, 3.141592721099873, 3.1415927056639594, 3.141592697348216, 3.1415927020415326, 3.141592710207218, 3.141592716654171, 3.1415927001720263, 3.141592613739846, 3.1415924263090678, 3.1415922841887656, 3.141592248461483, 3.1415920930820214, 3.1415917320024747, 3.1415912624296687, 3.141589991564947, 3.141589169820461, 3.141588379783247, 3.141586763574588, 3.1415772233438957, 3.141569076081481, 3.141559461751124, 3.1415520077587127, 3.1415553986152935, 3.1415371536289483, 3.1414786278938136, 3.141355605583108, 3.1413729527754217, 3.1411839114051694, 3.1411973895550664, 3.1399429052001824, 3.1408287675062456, 3.1374635035244327, 3.1375418842305454, 3.1411859666392226], "predicted_p_opt": 0.027701622151429375, "predicted_tts": 36.09896902548002, "p_opt": 0.027446798685275317, "tts": 36.43412156975818, "approx": 0.6758144647810771, "opt_gap": -0.3241855352189229, "th": -28.999000549316406}