{"edges": [[0, 2], [0, 5], [0, 9], [0, 13], [1, 2], [1, 6], [1, 7], [1, 9], [2, 5], [2, 11], [2, 12], [2, 14], [3, 5], [3, 7], [4, 5], [4, 10], [5, 11], [5, 13], [6, 7], [6, 11], [6, 13], [7, 8], [7, 9], [7, 10], [7, 14], [8, 9], [8, 13], [8, 14], [9, 10], [10, 13], [11, 13], [12, 13]], "num_nodes": 15, "num_colors": 3, "opt_value": 32, "opt_count": 12, "feasible_count": 14348907, "mean_value": 21.333333333333332, "std": 2.6666666666666665, "level": 30, "gammas": [-0.1512251707172063, -0.18981551133100172, -0.2223884369949708, -0.2601197682294815, -0.18575997386803297, -0.2522551154033519, -0.25660351759565575, -0.2188195570821361, -0.2588553286389137, -0.245898938188589, -0.25746851042857527, -0.2502996373181725, -0.2476819798468319, -0.2478514599256026, -0.24751093089039589, -0.2474963126644829, -0.24720284874645787, -0.2476941549526172, -0.2482839353510048, -0.25019413742322194, -0.25314723577408327, -0.2546200078848686, -0.24646424929869087, -0.27537986380027785, -0.3160994688814834, -0.4385272882572025, -0.4366916599000065, 5.886268611096789, 5.917446608751526, 5.914467684734693], "betas": [2.324503540392983, 1.5547007740494536, 2.1299405531609135, 1.7451172500583103, 1.6085491541892345, 1.872756164187286, 1.4940729388835892, 1.464467271110844, 1.5478907197919076, 1.4367331867304487, 1.436820706099085, 1.4871060095784074, 1.479440827846446, 1.4565906104830106, 1.4401181770474702, 1.4212925540305728, 1.4048044987437676, 1.3885634492034322, 1.3749904722908894, 1.3689270536586715, 1.3808209206647355, 1.4646118105109227, 1.4611816839795522, 1.0721003227227286, 1.7844380367212014, 2.115764302814044, 2.348308909322733, 2.4185430267068453, 2.48062622348461, 2.547326749172662], "predicted_p_opt": 0.0031118746535885975, "predicted_tts": 321.34970438054285, "p_opt": 2.70809243876383e-05, "tts": 36926.361363664255, "approx": 0.879988259717112, "opt_gap": -0.12001174028288797}