{"edges": [[0, 3], [0, 8], [0, 12], [0, 14], [1, 2], [1, 5], [1, 6], [1, 7], [1, 8], [1, 13], [2, 3], [2, 4], [2, 7], [2, 9], [2, 12], [3, 6], [3, 12], [3, 13], [3, 14], [4, 6], [4, 8], [4, 11], [4, 13], [5, 7], [7, 11], [9, 12], [10, 11], [11, 13]], "num_nodes": 15, "num_colors": 3, "opt_value": 28, "opt_count": 24, "feasible_count": 14348907, "mean_value": 18.666666666666668, "std": 2.494438257849294, "level": 30, "gammas": [-0.17837215155322533, -0.21758995585826654, -0.23196386028201293, -0.3119014470296898, -0.17440743105271234, -0.26006311709988555, -0.293637776000938, -0.21095687338934185, -0.2606553418057957, -0.2944502312530823, -0.2392490342085272, -0.26396089208269274, -0.26465687696417717, -0.2738479347971979, -0.26707185000702, -0.26921445967306773, -0.27399811297242666, -0.2782232698131356, -0.2829717754372281, -0.28524890249728935, -0.27500766685389677, -0.304871979733291, -0.33910662778205836, -0.46076101276523374, -0.48836621045501, 5.846347114512652, 5.893018708897759, 5.899520439180789, 5.9031171281615835, 5.89968682015093], "betas": [2.3909345344992414, 1.3753839374078813, 2.151884470782146, 1.8771076913764426, 1.5625527569104145, 2.1718839399089283, 1.7033699478951712, 1.3194191941125273, 1.7721542161199464, 1.574988215268248, 1.3612655643645777, 1.5284040573384832, 1.3897651480108961, 1.4324140626173487, 1.4989376255906717, 1.5034842105454571, 1.502471315503188, 1.5054936284935316, 1.5211879220783073, 1.6030248924107178, 1.6067428167480151, 1.185588254611448, 1.8223554360790968, 2.102320101506941, 2.367788863169508, 2.457201369120838, 2.4661584942335693, 2.442697686475302, 2.473217459820055, 2.5395193950626282], "predicted_p_opt": 0.006223749307177195, "predicted_tts": 160.67485219027142, "p_opt": 8.805948929253729e-05, "tts": 11355.95956817281, "approx": 0.8993147922618228, "opt_gap": -0.10068520773817724}