{"edges": [[0, 6], [1, 5], [1, 6], [1, 7], [1, 10], [2, 3], [2, 7], [2, 12], [3, 5], [3, 7], [3, 10], [4, 7], [4, 8], [5, 6], [6, 11], [6, 12], [8, 10], [9, 10]], "num_nodes": 13, "num_colors": 3, "opt_value": 18, "opt_count": 816, "feasible_count": 1594323, "mean_value": 12.0, "std": 2.0, "level": 7, "gammas": [3.141527429915961, 3.1416045438679943, 3.1415105230618123, 3.1416765815896053, 3.141543600516678, 3.1413879597726697, 3.141654329541978], "betas": [3.141573192799448, 3.1416845423977255, 3.1414993079511526, 3.141825872008809, 3.141287719434018, 3.1415842835158774, 3.1415840231163377], "predicted_p_opt": 0.11515859709732595, "predicted_tts": 8.683676470588235, "p_opt": 0.11082360392897883, "tts": 9.023348497499223, "approx": 0.7034561389609857, "opt_gap": -0.2965438610390143, "th": -17.999000549316406}