{"N": 26, "edgelist": ["0 2 {}\n", "0 3 {}\n", "0 4 {}\n", "0 6 {}\n", "0 9 {}\n", "0 10 {}\n", "0 14 {}\n", "0 15 {}\n", "0 19 {}\n", "0 21 {}\n", "0 23 {}\n", "0 24 {}\n", "0 25 {}\n", "1 2 {}\n", "1 3 {}\n", "1 6 {}\n", "1 7 {}\n", "1 9 {}\n", "1 10 {}\n", "1 11 {}\n", "1 12 {}\n", "1 13 {}\n", "1 14 {}\n", "1 16 {}\n", "1 18 {}\n", "1 19 {}\n", "1 20 {}\n", "1 22 {}\n", "1 23 {}\n", "1 24 {}\n", "1 25 {}\n", "2 4 {}\n", "2 5 {}\n", "2 8 {}\n", "2 9 {}\n", "2 13 {}\n", "2 17 {}\n", "2 19 {}\n", "2 21 {}\n", "2 24 {}\n", "3 5 {}\n", "3 6 {}\n", "3 7 {}\n", "3 8 {}\n", "3 11 {}\n", "3 13 {}\n", "3 17 {}\n", "3 19 {}\n", "3 20 {}\n", "3 21 {}\n", "3 24 {}\n", "4 5 {}\n", "4 6 {}\n", "4 7 {}\n", "4 10 {}\n", "4 12 {}\n", "4 13 {}\n", "4 16 {}\n", "4 21 {}\n", "4 22 {}\n", "5 6 {}\n", "5 13 {}\n", "5 14 {}\n", "5 16 {}\n", "5 17 {}\n", "5 18 {}\n", "5 19 {}\n", "5 21 {}\n", "5 22 {}\n", "5 23 {}\n", "6 7 {}\n", "6 8 {}\n", "6 10 {}\n", "6 12 {}\n", "6 13 {}\n", "6 16 {}\n", "6 17 {}\n", "6 18 {}\n", "6 24 {}\n", "7 9 {}\n", "7 13 {}\n", "7 14 {}\n", "7 15 {}\n", "7 16 {}\n", "7 18 {}\n", "7 22 {}\n", "8 9 {}\n", "8 13 {}\n", "8 16 {}\n", "8 19 {}\n", "9 10 {}\n", "9 11 {}\n", "9 12 {}\n", "9 14 {}\n", "9 15 {}\n", "9 16 {}\n", "9 19 {}\n", "9 20 {}\n", "9 22 {}\n", "9 23 {}\n", "9 24 {}\n", "9 25 {}\n", "10 11 {}\n", "10 13 {}\n", "10 14 {}\n", "10 17 {}\n", "10 19 {}\n", "10 21 {}\n", "10 22 {}\n", "10 24 {}\n", "11 12 {}\n", "11 13 {}\n", "11 15 {}\n", "11 17 {}\n", "11 19 {}\n", "11 24 {}\n", "11 25 {}\n", "12 13 {}\n", "12 14 {}\n", "12 17 {}\n", "12 20 {}\n", "12 23 {}\n", "12 25 {}\n", "13 14 {}\n", "13 15 {}\n", "13 17 {}\n", "13 20 {}\n", "13 22 {}\n", "13 23 {}\n", "13 24 {}\n", "14 16 {}\n", "14 21 {}\n", "14 23 {}\n", "14 24 {}\n", "14 25 {}\n", "15 17 {}\n", "15 20 {}\n", "15 21 {}\n", "15 22 {}\n", "15 25 {}\n", "16 17 {}\n", "16 18 {}\n", "16 25 {}\n", "17 20 {}\n", "17 21 {}\n", "17 24 {}\n", "17 25 {}\n", "18 21 {}\n", "18 22 {}\n", "18 23 {}\n", "18 24 {}\n", "19 20 {}\n", "19 24 {}\n", "19 25 {}\n", "20 22 {}\n", "20 25 {}\n", "21 22 {}\n", "21 24 {}\n", "21 25 {}\n", "22 25 {}\n", "23 24 {}\n", "24 25 {}\n"], "opt_value": 141, "opt_count": 7, "feasible_count": 10400600, "mean_value": 123.12, "std": 4.1055042586010435, "level": 49, "gammas": [-0.0931234210729599, -0.16353502869606018, -0.17312957346439362, -0.17241328954696655, -0.16992168128490448, -0.16774165630340576, -0.16646131873130798, -0.16597019135951996, -0.16586723923683167, -0.16588567197322845, -0.1660356968641281, -0.16630710661411285, -0.1662684679031372, -0.16522902250289917, -0.1658051311969757, -0.16551807522773743, -0.1654110699892044, -0.16524791717529297, -0.16509667038917542, -0.1649421602487564, -0.1648038625717163, -0.16469141840934753, -0.16462473571300507, -0.16459901630878448, -0.16459102928638458, -0.16457977890968323, -0.16459885239601135, -0.1646575629711151, -0.1647452861070633, -0.1648426055908203, -0.16493721306324005, -0.16506707668304443, -0.1653592884540558, -0.1653405725955963, -0.16748854517936707, -0.15921486914157867, -0.17177987098693848, -0.16874158382415771, -0.16479353606700897, -0.1652764528989792, -0.16760432720184326, -0.1689121574163437, -0.16890089213848114, -0.16842801868915558, -0.16812053322792053, -0.16812895238399506, -0.16836650669574738, -0.16817831993103027, -0.16283367574214935], "betas": [3.018437623977661, 3.0107414722442627, 3.000112771987915, 2.9797322750091553, 2.9574193954467773, 2.9416258335113525, 2.9352009296417236, 2.9350132942199707, 2.936668872833252, 2.9375576972961426, 2.936258316040039, 2.9306039810180664, 2.9256458282470703, 2.935398817062378, 2.927844762802124, 2.9249513149261475, 2.9211103916168213, 2.917757987976074, 2.9149320125579834, 2.912229299545288, 2.909914255142212, 2.9081978797912598, 2.907106399536133, 2.9064624309539795, 2.9063425064086914, 2.9065310955047607, 2.907179117202759, 2.9085943698883057, 2.9100122451782227, 2.911376953125, 2.9133434295654297, 2.917750358581543, 2.9266064167022705, 2.93233060836792, 2.9860165119171143, 2.8495407104492188, 2.9185566902160645, 2.9640448093414307, 2.968597173690796, 2.9763741493225098, 2.9857609272003174, 2.986650228500366, 2.981405258178711, 2.9767074584960938, 2.975886106491089, 2.9783735275268555, 2.9809930324554443, 2.9779891967773438, 2.9703383445739746], "predicted_p_opt": 0.006596446358863911, "predicted_tts": 151.5967758392001, "p_opt": 0.005430130671665102, "tts": 184.1576309052907, "approx": 0.8776089828513706, "opt_gap": -0.12239101714862943}