{"edges": [[0, 1], [0, 3], [0, 6], [1, 3], [1, 10], [2, 5], [2, 6], [3, 7], [3, 10], [4, 8], [4, 11], [5, 6], [6, 8], [6, 9], [6, 10], [7, 11]], "num_nodes": 12, "num_colors": 3, "opt_value": 16, "opt_count": 504, "feasible_count": 531441, "mean_value": 10.666666666666666, "std": 1.8856180831641267, "level": 5, "gammas": [-0.21756917238235474, -0.4149993658065796, -0.4667084217071533, -0.496451735496521, -0.5425869226455688], "betas": [2.096578359603882, 1.6429814100265503, 1.422656536102295, 1.2600877285003662, 1.0435537099838257], "predicted_p_opt": 0.11475215498992362, "predicted_tts": 8.714433293978749, "p_opt": 0.015989897772669792, "tts": 62.539486757020875, "approx": 0.8599016666412354, "opt_gap": -0.14009833335876465}