{"edges": [[0, 1], [0, 2], [0, 10], [0, 11], [1, 7], [1, 8], [2, 5], [2, 6], [2, 9], [2, 11], [3, 7], [3, 8], [4, 8], [4, 10], [5, 6], [6, 8], [7, 8], [7, 10], [9, 11]], "num_nodes": 12, "num_colors": 3, "distribution": [[0, 3], [3, 54], [6, 1542], [2, 24], [4, 162], [5, 612], [7, 4176], [8, 9738], [11, 64722], [9, 20814], [10, 38760], [12, 92232], [13, 107010], [14, 93762], [15, 61404], [16, 27702], [17, 7560], [18, 1098], [19, 66]], "opt_value": 19, "opt_count": 66, "feasible_count": 531441, "mean_value": 12.666666666666666, "std": 2.0548046676563256, "level": 5, "gammas": [0.1987370103597641, 0.3818718194961548, 0.4302608370780945, 0.46111777424812317, 0.5037160515785217], "betas": [2.0790627002716064, 1.6156084537506104, 1.393069863319397, 1.2341614961624146, 1.0182796716690063], "predicted_p_opt": 0.015027067915347142, "predicted_tts": 66.5465815176559, "p_opt": 0.001484384061768651, "tts": 673.6800978639551, "approx": 0.8403005003929138}