{"N": 18, "edgelist": ["0 1 {}\n", "0 2 {}\n", "0 7 {}\n", "0 8 {}\n", "0 11 {}\n", "0 15 {}\n", "1 2 {}\n", "1 4 {}\n", "1 5 {}\n", "1 6 {}\n", "1 8 {}\n", "1 10 {}\n", "1 11 {}\n", "1 12 {}\n", "1 13 {}\n", "1 14 {}\n", "1 15 {}\n", "1 17 {}\n", "2 3 {}\n", "2 4 {}\n", "2 5 {}\n", "2 7 {}\n", "2 8 {}\n", "2 12 {}\n", "2 14 {}\n", "2 15 {}\n", "2 17 {}\n", "3 4 {}\n", "3 6 {}\n", "3 11 {}\n", "3 12 {}\n", "3 13 {}\n", "4 5 {}\n", "4 7 {}\n", "4 9 {}\n", "4 11 {}\n", "4 13 {}\n", "4 14 {}\n", "4 16 {}\n", "5 7 {}\n", "5 8 {}\n", "5 10 {}\n", "5 11 {}\n", "5 13 {}\n", "5 14 {}\n", "6 7 {}\n", "6 8 {}\n", "6 9 {}\n", "6 10 {}\n", "6 11 {}\n", "6 13 {}\n", "6 16 {}\n", "6 17 {}\n", "7 8 {}\n", "7 11 {}\n", "7 14 {}\n", "7 15 {}\n", "8 9 {}\n", "8 11 {}\n", "8 12 {}\n", "8 14 {}\n", "8 15 {}\n", "8 16 {}\n", "8 17 {}\n", "9 10 {}\n", "9 14 {}\n", "9 15 {}\n", "9 16 {}\n", "10 11 {}\n", "10 14 {}\n", "10 16 {}\n", "10 17 {}\n", "11 12 {}\n", "11 13 {}\n", "11 14 {}\n", "11 17 {}\n", "12 14 {}\n", "12 15 {}\n", "12 16 {}\n", "12 17 {}\n", "14 15 {}\n", "14 17 {}\n", "15 16 {}\n", "15 17 {}\n", "16 17 {}\n"], "opt_value": 76, "opt_count": 2, "feasible_count": 48620, "mean_value": 65.0, "std": 2.9154759474226504, "level": 49, "gammas": [-0.11891203373670578, -0.2174084335565567, -0.24233102798461914, -0.24111030995845795, -0.22477874159812927, -0.20593145489692688, -0.20267459750175476, -0.19799110293388367, -0.18888498842716217, -0.18538814783096313, -0.17761889100074768, -0.16667139530181885, -0.1675884872674942, -0.16012361645698547, -0.1632472276687622, -0.15958431363105774, -0.16179980337619781, -0.16368304193019867, -0.16211597621440887, -0.17313139140605927, -0.15932635962963104, -0.18217530846595764, -0.15067657828330994, -0.16548188030719757, -0.17286798357963562, -0.15864084661006927, -0.17889225482940674, -0.1904228925704956, -0.18948717415332794, -0.1965787410736084, -0.22445309162139893, -0.20394326746463776, -0.16667258739471436, -0.20060767233371735, -0.18528495728969574, -0.19768661260604858, -0.20659592747688293, -0.21389761567115784, -0.2314201146364212, -0.2481386512517929, -0.2595933973789215, -0.2690686285495758, -0.2746860980987549, -0.27214333415031433, -0.27306830883026123, -0.27877727150917053, -0.2903496026992798, -0.7389693856239319, -0.47690027952194214], "betas": [2.424260139465332, 2.308335542678833, 2.195783853530884, 2.0438361167907715, 1.8213603496551514, 1.6976982355117798, 1.6641281843185425, 1.5725079774856567, 1.5028809309005737, 1.4725784063339233, 1.3577505350112915, 1.3392125368118286, 1.2787283658981323, 1.267524242401123, 1.2418301105499268, 1.2396806478500366, 1.2333513498306274, 1.2501943111419678, 1.2538186311721802, 1.2736880779266357, 1.292909860610962, 1.3093836307525635, 1.3114012479782104, 1.3154900074005127, 1.3151572942733765, 1.3715999126434326, 1.3822391033172607, 1.4616557359695435, 1.469109296798706, 1.5196213722229004, 1.4388645887374878, 1.5551233291625977, 1.589273452758789, 1.6598838567733765, 1.6364269256591797, 1.7331305742263794, 1.7713507413864136, 1.8900620937347412, 2.04482364654541, 2.1738641262054443, 2.2709953784942627, 2.3026628494262695, 2.2656028270721436, 2.2564690113067627, 2.2842369079589844, 2.268580675125122, 2.141859292984009, 2.1723718643188477, 2.2814254760742188], "predicted_p_opt": 0.40316742081447965, "predicted_tts": 2.4803591470258137, "p_opt": 0.0026352836284786463, "tts": 379.46579608863647, "approx": 0.9737511873245239, "opt_gap": -0.026248812675476074}