{"edges": [[0, 1], [0, 8], [0, 11], [1, 2], [1, 4], [1, 11], [2, 3], [2, 5], [3, 6], [3, 9], [3, 12], [4, 12], [5, 10], [6, 7], [6, 10], [8, 11]], "num_nodes": 13, "num_colors": 3, "opt_value": 16, "opt_count": 1200, "feasible_count": 1594323, "mean_value": 10.666666666666666, "std": 1.8856180831641267, "level": 33, "gammas": [-0.2601166176148363, -0.41913790512591315, -0.4277501436799684, -0.4095811652636949, -0.40550971074308073, -0.4293641895913588, -0.41716578187299547, -0.3924679319596305, -0.5027791599808389, -0.3574617285377922, -0.4745362847335132, -0.40736385371385486, -0.45763990465859045, -0.39034813362811027, -0.5199730671425629, -0.4476047700347085, -0.5164192003857226, -0.5375833688293519, -0.49996356324526775, 0.6985415235617118, 1.4441633587372569, 0.9638828461745452, 1.6824053795962142, 0.8115898381835762, 0.348903607043382, 0.629639410423673, 0.44420975157563347, 0.5341614563069221, 0.5133473469192014, 0.4933174980874711, 0.49888598011793667, 0.5180015963203505, 0.501972142335396], "betas": [2.5189128097733873, 2.3446058254651914, 2.171107785816952, 2.0507126284468686, 2.1314753650023954, 2.1707741531461346, 1.9247093945118128, 2.0651551262232535, 2.1391216347860453, 1.9130585252863417, 1.7672194794433171, 1.7382668332398414, 1.947584693015132, 2.3862281546366333, 2.673662115082397, 2.5067233540359566, 2.5831289650239855, 3.275240513531822, 2.994467682516408, -3.581482151868986, -3.0147230714545006, -2.9542582420734615, 2.553222596622105, -1.4029719791693795, -3.920245774856681, -3.199328578557916, -2.5432747057107026, -2.4759908729019897, -2.727695558217118, -2.2999569751514053, -2.7118826374515907, -2.4523439160523037, -2.6783826356602094], "predicted_p_opt": 3.378738185424158, "predicted_tts": 0.29596847850300734, "p_opt": 0.7932991288161434, "tts": 1.2605585505839652, "approx": 0.9346371170827286, "opt_gap": -0.06536288291727144}