{"edges": [[0, 3], [0, 5], [0, 8], [0, 10], [1, 5], [1, 6], [1, 8], [2, 8], [2, 9], [2, 13], [2, 15], [3, 9], [3, 12], [3, 13], [3, 14], [4, 6], [4, 8], [5, 7], [5, 9], [5, 11], [6, 11], [7, 9], [7, 11], [9, 12], [9, 14], [9, 15]], "num_nodes": 16, "num_colors": 3, "opt_value": 26, "opt_count": 384, "feasible_count": 43046721, "mean_value": 17.333333333333332, "std": 2.403700850309326, "level": 40, "gammas": [-0.1769559242168883, -0.2538386916397001, -0.25268306027292503, -0.24736017015851755, -0.2488700269161881, -0.24809192833357196, -0.2493843711823211, -0.2469803422733304, -0.2381516389139819, -0.22469510294788717, -0.22680192423584228, -0.25800513033412414, -0.2798945903758684, -0.26248977629728354, -0.24055216801678764, -0.2803172424796996, -0.2703144409030943, -0.2852134876179208, -0.2812347113484904, -0.27834926428840584, -0.2838797019858147, -0.32018905881720905, -0.27320021110358167, -0.13407978432472695, -0.22279811688533732, -0.16905008514566375, -0.22085230326092445, -0.2290800819875865, -0.23287266814191618, -0.23855119832933683, -0.2463300368450582, -0.253257869409832, -0.2637851231129114, -0.27030194220991033, -0.2764648446087832, -0.29347752866533033, -0.3183708984256814, -0.3486942030340103, -0.33055671058021546, 0.22480846879696617], "betas": [1.659717894186404, 1.5553002352846648, 1.5841147883956865, 1.586371320257789, 1.5450882913511796, 1.509084966399593, 1.4936211231944014, 1.4503908871035829, 1.368920037794226, 1.2984085207799028, 1.3957274014826817, 1.5599240690309348, 1.579305372004389, 1.3785661375164382, 1.4400723365799342, 1.548220843071547, 1.4611368035655103, 1.457951461191476, 1.5128568107127731, 1.4863090531859389, 1.2428443906044477, 1.0288456402486585, 1.338810556488278, 1.4411623336453356, 1.36705963285725, 1.3881985485996613, 1.454125776553983, 1.4642974634702193, 1.4635917634577758, 1.5150405021014353, 1.530935959396209, 1.5808557189502657, 1.63154344306088, 1.6701571044070602, 1.737013529694553, 1.841673075418719, 2.004100151031547, 2.250690446341336, 2.351378977611472, -0.6189324512779151], "predicted_p_opt": 0.05852766346593507, "predicted_tts": 17.0859375, "p_opt": 0.0004320129004566329, "tts": 2314.7456914897934, "approx": 0.9244010897474942, "opt_gap": -0.07559891025250576}