{"edges": [[0, 1], [0, 2], [0, 3], [0, 4], [0, 11], [1, 10], [1, 11], [2, 3], [2, 6], [3, 4], [3, 9], [4, 8], [4, 9], [5, 9], [5, 11], [6, 10], [7, 10], [8, 9], [10, 11]], "num_nodes": 12, "num_colors": 3, "opt_value": 19, "opt_count": 24, "feasible_count": 531441, "mean_value": 12.666666666666666, "std": 2.054804667656325, "level": 91, "gammas": [-0.22440765798091888, -0.3553033471107483, -0.3659895658493042, -0.3664312958717346, -0.36319807171821594, -0.3590867221355438, -0.3546430468559265, -0.35087379813194275, -0.3479120433330536, -0.34325453639030457, -0.3322766423225403, -0.311547189950943, -0.2891407608985901, -0.277858167886734, -0.2843886911869049, -0.3090042471885681, -0.333262175321579, -0.3012159764766693, -0.3453495502471924, -0.2856959104537964, -0.2874276340007782, -0.333748459815979, -0.351552277803421, -0.35839781165122986, -0.36156198382377625, -0.36170390248298645, -0.35969188809394836, -0.3563025891780853, -0.35121452808380127, -0.3425652086734772, -0.33492758870124817, -0.33946797251701355, -0.3446345925331116, -0.33516642451286316, -0.3328608274459839, -0.33128419518470764, -0.32505980134010315, -0.3301648199558258, -0.34393560886383057, -0.35224291682243347, -0.3545055091381073, -0.35498857498168945, -0.3552384078502655, -0.35402560234069824, -0.3500994145870209, -0.3441840410232544, -0.3402992784976959, -0.33755651116371155, -0.33520880341529846, -0.3455808460712433, -0.33054226636886597, -0.2990557551383972, -0.3360336720943451, -0.35192161798477173, -0.3463066816329956, -0.3552306890487671, -0.3620085120201111, -0.3652811050415039, -0.36695313453674316, -0.36775028705596924, -0.3654743432998657, -0.3578741252422333, -0.3366755247116089, -0.30390802025794983, -0.3264440894126892, -0.38207095861434937, -0.4203633964061737, -0.4571477472782135, 0.23037946224212646, 0.4551769196987152, 0.43030020594596863, 0.41300565004348755, 0.4032135605812073, 0.3926589787006378, 0.38160645961761475, 0.37785813212394714, 0.38438206911087036, 0.3758407533168793, 0.37436723709106445, 0.373155415058136, 0.36815038323402405, 0.37431004643440247, 0.4007222652435303, 0.3477279841899872, 0.36869603395462036, 0.3815862834453583, 0.39137938618659973, 0.4012402892112732, 0.409263551235199, 0.4168497920036316, 0.41982507705688477], "betas": [2.4572346210479736, 2.2715890407562256, 2.1901426315307617, 2.1591291427612305, 2.140315294265747, 2.114703893661499, 2.089921474456787, 2.070155143737793, 2.0465378761291504, 2.0010793209075928, 1.9034916162490845, 1.755394458770752, 1.652444839477539, 1.6486698389053345, 1.7120593786239624, 1.6237945556640625, 1.6419100761413574, 1.972800850868225, 1.8851714134216309, 1.6400593519210815, 1.8986155986785889, 2.0743696689605713, 2.132566213607788, 2.1542294025421143, 2.158522844314575, 2.1492152214050293, 2.1318225860595703, 2.1064975261688232, 2.0675933361053467, 2.0192179679870605, 1.9969552755355835, 2.008955955505371, 1.9543043375015259, 1.8718507289886475, 1.9017688035964966, 1.8710860013961792, 1.8853881359100342, 2.0014584064483643, 2.0829055309295654, 2.1107707023620605, 2.1158180236816406, 2.1145613193511963, 2.109896183013916, 2.0958216190338135, 2.068369150161743, 2.0427932739257812, 2.036025285720825, 2.024869918823242, 2.009998083114624, 2.044126033782959, 1.816820502281189, 1.850472331047058, 1.7260031700134277, 1.9997555017471313, 2.120616912841797, 2.150191307067871, 2.176407814025879, 2.190394401550293, 2.1859781742095947, 2.177894353866577, 2.1441967487335205, 2.064012289047241, 1.8877410888671875, 1.7894225120544434, 2.093188524246216, 2.496056079864502, 2.9909725189208984, -1.4412440061569214, -3.6003594398498535, -2.7729690074920654, -2.578155755996704, -2.464756488800049, -2.376765012741089, -2.31027889251709, -2.2536654472351074, -2.2570993900299072, -2.2440106868743896, -2.263237953186035, -2.245757579803467, -2.2505550384521484, -2.253445625305176, -2.0681912899017334, -2.1567254066467285, -2.1756343841552734, -2.3204376697540283, -2.3699159622192383, -2.4194209575653076, -2.464130163192749, -2.5188183784484863, -2.6071784496307373, -2.787997007369995], "predicted_p_opt": 1.5123710816440583, "predicted_tts": 0.6612133834990594, "p_opt": 0.6257373310213363, "tts": 1.5981146567806455, "approx": 0.8715773043157258, "opt_gap": -0.12842269568427422}