{"edges": [[0, 9], [0, 11], [0, 14], [1, 5], [1, 9], [2, 3], [2, 7], [2, 8], [2, 11], [3, 4], [3, 6], [3, 14], [4, 8], [4, 9], [5, 15], [6, 8], [7, 11], [8, 9], [8, 12], [9, 10], [9, 11], [9, 12], [9, 13], [9, 15], [10, 14], [11, 12], [11, 15], [14, 15]], "num_nodes": 16, "num_colors": 3, "opt_value": 28, "opt_count": 324, "feasible_count": 43046721, "mean_value": 18.666666666666668, "std": 2.494438257849294, "level": 83, "gammas": [0.15562203526496887, 0.2524755597114563, 0.26285630464553833, 0.26291874051094055, 0.26162558794021606, 0.26109257340431213, 0.2613438069820404, 0.2602435350418091, 0.25751781463623047, 0.25395873188972473, 0.2523283362388611, 0.25338566303253174, 0.2549729645252228, 0.2552591562271118, 0.2531646192073822, 0.2358715832233429, 0.20873183012008667, 0.22851347923278809, 0.2102401703596115, 0.2497396618127823, 0.2220047414302826, 0.19203372299671173, 0.20736408233642578, 0.2340092957019806, 0.21207761764526367, 0.21457374095916748, 0.19495578110218048, 0.216348335146904, 0.2115764319896698, 0.21461082994937897, 0.2159491628408432, 0.21695150434970856, 0.21862775087356567, 0.21968531608581543, 0.21940788626670837, 0.21826833486557007, 0.21766939759254456, 0.21779106557369232, 0.21741926670074463, 0.218124121427536, 0.21908023953437805, 0.2186015397310257, 0.2205631285905838, 0.2313908338546753, 0.22679966688156128, 0.19205132126808167, -0.1364447921514511, -0.1655644178390503, -0.23470085859298706, -0.25725916028022766, -0.26091232895851135, -0.26030775904655457, -0.2599952518939972, -0.26080018281936646, -0.2595970034599304, -0.2581559419631958, -0.2585523724555969, -0.25984808802604675, -0.26202693581581116, -0.26406532526016235, -0.2630317807197571, -0.2631436288356781, -0.2665027976036072, -0.25917020440101624, -0.2605300843715668, -0.2680918276309967, -0.2654322385787964, -0.25862905383110046, -0.2943044602870941, -0.2676210403442383, -0.27526575326919556, -0.27124783396720886, -0.2783319354057312, -0.28418853878974915, -0.2865273058414459, -0.2886468172073364, -0.2900979220867157, -0.2916725277900696, -0.29323118925094604, -0.2947329580783844, -0.2971441447734833, -0.30046573281288147, -0.29809194803237915], "betas": [-2.5832865238189697, -2.389300584793091, -2.3638923168182373, -2.3230221271514893, -2.319784164428711, -2.3277947902679443, -2.325916290283203, -2.3013181686401367, -2.2731027603149414, -2.254791259765625, -2.2618513107299805, -2.296003580093384, -2.3281681537628174, -2.3358142375946045, -2.2955050468444824, -2.0650455951690674, -1.9391188621520996, -1.9519158601760864, -1.8046194314956665, -1.897842526435852, -1.9166887998580933, -1.8937652111053467, -1.879128098487854, -1.726529836654663, -1.9138575792312622, -1.7619694471359253, -1.9225382804870605, -1.937970519065857, -1.9293988943099976, -1.9357914924621582, -1.9318480491638184, -1.929789662361145, -1.9317392110824585, -1.937617301940918, -1.9267051219940186, -1.9118784666061401, -1.9154260158538818, -1.921749234199524, -1.9125607013702393, -1.9110941886901855, -1.9315773248672485, -1.9341989755630493, -1.9399338960647583, -2.030282974243164, -1.8850371837615967, 1.5179847478866577, 2.349186897277832, 2.2288014888763428, 2.298992395401001, 2.277336597442627, 2.2823896408081055, 2.291135311126709, 2.314420461654663, 2.3309414386749268, 2.3341517448425293, 2.3299522399902344, 2.329796552658081, 2.342550277709961, 2.366971731185913, 2.383004903793335, 2.3742029666900635, 2.3807480335235596, 2.3705010414123535, 2.328148126602173, 2.3575751781463623, 2.381821870803833, 2.4271583557128906, 2.505960464477539, 2.3214774131774902, 2.46914005279541, 2.4823272228240967, 2.559678554534912, 2.6080236434936523, 2.616734504699707, 2.620311737060547, 2.6292288303375244, 2.6445324420928955, 2.6617136001586914, 2.6806423664093018, 2.705547332763672, 2.739373207092285, 2.791970729827881, 2.904916763305664], "predicted_p_opt": 0.20991229506191655, "predicted_tts": 4.763894366954713, "p_opt": 0.12443491783296415, "tts": 8.036329491874259, "approx": 0.7031785846905689, "opt_gap": -0.29682141530943107}