{"N": 24, "edgelist": ["0 1 {}\n", "0 4 {}\n", "0 6 {}\n", "0 8 {}\n", "0 12 {}\n", "0 13 {}\n", "0 15 {}\n", "0 20 {}\n", "1 5 {}\n", "1 7 {}\n", "1 9 {}\n", "1 10 {}\n", "1 11 {}\n", "1 12 {}\n", "1 13 {}\n", "1 15 {}\n", "1 16 {}\n", "1 17 {}\n", "1 23 {}\n", "2 3 {}\n", "2 4 {}\n", "2 6 {}\n", "2 8 {}\n", "2 9 {}\n", "2 10 {}\n", "2 11 {}\n", "2 12 {}\n", "2 14 {}\n", "2 17 {}\n", "2 18 {}\n", "2 19 {}\n", "2 20 {}\n", "2 21 {}\n", "2 22 {}\n", "3 5 {}\n", "3 7 {}\n", "3 8 {}\n", "3 9 {}\n", "3 10 {}\n", "3 11 {}\n", "3 12 {}\n", "3 13 {}\n", "3 14 {}\n", "3 15 {}\n", "3 17 {}\n", "3 18 {}\n", "3 20 {}\n", "3 21 {}\n", "3 22 {}\n", "3 23 {}\n", "4 5 {}\n", "4 12 {}\n", "4 13 {}\n", "4 15 {}\n", "4 16 {}\n", "4 19 {}\n", "4 21 {}\n", "4 23 {}\n", "5 7 {}\n", "5 8 {}\n", "5 9 {}\n", "5 10 {}\n", "5 13 {}\n", "5 15 {}\n", "5 17 {}\n", "5 18 {}\n", "5 23 {}\n", "6 7 {}\n", "6 11 {}\n", "6 14 {}\n", "6 16 {}\n", "6 19 {}\n", "6 20 {}\n", "6 22 {}\n", "7 8 {}\n", "7 9 {}\n", "7 10 {}\n", "7 11 {}\n", "7 12 {}\n", "7 13 {}\n", "7 15 {}\n", "7 16 {}\n", "7 18 {}\n", "7 19 {}\n", "7 20 {}\n", "7 21 {}\n", "7 23 {}\n", "8 10 {}\n", "8 12 {}\n", "8 13 {}\n", "8 14 {}\n", "8 15 {}\n", "8 16 {}\n", "8 19 {}\n", "8 21 {}\n", "8 23 {}\n", "9 14 {}\n", "9 15 {}\n", "9 18 {}\n", "9 21 {}\n", "9 23 {}\n", "10 12 {}\n", "10 14 {}\n", "10 15 {}\n", "10 16 {}\n", "10 17 {}\n", "10 18 {}\n", "10 19 {}\n", "11 12 {}\n", "11 13 {}\n", "11 14 {}\n", "11 17 {}\n", "11 19 {}\n", "12 14 {}\n", "12 16 {}\n", "12 18 {}\n", "12 19 {}\n", "12 20 {}\n", "12 21 {}\n", "13 14 {}\n", "13 17 {}\n", "13 18 {}\n", "13 19 {}\n", "13 20 {}\n", "13 23 {}\n", "14 16 {}\n", "14 17 {}\n", "14 20 {}\n", "14 21 {}\n", "15 16 {}\n", "15 20 {}\n", "15 23 {}\n", "16 19 {}\n", "16 20 {}\n", "16 21 {}\n", "16 22 {}\n", "16 23 {}\n", "17 19 {}\n", "17 20 {}\n", "17 23 {}\n", "18 20 {}\n", "18 22 {}\n", "19 20 {}\n", "19 21 {}\n", "19 22 {}\n", "19 23 {}\n", "20 21 {}\n", "21 22 {}\n", "21 23 {}\n", "22 23 {}\n"], "opt_value": 130, "opt_count": 6, "feasible_count": 2704156, "mean_value": 114.1304347826087, "std": 3.757609975798279, "level": 19, "gammas": [0.08579190820455551, 0.1807812750339508, 0.20947667956352234, 0.21828733384609222, 0.221157506108284, 0.22148314118385315, 0.22139252722263336, 0.2212909758090973, 0.22208304703235626, 0.22402076423168182, 0.22705909609794617, 0.23079268634319305, 0.23471856117248535, 0.23887063562870026, 0.24361179769039154, 0.24946634471416473, 0.257005512714386, 0.26784855127334595, 0.2857988178730011], "betas": [-2.6757900714874268, -2.4469072818756104, -2.3317761421203613, -2.2603440284729004, -2.2073206901550293, -2.162959575653076, -2.1238019466400146, -2.091106414794922, -2.0675103664398193, -2.0521607398986816, -2.039865016937256, -2.0247583389282227, -2.0018246173858643, -1.9680224657058716, -1.9207892417907715, -1.8542600870132446, -1.754601240158081, -1.5904513597488403, -1.26023530960083], "predicted_p_opt": 0.0033748052996942484, "predicted_tts": 296.3133903133903, "p_opt": 3.722613473655656e-05, "tts": 26862.84802536823, "approx": 0.9527608752250671, "opt_gap": -0.04723912477493286}