{"edges": [[0, 5], [0, 7], [0, 8], [1, 3], [1, 5], [1, 9], [1, 10], [1, 11], [2, 3], [2, 5], [2, 8], [2, 10], [2, 11], [3, 6], [3, 7], [3, 9], [3, 11], [4, 5], [4, 8], [4, 11], [5, 11], [6, 9], [7, 8], [7, 9], [8, 9], [9, 10], [10, 11]], "num_nodes": 12, "num_colors": 3, "opt_value": 27, "opt_count": 6, "feasible_count": 531441, "mean_value": 18.0, "std": 2.449489742783178, "level": 75, "gammas": [0.16030516971514233, 0.26047891935902995, 0.2676025033577225, 0.26420126503876246, 0.2594739885817726, 0.25534817198092397, 0.2528156254469241, 0.25026125501789126, 0.24746866114853588, 0.24586159195105758, 0.24618890101402105, 0.24870285638850903, 0.2510625738939672, 0.2516768895900928, 0.24948317341520534, 0.24389639459478132, 0.23262303983244345, 0.2140009505103628, 0.21168482508845565, 0.23547825906459838, 0.25295787011379506, 0.25034577272104247, 0.2567430889674526, 0.263643877878177, 0.21673249849107112, 0.2229355008522421, 0.25210915186237975, 0.2540594857272905, 0.25562852926506613, 0.25844568230823195, 0.26091954867883965, 0.2630077001423036, 0.2642108429010768, 0.263476317501821, 0.26162095945406283, 0.25847719266397634, 0.25278009133243373, 0.245496531671971, 0.23982329500536612, 0.24231657334559575, 0.25251168264716517, 0.26307851523373416, 0.2707984117092445, 0.27591581314498376, 0.2772767377549652, 0.2786882891303948, 0.2812553792517506, 0.2786579467118954, 0.2757072996926007, 0.27621626003316513, 0.2747636652439748, 0.2716746339283317, 0.2709951051133544, 0.275262608468793, 0.2769350493871659, 0.2740124122142334, 0.2736753043032864, 0.27477654815422214, 0.2754236544034765, 0.2770058065699211, 0.27881365876271635, 0.2807364284638905, 0.282694355434923, 0.2841829869922071, 0.28482239127828735, 0.28455173701784814, 0.2840644205873738, 0.2845795124441454, 0.2860080538433764, 0.28806124150159906, 0.29048876786460087, 0.29367052897500356, 0.2981802518285044, 0.30387500490072095, 0.3058220316485359], "betas": [-2.5368425157731047, -2.3423351108184725, -2.2696626031443032, -2.229985475692362, -2.1988503337882115, -2.177130191110812, -2.160798576610749, -2.140672762192648, -2.12207996455235, -2.1181178448581393, -2.129735388602201, -2.152817470593102, -2.1650117499600148, -2.1567258872902246, -2.121967247767812, -2.0508492454568255, -1.9227861442081702, -1.8002095936439924, -1.9091751514124395, -2.0961237278902702, -2.230578999819309, -2.2743743194768418, -1.9959693772250038, -2.0361081902598936, -1.7718360683113301, -2.136652196879802, -2.2537961222894176, -2.2559809567733824, -2.2500525496620885, -2.251134618456172, -2.258024529715474, -2.27268520815509, -2.278004888836946, -2.269763386631904, -2.246870952906036, -2.2073157296922226, -2.1486438171048263, -2.0871741567371456, -2.068479611656328, -2.127817396259603, -2.2260306901270206, -2.3171237009356562, -2.3807728638123606, -2.4226021047053283, -2.4452011911928393, -2.4178557313506057, -2.3970522614253196, -2.3781203829731377, -2.3994845219615812, -2.4216741404090656, -2.408801777892462, -2.383171429634984, -2.383370014522015, -2.403402011035075, -2.379496195696611, -2.4001724856325115, -2.386942630157554, -2.391386777830814, -2.405164893081339, -2.4220033039568416, -2.4412761970065815, -2.460520775271566, -2.4767011025231103, -2.4870158600458803, -2.4908576779270506, -2.491551766773366, -2.4891680328482857, -2.4907088119061433, -2.5038084037438058, -2.5296844908475653, -2.562739491237712, -2.604162485024276, -2.6574851744264927, -2.7403546183204863, -2.900874730797682], "predicted_p_opt": 0.2574246247466793, "predicted_tts": 3.8846322529713606, "p_opt": 0.16446058810273803, "tts": 6.080484154509426, "approx": 0.6874653806401307, "opt_gap": -0.31253461935986926}