{"N": 26, "edgelist": ["0 1 {}\n", "0 3 {}\n", "0 4 {}\n", "0 5 {}\n", "0 6 {}\n", "0 7 {}\n", "0 8 {}\n", "0 11 {}\n", "0 12 {}\n", "0 13 {}\n", "0 14 {}\n", "0 15 {}\n", "0 16 {}\n", "0 18 {}\n", "0 23 {}\n", "1 2 {}\n", "1 3 {}\n", "1 4 {}\n", "1 12 {}\n", "1 18 {}\n", "1 19 {}\n", "1 20 {}\n", "1 21 {}\n", "1 23 {}\n", "1 24 {}\n", "1 25 {}\n", "2 3 {}\n", "2 4 {}\n", "2 5 {}\n", "2 8 {}\n", "2 9 {}\n", "2 11 {}\n", "2 13 {}\n", "2 15 {}\n", "2 16 {}\n", "2 17 {}\n", "2 18 {}\n", "2 20 {}\n", "2 22 {}\n", "2 23 {}\n", "2 24 {}\n", "2 25 {}\n", "3 4 {}\n", "3 5 {}\n", "3 6 {}\n", "3 13 {}\n", "3 14 {}\n", "3 15 {}\n", "3 17 {}\n", "3 19 {}\n", "3 20 {}\n", "3 21 {}\n", "4 8 {}\n", "4 11 {}\n", "4 13 {}\n", "4 16 {}\n", "4 19 {}\n", "4 21 {}\n", "4 22 {}\n", "4 23 {}\n", "5 7 {}\n", "5 8 {}\n", "5 9 {}\n", "5 10 {}\n", "5 12 {}\n", "5 13 {}\n", "5 21 {}\n", "5 25 {}\n", "6 7 {}\n", "6 9 {}\n", "6 10 {}\n", "6 12 {}\n", "6 13 {}\n", "6 14 {}\n", "6 17 {}\n", "6 19 {}\n", "6 24 {}\n", "7 8 {}\n", "7 9 {}\n", "7 11 {}\n", "7 15 {}\n", "7 17 {}\n", "7 20 {}\n", "8 9 {}\n", "8 10 {}\n", "8 12 {}\n", "8 13 {}\n", "8 14 {}\n", "8 17 {}\n", "8 19 {}\n", "8 21 {}\n", "8 22 {}\n", "8 23 {}\n", "8 25 {}\n", "9 11 {}\n", "9 14 {}\n", "9 15 {}\n", "9 17 {}\n", "9 19 {}\n", "9 22 {}\n", "9 24 {}\n", "10 11 {}\n", "10 12 {}\n", "10 13 {}\n", "10 14 {}\n", "10 17 {}\n", "10 18 {}\n", "10 19 {}\n", "10 22 {}\n", "10 23 {}\n", "10 24 {}\n", "10 25 {}\n", "11 12 {}\n", "11 14 {}\n", "11 16 {}\n", "11 20 {}\n", "11 23 {}\n", "11 24 {}\n", "11 25 {}\n", "12 13 {}\n", "12 14 {}\n", "12 15 {}\n", "12 16 {}\n", "12 17 {}\n", "12 18 {}\n", "12 20 {}\n", "12 21 {}\n", "12 23 {}\n", "12 24 {}\n", "13 17 {}\n", "13 18 {}\n", "13 19 {}\n", "13 20 {}\n", "13 22 {}\n", "13 24 {}\n", "13 25 {}\n", "14 16 {}\n", "14 17 {}\n", "14 23 {}\n", "14 24 {}\n", "15 18 {}\n", "15 21 {}\n", "15 22 {}\n", "15 24 {}\n", "16 18 {}\n", "16 19 {}\n", "16 20 {}\n", "16 23 {}\n", "16 25 {}\n", "17 18 {}\n", "17 19 {}\n", "17 21 {}\n", "17 24 {}\n", "18 19 {}\n", "18 22 {}\n", "18 24 {}\n", "19 22 {}\n", "19 24 {}\n", "20 22 {}\n", "20 25 {}\n", "22 24 {}\n"], "opt_value": 140, "opt_count": 2, "feasible_count": 10400600, "mean_value": 122.36, "std": 3.869160115580641, "level": 43, "gammas": [3.1415928060200944, 3.141592635451839, 3.1415925809099123, 3.141592584903786, 3.1415926381911476, 3.1415926571936574, 3.141592672663851, 3.1415926508640664, 3.141592627738345, 3.141592599055081, 3.1415925761902725, 3.1415925765101336, 3.1415926106785563, 3.1415926442624844, 3.141592670500463, 3.1415926700785253, 3.1415926514448738, 3.141592598663275, 3.1415925172140025, 3.141592270697088, 3.141591902222972, 3.1415914386596175, 3.141591168382954, 3.1415906172793164, 3.1415891159631, 3.1415869845580775, 3.1415829468436582, 3.141580910390497, 3.1415803275200735, 3.1415734868449543, 3.1415541709301653, 3.14154311513941, 3.1414952573705683, 3.1414989932869077, 3.1415334044093117, 3.1415676159367947, 3.141225304846605, 3.1411386877873757, 3.140464387724915, 3.1401138185435373, 3.1393886185184834, 3.137273804945927, 3.140593264910027], "betas": [3.141592600616582, 3.141592713219502, 3.1415927332042752, 3.1415926987151583, 3.141592660957716, 3.1415926397871856, 3.1415926404946855, 3.141592663950578, 3.1415926981072, 3.1415927240163843, 3.14159272537428, 3.141592704509621, 3.141592668419148, 3.14159262822901, 3.1415925918726906, 3.141592578359645, 3.141592588457798, 3.141592603469821, 3.141592527053295, 3.1415922472745046, 3.141591805692767, 3.1415912735342313, 3.1415909433820306, 3.1415897294542354, 3.141588194262274, 3.141585055078487, 3.1415819672452456, 3.1415807775299207, 3.14157936651706, 3.1415623470807, 3.14154944420952, 3.141522431276557, 3.141487921729402, 3.1415214937110414, 3.1415502627876393, 3.141453652714783, 3.141092736109812, 3.1410842019405965, 3.1397802636529137, 3.1405860449714784, 3.137466715048758, 3.1389119561853587, 3.1413835573699727], "predicted_p_opt": 0.0014554929523296733, "predicted_tts": 687.0524507861012, "p_opt": 0.0014547868193475956, "tts": 687.3859363452672, "approx": 0.8741832389338617, "opt_gap": -0.12581676106613826, "th": -139.99899291992188}