{"N": 26, "edgelist": ["0 1 {}\n", "0 4 {}\n", "0 6 {}\n", "0 7 {}\n", "0 12 {}\n", "0 13 {}\n", "0 16 {}\n", "0 17 {}\n", "0 19 {}\n", "0 21 {}\n", "0 24 {}\n", "1 2 {}\n", "1 3 {}\n", "1 4 {}\n", "1 5 {}\n", "1 7 {}\n", "1 10 {}\n", "1 13 {}\n", "1 15 {}\n", "1 16 {}\n", "1 17 {}\n", "1 19 {}\n", "1 20 {}\n", "1 22 {}\n", "1 25 {}\n", "2 3 {}\n", "2 4 {}\n", "2 6 {}\n", "2 8 {}\n", "2 9 {}\n", "2 10 {}\n", "2 12 {}\n", "2 13 {}\n", "2 14 {}\n", "2 17 {}\n", "2 19 {}\n", "3 5 {}\n", "3 8 {}\n", "3 9 {}\n", "3 12 {}\n", "3 17 {}\n", "3 18 {}\n", "3 20 {}\n", "3 22 {}\n", "4 6 {}\n", "4 9 {}\n", "4 11 {}\n", "4 12 {}\n", "4 13 {}\n", "4 14 {}\n", "4 15 {}\n", "4 16 {}\n", "4 17 {}\n", "4 18 {}\n", "4 19 {}\n", "4 20 {}\n", "4 23 {}\n", "4 24 {}\n", "5 6 {}\n", "5 7 {}\n", "5 8 {}\n", "5 11 {}\n", "5 14 {}\n", "5 16 {}\n", "5 18 {}\n", "5 20 {}\n", "5 21 {}\n", "5 22 {}\n", "5 25 {}\n", "6 7 {}\n", "6 8 {}\n", "6 11 {}\n", "6 14 {}\n", "6 15 {}\n", "6 22 {}\n", "6 23 {}\n", "7 8 {}\n", "7 11 {}\n", "7 12 {}\n", "7 15 {}\n", "7 16 {}\n", "7 18 {}\n", "7 22 {}\n", "7 24 {}\n", "8 9 {}\n", "8 11 {}\n", "8 12 {}\n", "8 14 {}\n", "8 16 {}\n", "8 20 {}\n", "8 22 {}\n", "8 23 {}\n", "9 10 {}\n", "9 12 {}\n", "9 13 {}\n", "9 17 {}\n", "9 21 {}\n", "9 24 {}\n", "9 25 {}\n", "10 11 {}\n", "10 14 {}\n", "10 15 {}\n", "10 16 {}\n", "10 17 {}\n", "10 19 {}\n", "10 21 {}\n", "10 22 {}\n", "10 24 {}\n", "11 12 {}\n", "11 14 {}\n", "11 15 {}\n", "11 16 {}\n", "11 18 {}\n", "11 20 {}\n", "11 21 {}\n", "11 24 {}\n", "11 25 {}\n", "12 14 {}\n", "12 16 {}\n", "12 18 {}\n", "12 22 {}\n", "12 23 {}\n", "13 14 {}\n", "13 15 {}\n", "13 16 {}\n", "13 18 {}\n", "13 20 {}\n", "13 22 {}\n", "13 24 {}\n", "14 15 {}\n", "14 20 {}\n", "14 21 {}\n", "14 25 {}\n", "15 16 {}\n", "15 17 {}\n", "15 21 {}\n", "15 24 {}\n", "15 25 {}\n", "16 17 {}\n", "16 18 {}\n", "16 20 {}\n", "16 24 {}\n", "16 25 {}\n", "17 18 {}\n", "17 20 {}\n", "17 22 {}\n", "17 23 {}\n", "17 25 {}\n", "18 22 {}\n", "18 24 {}\n", "18 25 {}\n", "19 20 {}\n", "19 22 {}\n", "20 21 {}\n", "20 22 {}\n", "20 23 {}\n", "21 23 {}\n", "22 24 {}\n", "22 25 {}\n", "24 25 {}\n"], "opt_value": 139, "opt_count": 2, "feasible_count": 10400600, "mean_value": 121.6, "std": 3.8155289108543284, "level": 43, "gammas": [3.141592869892359, 3.1415926815274755, 3.141592639668657, 3.141592664610338, 3.14159271554868, 3.1415927407934925, 3.141592743530957, 3.1415927302243127, 3.1415926817192963, 3.1415926559002143, 3.141592641168506, 3.1415926539433103, 3.1415926865828294, 3.1415927229757186, 3.1415927489392095, 3.141592732639879, 3.141592669079052, 3.141592602260256, 3.1415924953005425, 3.1415922563103384, 3.1415919778106534, 3.1415917218859573, 3.1415915372152465, 3.1415905978599503, 3.1415890513404072, 3.1415884137565766, 3.141588040571438, 3.1415851257667144, 3.1415805094130604, 3.141572405897588, 3.1415426140207785, 3.1415351773863804, 3.141514399775331, 3.141512651002375, 3.1414465748956415, 3.1414460624426614, 3.1410801883745085, 3.1409634176250614, 3.1410095677544274, 3.1408711557889504, 3.1399584275208015, 3.137428990020714, 3.140510077756113], "betas": [3.141592544207316, 3.1415926616279513, 3.141592659602727, 3.1415926156344414, 3.141592574176938, 3.141592557925909, 3.1415925649202134, 3.1415925963529427, 3.1415926334165736, 3.141592655472551, 3.1415926564616217, 3.141592625108516, 3.141592581222583, 3.141592543358207, 3.141592506345875, 3.141592480063958, 3.14159248661491, 3.1415925088551027, 3.14159242430448, 3.141592179395542, 3.141591856701398, 3.141591515701344, 3.1415909716791823, 3.1415893890767372, 3.141588345512027, 3.1415880953126547, 3.1415874577296203, 3.1415825188718944, 3.1415792292125064, 3.1415572565732424, 3.1415353819226306, 3.141527450728623, 3.1415127225635504, 3.1414884853653904, 3.1414373747087123, 3.1413301859824845, 3.14090439756433, 3.1411371266953223, 3.1406679037686684, 3.1411410745175647, 3.137939270034621, 3.1388417627309626, 3.141354538396835], "predicted_p_opt": 0.0014554929523296733, "predicted_tts": 687.0524507861012, "p_opt": 0.0014547870462784636, "tts": 687.3858291205792, "approx": 0.8750021899600136, "opt_gap": -0.12499781003998645, "th": -138.99899291992188}