{"edges": [[0, 3], [0, 4], [0, 5], [0, 12], [1, 6], [1, 8], [1, 9], [2, 4], [2, 10], [3, 4], [3, 9], [3, 10], [4, 6], [4, 7], [4, 10], [5, 6], [5, 8], [5, 10], [9, 10], [9, 11], [9, 12]], "num_nodes": 13, "num_colors": 3, "opt_value": 21, "opt_count": 96, "feasible_count": 1594323, "mean_value": 14.0, "std": 2.160246899469287, "level": 97, "gammas": [0.19923213124275208, 0.3168659508228302, 0.3217741847038269, 0.319115549325943, 0.31468215584754944, 0.3076590895652771, 0.3006654977798462, 0.29642900824546814, 0.2945753037929535, 0.29115206003189087, 0.28373289108276367, 0.2775639593601227, 0.2811809182167053, 0.28922638297080994, 0.29139336943626404, 0.28834283351898193, 0.2827224135398865, 0.277488112449646, 0.286825954914093, 0.27585968375205994, 0.25815728306770325, 0.271238774061203, 0.3100188076496124, 0.3021928071975708, 0.29520493745803833, 0.2917865812778473, 0.29168376326560974, 0.29133421182632446, 0.2884482741355896, 0.286227285861969, 0.287529319524765, 0.2896343469619751, 0.28705963492393494, 0.2832685708999634, 0.28585731983184814, 0.29272007942199707, 0.29714688658714294, 0.30018433928489685, 0.3030799329280853, 0.29333189129829407, 0.28110161423683167, 0.2829747200012207, 0.2859797179698944, 0.2774583399295807, 0.28401076793670654, 0.2921847999095917, 0.292754590511322, 0.29185184836387634, 0.29370248317718506, 0.2964823842048645, 0.2975345253944397, 0.29602137207984924, 0.29516807198524475, 0.29758262634277344, 0.30130741000175476, 0.302998811006546, 0.3007964491844177, 0.2967149019241333, 0.29464447498321533, 0.2947666049003601, 0.2939724624156952, 0.29560813307762146, 0.30103135108947754, 0.30037301778793335, 0.29713648557662964, 0.3037180006504059, 0.30945706367492676, 0.3105863332748413, 0.310588002204895, 0.3125571608543396, 0.31698647141456604, 0.3221210241317749, 0.32576796412467957, 0.3268033266067505, 0.32612964510917664, 0.32507410645484924, 0.3245380222797394, 0.32633236050605774, 0.3314754366874695, 0.335875928401947, 0.33476126194000244, 0.33859020471572876, 0.3370468020439148, 0.3411779999732971, 0.34417375922203064, 0.34650537371635437, 0.348954975605011, 0.3514210879802704, 0.35386598110198975, 0.35626232624053955, 0.3585299253463745, 0.36111190915107727, 0.3642653822898865, 0.3675338923931122, 0.3706646263599396, 0.3726050853729248, 0.36373552680015564], "betas": [-2.4727988243103027, -2.234093427658081, -2.1581528186798096, -2.1033287048339844, -2.0477848052978516, -1.992279291152954, -1.9440343379974365, -1.915700078010559, -1.8980932235717773, -1.8664530515670776, -1.816502571105957, -1.7933529615402222, -1.824747920036316, -1.8622827529907227, -1.8663462400436401, -1.843611240386963, -1.8266774415969849, -1.6893752813339233, -1.5178710222244263, -1.8012256622314453, -1.660805583000183, -2.0283291339874268, -2.066741943359375, -1.973447561264038, -1.92506742477417, -1.902922511100769, -1.9016114473342896, -1.896659255027771, -1.881282925605774, -1.8670601844787598, -1.8634511232376099, -1.8644276857376099, -1.855154037475586, -1.8495711088180542, -1.8668766021728516, -1.894267201423645, -1.9080450534820557, -1.8978204727172852, -1.8731095790863037, -1.8409267663955688, -1.8018486499786377, -1.8552614450454712, -1.8197587728500366, -1.8442745208740234, -1.9015969038009644, -1.9272555112838745, -1.9167433977127075, -1.9101073741912842, -1.913802981376648, -1.9256266355514526, -1.9334678649902344, -1.9285396337509155, -1.9245564937591553, -1.930679440498352, -1.9461315870285034, -1.9508057832717896, -1.934867262840271, -1.9120914936065674, -1.9033689498901367, -1.9006319046020508, -1.890612006187439, -1.9249283075332642, -1.9428589344024658, -1.934836983680725, -1.9661909341812134, -2.0153768062591553, -2.038665533065796, -2.0435516834259033, -2.0495095252990723, -2.063563823699951, -2.084045648574829, -2.1071794033050537, -2.1302294731140137, -2.145203113555908, -2.1467068195343018, -2.1395351886749268, -2.1364028453826904, -2.1476047039031982, -2.17014741897583, -2.1900405883789062, -2.188621997833252, -2.2363131046295166, -2.2531139850616455, -2.271535634994507, -2.287588596343994, -2.3057193756103516, -2.3243958950042725, -2.3442628383636475, -2.3647613525390625, -2.3851284980773926, -2.4050283432006836, -2.424834728240967, -2.446601390838623, -2.472719669342041, -2.5040736198425293, -2.5459883213043213, -2.5480966567993164], "predicted_p_opt": 2.2896238716997748, "predicted_tts": 0.43675295857988167, "p_opt": 0.8112337545861065, "tts": 1.232690324270595, "approx": 0.9356725166153398, "opt_gap": -0.06432748338466021}