{"edges": [[0, 2], [0, 4], [0, 8], [0, 9], [0, 12], [1, 7], [2, 7], [2, 9], [3, 4], [3, 5], [3, 7], [3, 10], [3, 11], [4, 5], [4, 7], [4, 9], [5, 6], [5, 8], [6, 7], [6, 8], [6, 12], [7, 12], [9, 10], [9, 11], [11, 12]], "num_nodes": 13, "num_colors": 3, "opt_value": 25, "opt_count": 72, "feasible_count": 1594323, "mean_value": 16.666666666666668, "std": 2.357022603955158, "level": 97, "gammas": [0.16661249101161957, 0.2668769955635071, 0.2759581208229065, 0.27529510855674744, 0.2723511755466461, 0.2688727378845215, 0.2634442150592804, 0.2579668164253235, 0.2549208104610443, 0.2554209232330322, 0.2581014335155487, 0.25932517647743225, 0.2562182545661926, 0.24837319552898407, 0.23909054696559906, 0.23669368028640747, 0.24253453314304352, 0.24590320885181427, 0.2417728751897812, 0.23524419963359833, 0.23243558406829834, 0.2409217208623886, 0.253377765417099, 0.224109947681427, 0.26056692004203796, 0.22964204847812653, 0.2192448228597641, 0.2347213178873062, 0.2449035346508026, 0.2523895800113678, 0.2549588084220886, 0.25535136461257935, 0.25366538763046265, 0.24997937679290771, 0.24523873627185822, 0.241705521941185, 0.24220581352710724, 0.24655932188034058, 0.2501373589038849, 0.2481735795736313, 0.2418079972267151, 0.23863424360752106, 0.24293923377990723, 0.24660205841064453, 0.2433665692806244, 0.24159860610961914, 0.24505072832107544, 0.24167320132255554, 0.23952703177928925, 0.2332313507795334, 0.24608558416366577, 0.2497382014989853, 0.2400817722082138, 0.2384246289730072, 0.23861625790596008, 0.24087032675743103, 0.24281838536262512, 0.24626044929027557, 0.2500278651714325, 0.253797322511673, 0.2554529905319214, 0.25422143936157227, 0.2515822947025299, 0.25022098422050476, 0.2526867091655731, 0.25760167837142944, 0.2616710662841797, 0.262824147939682, 0.26238182187080383, 0.26200369000434875, 0.2619016468524933, 0.2652673125267029, 0.27007970213890076, 0.26817092299461365, 0.26186785101890564, 0.26237767934799194, 0.2717411518096924, 0.2780703902244568, 0.28021708130836487, 0.2809162139892578, 0.28507885336875916, 0.2879248261451721, 0.29049059748649597, 0.2931024730205536, 0.2956908345222473, 0.29819455742836, 0.30019208788871765, 0.3017343282699585, 0.30338484048843384, 0.3056882619857788, 0.30825895071029663, 0.31050264835357666, 0.3128697872161865, 0.31517013907432556, 0.3180167078971863, 0.32020753622055054, 0.3130963444709778], "betas": [-2.491518020629883, -2.2638802528381348, -2.182647228240967, -2.1685738563537598, -2.140537738800049, -2.1037027835845947, -2.061156749725342, -2.0245752334594727, -2.008490800857544, -2.014194965362549, -2.0262207984924316, -2.023334503173828, -1.9892743825912476, -1.9216252565383911, -1.8627526760101318, -1.867285132408142, -1.9099124670028687, -1.916473150253296, -1.8712213039398193, -1.8555243015289307, -1.8866441249847412, -1.7162991762161255, -1.6981253623962402, -1.8990824222564697, -1.9581387042999268, -1.8021143674850464, -1.8757389783859253, -1.941832184791565, -1.9804816246032715, -2.006194591522217, -2.0051591396331787, -1.9956539869308472, -1.9740419387817383, -1.947994589805603, -1.9232604503631592, -1.9083847999572754, -1.9149651527404785, -1.9333713054656982, -1.9403419494628906, -1.9241085052490234, -1.8970683813095093, -1.8916950225830078, -1.908736228942871, -1.9160206317901611, -1.8992425203323364, -1.8725807666778564, -1.8499201536178589, -1.855587363243103, -1.8572801351547241, -1.8588780164718628, -1.9475674629211426, -1.9115506410598755, -1.8988518714904785, -1.899729609489441, -1.9083784818649292, -1.9189858436584473, -1.9382222890853882, -1.9542524814605713, -1.9727191925048828, -1.9911649227142334, -1.9982211589813232, -1.995237946510315, -1.9861656427383423, -1.9846135377883911, -1.9998358488082886, -2.029370069503784, -2.0578887462615967, -2.0721051692962646, -2.0691847801208496, -2.0594592094421387, -2.064582586288452, -2.0846638679504395, -2.1049492359161377, -2.0982167720794678, -2.090352773666382, -2.121790647506714, -2.183225631713867, -2.200352430343628, -2.243863821029663, -2.2611541748046875, -2.2840499877929688, -2.3087172508239746, -2.3321354389190674, -2.352963924407959, -2.371685743331909, -2.3899025917053223, -2.4091925621032715, -2.4292919635772705, -2.4486865997314453, -2.465165853500366, -2.4833357334136963, -2.5071260929107666, -2.532583713531494, -2.558994770050049, -2.591169834136963, -2.6387858390808105, -2.653421640396118], "predicted_p_opt": 1.717217903774831, "predicted_tts": 0.5823372781065089, "p_opt": 0.7196784006577349, "tts": 1.3895095352119378, "approx": 0.9014322527958157, "opt_gap": -0.09856774720418426}