{"edges": [[0, 1], [0, 2], [0, 3], [0, 5], [1, 6], [1, 7], [1, 9], [2, 5], [2, 9], [2, 10], [3, 4], [3, 5], [3, 6], [4, 6], [4, 9], [5, 7], [5, 9], [8, 9]], "num_nodes": 11, "num_colors": 3, "opt_value": 18, "opt_count": 72, "feasible_count": 177147, "mean_value": 12.0, "std": 2.0, "level": 29, "gammas": [3.141592732557739, 3.1415927022244907, 3.141592514468557, 3.1415924335425536, 3.141592497539843, 3.1415926321400294, 3.141592743470092, 3.141592715868354, 3.1415925534317104, 3.141592331361433, 3.1415921589010454, 3.1415918772727065, 3.1415917318987066, 3.1415906224261514, 3.14158841882084, 3.141583764013812, 3.1415774161556898, 3.1415739982004154, 3.1415563317186073, 3.1415529794672112, 3.1413584254581917, 3.1413189081609327, 3.141260460954511, 3.141227865554953, 3.141316056372403, 3.1404614554654926, 3.1391637143558833, 3.1274260929584825, 3.1365406853042272], "betas": [3.141592546896923, 3.141592697452443, 3.141592850126047, 3.1415928600199603, 3.1415927449425767, 3.141592606419037, 3.1415925611979336, 3.1415926492760957, 3.1415928137656812, 3.141592954701773, 3.14159275934926, 3.141592083091473, 3.1415910008928556, 3.141588556284009, 3.1415860425515962, 3.141580409757381, 3.1415799634202695, 3.1415661095030876, 3.1415617679851744, 3.141469916623811, 3.1412848111489278, 3.1413537744461837, 3.14121910859776, 3.1413299972759234, 3.14056998227099, 3.1415195463252945, 3.131981700530067, 3.1304354383187314, 3.1403401735862686], "predicted_p_opt": 1.4148249758674998, "predicted_tts": 0.706801206549842, "p_opt": 0.8615538304669186, "tts": 1.1606935801771674, "approx": 0.9538325624563861, "opt_gap": -0.046167437543613854, "th": -17.999000549316406}