{"N": 24, "edgelist": ["0 1 {}\n", "0 2 {}\n", "0 3 {}\n", "0 5 {}\n", "0 7 {}\n", "0 8 {}\n", "0 9 {}\n", "0 10 {}\n", "0 12 {}\n", "0 14 {}\n", "0 16 {}\n", "0 17 {}\n", "0 19 {}\n", "0 23 {}\n", "1 2 {}\n", "1 4 {}\n", "1 7 {}\n", "1 9 {}\n", "1 12 {}\n", "1 13 {}\n", "1 14 {}\n", "1 18 {}\n", "1 20 {}\n", "1 23 {}\n", "2 3 {}\n", "2 4 {}\n", "2 8 {}\n", "2 10 {}\n", "2 11 {}\n", "2 13 {}\n", "2 14 {}\n", "2 15 {}\n", "2 18 {}\n", "2 19 {}\n", "2 20 {}\n", "2 23 {}\n", "3 4 {}\n", "3 5 {}\n", "3 6 {}\n", "3 8 {}\n", "3 9 {}\n", "3 16 {}\n", "3 19 {}\n", "3 20 {}\n", "3 23 {}\n", "4 5 {}\n", "4 6 {}\n", "4 7 {}\n", "4 9 {}\n", "4 10 {}\n", "4 14 {}\n", "4 16 {}\n", "4 17 {}\n", "4 19 {}\n", "4 21 {}\n", "5 6 {}\n", "5 8 {}\n", "5 9 {}\n", "5 12 {}\n", "5 13 {}\n", "5 19 {}\n", "5 20 {}\n", "5 21 {}\n", "5 22 {}\n", "5 23 {}\n", "6 8 {}\n", "6 14 {}\n", "6 15 {}\n", "6 18 {}\n", "6 22 {}\n", "6 23 {}\n", "7 8 {}\n", "7 9 {}\n", "7 10 {}\n", "7 11 {}\n", "7 13 {}\n", "7 14 {}\n", "7 18 {}\n", "7 23 {}\n", "8 11 {}\n", "8 12 {}\n", "8 13 {}\n", "8 15 {}\n", "8 16 {}\n", "8 17 {}\n", "8 18 {}\n", "8 20 {}\n", "8 23 {}\n", "9 11 {}\n", "9 12 {}\n", "9 14 {}\n", "9 15 {}\n", "9 17 {}\n", "9 18 {}\n", "9 19 {}\n", "9 20 {}\n", "9 22 {}\n", "9 23 {}\n", "10 11 {}\n", "10 16 {}\n", "10 18 {}\n", "10 19 {}\n", "10 20 {}\n", "10 21 {}\n", "11 12 {}\n", "11 14 {}\n", "11 15 {}\n", "11 16 {}\n", "11 17 {}\n", "11 18 {}\n", "11 19 {}\n", "11 20 {}\n", "12 14 {}\n", "12 16 {}\n", "12 17 {}\n", "12 18 {}\n", "12 20 {}\n", "12 23 {}\n", "13 14 {}\n", "13 15 {}\n", "13 19 {}\n", "13 20 {}\n", "13 21 {}\n", "13 23 {}\n", "14 17 {}\n", "14 19 {}\n", "14 20 {}\n", "14 21 {}\n", "14 22 {}\n", "15 16 {}\n", "15 17 {}\n", "15 19 {}\n", "15 21 {}\n", "15 23 {}\n", "16 21 {}\n", "16 23 {}\n", "17 19 {}\n", "17 20 {}\n", "17 21 {}\n", "17 23 {}\n", "18 20 {}\n", "18 22 {}\n", "19 20 {}\n", "19 21 {}\n", "20 22 {}\n", "22 23 {}\n"], "opt_value": 127, "opt_count": 1, "feasible_count": 2704156, "mean_value": 111.08695652173913, "std": 3.51552246339804, "level": 45, "gammas": [0.1093282699584961, 0.18693016469478607, 0.19525909423828125, 0.19353686273097992, 0.1909157782793045, 0.18906988203525543, 0.1881241351366043, 0.18782095611095428, 0.18784499168395996, 0.18788902461528778, 0.1878177672624588, 0.18770566582679749, 0.18777358531951904, 0.18796607851982117, 0.18747849762439728, 0.18765057623386383, 0.1874178797006607, 0.18730497360229492, 0.18720793724060059, 0.18717360496520996, 0.18717041611671448, 0.1871274709701538, 0.18708139657974243, 0.18705099821090698, 0.18704316020011902, 0.1870318204164505, 0.18705835938453674, 0.18724437057971954, 0.18720795214176178, 0.18874520063400269, 0.1848905235528946, 0.192091166973114, 0.1856960505247116, 0.18563522398471832, 0.18818341195583344, 0.18973898887634277, 0.1894439309835434, 0.18857532739639282, 0.1882237046957016, 0.18830712139606476, 0.18847139179706573, 0.18863001465797424, 0.18886981904506683, 0.18871738016605377, 0.18315383791923523], "betas": [-2.9925882816314697, -2.9890525341033936, -2.993082046508789, -2.9913570880889893, -2.985041856765747, -2.9772119522094727, -2.971142530441284, -2.9688217639923096, -2.969780206680298, -2.970027208328247, -2.9659433364868164, -2.957050085067749, -2.956017255783081, -2.9751548767089844, -2.9603519439697266, -2.9600157737731934, -2.9571826457977295, -2.9554617404937744, -2.9547200202941895, -2.9541778564453125, -2.9536819458007812, -2.952423572540283, -2.9514923095703125, -2.9513347148895264, -2.9515631198883057, -2.951608419418335, -2.951260566711426, -2.9533653259277344, -2.9641072750091553, -2.9491653442382812, -3.1049604415893555, -2.8263132572174072, -2.8726725578308105, -3.0085301399230957, -3.039501190185547, -3.0043110847473145, -2.973205804824829, -2.965538501739502, -2.970860719680786, -2.9767394065856934, -2.9792728424072266, -2.9798552989959717, -2.9787683486938477, -2.9751503467559814, -2.985435724258423], "predicted_p_opt": 0.0030623233275003364, "predicted_tts": 326.54945054945057, "p_opt": 0.0025740948770447084, "tts": 388.48606899373095, "approx": 0.8775412736025762, "opt_gap": -0.12245872639742383}