{"N": 24, "edgelist": ["0 1 {}\n", "0 5 {}\n", "0 9 {}\n", "0 14 {}\n", "0 15 {}\n", "0 17 {}\n", "0 18 {}\n", "0 22 {}\n", "0 23 {}\n", "1 2 {}\n", "1 3 {}\n", "1 4 {}\n", "1 5 {}\n", "1 6 {}\n", "1 7 {}\n", "1 10 {}\n", "1 12 {}\n", "1 13 {}\n", "1 14 {}\n", "1 19 {}\n", "2 4 {}\n", "2 6 {}\n", "2 8 {}\n", "2 11 {}\n", "2 14 {}\n", "2 16 {}\n", "2 18 {}\n", "2 19 {}\n", "2 22 {}\n", "3 4 {}\n", "3 5 {}\n", "3 6 {}\n", "3 7 {}\n", "3 9 {}\n", "3 13 {}\n", "3 17 {}\n", "3 19 {}\n", "3 23 {}\n", "4 5 {}\n", "4 6 {}\n", "4 7 {}\n", "4 10 {}\n", "4 11 {}\n", "4 12 {}\n", "4 14 {}\n", "4 17 {}\n", "4 18 {}\n", "4 19 {}\n", "4 23 {}\n", "5 7 {}\n", "5 8 {}\n", "5 9 {}\n", "5 10 {}\n", "5 11 {}\n", "5 13 {}\n", "5 14 {}\n", "5 15 {}\n", "5 16 {}\n", "5 18 {}\n", "5 20 {}\n", "5 21 {}\n", "5 22 {}\n", "5 23 {}\n", "6 7 {}\n", "6 11 {}\n", "6 13 {}\n", "6 14 {}\n", "6 15 {}\n", "6 19 {}\n", "6 20 {}\n", "6 22 {}\n", "7 11 {}\n", "7 14 {}\n", "7 16 {}\n", "7 17 {}\n", "7 18 {}\n", "7 20 {}\n", "7 21 {}\n", "7 23 {}\n", "8 10 {}\n", "8 11 {}\n", "8 13 {}\n", "8 14 {}\n", "8 15 {}\n", "8 16 {}\n", "8 17 {}\n", "8 19 {}\n", "8 20 {}\n", "8 21 {}\n", "8 22 {}\n", "8 23 {}\n", "9 10 {}\n", "9 11 {}\n", "9 13 {}\n", "9 14 {}\n", "9 16 {}\n", "9 18 {}\n", "9 22 {}\n", "9 23 {}\n", "10 13 {}\n", "10 14 {}\n", "10 17 {}\n", "10 19 {}\n", "10 20 {}\n", "10 21 {}\n", "10 22 {}\n", "10 23 {}\n", "11 12 {}\n", "11 13 {}\n", "11 14 {}\n", "11 17 {}\n", "11 18 {}\n", "11 19 {}\n", "11 20 {}\n", "11 21 {}\n", "11 22 {}\n", "11 23 {}\n", "12 14 {}\n", "12 15 {}\n", "12 16 {}\n", "12 18 {}\n", "12 19 {}\n", "12 20 {}\n", "12 21 {}\n", "12 22 {}\n", "13 15 {}\n", "13 19 {}\n", "13 20 {}\n", "13 22 {}\n", "14 15 {}\n", "14 18 {}\n", "14 19 {}\n", "14 21 {}\n", "14 22 {}\n", "14 23 {}\n", "15 18 {}\n", "15 19 {}\n", "15 22 {}\n", "15 23 {}\n", "16 18 {}\n", "16 20 {}\n", "16 22 {}\n", "17 18 {}\n", "17 20 {}\n", "18 20 {}\n", "18 21 {}\n", "18 23 {}\n", "19 20 {}\n", "19 22 {}\n", "19 23 {}\n", "20 21 {}\n", "20 23 {}\n", "21 22 {}\n", "21 23 {}\n", "22 23 {}\n"], "opt_value": 134, "opt_count": 6, "feasible_count": 2704156, "mean_value": 117.93478260869566, "std": 3.976495552393698, "level": 45, "gammas": [0.10070862621068954, 0.1752883642911911, 0.18596047163009644, 0.18649469316005707, 0.1853470355272293, 0.184248149394989, 0.18351514637470245, 0.18312691152095795, 0.18289965391159058, 0.18273070454597473, 0.18268533051013947, 0.18307361006736755, 0.1838541179895401, 0.18270151317119598, 0.18327508866786957, 0.1831478327512741, 0.18299587070941925, 0.18280191719532013, 0.1826784312725067, 0.1826428920030594, 0.18272075057029724, 0.18281668424606323, 0.1828717589378357, 0.18286563456058502, 0.1828332394361496, 0.18284885585308075, 0.1828993707895279, 0.18298381567001343, 0.18305127322673798, 0.1830679178237915, 0.18365934491157532, 0.1786710023880005, 0.191550150513649, 0.17993038892745972, 0.1787385195493698, 0.1819796860218048, 0.18453983962535858, 0.18537050485610962, 0.18510420620441437, 0.18459554016590118, 0.18426857888698578, 0.18418624997138977, 0.1842302680015564, 0.18379871547222137, 0.17841970920562744], "betas": [-2.9376883506774902, -2.9063687324523926, -2.902799129486084, -2.9030303955078125, -2.9033522605895996, -2.9034104347229004, -2.903376817703247, -2.9027903079986572, -2.901007652282715, -2.897888422012329, -2.8942551612854004, -2.8972654342651367, -2.914835214614868, -2.9078586101531982, -2.906064987182617, -2.903233289718628, -2.9004268646240234, -2.898432493209839, -2.897860527038574, -2.8983516693115234, -2.899014711380005, -2.8991658687591553, -2.899423599243164, -2.899698495864868, -2.900179624557495, -2.9006969928741455, -2.9013822078704834, -2.9023523330688477, -2.904552936553955, -2.908945322036743, -2.916433334350586, -2.989870309829712, -2.775660991668701, -2.815047264099121, -2.915741443634033, -2.9593629837036133, -2.9554266929626465, -2.93998646736145, -2.928745985031128, -2.923722505569458, -2.9223134517669678, -2.9222378730773926, -2.9220187664031982, -2.9232757091522217, -2.9422049522399902], "predicted_p_opt": 0.018373939965002018, "predicted_tts": 54.42490842490843, "p_opt": 0.014556730166077614, "tts": 68.69674635656554, "approx": 0.8856109976768494, "opt_gap": -0.11438900232315063}