{"N": 24, "edgelist": ["0 2 {}\n", "0 4 {}\n", "0 5 {}\n", "0 6 {}\n", "0 8 {}\n", "0 9 {}\n", "0 10 {}\n", "0 12 {}\n", "0 13 {}\n", "0 14 {}\n", "0 16 {}\n", "0 18 {}\n", "1 3 {}\n", "1 7 {}\n", "1 10 {}\n", "1 13 {}\n", "1 16 {}\n", "1 17 {}\n", "1 19 {}\n", "1 23 {}\n", "2 6 {}\n", "2 8 {}\n", "2 11 {}\n", "2 15 {}\n", "2 17 {}\n", "2 18 {}\n", "2 19 {}\n", "2 20 {}\n", "2 22 {}\n", "2 23 {}\n", "3 4 {}\n", "3 10 {}\n", "3 11 {}\n", "3 12 {}\n", "3 13 {}\n", "3 15 {}\n", "3 16 {}\n", "3 17 {}\n", "3 19 {}\n", "3 20 {}\n", "3 22 {}\n", "3 23 {}\n", "4 6 {}\n", "4 8 {}\n", "4 10 {}\n", "4 11 {}\n", "4 14 {}\n", "4 16 {}\n", "4 18 {}\n", "4 23 {}\n", "5 7 {}\n", "5 9 {}\n", "5 10 {}\n", "5 11 {}\n", "5 15 {}\n", "5 18 {}\n", "5 19 {}\n", "5 21 {}\n", "5 23 {}\n", "6 7 {}\n", "6 9 {}\n", "6 10 {}\n", "6 15 {}\n", "6 17 {}\n", "6 21 {}\n", "6 23 {}\n", "7 8 {}\n", "7 10 {}\n", "7 14 {}\n", "7 17 {}\n", "7 18 {}\n", "7 20 {}\n", "7 21 {}\n", "8 9 {}\n", "8 10 {}\n", "8 13 {}\n", "8 15 {}\n", "8 18 {}\n", "8 19 {}\n", "8 20 {}\n", "8 22 {}\n", "8 23 {}\n", "9 10 {}\n", "9 11 {}\n", "9 12 {}\n", "9 14 {}\n", "9 15 {}\n", "9 16 {}\n", "9 19 {}\n", "9 20 {}\n", "9 21 {}\n", "10 12 {}\n", "10 13 {}\n", "10 16 {}\n", "10 17 {}\n", "10 20 {}\n", "10 21 {}\n", "10 22 {}\n", "10 23 {}\n", "11 12 {}\n", "11 14 {}\n", "11 16 {}\n", "11 17 {}\n", "11 23 {}\n", "12 14 {}\n", "12 15 {}\n", "12 17 {}\n", "12 18 {}\n", "13 14 {}\n", "13 17 {}\n", "13 18 {}\n", "13 19 {}\n", "13 20 {}\n", "13 21 {}\n", "13 22 {}\n", "14 17 {}\n", "14 20 {}\n", "14 23 {}\n", "15 16 {}\n", "15 17 {}\n", "15 19 {}\n", "15 20 {}\n", "15 21 {}\n", "15 22 {}\n", "15 23 {}\n", "16 18 {}\n", "16 19 {}\n", "16 21 {}\n", "16 23 {}\n", "17 18 {}\n", "17 23 {}\n", "18 19 {}\n", "19 21 {}\n", "19 23 {}\n", "20 22 {}\n", "22 23 {}\n"], "opt_value": 119, "opt_count": 3, "feasible_count": 2704156, "mean_value": 103.47826086956522, "std": 3.41004536594245, "level": 37, "gammas": [0.11508776247501373, 0.19710585474967957, 0.2047148048877716, 0.20020416378974915, 0.19487717747688293, 0.19262363016605377, 0.19318322837352753, 0.1934005171060562, 0.19461962580680847, 0.1945667564868927, 0.19423623383045197, 0.19401176273822784, 0.1940307766199112, 0.1941690742969513, 0.19420784711837769, 0.19416086375713348, 0.1940583884716034, 0.19397379457950592, 0.19396954774856567, 0.19403183460235596, 0.19408920407295227, 0.19405053555965424, 0.19395996630191803, 0.19393455982208252, 0.19396598637104034, 0.19405625760555267, 0.1941971331834793, 0.19458745419979095, 0.19550015032291412, 0.1876971423625946, 0.2017386257648468, 0.1940586119890213, 0.1909121572971344, 0.1940281242132187, 0.1963953822851181, 0.19614389538764954, 0.18905602395534515], "betas": [-3.0599899291992188, -3.0659422874450684, -3.044957399368286, -2.9988341331481934, -2.95794677734375, -2.9533801078796387, -2.9862899780273438, -2.9888713359832764, -2.9959168434143066, -2.9920499324798584, -2.988284111022949, -2.987271785736084, -2.988142490386963, -2.98887038230896, -2.9883885383605957, -2.9869227409362793, -2.9858381748199463, -2.9854443073272705, -2.985558032989502, -2.985753059387207, -2.985635757446289, -2.985344886779785, -2.9850099086761475, -2.985426187515259, -2.98636531829834, -2.9873645305633545, -2.9886720180511475, -2.995785713195801, -2.9547436237335205, -3.082759141921997, -2.9281435012817383, -2.94646954536438, -3.005415439605713, -3.026287078857422, -3.017183780670166, -3.0033159255981445, -2.986341953277588], "predicted_p_opt": 0.006240394415115104, "predicted_tts": 160.24628148148147, "p_opt": 0.005216473713517189, "tts": 191.7003813148238, "approx": 0.8738922476768494, "opt_gap": -0.12610775232315063}