{"edges": [[0, 3], [0, 4], [0, 7], [0, 15], [1, 6], [1, 14], [2, 8], [2, 9], [2, 10], [2, 12], [2, 14], [3, 4], [3, 10], [3, 16], [4, 9], [4, 10], [4, 13], [5, 8], [5, 9], [5, 10], [6, 9], [6, 12], [7, 11], [8, 9], [8, 10], [9, 14], [9, 15], [10, 13], [11, 13], [12, 15], [13, 16]], "num_nodes": 17, "num_colors": 3, "opt_value": 31, "opt_count": 504, "feasible_count": 129140163, "mean_value": 20.666666666666668, "std": 2.6246692913372702, "level": 71, "gammas": [-0.14464601874351501, -0.23782207071781158, -0.24879352748394012, -0.2474157065153122, -0.24491527676582336, -0.24166163802146912, -0.2379121482372284, -0.23446381092071533, -0.23091091215610504, -0.22498232126235962, -0.20849348604679108, -0.2160521298646927, -0.22540372610092163, -0.22673776745796204, -0.20722483098506927, -0.20683972537517548, -0.2069142460823059, -0.20813454687595367, -0.20947082340717316, -0.20803114771842957, -0.20394520461559296, -0.20194393396377563, -0.20373839139938354, -0.20332179963588715, -0.1941705346107483, -0.19635148346424103, -0.2183074802160263, -0.19283825159072876, -0.2109440118074417, -0.19141368567943573, -0.19531042873859406, -0.20424365997314453, -0.2060643434524536, -0.20712999999523163, -0.20874212682247162, -0.2084130346775055, -0.2074609398841858, -0.20932388305664062, -0.21576306223869324, -0.2276616245508194, -0.17942923307418823, 0.14189311861991882, 0.2271401435136795, 0.2595106363296509, 0.25790780782699585, 0.25473833084106445, 0.2514103353023529, 0.25096216797828674, 0.25296518206596375, 0.2507699131965637, 0.25150397419929504, 0.24585068225860596, 0.24748101830482483, 0.25153714418411255, 0.24944229423999786, 0.2516189515590668, 0.25334349274635315, 0.254171222448349, 0.2552136480808258, 0.2566317319869995, 0.25773367285728455, 0.25955700874328613, 0.2557937204837799, 0.2575225830078125, 0.2784298062324524, 0.2653161883354187, 0.2616158723831177, 0.26809871196746826, 0.27242955565452576, 0.2749810516834259, 0.271975576877594], "betas": [2.63419771194458, 2.4812774658203125, 2.423776865005493, 2.4085469245910645, 2.3913519382476807, 2.379492998123169, 2.379150867462158, 2.385277271270752, 2.3782832622528076, 2.259148359298706, 2.052499294281006, 2.1239190101623535, 1.9553382396697998, 2.234360694885254, 2.1359477043151855, 2.0462684631347656, 2.0613317489624023, 2.074331760406494, 2.0673413276672363, 2.033634901046753, 2.0020177364349365, 2.0075199604034424, 2.0108489990234375, 1.9945671558380127, 2.0397567749023438, 1.9401507377624512, 1.8680840730667114, 1.9811185598373413, 2.005053997039795, 1.947129726409912, 2.0458316802978516, 2.0548501014709473, 2.050476312637329, 2.0400969982147217, 2.0293097496032715, 2.0199077129364014, 2.02782940864563, 2.06306791305542, 2.1786184310913086, 2.1798315048217773, -1.965306043624878, -2.967510223388672, -2.5715694427490234, -2.52986216545105, -2.5203733444213867, -2.522428274154663, -2.5216281414031982, -2.53153657913208, -2.5616090297698975, -2.559054136276245, -2.4994099140167236, -2.4465010166168213, -2.465707778930664, -2.504077434539795, -2.5419762134552, -2.552499771118164, -2.561061143875122, -2.5710880756378174, -2.582451820373535, -2.593674421310425, -2.60115122795105, -2.5965726375579834, -2.719027280807495, -2.6308372020721436, -2.662461042404175, -2.6800405979156494, -2.7522621154785156, -2.7705941200256348, -2.779021739959717, -2.821873664855957, -2.9292092323303223], "predicted_p_opt": 0.07980705429340368, "predicted_tts": 12.530220653472401, "p_opt": 0.05243310170793017, "tts": 19.071921504288127, "approx": 0.6764905206100208, "opt_gap": -0.3235094793899792}