{"edges": [[0, 2], [0, 5], [0, 8], [0, 9], [1, 4], [1, 7], [2, 3], [2, 4], [2, 7], [2, 9], [3, 4], [3, 8], [3, 10], [4, 8], [5, 9], [5, 10], [6, 8], [6, 10]], "num_nodes": 11, "num_colors": 3, "distribution": [[0, 3], [3, 30], [6, 858], [4, 108], [7, 2166], [10, 19314], [2, 24], [5, 336], [8, 4890], [9, 10194], [12, 36474], [11, 28488], [13, 33498], [14, 24252], [15, 11940], [16, 3720], [17, 816], [18, 36]], "opt_value": 18, "opt_count": 36, "feasible_count": 177147, "mean_value": 12.0, "std": 2.0, "level": 1, "gammas": [0.3837006390094757], "betas": [-3.636218786239624], "predicted_p_opt": 0.001828989483310471, "predicted_tts": 546.75, "p_opt": 0.001111685996875167, "tts": 899.5345833363876}