{"edges": [[0, 7], [0, 8], [0, 9], [1, 4], [1, 7], [1, 9], [1, 10], [2, 3], [2, 5], [2, 7], [2, 8], [3, 4], [3, 7], [4, 5], [4, 7], [4, 8], [4, 9], [4, 10], [5, 9], [5, 10], [6, 10], [8, 10]], "num_nodes": 11, "num_colors": 3, "opt_value": 22, "opt_count": 12, "feasible_count": 177147, "mean_value": 14.666666666666666, "std": 2.211083193570267, "level": 1, "gammas": [0.33085399866104126], "betas": [3.563509225845337], "predicted_p_opt": 0.0006096631611034903, "predicted_tts": 1640.25, "p_opt": 0.0003981695044785738, "tts": 2511.49319260288, "approx": 0.675215482711792, "opt_gap": -0.324784517288208}