{"N": 18, "edgelist": ["0 4 {}\n", "0 6 {}\n", "0 8 {}\n", "0 9 {}\n", "0 11 {}\n", "0 13 {}\n", "0 15 {}\n", "1 8 {}\n", "1 9 {}\n", "1 14 {}\n", "1 17 {}\n", "2 3 {}\n", "2 4 {}\n", "2 8 {}\n", "2 9 {}\n", "2 10 {}\n", "2 12 {}\n", "2 13 {}\n", "2 14 {}\n", "2 15 {}\n", "2 16 {}\n", "3 4 {}\n", "3 8 {}\n", "3 9 {}\n", "3 14 {}\n", "3 16 {}\n", "4 5 {}\n", "4 6 {}\n", "4 9 {}\n", "4 12 {}\n", "4 14 {}\n", "4 17 {}\n", "5 6 {}\n", "5 8 {}\n", "5 11 {}\n", "5 12 {}\n", "5 13 {}\n", "5 14 {}\n", "5 15 {}\n", "6 8 {}\n", "6 10 {}\n", "6 14 {}\n", "6 15 {}\n", "7 8 {}\n", "7 9 {}\n", "7 11 {}\n", "7 12 {}\n", "7 13 {}\n", "8 9 {}\n", "8 13 {}\n", "8 14 {}\n", "8 16 {}\n", "8 17 {}\n", "9 11 {}\n", "9 12 {}\n", "9 13 {}\n", "9 14 {}\n", "10 12 {}\n", "10 13 {}\n", "10 17 {}\n", "11 12 {}\n", "11 14 {}\n", "11 15 {}\n", "11 16 {}\n", "12 13 {}\n", "12 14 {}\n", "12 16 {}\n", "12 17 {}\n", "13 17 {}\n", "14 15 {}\n", "14 16 {}\n", "15 17 {}\n", "16 17 {}\n"], "opt_value": 67, "opt_count": 1, "feasible_count": 48620, "mean_value": 55.8235294117647, "std": 2.9552603969601106, "level": 29, "gammas": [0.14817079177413514, 0.25645942025231677, 0.27308204291352417, 0.27505899841019865, 0.2746032392036199, 0.27355185990614694, 0.2738819523548422, 0.273281136476165, 0.2730185561234998, 0.2733246251335596, 0.27338858948809613, 0.27324922839675264, 0.27342854487176627, 0.27392246473211485, 0.2732612903020245, 0.26966215332607935, 0.25518886547398417, 0.20534267504344317, -0.12962769293836687, -0.271655422253192, -0.2760087732685564, -0.2733220987551951, -0.270325251474425, -0.26808188268102756, -0.26727799442756023, -0.26695146253108215, -0.26670592710890445, -0.265488107882718, -0.2565197761832032], "betas": [-2.984529928172489, -2.9796031906036764, -2.988480305787414, -2.9977981190321543, -3.007480062565959, -3.013160824899172, -2.990246754757641, -3.025254914143108, -3.032288269309291, -3.035785427718563, -3.02722783664952, -3.014488024547753, -3.0015829059781347, -2.982080468216474, -2.9569049311684643, -2.9237792654522226, -2.972854212671274, 2.164785508516611, 3.3436308403981556, 3.0503570661132353, 2.9857971719790326, 2.958506801304154, 2.943602944344345, 2.938874682378, 2.9389356673827827, 2.936744266997305, 2.9299558138396313, 2.9184510192823274, 2.9041005792808834], "predicted_p_opt": 0.07159605100781571, "predicted_tts": 13.967250790002872, "p_opt": 0.045877330402395965, "tts": 21.7972578445361, "approx": 0.8682206291502202, "opt_gap": -0.13177937084977975}