{"edges": [[0, 8], [0, 11], [0, 12], [1, 4], [1, 6], [1, 7], [1, 10], [1, 13], [2, 7], [2, 8], [2, 9], [2, 10], [3, 7], [3, 11], [3, 12], [4, 10], [5, 11], [5, 13], [6, 10], [6, 11], [6, 13], [7, 10], [8, 13], [11, 12], [11, 13]], "num_nodes": 14, "num_colors": 3, "distribution": [[0, 3], [5, 330], [3, 54], [8, 5574], [6, 918], [9, 13080], [10, 28374], [7, 2106], [11, 61242], [12, 120588], [13, 218388], [14, 369306], [15, 554952], [16, 736782], [17, 833910], [1, 6], [4, 108], [18, 776784], [19, 573144], [20, 321228], [21, 127578], [22, 33216], [23, 4908], [2, 12], [24, 366], [25, 12]], "opt_value": 25, "opt_count": 12, "feasible_count": 4782969, "mean_value": 16.666666666666668, "std": 2.3570226039551585, "level": 6, "gammas": [0.27323484420776367, 0.35773158073425293, 0.8827667236328125, 0.453653484582901, 0.3705982565879822, 0.3365967571735382], "betas": [2.6005823612213135, 2.650259494781494, 1.8262470960617065, 2.30023193359375, -3.6686835289001465, 2.8788599967956543], "predicted_p_opt": 0.0004240044206851435, "predicted_tts": 2358.465976331361, "p_opt": 6.448113985890043e-05, "tts": 15508.410710298082}