{"edges": [[0, 2], [0, 5], [0, 8], [0, 11], [1, 6], [1, 7], [1, 11], [2, 3], [2, 6], [3, 4], [3, 9], [3, 12], [4, 7], [4, 9], [4, 10], [5, 6], [5, 7], [5, 13], [6, 12], [7, 8], [7, 11], [8, 10], [9, 11], [10, 11], [10, 13], [11, 12]], "num_nodes": 14, "num_colors": 3, "distribution": [[0, 3], [2, 6], [3, 30], [5, 150], [6, 366], [8, 2376], [7, 930], [9, 5484], [10, 13524], [4, 48], [11, 31548], [12, 69636], [13, 148128], [14, 282498], [15, 466224], [16, 663672], [17, 794568], [18, 791094], [19, 647904], [20, 443556], [21, 250284], [22, 115920], [23, 41640], [24, 11202], [25, 2010], [26, 168]], "opt_value": 26, "opt_count": 168, "feasible_count": 4782969, "mean_value": 17.333333333333332, "std": 2.4037008503093262, "level": 6, "gammas": [0.26845940947532654, 0.3458443582057953, 0.9007489681243896, 0.4301034212112427, 0.35204893350601196, 0.998518168926239], "betas": [2.71539044380188, 2.789994955062866, 2.0794413089752197, 2.5662269592285156, -3.4780325889587402, 2.0731256008148193], "predicted_p_opt": 0.005936061889592009, "predicted_tts": 168.46185545224006, "p_opt": 0.000776145125793597, "tts": 1288.4188365900188}