{"edges": [[3, 4], [3, 6], [3, 20], [4, 18], [4, 8], [6, 21], [6, 2], [21, 14], [21, 11], [12, 16], [12, 20], [12, 11], [16, 15], [16, 10], [18, 19], [18, 7], [0, 8], [0, 11], [0, 10], [8, 2], [2, 5], [5, 1], [5, 14], [1, 9], [1, 13], [9, 20], [9, 13], [10, 15], [15, 17], [13, 17], [17, 19], [7, 19], [7, 14]], "num_nodes": 22, "opt_value": 28, "opt_count": 4, "feasible_count": 4194304, "mean_value": 16.5, "std": 2.8722813232690143, "level": 1, "gammas": [3.1413512589006314], "betas": [3.1413852669385425], "predicted_p_opt": 8.58306884765625e-06, "predicted_tts": 116508.44444444444, "p_opt": 5.527047669416806e-06, "tts": 180928.41962144978, "approx": 0.7212964656730818, "opt_gap": -0.2787035343269182, "th": -19.604675456626044}