{"edges": [[0, 7], [0, 8], [0, 10], [0, 13], [0, 14], [0, 16], [1, 2], [1, 4], [1, 5], [1, 16], [2, 6], [2, 8], [2, 10], [3, 9], [3, 14], [4, 5], [4, 8], [4, 9], [4, 11], [5, 15], [6, 8], [6, 10], [6, 12], [7, 8], [7, 11], [7, 12], [7, 15], [8, 9], [8, 15], [8, 16], [9, 10], [9, 11], [12, 15], [13, 16], [14, 15], [15, 16]], "num_nodes": 17, "num_colors": 3, "opt_value": 36, "opt_count": 48, "feasible_count": 129140163, "mean_value": 24.0, "std": 2.8284271247461903, "level": 3, "gammas": [3.1416231457242128, 3.1417740617112506, 3.1418186133108374], "betas": [3.141641362515269, 3.1418308630917475, 3.141702375084106], "predicted_p_opt": 1.821276933032832e-05, "predicted_tts": 54906.5318877551, "p_opt": 1.8212660368586553e-05, "tts": 54906.86037965182, "approx": 0.6666725604238116, "opt_gap": -0.3333274395761884, "th": -35.999000549316406}