{"edges": [[0, 8], [0, 13], [0, 16], [1, 2], [1, 6], [1, 8], [1, 11], [1, 13], [1, 16], [2, 4], [2, 9], [2, 13], [2, 15], [3, 15], [4, 5], [4, 8], [4, 10], [4, 11], [4, 15], [5, 11], [6, 7], [6, 9], [6, 15], [6, 16], [7, 8], [7, 12], [8, 13], [9, 10], [9, 12], [10, 15], [11, 15], [13, 15], [13, 16], [14, 15]], "num_nodes": 17, "num_colors": 3, "opt_value": 34, "opt_count": 48, "feasible_count": 129140163, "mean_value": 22.666666666666668, "std": 2.7487370837451075, "level": 9, "gammas": [0.17222845554351807, 0.24972660839557648, 0.2470506876707077, 0.24405652284622192, 0.24419710040092468, 0.2460080236196518, 0.248447984457016, 0.25115737318992615, 0.2489466518163681], "betas": [-2.700023651123047, -2.643965244293213, -2.6755142211914062, -2.716163158416748, -2.7443504333496094, -2.7654736042022705, -2.792191743850708, -2.8426387310028076, -2.944145917892456], "predicted_p_opt": 0.00013417979037241883, "predicted_tts": 7452.687153739613, "p_opt": 0.00010095830018139166, "tts": 9905.079604186096, "approx": 0.6518317836136877, "opt_gap": -0.34816821638631235}