{"edges": [[0, 1], [0, 5], [1, 4], [1, 10], [1, 13], [1, 15], [2, 4], [2, 5], [2, 6], [2, 14], [2, 15], [3, 6], [3, 13], [4, 8], [4, 14], [4, 16], [5, 10], [5, 14], [6, 8], [6, 12], [7, 9], [7, 11], [8, 9], [8, 15], [9, 10], [9, 11], [9, 13], [9, 16], [10, 14], [11, 14], [11, 15], [13, 15], [14, 15], [15, 16]], "num_nodes": 17, "num_colors": 3, "opt_value": 34, "opt_count": 96, "feasible_count": 129140163, "mean_value": 22.666666666666668, "std": 2.748737083745107, "level": 9, "gammas": [0.17346525192260742, 0.2520715296268463, 0.2496095895767212, 0.24656905233860016, 0.24652552604675293, 0.2481195628643036, 0.25039130449295044, 0.2528238594532013, 0.2499251663684845], "betas": [-2.733675003051758, -2.679098606109619, -2.702115297317505, -2.7386672496795654, -2.7665677070617676, -2.7878642082214355, -2.813840866088867, -2.859295606613159, -2.9446988105773926], "predicted_p_opt": 0.00026835958074483766, "predicted_tts": 3726.3435768698064, "p_opt": 0.00020198527934924102, "tts": 4950.855840692025, "approx": 0.6560479221207727, "opt_gap": -0.3439520778792273}