{"edges": [[0, 2], [0, 4], [0, 10], [1, 4], [1, 11], [2, 3], [2, 6], [2, 7], [2, 9], [3, 4], [3, 5], [3, 6], [3, 7], [3, 11], [4, 7], [4, 9], [4, 10], [4, 11], [5, 6], [7, 8], [8, 9], [8, 10], [8, 11], [9, 10]], "num_nodes": 12, "num_colors": 3, "opt_value": 24, "opt_count": 12, "feasible_count": 531441, "mean_value": 16.0, "std": 2.309401076758503, "level": 3, "gammas": [0.27090758085250854, 0.35099679231643677, 0.3443877696990967], "betas": [-2.596942186355591, -2.6620335578918457, -2.852722406387329], "predicted_p_opt": 0.0011064257368174455, "predicted_tts": 903.8112244897959, "p_opt": 0.0007040644995868206, "tts": 1420.3244171334427, "approx": 0.6542900204658508, "opt_gap": -0.34570997953414917}