{"N": 18, "edgelist": ["0 1 {}\n", "0 5 {}\n", "0 6 {}\n", "0 7 {}\n", "0 10 {}\n", "0 11 {}\n", "0 12 {}\n", "0 13 {}\n", "0 16 {}\n", "0 17 {}\n", "1 3 {}\n", "1 7 {}\n", "1 11 {}\n", "1 12 {}\n", "1 13 {}\n", "1 15 {}\n", "1 17 {}\n", "2 6 {}\n", "2 8 {}\n", "2 11 {}\n", "2 12 {}\n", "2 16 {}\n", "2 17 {}\n", "3 4 {}\n", "3 5 {}\n", "3 6 {}\n", "3 15 {}\n", "3 16 {}\n", "4 7 {}\n", "4 8 {}\n", "4 10 {}\n", "4 11 {}\n", "4 12 {}\n", "4 13 {}\n", "4 14 {}\n", "4 16 {}\n", "5 8 {}\n", "5 9 {}\n", "5 10 {}\n", "5 13 {}\n", "5 14 {}\n", "5 15 {}\n", "6 7 {}\n", "6 11 {}\n", "6 14 {}\n", "6 16 {}\n", "6 17 {}\n", "7 8 {}\n", "7 10 {}\n", "7 12 {}\n", "7 13 {}\n", "7 15 {}\n", "7 16 {}\n", "7 17 {}\n", "8 13 {}\n", "8 14 {}\n", "8 17 {}\n", "9 12 {}\n", "9 15 {}\n", "9 16 {}\n", "9 17 {}\n", "10 12 {}\n", "10 13 {}\n", "11 12 {}\n", "11 16 {}\n", "11 17 {}\n", "12 14 {}\n", "12 15 {}\n", "13 14 {}\n", "13 15 {}\n", "13 16 {}\n", "14 15 {}\n", "14 17 {}\n", "15 17 {}\n"], "opt_value": 66, "opt_count": 4, "feasible_count": 48620, "mean_value": 56.588235294117645, "std": 2.393835797833598, "level": 37, "gammas": [-0.3406957254351117, -0.28265429800453745, -0.21306009040943147, -0.2056481285071619, -0.2205389274857102, -0.1893635053425841, -0.2157387299439522, -0.19442323217777222, -0.21664650960143303, -0.20413787078533374, -0.2247580899172968, -0.2379564850979044, -0.22855259143916024, -0.30461776682108, -0.26866442124699125, -0.39260439922574547, -0.35643413635665494, -0.3910983513554132, -0.40248229848071826, -0.34971794722539884, -0.6692288144245128, -0.22592257275742136, -0.27084942074293894, -0.29556853331862964, -0.27218779324778314, -0.25212596547934585, -0.2704416243836567, -0.2833501381777471, -0.26787558806301404, -0.27128451031958056, -0.9257452680267008, 0.617327306111293, 5.943211331083026, 5.9348396425764705, 5.9175614513370665, 5.907006139165563, 5.923967865975917], "betas": [1.7795065061197246, 2.15749677339876, 1.5514668001967935, 1.6640834077974949, 1.45169606301275, 1.5085004831474607, 1.457583479913341, 1.4312992322495317, 1.5108017629818675, 1.4255037761053033, 1.610247210311103, 1.5243304313526334, 1.7127878623149548, 2.437240825362787, 2.061028244862089, 2.2929787383761306, 2.427562824135369, 2.377631510888797, 2.4534128478035915, 1.8350851776690043, 2.5148038643313835, 2.745855285580738, 2.570573133520698, 2.290905629986592, 1.9710649318883733, 1.9463209763524, 2.068383117026817, 2.018408098697528, 1.9201432887571728, 2.0676445682892255, 2.5464772928415407, 2.1172866166638444, 2.759523567576737, 2.381172398042828, 2.533990007254212, 2.5973277838360045, 2.406410630516428], "predicted_p_opt": 0.46277252159605103, "predicted_tts": 2.1608888888888886, "p_opt": 0.008927839702656655, "tts": 112.00917952216707, "approx": 0.9721020251748952, "opt_gap": -0.02789797482510481}