{"edges": [[0, 5], [0, 6], [0, 8], [0, 9], [0, 12], [0, 14], [1, 4], [1, 7], [1, 13], [1, 15], [2, 3], [2, 4], [2, 5], [2, 8], [2, 10], [2, 14], [3, 5], [3, 8], [4, 7], [4, 8], [5, 7], [5, 13], [6, 7], [7, 9], [7, 10], [8, 12], [9, 14], [10, 14], [11, 14], [12, 13], [12, 14], [13, 15]], "num_nodes": 16, "num_colors": 3, "distribution": [[0, 3], [2, 12], [6, 462], [8, 2268], [4, 90], [5, 210], [10, 11472], [11, 24090], [9, 5010], [7, 1116], [12, 52380], [13, 110718], [1, 6], [3, 42], [14, 231426], [15, 468174], [16, 894444], [17, 1605276], [18, 2653890], [19, 3982998], [20, 5335566], [21, 6331896], [22, 6551250], [23, 5794956], [24, 4315332], [25, 2644194], [26, 1312722], [27, 516162], [28, 158664], [29, 35796], [30, 5556], [31, 516], [32, 24]], "opt_value": 32, "opt_count": 24, "feasible_count": 43046721, "mean_value": 21.333333333333332, "std": 2.666666666666667, "level": 5, "gammas": [0.22973549365997314, 0.277818500995636, 0.8274192214012146, 0.8751841187477112, 0.8891074061393738], "betas": [2.7409913539886475, 2.868560791015625, 2.164903402328491, 2.06335186958313, 2.1098968982696533], "predicted_p_opt": 6.746158435621612e-05, "predicted_tts": 14823.251033057852, "p_opt": 1.135692491516238e-05, "tts": 88052.00417103419, "approx": 0.6689510345458984, "opt_gap": -0.33104896545410156}