{"edges": [[0, 1], [0, 2], [0, 5], [0, 8], [0, 11], [1, 6], [2, 5], [2, 6], [2, 9], [2, 12], [2, 13], [3, 7], [3, 8], [3, 12], [4, 8], [4, 13], [4, 14], [5, 10], [6, 14], [7, 8], [7, 14], [8, 14], [9, 10], [11, 12], [12, 14]], "num_nodes": 15, "num_colors": 3, "opt_value": 25, "opt_count": 288, "feasible_count": 14348907, "mean_value": 16.666666666666668, "std": 2.3570226039551585, "level": 11, "gammas": [-0.27359655499458313, -0.3723796308040619, -0.21302711963653564, 0.397986501455307, 0.35445645451545715, 0.37918621301651, 0.3211333453655243, 0.32515114545822144, 0.3290283679962158, 0.33305346965789795, 0.33077630400657654], "betas": [2.9357030391693115, 3.828465461730957, 1.2259247303009033, -3.370948076248169, -3.264098644256592, -2.388806104660034, -2.6144721508026123, -2.672818183898926, -2.708625316619873, -2.76334810256958, -2.866957664489746], "predicted_p_opt": 0.010617672830411403, "predicted_tts": 94.18259688090738, "p_opt": 0.005726499482989311, "tts": 174.62675111916474, "approx": 0.6757560968399048, "opt_gap": -0.3242439031600952}