{"edges": [[0, 1], [0, 2], [0, 6], [0, 8], [0, 12], [1, 9], [1, 10], [1, 12], [2, 3], [2, 4], [2, 6], [2, 9], [2, 11], [3, 4], [4, 10], [4, 12], [4, 13], [5, 6], [6, 8], [6, 12], [7, 14], [8, 9], [8, 11], [11, 12], [11, 14], [12, 14], [13, 14]], "num_nodes": 15, "num_colors": 3, "opt_value": 27, "opt_count": 216, "feasible_count": 14348907, "mean_value": 18.0, "std": 2.449489742783178, "level": 11, "gammas": [-0.25641387701034546, -0.34776121377944946, -0.19671353697776794, 0.36898189783096313, 0.33012649416923523, 0.34973227977752686, 0.29606878757476807, 0.3000859320163727, 0.3044975697994232, 0.3091166317462921, 0.30809298157691956], "betas": [2.9264488220214844, 3.786313533782959, 1.257582664489746, -3.3451690673828125, -3.25846266746521, -2.3931775093078613, -2.620908498764038, -2.6785213947296143, -2.7167208194732666, -2.7752938270568848, -2.8879737854003906], "predicted_p_opt": 0.007963254622808552, "predicted_tts": 125.57679584120983, "p_opt": 0.004462819546461105, "tts": 224.07359060551144, "approx": 0.6681846976280212, "opt_gap": -0.33181530237197876}