{"edges": [[0, 5], [0, 7], [0, 10], [0, 11], [1, 3], [1, 4], [1, 5], [1, 6], [1, 8], [2, 3], [2, 8], [2, 10], [3, 5], [4, 6], [5, 6], [5, 11], [6, 8], [7, 9], [8, 11]], "num_nodes": 12, "num_colors": 3, "opt_value": 19, "opt_count": 72, "feasible_count": 531441, "mean_value": 12.666666666666666, "std": 2.0548046676563256, "level": 35, "gammas": [0.14867042005062103, 0.28924569487571716, 0.3042910695075989, 0.3133948743343353, 0.3171532452106476, 0.31870537996292114, 0.31864500045776367, 0.31928929686546326, 0.318572998046875, 0.3173028230667114, 0.3160339295864105, 0.3075488209724426, 0.29917624592781067, 0.2961735427379608, 0.2984742522239685, 0.30151015520095825, 0.31463974714279175, 0.3356333076953888, 0.2918584942817688, 0.17253917455673218, 0.2201875001192093, 0.2534697651863098, 0.24320238828659058, 0.25271937251091003, 0.25603172183036804, 0.26272255182266235, 0.2682829797267914, 0.26942142844200134, 0.26874324679374695, 0.26354971528053284, 0.2573896646499634, 0.2543267011642456, 0.26213887333869934, 0.26428696513175964, 0.28985294699668884], "betas": [-1.8238494396209717, -1.6439043283462524, -1.5883210897445679, -1.541067123413086, -1.512892246246338, -1.500096082687378, -1.4836246967315674, -1.4642220735549927, -1.4339849948883057, -1.403239369392395, -1.3698691129684448, -1.2950252294540405, -1.269012689590454, -1.1964694261550903, -1.2010477781295776, -1.2054388523101807, -1.12522554397583, -1.0691297054290771, -1.1204030513763428, -1.1769115924835205, -1.1249676942825317, -1.2619532346725464, -1.2443221807479858, -1.2691017389297485, -1.2884451150894165, -1.292801856994629, -1.2948200702667236, -1.295793890953064, -1.2799102067947388, -1.2678284645080566, -1.2344532012939453, -1.2314977645874023, -1.2432217597961426, -1.2538872957229614, -1.2547422647476196], "predicted_p_opt": 0.6829582211383766, "predicted_tts": 1.4642184090458243, "p_opt": 0.016511473804712296, "tts": 60.563945522210425, "approx": 0.9482051730155945, "opt_gap": -0.05179482698440552}