{"N": 26, "edgelist": ["0 2 {}\n", "0 5 {}\n", "0 6 {}\n", "0 9 {}\n", "0 17 {}\n", "0 18 {}\n", "0 19 {}\n", "0 20 {}\n", "0 21 {}\n", "0 23 {}\n", "0 24 {}\n", "0 25 {}\n", "1 2 {}\n", "1 3 {}\n", "1 5 {}\n", "1 8 {}\n", "1 9 {}\n", "1 11 {}\n", "1 13 {}\n", "1 14 {}\n", "1 15 {}\n", "1 16 {}\n", "1 18 {}\n", "1 21 {}\n", "1 25 {}\n", "2 3 {}\n", "2 7 {}\n", "2 9 {}\n", "2 10 {}\n", "2 11 {}\n", "2 12 {}\n", "2 13 {}\n", "2 14 {}\n", "2 17 {}\n", "2 18 {}\n", "2 22 {}\n", "2 24 {}\n", "3 7 {}\n", "3 9 {}\n", "3 10 {}\n", "3 11 {}\n", "3 12 {}\n", "3 13 {}\n", "3 15 {}\n", "3 16 {}\n", "3 19 {}\n", "3 22 {}\n", "3 23 {}\n", "3 25 {}\n", "4 5 {}\n", "4 8 {}\n", "4 12 {}\n", "4 14 {}\n", "4 22 {}\n", "4 23 {}\n", "5 6 {}\n", "5 7 {}\n", "5 8 {}\n", "5 9 {}\n", "5 10 {}\n", "5 11 {}\n", "5 12 {}\n", "5 16 {}\n", "5 17 {}\n", "5 18 {}\n", "5 22 {}\n", "5 23 {}\n", "5 24 {}\n", "6 7 {}\n", "6 8 {}\n", "6 9 {}\n", "6 11 {}\n", "6 12 {}\n", "6 13 {}\n", "6 14 {}\n", "6 15 {}\n", "6 16 {}\n", "6 19 {}\n", "6 21 {}\n", "6 24 {}\n", "7 8 {}\n", "7 9 {}\n", "7 11 {}\n", "7 12 {}\n", "7 14 {}\n", "7 18 {}\n", "7 20 {}\n", "7 21 {}\n", "7 23 {}\n", "7 24 {}\n", "7 25 {}\n", "8 9 {}\n", "8 12 {}\n", "8 14 {}\n", "8 16 {}\n", "8 20 {}\n", "8 22 {}\n", "8 24 {}\n", "9 10 {}\n", "9 12 {}\n", "9 13 {}\n", "9 14 {}\n", "9 17 {}\n", "9 18 {}\n", "9 20 {}\n", "9 24 {}\n", "9 25 {}\n", "10 11 {}\n", "10 12 {}\n", "10 13 {}\n", "10 15 {}\n", "10 20 {}\n", "10 21 {}\n", "10 22 {}\n", "10 23 {}\n", "10 24 {}\n", "10 25 {}\n", "11 12 {}\n", "11 15 {}\n", "11 17 {}\n", "11 20 {}\n", "11 23 {}\n", "11 24 {}\n", "12 14 {}\n", "12 15 {}\n", "12 17 {}\n", "12 18 {}\n", "12 21 {}\n", "12 24 {}\n", "12 25 {}\n", "13 14 {}\n", "13 15 {}\n", "13 17 {}\n", "13 18 {}\n", "13 21 {}\n", "13 24 {}\n", "14 16 {}\n", "14 17 {}\n", "14 18 {}\n", "14 19 {}\n", "14 23 {}\n", "14 25 {}\n", "15 16 {}\n", "15 17 {}\n", "15 22 {}\n", "15 23 {}\n", "16 18 {}\n", "16 19 {}\n", "16 21 {}\n", "16 23 {}\n", "16 25 {}\n", "17 18 {}\n", "17 19 {}\n", "17 20 {}\n", "18 19 {}\n", "18 22 {}\n", "18 25 {}\n", "19 20 {}\n", "19 21 {}\n", "19 22 {}\n", "19 23 {}\n", "19 24 {}\n", "20 23 {}\n", "20 24 {}\n", "20 25 {}\n", "21 22 {}\n", "22 23 {}\n", "23 25 {}\n", "24 25 {}\n"], "opt_value": 144, "opt_count": 3, "feasible_count": 10400600, "mean_value": 128.44, "std": 3.702567851593293, "level": 85, "gammas": [3.1415929071407187, 3.141592772238392, 3.141592699229725, 3.141592663716556, 3.141592631897891, 3.1415926345579135, 3.141592640385302, 3.1415926374201275, 3.1415926527060125, 3.1415926624252033, 3.141592670793998, 3.14159268135936, 3.141592676250731, 3.14159267931182, 3.141592680985778, 3.141592680050151, 3.141592677586868, 3.1415926742046203, 3.1415926676389128, 3.141592664135633, 3.141592656389927, 3.141592667351493, 3.1415926493595494, 3.1415926592734946, 3.1415926434747603, 3.1415926234994895, 3.141592636830868, 3.1415926327382007, 3.141592615421517, 3.1415925082737712, 3.1415923380715354, 3.141592032889137, 3.1415915990978998, 3.1415912160247754, 3.141590974025676, 3.141590877984159, 3.14159071629499, 3.141589698124823, 3.1415876652498214, 3.141585189521263, 3.1415817165308915, 3.14158037708755, 3.141581101275105, 3.1415801353948494, 3.1415773383762113, 3.141572672195596, 3.1415594951374093, 3.141555462768367, 3.141566097353631, 3.1415679802739827, 3.141559279098524, 3.1415526682288153, 3.1415378488786376, 3.1415365216554543, 3.141548967330221, 3.141548609514305, 3.1415423699965768, 3.1415219845041653, 3.1414633512634893, 3.1414350163096043, 3.141384281502397, 3.1413355311584676, 3.141310401084727, 3.1412912962573323, 3.1413339303092207, 3.1413186072990547, 3.1413743371126963, 3.1413752331450464, 3.1413836718876413, 3.14141638546796, 3.141334281299941, 3.1411712123047457, 3.1407257943916953, 3.1401764078545353, 3.1405770834477478, 3.140699114199474, 3.1411559817171204, 3.141221812744188, 3.1401557701599647, 3.1387897728008314, 3.139805462001889, 3.1366632223137856, 3.137834341880247, 3.128718002861489, 3.1365051663492696], "betas": [3.14159247046613, 3.141592579231991, 3.1415926353716945, 3.1415926617991823, 3.141592673239976, 3.1415926694136873, 3.1415926659801543, 3.1415926653013977, 3.1415926529787783, 3.141592638971758, 3.141592638165133, 3.141592637751485, 3.1415926339409963, 3.141592636239211, 3.1415926387284743, 3.1415926406799226, 3.1415926406149346, 3.1415926388998634, 3.141592638074891, 3.1415926372021215, 3.141592636611489, 3.141592623764955, 3.141592609961607, 3.141592597657375, 3.141592578278155, 3.1415925767775827, 3.1415925855390308, 3.1415925796990916, 3.14159252678652, 3.141592397290894, 3.1415921714886172, 3.1415917823982897, 3.1415913661521704, 3.141591050148607, 3.141590869915075, 3.1415907827694154, 3.1415903178112083, 3.141588658495191, 3.1415864739385757, 3.14158337391717, 3.1415805044743697, 3.1415806365842194, 3.141580887806112, 3.14157866273938, 3.1415757156374196, 3.1415667245947567, 3.1415547592608575, 3.141560482409879, 3.141569036582777, 3.1415639107501767, 3.141556017190543, 3.141546293535306, 3.1415332152536584, 3.1415438998967344, 3.1415495502453723, 3.1415462725446117, 3.141535378810116, 3.1414956502800373, 3.1414418648408797, 3.141420234316027, 3.1413483057257876, 3.141331858829005, 3.141285904960874, 3.141321640585629, 3.1413210349472993, 3.141345883845621, 3.141378825502993, 3.141378146145319, 3.1413907757960344, 3.141414988834721, 3.141225648407668, 3.141063059430077, 3.1403173348200752, 3.140365887222447, 3.1406248551563936, 3.140933603549116, 3.1412014330314695, 3.141038016604445, 3.139014144304186, 3.1396725398502334, 3.137891545074013, 3.1381159893795054, 3.13279727972078, 3.1309631384235206, 3.140257660504856], "predicted_p_opt": 0.008434417245158933, "predicted_tts": 118.56183669049167, "p_opt": 0.008410725493043548, "tts": 118.89580760031855, "approx": 0.8928531987990271, "opt_gap": -0.10714680120097286, "th": -143.99899291992188}