{"edges": [[0, 1], [0, 2], [0, 3], [0, 4], [0, 7], [0, 8], [0, 9], [0, 10], [1, 2], [1, 4], [1, 5], [1, 9], [2, 5], [2, 8], [2, 10], [3, 4], [3, 6], [3, 7], [3, 9], [4, 5], [4, 6], [5, 7], [5, 10], [6, 9], [6, 10], [8, 9], [9, 10]], "num_nodes": 11, "num_colors": 3, "opt_value": 27, "opt_count": 6, "feasible_count": 177147, "mean_value": 18.0, "std": 2.449489742783178, "level": 75, "gammas": [3.141592629660069, 3.1415926044437046, 3.1415926082094727, 3.1415925999558, 3.1415925924125463, 3.1415925965504328, 3.141592598105113, 3.1415926078463556, 3.141592607597169, 3.1415926206834444, 3.141592614515587, 3.141592626597178, 3.1415926070447653, 3.14159261211784, 3.1415926114338006, 3.141592603419795, 3.141592605872489, 3.1415926070602125, 3.1415926029630934, 3.141592583601257, 3.1415925575169625, 3.1415925368893105, 3.1415925110928025, 3.141592514940836, 3.1415925029033693, 3.141592325337068, 3.141592011644835, 3.141591600600381, 3.141591187235189, 3.141590973232096, 3.1415907105779493, 3.14159014121765, 3.141589291170852, 3.1415889813356035, 3.1415884073393836, 3.1415868640225413, 3.141583536664005, 3.1415794287257857, 3.1415745576485277, 3.1415718925784604, 3.1415681662498227, 3.1415583562348783, 3.141527139445716, 3.1415061606901995, 3.1414805341569045, 3.1414592544392432, 3.1414109715055276, 3.141380608913693, 3.141342203551994, 3.141312625761485, 3.1413232558576483, 3.1412963955105644, 3.1412100570476458, 3.141170220665854, 3.141236091565236, 3.141241532925858, 3.140952354410016, 3.1405754128896652, 3.1407412819934146, 3.1406206939766057, 3.1409166925959586, 3.1409939095553288, 3.1407826348934473, 3.14015442203266, 3.140144906670895, 3.139453346035099, 3.139022953045227, 3.1361016896655607, 3.137774512081567, 3.136261494342434, 3.137170485114054, 3.128681504041128, 3.1355186988601624, 3.133345698225594, 3.1376512787214885], "betas": [3.141592675434172, 3.141592703005481, 3.141592708199989, 3.1415927102268726, 3.1415927156690264, 3.1415927103968184, 3.141592703206428, 3.141592698584063, 3.1415926940725507, 3.1415926883868095, 3.141592689797186, 3.141592691323719, 3.14159268483139, 3.141592686983884, 3.14159269055934, 3.14159269519097, 3.1415926971109425, 3.1415926947891464, 3.141592683404594, 3.1415926621472567, 3.141592642245134, 3.14159261950116, 3.141592612075858, 3.1415926234558644, 3.141592538039974, 3.1415922772502713, 3.1415919304189064, 3.1415914742872477, 3.141591155243534, 3.141590979058641, 3.141590599458964, 3.1415898052761206, 3.1415892075524803, 3.1415889170038875, 3.1415879454039555, 3.1415855093184284, 3.1415817034799693, 3.1415770324082812, 3.1415731293023246, 3.1415703725858983, 3.1415653724554193, 3.1415445383878264, 3.141514290002285, 3.141495684711758, 3.141468481758677, 3.1414411066419454, 3.1413876130352865, 3.1413713359272672, 3.141313941902244, 3.1413259090181533, 3.1413083761869136, 3.1412698166391726, 3.1411591380991846, 3.1412173583918888, 3.1412342547421246, 3.1411788882679597, 3.1406736395351085, 3.1406742758196065, 3.140666280952441, 3.1407480563751586, 3.140977944238964, 3.1409954862043423, 3.140362510554282, 3.1402650239747003, 3.1396192460507266, 3.1396937585151785, 3.137185635503282, 3.136966505818167, 3.13679709880519, 3.137614643114612, 3.1325053712709763, 3.1309888104437933, 3.1356921459750593, 3.1340655684164287, 3.140482889227114], "predicted_p_opt": 0.7722738742400379, "predicted_tts": 1.2948774176571203, "p_opt": 0.5928552803515842, "tts": 1.6867522870117047, "approx": 0.8642805830727853, "opt_gap": -0.13571941692721468, "th": -26.999000549316406}