{"N": 22, "edgelist": ["0 3 {}\n", "0 4 {}\n", "0 7 {}\n", "0 8 {}\n", "0 15 {}\n", "0 16 {}\n", "0 18 {}\n", "0 21 {}\n", "1 3 {}\n", "1 4 {}\n", "1 6 {}\n", "1 9 {}\n", "1 13 {}\n", "1 14 {}\n", "1 15 {}\n", "1 19 {}\n", "1 20 {}\n", "1 21 {}\n", "2 5 {}\n", "2 6 {}\n", "2 10 {}\n", "2 12 {}\n", "2 13 {}\n", "2 15 {}\n", "2 19 {}\n", "2 21 {}\n", "3 5 {}\n", "3 9 {}\n", "3 10 {}\n", "3 12 {}\n", "3 13 {}\n", "3 16 {}\n", "3 20 {}\n", "4 5 {}\n", "4 7 {}\n", "4 10 {}\n", "4 12 {}\n", "4 16 {}\n", "4 17 {}\n", "4 18 {}\n", "4 21 {}\n", "5 9 {}\n", "5 12 {}\n", "5 16 {}\n", "5 17 {}\n", "5 19 {}\n", "6 7 {}\n", "6 11 {}\n", "6 12 {}\n", "6 15 {}\n", "6 17 {}\n", "6 18 {}\n", "6 21 {}\n", "7 8 {}\n", "7 9 {}\n", "7 11 {}\n", "7 12 {}\n", "7 14 {}\n", "7 15 {}\n", "7 17 {}\n", "7 18 {}\n", "7 20 {}\n", "7 21 {}\n", "8 11 {}\n", "8 14 {}\n", "8 15 {}\n", "8 16 {}\n", "8 17 {}\n", "8 18 {}\n", "8 19 {}\n", "8 21 {}\n", "9 11 {}\n", "9 13 {}\n", "9 16 {}\n", "9 18 {}\n", "10 14 {}\n", "10 16 {}\n", "10 18 {}\n", "10 19 {}\n", "10 20 {}\n", "10 21 {}\n", "11 12 {}\n", "11 13 {}\n", "11 14 {}\n", "11 15 {}\n", "11 17 {}\n", "11 18 {}\n", "11 21 {}\n", "12 13 {}\n", "12 14 {}\n", "12 16 {}\n", "12 19 {}\n", "12 20 {}\n", "12 21 {}\n", "13 14 {}\n", "13 16 {}\n", "13 19 {}\n", "13 20 {}\n", "14 16 {}\n", "14 17 {}\n", "14 18 {}\n", "14 19 {}\n", "15 16 {}\n", "15 21 {}\n", "16 18 {}\n", "16 21 {}\n", "17 18 {}\n", "17 19 {}\n", "17 21 {}\n", "18 20 {}\n", "19 20 {}\n", "19 21 {}\n"], "opt_value": 98, "opt_count": 1, "feasible_count": 705432, "mean_value": 85.33333333333333, "std": 2.919198686127648, "level": 79, "gammas": [3.141592795321251, 3.1415927036190534, 3.1415926874735893, 3.1415926798815064, 3.1415926586143357, 3.141592654410282, 3.141592660611065, 3.1415926718477962, 3.141592673525331, 3.141592685897705, 3.1415926775993688, 3.141592676734519, 3.141592671234628, 3.1415926767294704, 3.14159266936978, 3.1415926724627177, 3.1415926735199, 3.141592664711203, 3.141592664717361, 3.1415926662756077, 3.1415926637777836, 3.1415926593421264, 3.141592641263745, 3.141592623907385, 3.1415925997616423, 3.1415925439819254, 3.1415925015822737, 3.141592439442043, 3.141592358435086, 3.1415922781595804, 3.1415921591549987, 3.1415920350274367, 3.1415918739773003, 3.1415913733978287, 3.141590409192331, 3.141589709985644, 3.141589360844206, 3.1415878741466203, 3.1415844465334386, 3.1415807323265756, 3.1415761578252814, 3.1415729347641843, 3.141570484260236, 3.1415700908256303, 3.1415705654643133, 3.1415678736210664, 3.141554390706912, 3.1415433342072827, 3.1415311850590575, 3.141522811576382, 3.141506417179492, 3.1414913368962734, 3.141472768483045, 3.1414695815059686, 3.1414686698801684, 3.141452061310185, 3.1414268082349888, 3.1414234876038276, 3.141444927744319, 3.1414389085448713, 3.1413968604137423, 3.1413500153749974, 3.1412172501524376, 3.1411291844819424, 3.141018949888683, 3.140927632695173, 3.1407279358758338, 3.140518839140553, 3.1405747819377323, 3.140336457465673, 3.1398593431809854, 3.138837994059996, 3.1401533460603908, 3.140123623032575, 3.1409314010373928, 3.1398857496393022, 3.139388957039161, 3.130181603104887, 3.137111212333463], "betas": [3.1415925525783277, 3.1415926110622965, 3.1415926348379397, 3.1415926423406497, 3.141592645887144, 3.1415926448767166, 3.141592641885104, 3.1415926359540034, 3.1415926296791032, 3.1415926260054525, 3.1415926294567655, 3.141592633561563, 3.1415926351847254, 3.1415926335826843, 3.1415926317598633, 3.141592635139426, 3.1415926365040914, 3.1415926401635756, 3.141592640545715, 3.1415926376893006, 3.141592637449234, 3.1415926297816417, 3.141592620871875, 3.1415926064916992, 3.1415925731199996, 3.1415925276926693, 3.1415924709866663, 3.14159238958401, 3.141592304694552, 3.141592214137089, 3.1415920893037046, 3.141591959792161, 3.1415916940247177, 3.141590893522233, 3.1415899777820577, 3.1415895159830933, 3.1415888861707746, 3.14158625314816, 3.1415826419405684, 3.14157844555717, 3.1415743048676372, 3.1415716042569257, 3.1415699714600964, 3.141570360123118, 3.1415702774390204, 3.1415620699596962, 3.1415480521656662, 3.141537816976752, 3.141526234299699, 3.141516562035408, 3.141497254013861, 3.1414836848484615, 3.1414664452439727, 3.141473505373488, 3.1414592045817473, 3.14144289964456, 3.1414160537807776, 3.141439617373033, 3.141441295045873, 3.1414276918743727, 3.141366580840834, 3.141308051623069, 3.141139395963954, 3.1411150346543937, 3.1409243004640386, 3.140915812138883, 3.1405059746798716, 3.140657927870172, 3.14034438297774, 3.140354681960957, 3.1390522409305293, 3.139478810695605, 3.1402773410845186, 3.1403597792100926, 3.140583043347059, 3.1404407164362254, 3.1342566946177444, 3.132108697099635, 3.140445848739672], "predicted_p_opt": 0.03583761439798591, "predicted_tts": 27.90364305209446, "p_opt": 0.03541155350432302, "tts": 28.23937108203741, "approx": 0.875325265010114, "opt_gap": -0.12467473498988602, "th": -97.9990005493164}