{"edges": [[0, 3], [0, 5], [0, 10], [0, 11], [0, 13], [1, 2], [1, 8], [1, 13], [2, 6], [2, 11], [3, 4], [3, 7], [3, 13], [4, 8], [4, 9], [4, 10], [4, 12], [5, 11], [5, 12], [6, 7], [6, 12], [7, 13], [8, 9], [8, 11], [9, 13], [10, 13], [11, 12], [11, 13], [12, 13]], "num_nodes": 14, "num_colors": 3, "opt_value": 29, "opt_count": 18, "feasible_count": 4782969, "mean_value": 19.333333333333332, "std": 2.5385910352879697, "level": 20, "gammas": [0.10481506857228017, 0.21924841049111027, 0.24715043717921237, 0.2529623329991158, 0.25452813209317626, 0.2562725967286763, 0.2567324211503019, 0.2558597491623626, 0.25568937914689427, 0.2566179536664134, 0.25935609206934307, 0.26480788612411466, 0.27086423260181985, 0.2755787073419776, 0.2813104988506968, 0.2910459471192477, 0.3040151654967944, 0.3207091797474104, 0.3455995849972975, 0.36989638686525317], "betas": [-2.272013910512516, -1.8566979430606902, -1.6655928799904516, -1.5574385932929897, -1.4980198731844008, -1.4614293031166594, -1.4260399529976777, -1.394943375671848, -1.3722981852230511, -1.356009849632925, -1.3507630589115858, -1.3524549199198497, -1.34493819371277, -1.326457854999571, -1.3118160979864086, -1.3010142884540117, -1.2790105581439382, -1.2427154019207904, -1.2063176297688294, 5.167064033285313], "predicted_p_opt": 0.006326196134660292, "predicted_tts": 158.0728732897085, "p_opt": 7.375724163432307e-05, "tts": 13557.99075239072, "approx": 0.874378987963237, "opt_gap": -0.125621012036763}