{"edges": [[0, 3], [0, 6], [0, 7], [0, 8], [1, 9], [2, 5], [2, 6], [2, 11], [3, 4], [3, 6], [3, 9], [3, 10], [5, 9], [5, 12], [6, 8], [6, 12], [7, 8], [7, 10], [8, 12], [10, 11]], "num_nodes": 13, "num_colors": 3, "opt_value": 20, "opt_count": 168, "feasible_count": 1594323, "mean_value": 13.333333333333334, "std": 2.1081851067789197, "level": 43, "gammas": [0.22859417393110779, 0.36458665339263474, 0.3741622590346274, 0.3754884376831695, 0.37507487851441473, 0.3740470940052798, 0.37165913611261703, 0.3652351830688194, 0.34930273598960404, 0.3256624718465752, 0.3238591360385681, 0.34625546626789017, 0.35815348617790566, 0.3526191812750976, 0.34575056664014214, 0.36417587201033735, 0.3101461252680452, 0.3980480513754784, 0.3809598261198619, 0.37201235436864516, 0.37327889110252443, 0.3784439398149223, 0.38348290676055297, 0.3878672013188473, 0.39273185345901146, 0.39833574835689767, 0.40466734234251905, 0.4110351841427167, 0.4170557417619396, 0.42716930783950674, 0.4562676863186985, 0.2559313163847977, -0.4838751218197147, -0.4335663202756218, -0.42179972514418057, -0.4114364293133088, -0.4040305623619675, -0.39957857161231786, -0.3977058620714502, -0.3981179913462434, -0.400797785407614, -0.4050080543199787, -0.4046311895690108], "betas": [-2.530674406619313, -2.408923239771701, -2.385749781116616, -2.371835728815332, -2.3600667120754015, -2.3456717419297055, -2.3172950489812276, -2.2490978075085972, -2.1174364618035395, -2.0151307420989224, -2.106682760635381, -2.2453563952970628, -2.290626774915535, -2.27306491943216, -2.061473944042268, -1.9134102140184002, -2.2673675293519175, -2.2988588536165655, -2.4872933708990956, -2.401269131290501, -2.413627004174958, -2.436875891070527, -2.4637711222518015, -2.493282526023272, -2.5274641187168996, -2.5678331518092796, -2.60972260382551, -2.65645551652858, -2.729935719317691, -2.879635390675983, -3.7403331384535083, -1.351500125904752, 3.1620414962603176, 2.802772092842605, 2.6827120331495466, 2.617323197884428, 2.572927793683138, 2.5471503938409, 2.5425948076268905, 2.5577091127943357, 2.5928022749734962, 2.6607511091232223, 2.797636096361661], "predicted_p_opt": 0.7975748954258328, "predicted_tts": 1.2538007474095465, "p_opt": 0.39275047019596177, "tts": 2.546145901495809, "approx": 0.8021348228012636, "opt_gap": -0.19786517719873642}