{"edges": [[0, 15], [0, 16], [1, 3], [1, 6], [1, 9], [1, 13], [1, 14], [2, 8], [2, 10], [2, 13], [2, 15], [3, 4], [3, 9], [3, 16], [4, 5], [4, 10], [5, 11], [5, 16], [6, 9], [6, 11], [6, 12], [6, 16], [7, 9], [7, 16], [8, 15], [9, 10], [9, 11], [9, 13], [10, 14], [11, 13], [12, 14], [13, 16], [15, 16]], "num_nodes": 17, "num_colors": 3, "opt_value": 33, "opt_count": 216, "feasible_count": 129140163, "mean_value": 22.0, "std": 2.70801280154532, "level": 2, "gammas": [0.20190086682281416, 0.36817652805048234], "betas": [-1.803936290966631, 5.067398861605266], "predicted_p_opt": 4.181503162575379e-05, "predicted_tts": 23914.845, "p_opt": 7.244497210021762e-06, "tts": 138035.80441947552, "approx": 0.7615384483362353, "opt_gap": -0.2384615516637647}