{"N": 22, "edgelist": ["0 2 {}\n", "0 4 {}\n", "0 7 {}\n", "0 11 {}\n", "0 12 {}\n", "0 13 {}\n", "0 16 {}\n", "0 17 {}\n", "0 20 {}\n", "1 3 {}\n", "1 7 {}\n", "1 8 {}\n", "1 9 {}\n", "1 12 {}\n", "1 13 {}\n", "1 15 {}\n", "1 17 {}\n", "1 18 {}\n", "1 19 {}\n", "1 21 {}\n", "2 4 {}\n", "2 7 {}\n", "2 8 {}\n", "2 10 {}\n", "2 14 {}\n", "2 15 {}\n", "2 19 {}\n", "2 20 {}\n", "2 21 {}\n", "3 4 {}\n", "3 6 {}\n", "3 7 {}\n", "3 8 {}\n", "3 10 {}\n", "3 11 {}\n", "3 12 {}\n", "3 13 {}\n", "3 15 {}\n", "3 16 {}\n", "3 17 {}\n", "3 20 {}\n", "3 21 {}\n", "4 6 {}\n", "4 7 {}\n", "4 8 {}\n", "4 9 {}\n", "4 13 {}\n", "4 15 {}\n", "4 16 {}\n", "4 19 {}\n", "4 21 {}\n", "5 6 {}\n", "5 7 {}\n", "5 9 {}\n", "5 10 {}\n", "5 12 {}\n", "5 13 {}\n", "5 14 {}\n", "5 15 {}\n", "5 16 {}\n", "5 19 {}\n", "6 7 {}\n", "6 8 {}\n", "6 9 {}\n", "6 10 {}\n", "6 11 {}\n", "6 13 {}\n", "6 18 {}\n", "7 8 {}\n", "7 13 {}\n", "7 15 {}\n", "7 16 {}\n", "7 17 {}\n", "7 20 {}\n", "7 21 {}\n", "8 9 {}\n", "8 12 {}\n", "8 13 {}\n", "8 15 {}\n", "8 19 {}\n", "8 21 {}\n", "9 12 {}\n", "9 14 {}\n", "9 15 {}\n", "9 16 {}\n", "9 17 {}\n", "9 20 {}\n", "9 21 {}\n", "10 12 {}\n", "10 13 {}\n", "10 14 {}\n", "10 16 {}\n", "10 17 {}\n", "10 18 {}\n", "10 19 {}\n", "11 13 {}\n", "11 14 {}\n", "11 15 {}\n", "11 16 {}\n", "11 19 {}\n", "12 14 {}\n", "12 15 {}\n", "12 16 {}\n", "12 17 {}\n", "12 18 {}\n", "12 19 {}\n", "13 14 {}\n", "13 15 {}\n", "13 16 {}\n", "13 21 {}\n", "14 16 {}\n", "14 17 {}\n", "14 18 {}\n", "14 19 {}\n", "14 20 {}\n", "15 16 {}\n", "15 17 {}\n", "15 21 {}\n", "16 17 {}\n", "16 20 {}\n", "17 19 {}\n", "18 19 {}\n", "18 20 {}\n", "18 21 {}\n", "19 20 {}\n", "19 21 {}\n", "20 21 {}\n"], "opt_value": 110, "opt_count": 2, "feasible_count": 705432, "mean_value": 96.76190476190476, "std": 2.9572479892845815, "level": 9, "gammas": [0.15965385735034943, 0.23246777057647705, 0.22929459810256958, 0.22551229596138, 0.2246706634759903, 0.22489845752716064, 0.22524327039718628, 0.22536319494247437, 0.21943627297878265], "betas": [-2.9095680713653564, -2.9213716983795166, -2.941429615020752, -2.9506149291992188, -2.952998399734497, -2.953748941421509, -2.9545328617095947, -2.9582245349884033, -2.9767568111419678], "predicted_p_opt": 0.0010234863176039647, "predicted_tts": 977.0526315789473, "p_opt": 0.0008139405981637537, "tts": 1228.5908852021823, "approx": 0.8830003142356873, "opt_gap": -0.11699968576431274}