{"edges": [[0, 10], [1, 6], [1, 7], [1, 10], [1, 15], [2, 7], [2, 14], [2, 15], [3, 10], [3, 12], [4, 8], [4, 10], [4, 13], [5, 10], [5, 12], [5, 14], [6, 10], [6, 12], [6, 16], [8, 12], [8, 13], [9, 14], [11, 13], [12, 14], [12, 15], [13, 14], [14, 16]], "num_nodes": 17, "num_colors": 3, "opt_value": 27, "opt_count": 1824, "feasible_count": 129140163, "mean_value": 18.0, "std": 2.449489742783178, "level": 2, "gammas": [3.1412835121154785, 3.1401710510253906], "betas": [3.141179323196411, 3.1394622325897217], "predicted_p_opt": 0.00035310471150636535, "predicted_tts": 2832.021118421053, "p_opt": 0.00019324615868294444, "tts": 5174.747103980899, "approx": 0.8231073035492655, "opt_gap": -0.17689269645073447, "th": -21.893760003616677}