{"edges": [[0, 4], [0, 5], [0, 6], [0, 10], [1, 4], [1, 6], [2, 8], [2, 9], [2, 16], [3, 8], [3, 9], [3, 14], [4, 7], [4, 9], [4, 11], [4, 13], [4, 15], [5, 13], [5, 16], [6, 7], [6, 12], [7, 8], [7, 16], [8, 9], [8, 10], [8, 13], [8, 15], [8, 16], [10, 13], [10, 15], [11, 12], [12, 14], [12, 16], [13, 14], [14, 16]], "num_nodes": 17, "num_colors": 3, "opt_value": 35, "opt_count": 42, "feasible_count": 129140163, "mean_value": 23.333333333333332, "std": 2.788866755113585, "level": 11, "gammas": [-0.16405323147773743, -0.24482165277004242, -0.24337023496627808, -0.239899680018425, -0.23923735320568085, -0.24015796184539795, -0.24153296649456024, -0.2430156171321869, -0.24477866291999817, -0.24678121507167816, -0.24347731471061707], "betas": [2.748206615447998, 2.6854591369628906, 2.7028849124908447, 2.736849784851074, 2.7618191242218018, 2.777528762817383, 2.7909092903137207, 2.8069097995758057, 2.8299520015716553, 2.871314525604248, 2.9524412155151367], "predicted_p_opt": 0.00017204562456685145, "predicted_tts": 5812.411693221712, "p_opt": 0.00013187091099098325, "tts": 7583.173517838029, "approx": 0.6566479802131653, "opt_gap": -0.3433520197868347}