{"edges": [[12, 16], [12, 19], [12, 21], [16, 15], [16, 18], [19, 14], [19, 20], [5, 13], [5, 10], [5, 18], [13, 3], [13, 17], [3, 6], [3, 11], [14, 1], [14, 20], [10, 15], [10, 11], [4, 18], [4, 8], [4, 17], [8, 15], [8, 11], [2, 17], [2, 20], [2, 1], [6, 7], [6, 9], [21, 9], [21, 0], [0, 1], [0, 7], [7, 9]], "num_nodes": 22, "opt_value": 29, "opt_count": 4, "feasible_count": 4194304, "mean_value": 16.5, "std": 2.8722813232690143, "level": 49, "gammas": [-0.31475476248551965, -0.2925767683223469, -0.23333036187223802, -0.2529437718564777, -0.23677420377549976, -0.24440107385373483, -0.24921710482644738, -0.23974224222124405, -0.28064269229814737, -0.21664317775185354, -0.32586874363435947, -0.2436439744589754, -0.24403353962708355, -0.2503046366385388, -0.24246343258537179, -0.24829704235988376, -0.27285134769096325, -0.31048474996651093, -0.3590530227044455, -0.3749319578622118, -0.6127977010759172, -0.16273907519439754, -0.22989851653435314, -0.3134939509723473, -0.27163937777391656, 6.011821762692693, 6.0280642308348416, 6.013686357624632, 5.638046498714782, 6.06659745734126, 0.6143608915959979, 6.028695800161139, 6.068495509645992, 5.986436690331463, 6.003349516666242, 6.018552866866744, 6.014077225274854, 6.009906685968152, 6.0038869919336895, 5.992338536446951, 5.991384691900879, 5.977063236623788, 5.521675460236547, 0.3310567985912755, 5.420315653020474, 0.5223724803889996, 5.8911344552004685, 5.904178575563171, 5.975081347241007], "betas": [2.4560841236433375, 2.747456909380513, 2.126479987273248, 2.006296380722126, 2.0295469971208515, 2.031407832659142, 1.965469537475783, 1.8745194381657548, 3.6792020381443407, 1.6463886197314237, 1.6691211445241825, 2.207394551727541, 1.9358069039762, 1.8755663317446987, 1.8668304397153017, 1.935977453905173, 2.10442185113357, 2.217158467953467, 2.3108570531891255, 2.2396038448677973, 1.0727835013437739, 2.9827637615190232, 3.4780148158975916, 2.7833250763531163, 2.4418473185153897, 2.271700961598965, 2.1842681484873903, 2.2261116567644237, 2.504374835550524, 2.0460474217044164, 1.839277736171552, 2.1513161581773965, 2.78313262503496, 2.021049891441931, 2.036259857358782, 2.1238760419336584, 2.1288764147131563, 2.1451823219070363, 2.2049558234749207, 2.4150421724676763, 2.7571527697294336, 2.6032679356687654, 2.4899990551012063, 2.164484651040876, 2.626348013839997, 2.172015273420727, 2.427029016919191, 2.311168488753425, 2.285125031715301], "predicted_p_opt": 0.009346961975097656, "predicted_tts": 106.98663401693705, "p_opt": 5.1620080258505486e-05, "tts": 19372.3061837981, "approx": 0.8699211432617093, "opt_gap": -0.13007885673829067}