{"edges": [[4, 6], [4, 21], [4, 13], [6, 17], [6, 7], [21, 22], [21, 12], [22, 16], [22, 13], [3, 10], [3, 18], [3, 8], [10, 5], [10, 23], [5, 7], [5, 26], [7, 0], [14, 19], [14, 9], [14, 8], [19, 15], [19, 1], [9, 18], [9, 24], [8, 15], [15, 23], [2, 11], [2, 20], [2, 1], [11, 0], [11, 17], [0, 23], [17, 13], [20, 25], [20, 27], [16, 18], [16, 24], [1, 27], [27, 25], [25, 26], [12, 24], [12, 26]], "num_nodes": 28, "opt_value": 37, "opt_count": 14, "feasible_count": 268435456, "mean_value": 21.0, "std": 3.24037034920393, "level": 42, "gammas": [-0.11689262738909265, -0.22215694466539881, -0.18908491186090223, -0.23727215672987842, -0.3302874021535416, -0.19335354630398477, -0.182805616518851, -0.15372774389643837, -0.20133896733743384, -0.2140368589373889, -0.20540875571711364, -0.17959986550640072, -0.17794553181456302, -0.20861788643352125, -0.22511411473472065, -0.2201360434478407, -0.19479215330403674, -0.2023229302987446, -0.23977053194458245, -0.2543482670957627, -0.24550525113723662, -0.25299226440957334, -0.24708282466450862, -0.2538720819493955, -0.25487974616661346, -0.2715154827675302, -0.27766649234360935, 5.946466282535691, 5.881513097955552, 5.797802486750644, 5.985792849327866, 6.027785979332844, 6.0379528260897315, 6.041203146434102, 6.042187491560845, 6.040054878128047, 6.036400060616296, 6.0308329603703985, 6.025317146968145, 6.018690629711215, 6.0104468888390326, 6.006195813959], "betas": [2.864411412589348, 2.3376207571664707, 1.6134182903858414, 2.351906532028952, 3.441176359174477, 2.4902852599494363, 1.5956400099976853, 1.7356887423608003, 2.057745653605737, 2.0382594417982722, 1.832464679032975, 1.6114510566627198, 1.7925580701870583, 2.0028561741353657, 2.031970038860908, 1.8478612935329997, 1.6651537727701289, 1.892641521517421, 2.0734870655902014, 2.013648362092032, 1.8692088517913674, 2.0266675149578512, 2.041600081194122, 2.034655355104815, 2.0227767765900224, 1.789100643028081, 2.273880142244802, 2.315337852480458, 2.175584619806288, 2.6756655723055363, 2.693335003509858, 2.5468734244773548, 2.4266683229355643, 2.3883964602807426, 2.372678985566365, 2.361946356076385, 2.3686451524902727, 2.4050869580763603, 2.4362873899098694, 2.470618432998235, 2.51060473009896, 2.5012893491408494], "predicted_p_opt": 0.0003768131136894226, "predicted_tts": 2653.8354522985665, "p_opt": 1.1622178262151658e-06, "tts": 860423.9045760998, "approx": 0.8362483296881438, "opt_gap": -0.16375167031185622}