{"edges": [[6, 12], [6, 14], [6, 3], [12, 4], [12, 2], [15, 21], [15, 19], [15, 11], [21, 4], [21, 1], [4, 18], [8, 9], [8, 16], [8, 10], [9, 20], [9, 7], [18, 3], [18, 11], [0, 5], [0, 7], [0, 13], [5, 11], [5, 17], [20, 19], [20, 14], [1, 2], [1, 13], [7, 16], [16, 13], [14, 17], [3, 17], [2, 10], [19, 10]], "num_nodes": 22, "opt_value": 29, "opt_count": 16, "feasible_count": 4194304, "mean_value": 16.5, "std": 2.8722813232690143, "level": 47, "gammas": [-0.39172702036279755, -0.25419823844909983, -0.24907694393599666, -0.2166366331166426, -0.2222877239579967, -0.24600364295863264, -0.2521941604041458, -0.2497155303365852, -0.2581493719042791, -0.25746751693742603, -0.25323992035955534, -0.25188274656534715, -0.2531242930131123, -0.256489557892369, -0.26537135750426394, -0.27687356419861986, -0.28703025019091744, -0.2926245586279133, -0.28443068565863067, -0.28753431482118164, -0.8503359297821804, -0.15085930607063502, -0.23065452752605964, -0.2495439638533201, -0.2483714571480776, 6.025349533682905, 6.021893508484582, 6.0200955076913525, 6.0307426143018965, 6.026691842903948, 6.017226584754245, 6.021290750131741, 6.014821863027194, 6.010373623827375, 6.006002344031884, 6.000601517312303, 5.993971147091035, 5.984490952881617, 4.990790783374596, 0.9832595255861117, 4.89552325642949, 5.868763164238552, 5.900439240876739, 5.95382523639037, 5.975195759445981, 5.982387752014033, 5.989546717780489], "betas": [2.6390228976851478, 2.8477714798943365, 2.289146539856572, 2.0598351366573504, 2.0374212545670494, 2.142352175158232, 2.1814059848334044, 2.0803043760889923, 2.147976620943866, 2.1259510407712296, 2.133090514445189, 2.0689831539093415, 2.0568389908916487, 2.0762102470447035, 2.1177771493949344, 2.152598483990656, 2.159212369512336, 2.0598629088228213, 1.9633270582112838, 2.1245525448300984, 2.047856138978334, 2.6347032743225856, 2.797789901275958, 2.731576233609845, 2.5526809995616286, 2.445361011956398, 2.367130748542417, 2.202761684342867, 2.1911407155014104, 2.1679754042032298, 2.216214116310581, 2.2661385079067173, 2.275425878143585, 2.290198285691116, 2.3011870375179115, 2.328509731053121, 2.360500050042341, 2.44107328378786, 2.105977822460829, 2.5126647003540326, 2.27924715957302, 2.4644366299663516, 2.6447441890079446, 2.7190904620770397, 2.7196195108554613, 2.7152586314069116, 2.628186245915626], "predicted_p_opt": 0.034427642822265625, "predicted_tts": 29.046426592797783, "p_opt": 0.00020528531608433366, "tts": 4871.269017552079, "approx": 0.8764830009233969, "opt_gap": -0.12351699907660307}