{"edges": [[0, 1], [0, 9], [1, 6], [1, 9], [1, 10], [1, 13], [2, 5], [2, 6], [2, 7], [3, 6], [3, 9], [3, 15], [3, 16], [4, 5], [4, 7], [4, 12], [5, 6], [5, 8], [5, 13], [5, 15], [5, 16], [6, 9], [6, 10], [7, 12], [7, 14], [8, 10], [8, 13], [9, 14], [11, 12], [11, 14]], "num_nodes": 17, "num_colors": 3, "opt_value": 30, "opt_count": 162, "feasible_count": 129140163, "mean_value": 20.0, "std": 2.581988897471611, "level": 93, "gammas": [0.153988778591156, 0.24962139129638672, 0.25762486457824707, 0.2588288486003876, 0.2567882239818573, 0.2544114589691162, 0.25203102827072144, 0.24966959655284882, 0.24784749746322632, 0.246786430478096, 0.24661710858345032, 0.24731594324111938, 0.24859130382537842, 0.24997694790363312, 0.2505965232849121, 0.24900908768177032, 0.24622178077697754, 0.24631209671497345, 0.2401314675807953, 0.2243497520685196, 0.2557675540447235, 0.22123675048351288, 0.2148587703704834, 0.24176672101020813, 0.21790102124214172, 0.2442539632320404, 0.2320547252893448, 0.2194288969039917, 0.22807882726192474, 0.2359941154718399, 0.23870426416397095, 0.23946726322174072, 0.2389926016330719, 0.2379635125398636, 0.23720286786556244, 0.23714281618595123, 0.2377135157585144, 0.23860463500022888, 0.23948729038238525, 0.24052393436431885, 0.24248065054416656, 0.24554456770420074, 0.24902363121509552, 0.24898464977741241, 0.20090751349925995, -0.1380939930677414, -0.22549691796302795, -0.25947239995002747, -0.25987574458122253, -0.2573021352291107, -0.256019651889801, -0.25559911131858826, -0.25587198138237, -0.25641104578971863, -0.2568991184234619, -0.25727152824401855, -0.2575305104255676, -0.2575657069683075, -0.2573053240776062, -0.2569495737552643, -0.2569582462310791, -0.25689268112182617, -0.25440219044685364, -0.2495858371257782, -0.24665260314941406, -0.2500399649143219, -0.24555589258670807, -0.25886186957359314, -0.26595157384872437, -0.25405386090278625, -0.24567216634750366, -0.25614216923713684, -0.25897714495658875, -0.26339322328567505, -0.2647619843482971, -0.26472586393356323, -0.2645256519317627, -0.26461780071258545, -0.2651129364967346, -0.26595717668533325, -0.26702746748924255, -0.26820263266563416, -0.2694179117679596, -0.270727276802063, -0.27205660939216614, -0.2735806107521057, -0.2752230167388916, -0.27686750888824463, -0.2772584557533264, -0.2778399884700775, -0.28472813963890076, -0.2860959768295288, -0.2803456485271454], "betas": [-2.65372896194458, -2.5183050632476807, -2.4645633697509766, -2.4556236267089844, -2.452221632003784, -2.435678720474243, -2.4143924713134766, -2.394033670425415, -2.3789279460906982, -2.372499942779541, -2.375725269317627, -2.3876631259918213, -2.408550262451172, -2.4383704662323, -2.467961311340332, -2.4805822372436523, -2.4756574630737305, -2.4327075481414795, -2.1928341388702393, -2.0849757194519043, -2.123084306716919, -2.3542613983154297, -2.1576080322265625, -1.9791969060897827, -2.2222259044647217, -2.353563070297241, -2.211031675338745, -2.2138073444366455, -2.278700590133667, -2.295607089996338, -2.2970027923583984, -2.29451584815979, -2.289381980895996, -2.2849373817443848, -2.283315658569336, -2.2841618061065674, -2.2870726585388184, -2.289921760559082, -2.291646957397461, -2.2970588207244873, -2.317077159881592, -2.3614721298217773, -2.4233975410461426, -2.3240573406219482, 1.771819829940796, 2.958169460296631, 2.515674352645874, 2.4678046703338623, 2.456282138824463, 2.4538400173187256, 2.4600815773010254, 2.469999313354492, 2.479949951171875, 2.4882075786590576, 2.494580030441284, 2.499723196029663, 2.503535270690918, 2.506686210632324, 2.5107831954956055, 2.5177738666534424, 2.524390459060669, 2.513610363006592, 2.4560182094573975, 2.373098373413086, 2.358050584793091, 2.414426803588867, 2.5616538524627686, 2.355318784713745, 2.433433771133423, 2.4072346687316895, 2.5208206176757812, 2.5801503658294678, 2.591378688812256, 2.576202392578125, 2.5731184482574463, 2.57165789604187, 2.574023962020874, 2.579850912094116, 2.5886332988739014, 2.5996756553649902, 2.612914562225342, 2.6283910274505615, 2.6453263759613037, 2.6620450019836426, 2.680100917816162, 2.6951944828033447, 2.7036819458007812, 2.7079806327819824, 2.7539215087890625, 2.7460172176361084, 2.805863618850708, 2.834458351135254, 2.93125057220459], "predicted_p_opt": 0.043866895227629536, "predicted_tts": 22.796233807086274, "p_opt": 0.03092361305057145, "tts": 32.33774780342236, "approx": 0.6614995701802511, "opt_gap": -0.3385004298197489}