{"edges": [[0, 1], [0, 3], [0, 4], [0, 7], [0, 10], [0, 12], [0, 14], [1, 2], [1, 5], [1, 7], [1, 8], [1, 14], [1, 15], [2, 7], [2, 10], [3, 5], [3, 13], [3, 15], [4, 8], [4, 11], [4, 15], [4, 16], [5, 8], [6, 7], [6, 9], [6, 11], [6, 13], [6, 14], [7, 9], [7, 15], [8, 13], [9, 11], [9, 15], [11, 12], [12, 14]], "num_nodes": 17, "num_colors": 3, "opt_value": 35, "opt_count": 48, "feasible_count": 129140163, "mean_value": 23.333333333333332, "std": 2.7888667551135855, "level": 9, "gammas": [0.1217474713921547, 0.23877671360969543, 0.26700884103775024, 0.2781341075897217, 0.28658199310302734, 0.29613015055656433, 0.30904170870780945, 0.32885438203811646, 0.3642292320728302], "betas": [-2.250734567642212, -1.8332515954971313, -1.6492323875427246, -1.555951714515686, -1.497192144393921, -1.4476511478424072, -1.3900232315063477, -1.3014761209487915, -1.102471113204956], "predicted_p_opt": 0.00013417979037241883, "predicted_tts": 7452.687153739613, "p_opt": 4.076889126736205e-06, "tts": 245285.06145580666, "approx": 0.8276936411857605, "opt_gap": -0.1723063588142395}