{"N": 22, "edgelist": ["0 1 {}\n", "0 3 {}\n", "0 12 {}\n", "0 13 {}\n", "0 14 {}\n", "0 16 {}\n", "0 21 {}\n", "1 2 {}\n", "1 5 {}\n", "1 8 {}\n", "1 10 {}\n", "1 11 {}\n", "1 13 {}\n", "1 15 {}\n", "1 16 {}\n", "1 18 {}\n", "1 19 {}\n", "2 3 {}\n", "2 5 {}\n", "2 9 {}\n", "2 11 {}\n", "2 12 {}\n", "2 13 {}\n", "2 14 {}\n", "2 15 {}\n", "2 17 {}\n", "2 19 {}\n", "2 21 {}\n", "3 6 {}\n", "3 7 {}\n", "3 8 {}\n", "3 12 {}\n", "3 13 {}\n", "3 14 {}\n", "3 15 {}\n", "3 16 {}\n", "3 17 {}\n", "3 19 {}\n", "3 20 {}\n", "3 21 {}\n", "4 7 {}\n", "4 8 {}\n", "4 9 {}\n", "4 10 {}\n", "4 11 {}\n", "4 14 {}\n", "4 21 {}\n", "5 6 {}\n", "5 11 {}\n", "5 13 {}\n", "5 15 {}\n", "5 16 {}\n", "5 21 {}\n", "6 7 {}\n", "6 9 {}\n", "6 10 {}\n", "6 13 {}\n", "6 14 {}\n", "6 15 {}\n", "6 17 {}\n", "6 18 {}\n", "6 20 {}\n", "7 14 {}\n", "7 15 {}\n", "7 17 {}\n", "7 18 {}\n", "7 20 {}\n", "7 21 {}\n", "8 9 {}\n", "8 10 {}\n", "8 11 {}\n", "8 15 {}\n", "9 10 {}\n", "9 12 {}\n", "9 15 {}\n", "9 17 {}\n", "9 18 {}\n", "9 19 {}\n", "9 20 {}\n", "10 11 {}\n", "10 17 {}\n", "10 18 {}\n", "10 19 {}\n", "11 13 {}\n", "11 15 {}\n", "11 16 {}\n", "11 17 {}\n", "11 18 {}\n", "11 19 {}\n", "11 20 {}\n", "12 13 {}\n", "12 15 {}\n", "12 16 {}\n", "12 18 {}\n", "12 20 {}\n", "12 21 {}\n", "13 15 {}\n", "13 16 {}\n", "13 17 {}\n", "14 15 {}\n", "14 17 {}\n", "14 20 {}\n", "15 16 {}\n", "15 18 {}\n", "15 19 {}\n", "15 20 {}\n", "16 18 {}\n", "16 20 {}\n", "16 21 {}\n", "17 20 {}\n", "18 19 {}\n", "18 21 {}\n", "19 20 {}\n", "19 21 {}\n", "20 21 {}\n"], "opt_value": 101, "opt_count": 1, "feasible_count": 705432, "mean_value": 87.61904761904762, "std": 3.2436926411288383, "level": 49, "gammas": [-0.1250775158405304, -0.22197310626506805, -0.14191238582134247, -0.20724986493587494, -0.21061095595359802, -0.12379936873912811, -0.17323367297649384, -0.12346786260604858, -0.1526772379875183, -0.13964655995368958, -0.14323560893535614, -0.1404133290052414, -0.137722909450531, -0.13937903940677643, -0.13560977578163147, -0.14047066867351532, -0.13544151186943054, -0.14437757432460785, -0.1371448040008545, -0.15144357085227966, -0.14083006978034973, -0.16189894080162048, -0.1487491875886917, -0.17351247370243073, -0.17107805609703064, -0.17410854995250702, -0.19091062247753143, -0.180307075381279, -0.18148314952850342, -0.20113173127174377, -0.19871452450752258, -0.18122462928295135, -0.19573812186717987, -0.21839351952075958, -0.24562977254390717, -0.2544797360897064, -0.31324583292007446, -0.34468692541122437, -0.34850481152534485, -0.3092726767063141, -0.27393415570259094, -0.25748613476753235, -0.2519177198410034, -0.25191137194633484, -0.2546645998954773, -0.25868552923202515, -0.26291897892951965, -0.2671218514442444, -0.2687256336212158], "betas": [2.7712109088897705, 2.0487606525421143, 1.3397035598754883, 2.168125867843628, 1.469524621963501, 1.830457329750061, 1.8324556350708008, 1.4669673442840576, 1.6142990589141846, 1.2877596616744995, 1.4219355583190918, 1.242181420326233, 1.326583981513977, 1.2295501232147217, 1.2791059017181396, 1.2302217483520508, 1.2611123323440552, 1.244781494140625, 1.2618192434310913, 1.2814425230026245, 1.2676063776016235, 1.3647018671035767, 1.2636712789535522, 1.5175570249557495, 1.2996197938919067, 1.5911858081817627, 1.6481081247329712, 1.5176448822021484, 1.641380786895752, 1.7283093929290771, 1.6029133796691895, 1.5507166385650635, 1.798551321029663, 1.9757250547409058, 1.705309510231018, 2.101430654525757, 2.24035906791687, 2.2679970264434814, 2.3755664825439453, 2.4818673133850098, 2.4992458820343018, 2.4824447631835938, 2.469933271408081, 2.4714443683624268, 2.4884209632873535, 2.50958251953125, 2.5279808044433594, 2.5318450927734375, 2.421191930770874], "predicted_p_opt": 0.013893614125812269, "predicted_tts": 71.97551270278542, "p_opt": 4.4905948016094044e-05, "tts": 22268.764922669165, "approx": 0.9658563733100891, "opt_gap": -0.03414362668991089}