{"edges": [[0, 15], [0, 16], [1, 3], [1, 6], [1, 9], [1, 13], [1, 14], [2, 8], [2, 10], [2, 13], [2, 15], [3, 4], [3, 9], [3, 16], [4, 5], [4, 10], [5, 11], [5, 16], [6, 9], [6, 11], [6, 12], [6, 16], [7, 9], [7, 16], [8, 15], [9, 10], [9, 11], [9, 13], [10, 14], [11, 13], [12, 14], [13, 16], [15, 16]], "num_nodes": 17, "num_colors": 3, "opt_value": 33, "opt_count": 216, "feasible_count": 129140163, "mean_value": 22.0, "std": 2.70801280154532, "level": 71, "gammas": [3.1415926070982083, 3.1415925939996834, 3.141592590899771, 3.1415926039137902, 3.1415926129292413, 3.1415926280152404, 3.1415926389835818, 3.1415926451416745, 3.1415926597484223, 3.1415926582488987, 3.141592652153665, 3.141592657957596, 3.1415926684067017, 3.141592667966936, 3.1415926769750473, 3.1415926741608056, 3.1415926849873586, 3.1415926814933477, 3.1415926821108413, 3.141592675976255, 3.141592660871905, 3.1415926397878082, 3.141592620230656, 3.141592608954085, 3.141592554778281, 3.1415925338429, 3.141592488049631, 3.1415924952599976, 3.1415924880738566, 3.141592282458945, 3.141591906552158, 3.141591369711035, 3.1415907011723125, 3.141589677622316, 3.141588171674273, 3.1415861179085325, 3.1415829745360475, 3.141580407956337, 3.1415770527484606, 3.1415739505465345, 3.1415674070407036, 3.1415644155233116, 3.141566644823564, 3.1415712038857264, 3.1415757117327217, 3.1415715913104587, 3.141552085787707, 3.1415317657111577, 3.1414821247276503, 3.14145863937124, 3.1414461841445283, 3.1414432224431246, 3.141454892872114, 3.1414487309708097, 3.1413570561048623, 3.1412977025298665, 3.141277324414412, 3.141227817207375, 3.1411782651870603, 3.1410411969658774, 3.1405604053172342, 3.1401369269186215, 3.14065202780476, 3.1407354223462005, 3.1406859334140522, 3.1398858902839346, 3.138740583684018, 3.136187718871981, 3.138758692047555, 3.1338134376142657, 3.138783098676656], "betas": [3.141592708287889, 3.141592720516938, 3.141592713636861, 3.14159269763723, 3.1415926824439087, 3.141592670532356, 3.141592662795232, 3.1415926571263957, 3.1415926526520876, 3.141592653237939, 3.141592653463906, 3.14159264997194, 3.1415926445656845, 3.141592640225355, 3.141592632625778, 3.1415926249349346, 3.141592623611855, 3.141592619067663, 3.141592614090395, 3.1415926117583113, 3.1415926154078844, 3.1415926168607373, 3.1415926112265153, 3.1415925959928437, 3.1415925657747703, 3.141592525549695, 3.1415924992915123, 3.141592507553429, 3.1415924161060254, 3.141592083541795, 3.1415916220220637, 3.1415910026763187, 3.141590217459403, 3.1415888906395275, 3.14158727005272, 3.141584504715751, 3.1415816854975382, 3.1415787709484246, 3.141575664855692, 3.141571055366324, 3.141564825779006, 3.141565274283029, 3.1415683788314004, 3.141573773890104, 3.141575321559098, 3.141562556504948, 3.1415429187441632, 3.1415101858034866, 3.1414629058656867, 3.141456679902874, 3.141438124021065, 3.1414534932085205, 3.1414529834616536, 3.141419491128715, 3.141302066347123, 3.1413081355914994, 3.1412265914927096, 3.1412415779228064, 3.141086610168955, 3.1409217208344082, 3.140173660047912, 3.1404188432458855, 3.140653878658505, 3.1409463948093816, 3.1400313034325045, 3.1399729503626497, 3.1365059694165462, 3.138272990526009, 3.1359248928386063, 3.1354691533472527, 3.140884355760755], "predicted_p_opt": 0.03420302326860157, "predicted_tts": 29.23718152476894, "p_opt": 0.033814856888078615, "tts": 29.57280000651278, "approx": 0.6779376974422598, "opt_gap": -0.32206230255774015, "th": -32.999000549316406}