{"edges": [[0, 8], [0, 14], [1, 9], [1, 11], [1, 15], [2, 6], [2, 8], [2, 10], [2, 11], [2, 15], [3, 11], [3, 13], [3, 15], [3, 16], [4, 9], [5, 6], [5, 7], [5, 8], [5, 9], [5, 11], [5, 13], [5, 15], [6, 7], [6, 13], [7, 12], [7, 14], [7, 15], [8, 11], [8, 12], [8, 13], [9, 11], [9, 13], [9, 16], [10, 12], [11, 12], [11, 14], [12, 13], [12, 14], [12, 15], [12, 16], [13, 15]], "num_nodes": 17, "num_colors": 3, "opt_value": 41, "opt_count": 48, "feasible_count": 129140163, "mean_value": 27.333333333333332, "std": 3.018461712712472, "level": 71, "gammas": [3.141592493724239, 3.1415925166125644, 3.1415925328230236, 3.1415925326085574, 3.141592518202483, 3.14159250565295, 3.1415925086933774, 3.1415925082556417, 3.1415925031328116, 3.1415925148858466, 3.141592516843519, 3.1415925211422424, 3.141592539813661, 3.1415925343373945, 3.1415925291026525, 3.141592513369266, 3.1415925200133645, 3.141592526333648, 3.141592517620706, 3.1415925144211614, 3.1415924948313907, 3.141592476487373, 3.1415924515427665, 3.141592444026483, 3.1415924050096127, 3.1415923666968584, 3.1415922752048036, 3.1415921340442434, 3.141591915443631, 3.1415918439790262, 3.141591843112741, 3.1415911502103757, 3.1415898987305004, 3.141588991147559, 3.141588317590468, 3.1415869496848887, 3.1415841827878013, 3.1415830409998637, 3.1415829299822344, 3.141580423743035, 3.141573267720238, 3.1415702603369393, 3.1415731196067807, 3.1415682860267853, 3.141534543495237, 3.1415214508737224, 3.1415560815199015, 3.141570258741321, 3.141505368475497, 3.141453049504172, 3.141412746419831, 3.1414190073846444, 3.141430116399892, 3.1413985927001318, 3.1413956047466054, 3.141409836365776, 3.141456582263448, 3.1414618085454267, 3.141158910299664, 3.1409180580633977, 3.1405772540952213, 3.14028373865505, 3.140199189053808, 3.139866142349977, 3.1395195581843787, 3.138481792115013, 3.139569611865483, 3.1386741673314233, 3.1400355087465064, 3.1319297736451035, 3.137268161917491], "betas": [3.1415927954353995, 3.1415927721813244, 3.141592771476579, 3.141592786602504, 3.1415927980073697, 3.141592803930868, 3.1415928079150706, 3.141592807059633, 3.1415927992895907, 3.141592792825764, 3.1415927890092123, 3.141592788922598, 3.1415927879638397, 3.141592784440361, 3.1415927806617816, 3.141592776847167, 3.141592775965622, 3.1415927730911695, 3.141592770533436, 3.1415927673023525, 3.141592757361778, 3.141592743692232, 3.1415927241948673, 3.141592693526684, 3.1415926406895083, 3.1415925600477332, 3.141592439291963, 3.141592223198666, 3.1415920412967067, 3.1415920580311454, 3.1415918124779636, 3.1415907081663157, 3.141589589692527, 3.1415888587184924, 3.14158806654281, 3.141585832313889, 3.1415835377924974, 3.141583311366229, 3.141582544464549, 3.1415773380952836, 3.1415709650761166, 3.141571552916939, 3.141573705093504, 3.1415541271204654, 3.1415209242043227, 3.1415358915413147, 3.1415718610913954, 3.141545030549905, 3.1414727343760944, 3.1414351083615464, 3.1414044093933797, 3.141436531790127, 3.141409358172489, 3.1413997093787405, 3.1413919905668726, 3.1414397684755304, 3.141464621417825, 3.1413720923727775, 3.1409670673992838, 3.140857187264665, 3.140272689316119, 3.1404153379993422, 3.139820476341487, 3.140066342066697, 3.13855595759475, 3.1392587515175023, 3.138899027273799, 3.1400208834226855, 3.1359791791752305, 3.132964071229877, 3.140426535200468], "predicted_p_opt": 0.0076006718374670166, "predicted_tts": 131.56731686146023, "p_opt": 0.00758143336067875, "tts": 131.90117916046313, "approx": 0.6691936362580041, "opt_gap": -0.3308063637419959, "th": -40.999000549316406}