{"edges": [[0, 3], [0, 4], [0, 8], [0, 9], [0, 10], [0, 13], [0, 16], [1, 3], [1, 8], [1, 10], [1, 11], [1, 14], [2, 3], [2, 6], [2, 7], [3, 5], [3, 8], [3, 10], [4, 8], [5, 6], [5, 9], [5, 11], [5, 16], [6, 7], [6, 10], [6, 11], [7, 14], [8, 12], [8, 13], [8, 16], [9, 10], [10, 11], [10, 12], [10, 16], [11, 15], [13, 14], [14, 16]], "num_nodes": 17, "num_colors": 3, "opt_value": 37, "opt_count": 24, "feasible_count": 129140163, "mean_value": 24.666666666666668, "std": 2.8674417556808756, "level": 71, "gammas": [3.14159249065564, 3.1415925470362045, 3.1415925489676293, 3.1415925541398644, 3.1415925594843737, 3.141592572888603, 3.141592571365648, 3.141592564822245, 3.14159256586045, 3.1415925520090924, 3.1415925556746727, 3.1415925725263434, 3.141592575876838, 3.1415925846712742, 3.1415925963481417, 3.1415926009664394, 3.141592598049853, 3.1415926011054007, 3.14159258949701, 3.1415925773762443, 3.1415925517719234, 3.141592534914468, 3.1415925263880498, 3.1415925037006267, 3.1415924701236553, 3.1415924147677834, 3.141592351596769, 3.1415923820773726, 3.1415924003895985, 3.1415921621361336, 3.141591653394547, 3.1415910887186573, 3.141590414751737, 3.141589808746841, 3.141589421298409, 3.141588894237832, 3.1415874972163422, 3.1415865881071885, 3.141586586947283, 3.14158304543705, 3.1415733731275646, 3.1415658130277215, 3.1415534714351363, 3.1415505659041503, 3.141562237993644, 3.1415674339502777, 3.1415480434213356, 3.141530083085263, 3.1415234262383986, 3.141525080719, 3.14151778526336, 3.1414978730957266, 3.1413873527727736, 3.1413302693829976, 3.14125869902206, 3.1412225864723085, 3.1411306234569207, 3.1410694763470746, 3.141193172962763, 3.141290001885224, 3.1412436000276753, 3.14104255853891, 3.140373774814773, 3.139552820919546, 3.1402531370697813, 3.1400860348840762, 3.140109381145495, 3.1389322851985044, 3.138390421863205, 3.1297858301634673, 3.1382427759103004], "betas": [3.1415927857822115, 3.1415927674495263, 3.141592762430006, 3.141592753776872, 3.141592742208622, 3.141592738179659, 3.1415927417493257, 3.141592746739219, 3.14159274930256, 3.14159274457921, 3.141592742117451, 3.141592737903029, 3.141592726910103, 3.141592721176137, 3.14159271560173, 3.1415927075429977, 3.1415927081073023, 3.14159270896652, 3.141592710289155, 3.141592714310289, 3.141592713862453, 3.1415927162459725, 3.141592717526338, 3.1415926964160805, 3.1415926389851156, 3.1415925573973222, 3.141592516245672, 3.141592542372651, 3.141592443694208, 3.141592007783359, 3.141591458662234, 3.1415908268115573, 3.141590169511601, 3.1415896794028058, 3.141589387467301, 3.141588421698156, 3.1415870961949377, 3.14158680545216, 3.141586022532471, 3.1415785559217477, 3.1415697145923716, 3.1415603232674223, 3.1415494195754614, 3.141555825582219, 3.141567052741489, 3.1415604390662444, 3.1415366140681535, 3.1415265907326164, 3.141523527520792, 3.1415239365959162, 3.1415130985787005, 3.141453711036937, 3.1413421341769427, 3.141309580138144, 3.1412200544325413, 3.1412063842413147, 3.1410569015386387, 3.1411447377679877, 3.1412247200618166, 3.141341549970409, 3.1410884285143457, 3.1408954438190104, 3.13969378394065, 3.1399994327128056, 3.140147384800781, 3.140314020326668, 3.138901273594161, 3.1404450069918504, 3.132428878439113, 3.1332992438742986, 3.1408548769517926], "predicted_p_opt": 0.0038003359187335083, "predicted_tts": 263.13463372292046, "p_opt": 0.003795522301997004, "tts": 263.4683504491207, "approx": 0.6679317262275605, "opt_gap": -0.3320682737724395, "th": -36.999000549316406}