{"edges": [[0, 1], [0, 2], [0, 9], [0, 10], [0, 14], [0, 16], [1, 2], [1, 4], [1, 6], [1, 7], [1, 10], [1, 11], [1, 14], [2, 3], [2, 7], [2, 12], [2, 13], [3, 5], [3, 10], [3, 11], [3, 12], [3, 13], [4, 11], [4, 12], [5, 16], [6, 11], [6, 12], [8, 15], [9, 12], [10, 15], [11, 15]], "num_nodes": 17, "num_colors": 3, "opt_value": 31, "opt_count": 120, "feasible_count": 129140163, "mean_value": 20.666666666666668, "std": 2.6246692913372702, "level": 71, "gammas": [3.1415928569658065, 3.1415927613207786, 3.141592711081282, 3.1415926879918232, 3.141592684539964, 3.141592696460452, 3.141592718751098, 3.1415927262630117, 3.141592729028684, 3.141592734522717, 3.1415927275972075, 3.1415927306378144, 3.1415927294578414, 3.1415927364434952, 3.1415927305234583, 3.141592734422679, 3.1415927417781924, 3.141592739883699, 3.141592726884991, 3.1415927262629677, 3.1415926997685135, 3.1415926837667447, 3.141592651719265, 3.141592652653665, 3.141592636003424, 3.141592544294366, 3.1415923738311835, 3.141592127488228, 3.1415917888588, 3.1415914337834705, 3.141591188290783, 3.141590793512146, 3.141590010702369, 3.1415888444261517, 3.14158722511514, 3.1415848133412076, 3.1415813393798167, 3.1415775328087947, 3.1415702583789904, 3.141570143886334, 3.141580345276248, 3.1415833768052064, 3.1415703135879762, 3.141556282705976, 3.1415430509469213, 3.1415361275763103, 3.1415112057070025, 3.1414904171617213, 3.1414631257354912, 3.1414465595594927, 3.1414011549880705, 3.1413829475239265, 3.1414096864808445, 3.141399202430484, 3.141416020811363, 3.1414173735520436, 3.1414490276775995, 3.141490790646923, 3.141291942813499, 3.1411038300405525, 3.140736061124127, 3.1404252454673456, 3.1405196795745653, 3.140478560855314, 3.1405388945296475, 3.1398043286603183, 3.140738068919487, 3.1397318220728847, 3.1383351996578415, 3.1249780820897306, 3.1358223407226355], "betas": [3.1415925073498423, 3.1415925740740303, 3.1415926077634384, 3.1415926169236283, 3.141592609797937, 3.1415925961921363, 3.1415925847220687, 3.1415925771121094, 3.1415925755010004, 3.141592574888931, 3.1415925780543645, 3.141592580876286, 3.1415925779378093, 3.1415925731797216, 3.1415925690329893, 3.1415925691486195, 3.141592572049073, 3.1415925721265228, 3.141592570697696, 3.1415925622327743, 3.1415925529371553, 3.1415925479653035, 3.141592553716209, 3.141592571934875, 3.141592531592439, 3.1415923942292014, 3.141592192667971, 3.1415918828589424, 3.1415915138401407, 3.1415911941502097, 3.1415909247113283, 3.1415903252863457, 3.141589390247621, 3.141587971233988, 3.1415861346826204, 3.14158299434163, 3.141579699960999, 3.141574019359737, 3.14156839778458, 3.141574820414269, 3.1415838950002977, 3.1415780250411585, 3.1415627767130183, 3.141549125850842, 3.1415394495517392, 3.141526218181643, 3.141498415244498, 3.141479089778428, 3.1414518578063895, 3.1414318392838996, 3.1413776794793438, 3.1414037064088105, 3.141400340013949, 3.1414099125358503, 3.1414120747283487, 3.1414321603845763, 3.1414712181500963, 3.141442789884018, 3.1411521868944092, 3.1410159395120054, 3.1404434467166698, 3.1405504713128294, 3.1403758626624905, 3.1407175907305347, 3.140051663300113, 3.140236924733795, 3.14000620666501, 3.1409662695645078, 3.1300737231637226, 3.128688451003431, 3.1401795136507795], "predicted_p_opt": 0.01900167959366754, "predicted_tts": 52.62692674458409, "p_opt": 0.018881616003903506, "tts": 52.96156853276034, "approx": 0.6729601841021358, "opt_gap": -0.32703981589786424, "th": -30.999000549316406}