{"N": 26, "edgelist": ["0 6 {}\n", "0 10 {}\n", "0 11 {}\n", "0 17 {}\n", "0 18 {}\n", "0 22 {}\n", "0 23 {}\n", "0 24 {}\n", "1 3 {}\n", "1 4 {}\n", "1 6 {}\n", "1 7 {}\n", "1 12 {}\n", "1 15 {}\n", "1 16 {}\n", "1 17 {}\n", "1 18 {}\n", "1 20 {}\n", "1 21 {}\n", "1 22 {}\n", "1 24 {}\n", "2 3 {}\n", "2 4 {}\n", "2 9 {}\n", "2 12 {}\n", "2 13 {}\n", "2 15 {}\n", "2 16 {}\n", "2 18 {}\n", "2 20 {}\n", "2 22 {}\n", "2 23 {}\n", "2 24 {}\n", "2 25 {}\n", "3 9 {}\n", "3 10 {}\n", "3 14 {}\n", "3 15 {}\n", "3 21 {}\n", "3 24 {}\n", "4 7 {}\n", "4 9 {}\n", "4 11 {}\n", "4 12 {}\n", "4 14 {}\n", "4 16 {}\n", "4 19 {}\n", "4 21 {}\n", "4 22 {}\n", "4 23 {}\n", "4 25 {}\n", "5 6 {}\n", "5 14 {}\n", "5 16 {}\n", "5 17 {}\n", "5 18 {}\n", "5 19 {}\n", "5 20 {}\n", "5 22 {}\n", "5 23 {}\n", "5 24 {}\n", "6 9 {}\n", "6 10 {}\n", "6 11 {}\n", "6 14 {}\n", "6 17 {}\n", "6 19 {}\n", "6 22 {}\n", "6 23 {}\n", "6 25 {}\n", "7 9 {}\n", "7 11 {}\n", "7 15 {}\n", "7 17 {}\n", "7 19 {}\n", "7 20 {}\n", "7 21 {}\n", "7 23 {}\n", "7 24 {}\n", "8 9 {}\n", "8 11 {}\n", "8 12 {}\n", "8 15 {}\n", "8 17 {}\n", "8 24 {}\n", "8 25 {}\n", "9 10 {}\n", "9 11 {}\n", "9 15 {}\n", "9 18 {}\n", "9 20 {}\n", "10 11 {}\n", "10 12 {}\n", "10 13 {}\n", "10 15 {}\n", "10 16 {}\n", "10 20 {}\n", "10 21 {}\n", "10 23 {}\n", "11 12 {}\n", "11 13 {}\n", "11 14 {}\n", "11 15 {}\n", "11 16 {}\n", "11 18 {}\n", "11 20 {}\n", "11 25 {}\n", "12 16 {}\n", "12 17 {}\n", "12 18 {}\n", "12 20 {}\n", "12 23 {}\n", "12 24 {}\n", "12 25 {}\n", "13 14 {}\n", "13 16 {}\n", "13 18 {}\n", "13 19 {}\n", "13 20 {}\n", "13 22 {}\n", "13 23 {}\n", "13 24 {}\n", "13 25 {}\n", "14 15 {}\n", "14 19 {}\n", "14 21 {}\n", "14 22 {}\n", "15 17 {}\n", "15 19 {}\n", "15 20 {}\n", "15 25 {}\n", "16 17 {}\n", "16 20 {}\n", "16 23 {}\n", "16 24 {}\n", "17 18 {}\n", "17 20 {}\n", "17 24 {}\n", "17 25 {}\n", "18 19 {}\n", "18 21 {}\n", "18 22 {}\n", "18 23 {}\n", "18 25 {}\n", "19 20 {}\n", "19 21 {}\n", "19 23 {}\n", "20 22 {}\n", "20 24 {}\n", "20 25 {}\n", "21 22 {}\n", "21 24 {}\n", "21 25 {}\n", "22 25 {}\n", "23 24 {}\n", "24 25 {}\n"], "opt_value": 136, "opt_count": 1, "feasible_count": 10400600, "mean_value": 118.56, "std": 3.5830955768781103, "level": 45, "gammas": [3.141592787553135, 3.1415926180448874, 3.141592579961696, 3.141592607797435, 3.141592636127273, 3.141592665632011, 3.1415926657336914, 3.141592648192293, 3.1415926443090427, 3.14159262564392, 3.1415926227757622, 3.1415926294292102, 3.141592642315579, 3.1415926499435374, 3.141592657375286, 3.1415926487533925, 3.1415926206663545, 3.1415925676611627, 3.1415924800428896, 3.141592341258948, 3.141592205277468, 3.1415921547576193, 3.1415921373163203, 3.1415917534797946, 3.141591144269495, 3.1415901419444188, 3.1415887687308515, 3.1415873151802, 3.1415846312883176, 3.141583562647454, 3.141581912831771, 3.1415803232063997, 3.1415657212944006, 3.14155417924012, 3.141498363383189, 3.141487918590046, 3.1414769946236105, 3.1414824216059625, 3.141247091937956, 3.1411476455394185, 3.140722714501379, 3.1402280624115306, 3.1400363658830415, 3.1371279272538137, 3.1403302033020926], "betas": [3.141592633541648, 3.141592734051881, 3.1415927242253057, 3.1415926844109068, 3.141592652110621, 3.1415926393239935, 3.141592649994977, 3.141592666828725, 3.141592679691838, 3.141592684007772, 3.1415926825600264, 3.14159267153445, 3.1415926548783566, 3.1415926436248673, 3.141592636135029, 3.141592629933677, 3.1415926238356726, 3.1415926098731597, 3.1415925460423533, 3.1415924165087388, 3.141592293882164, 3.1415922376649252, 3.141592035809016, 3.141591451372344, 3.141590798978196, 3.1415894860169695, 3.1415884078661893, 3.1415860886252225, 3.14158415110459, 3.1415825121369787, 3.141581846685621, 3.1415734237782837, 3.141561545912777, 3.1415331232561163, 3.141481692006336, 3.1414921578435426, 3.1414607294435952, 3.1414326408168334, 3.141120957369186, 3.1411369692405726, 3.1400816647101246, 3.140861219839757, 3.137921842106303, 3.13849868406813, 3.1413072019960295], "predicted_p_opt": 0.0007962040651500875, "predicted_tts": 1255.9594251901945, "p_opt": 0.0007959927175834962, "tts": 1256.2929005630058, "approx": 0.8718667279843074, "opt_gap": -0.12813327201569258, "th": -135.99899291992188}