{"edges": [[4, 12], [4, 8], [4, 2], [12, 10], [12, 2], [3, 13], [3, 1], [3, 5], [13, 0], [13, 6], [9, 14], [9, 7], [9, 6], [14, 11], [14, 0], [11, 5], [11, 7], [0, 15], [8, 15], [8, 10], [15, 1], [10, 1], [5, 6], [2, 7]], "num_nodes": 16, "distribution": [[0, 2], [8, 8], [6, 2], [12, 28], [11, 12], [17, 86], [21, 302], [10, 4], [18, 156], [14, 48], [20, 264], [19, 212], [25, 1306], [23, 612], [27, 2448], [7, 8], [15, 54], [13, 38], [16, 56], [22, 474], [26, 1642], [28, 3488], [30, 6216], [29, 4734], [33, 7390], [31, 7074], [35, 5192], [32, 7582], [34, 6364], [36, 3772], [9, 6], [24, 854], [5, 4], [38, 1436], [37, 2394], [39, 764], [40, 330], [41, 124], [42, 42], [43, 8]], "opt_value": 43, "opt_count": 8, "feasible_count": 65536, "mean_value": 31.5, "std": 3.968626966596886, "level": 5, "gammas": [0.08748370409011841, 0.16548216342926025, 0.19070395827293396, 0.21263651549816132, 0.25313645601272583], "betas": [1.8032809495925903, 1.3192527294158936, 1.1347277164459229, 1.0399168729782104, 0.96518874168396], "predicted_p_opt": 0.0147705078125, "predicted_tts": 67.70247933884298, "p_opt": 0.0015171202830970287, "tts": 659.1435175849166, "approx": 0.8642593026161194}