{"N": 20, "edgelist": ["0 1 {}\n", "0 4 {}\n", "0 7 {}\n", "0 8 {}\n", "0 10 {}\n", "0 11 {}\n", "0 13 {}\n", "0 15 {}\n", "0 18 {}\n", "0 19 {}\n", "1 2 {}\n", "1 3 {}\n", "1 6 {}\n", "1 7 {}\n", "1 9 {}\n", "1 10 {}\n", "1 11 {}\n", "1 12 {}\n", "1 13 {}\n", "1 14 {}\n", "1 18 {}\n", "2 3 {}\n", "2 5 {}\n", "2 6 {}\n", "2 10 {}\n", "2 12 {}\n", "2 17 {}\n", "2 19 {}\n", "3 4 {}\n", "3 6 {}\n", "3 9 {}\n", "3 10 {}\n", "3 12 {}\n", "3 17 {}\n", "4 5 {}\n", "4 6 {}\n", "4 7 {}\n", "4 10 {}\n", "4 11 {}\n", "4 12 {}\n", "4 14 {}\n", "4 15 {}\n", "4 17 {}\n", "4 19 {}\n", "5 7 {}\n", "5 11 {}\n", "5 12 {}\n", "5 16 {}\n", "5 18 {}\n", "6 7 {}\n", "6 14 {}\n", "6 16 {}\n", "6 17 {}\n", "6 18 {}\n", "7 9 {}\n", "7 13 {}\n", "7 16 {}\n", "8 12 {}\n", "8 14 {}\n", "8 15 {}\n", "8 16 {}\n", "8 17 {}\n", "8 18 {}\n", "8 19 {}\n", "9 10 {}\n", "9 11 {}\n", "9 12 {}\n", "9 14 {}\n", "9 15 {}\n", "9 17 {}\n", "9 18 {}\n", "10 11 {}\n", "10 14 {}\n", "10 15 {}\n", "10 16 {}\n", "10 18 {}\n", "11 13 {}\n", "11 15 {}\n", "11 17 {}\n", "11 18 {}\n", "12 15 {}\n", "13 14 {}\n", "13 17 {}\n", "13 19 {}\n", "14 18 {}\n", "14 19 {}\n", "15 17 {}\n", "16 17 {}\n", "17 18 {}\n"], "opt_value": 79, "opt_count": 1, "feasible_count": 184756, "mean_value": 67.92105263157895, "std": 2.668754444521941, "level": 71, "gammas": [3.1415926398680645, 3.1415926579306803, 3.1415925761319476, 3.1415925841518844, 3.1415925728502136, 3.1415925593190823, 3.1415925646515928, 3.1415925653887347, 3.141592577232029, 3.1415925782972853, 3.1415925876233017, 3.141592585871424, 3.141592585175748, 3.1415925730925918, 3.141592575674856, 3.1415925711304684, 3.141592558732058, 3.141592556625246, 3.141592551492493, 3.1415925431748133, 3.1415925436029655, 3.141592528538866, 3.1415925207894984, 3.1415924568003075, 3.141592416056634, 3.1415924117661334, 3.141592408861986, 3.1415923568329864, 3.1415922478611162, 3.1415919320404986, 3.141591446522724, 3.1415913427024016, 3.141591509498103, 3.141590437527424, 3.141587734579762, 3.141587107029882, 3.1415894768205583, 3.1415880633149658, 3.141579175401651, 3.1415725204186633, 3.1415696816785394, 3.1415705693093363, 3.1415714410636317, 3.1415651386171057, 3.141540283301118, 3.1415256957546394, 3.1415105512100587, 3.141499642113074, 3.141494005318642, 3.1414986316967104, 3.141452065228991, 3.141405893597028, 3.1413292314228465, 3.141286455311099, 3.1412471934866892, 3.1412479101920163, 3.141331807235556, 3.141335655107887, 3.1410339820374333, 3.1408113454386104, 3.1406723672612062, 3.1402855843216044, 3.1406157561002503, 3.140474686108483, 3.1403113778849203, 3.139342416356794, 3.1391013402157766, 3.13607707741945, 3.1388432506286277, 3.1266428507589463, 3.135350853729229], "betas": [3.141592731871938, 3.1415927185777917, 3.141592720699775, 3.1415927274708015, 3.1415927394187304, 3.1415927429014805, 3.141592739546621, 3.141592736113902, 3.1415927344453456, 3.141592731197521, 3.1415927288357612, 3.141592728218442, 3.1415927278277516, 3.141592733167961, 3.141592742872442, 3.141592745199077, 3.141592745366332, 3.1415927467690903, 3.141592742118669, 3.1415927370984917, 3.141592727495331, 3.1415927096355465, 3.141592668830028, 3.141592600103341, 3.141592554521439, 3.1415925480701454, 3.141592516296611, 3.1415924430778186, 3.141592262126754, 3.1415918090413593, 3.1415914688611704, 3.1415916072404477, 3.1415914245195644, 3.141589294185251, 3.1415871187096633, 3.1415883487018714, 3.141590016837006, 3.1415842004214865, 3.141575330628518, 3.141570867003121, 3.141569918757258, 3.1415714012371985, 3.141570522428464, 3.1415541151110036, 3.1415309212924645, 3.1415199790262416, 3.14150331432294, 3.1414970005193554, 3.1414965760556695, 3.141484441462152, 3.141423286250425, 3.1413775734452347, 3.141291945346997, 3.1412814110194396, 3.141220615910572, 3.141305194299338, 3.1413374355536496, 3.1412538251666278, 3.1408288848388475, 3.140847616619484, 3.140353384932151, 3.1404984637302964, 3.1405000235518576, 3.1406557451813164, 3.139505644665105, 3.1396570642900934, 3.137072885941323, 3.138396843833056, 3.132631587051169, 3.1286693700797756, 3.139979641596188], "predicted_p_opt": 0.11068111455108359, "predicted_tts": 9.034965034965035, "p_opt": 0.10665754108427901, "tts": 9.37580212176293, "approx": 0.8747171661606864, "opt_gap": -0.1252828338393136, "th": -78.9990005493164}