{"edges": [[6, 18], [6, 20], [6, 23], [18, 14], [18, 9], [7, 17], [7, 23], [7, 10], [17, 3], [17, 19], [23, 22], [5, 13], [5, 16], [5, 4], [13, 3], [13, 16], [22, 14], [22, 0], [3, 12], [0, 2], [0, 20], [2, 1], [2, 21], [16, 15], [14, 8], [8, 12], [8, 15], [12, 9], [15, 10], [10, 11], [20, 19], [1, 21], [1, 11], [21, 9], [4, 11], [4, 19]], "num_nodes": 24, "opt_value": 31, "opt_count": 16, "feasible_count": 16777216, "mean_value": 18.0, "std": 3.0, "level": 2, "gammas": [-0.19576413325062936, 5.935910758200975], "betas": [1.9407679693930628, 1.3208686257566349], "predicted_p_opt": 2.384185791015625e-05, "predicted_tts": 41943.04, "p_opt": 3.182481207994364e-06, "tts": 314220.23718097975, "approx": 0.7033364514794697, "opt_gap": -0.29666354852053034}