{"edges": [[0, 1], [0, 7], [0, 8], [0, 13], [1, 4], [1, 5], [1, 8], [1, 10], [2, 4], [2, 6], [3, 6], [3, 9], [3, 11], [4, 7], [4, 8], [4, 9], [5, 9], [5, 10], [5, 11], [6, 9], [6, 13], [7, 9], [7, 12], [8, 12], [9, 10], [10, 12], [10, 13]], "num_nodes": 14, "num_colors": 3, "opt_value": 27, "opt_count": 102, "feasible_count": 4782969, "mean_value": 18.0, "std": 2.449489742783178, "level": 91, "gammas": [3.1415926677240913, 3.1415926993775023, 3.141592713478646, 3.141592706340702, 3.141592705612638, 3.1415927087128184, 3.141592702277901, 3.141592707170968, 3.1415927122799383, 3.14159269882818, 3.1415927062364535, 3.14159270211687, 3.1415927139581368, 3.14159271631991, 3.1415927122010254, 3.141592708133974, 3.1415927074014944, 3.1415927014872214, 3.141592690008809, 3.1415926889237076, 3.141592663539364, 3.141592661083634, 3.1415926401332825, 3.141592638171022, 3.141592630585778, 3.141592595687573, 3.1415925434293235, 3.141592425119144, 3.141592257333337, 3.1415920263878774, 3.141591809252185, 3.14159147411356, 3.1415908488881987, 3.1415900436146096, 3.141589155889857, 3.14158861561871, 3.1415877601173983, 3.1415863297005546, 3.141583949614445, 3.1415827822947917, 3.141583425370482, 3.1415817553937635, 3.1415757600609835, 3.1415713615829537, 3.1415684662740273, 3.141562871929592, 3.141549863164562, 3.141543945632818, 3.141545634720907, 3.141538504128666, 3.1414969383394244, 3.14147299816698, 3.1415069487989014, 3.14151976519647, 3.1414977197551863, 3.141497301484097, 3.1415331523472068, 3.141527711709901, 3.141391298945955, 3.141315467562155, 3.1413098325482136, 3.141279820655229, 3.1412928215811697, 3.141300217592041, 3.1411411647202607, 3.140930856571879, 3.1409996123862665, 3.1410787652831114, 3.140909558691617, 3.140699480454185, 3.1407358250341186, 3.1405356159813613, 3.1402571786063307, 3.1398691914441956, 3.1402317044871855, 3.1396473376992833, 3.1403049968862873, 3.1400906850616654, 3.140383183426813, 3.140909562171292, 3.1407548582207943, 3.1401173896327426, 3.1391942109163176, 3.1353353523682452, 3.137033819508035, 3.134723118620293, 3.1386133955089988, 3.1303602586156147, 3.1326109164152074, 3.117410811411886, 3.133215874636147], "betas": [3.1415926136774925, 3.1415926032402055, 3.1415925939873475, 3.141592597907787, 3.141592602121301, 3.1415926004961405, 3.141592597004659, 3.141592600051371, 3.1415926001626318, 3.14159259981299, 3.1415925996641887, 3.1415925969851743, 3.141592597881698, 3.141592600434466, 3.14159260257358, 3.141592606488117, 3.141592613114383, 3.1415926132102, 3.141592617468028, 3.1415926190746912, 3.1415926155790483, 3.1415926161799703, 3.1415926127326697, 3.1415926104233947, 3.141592592843186, 3.141592546472203, 3.141592455863059, 3.1415922933267773, 3.1415920764446765, 3.1415918414687134, 3.14159158134176, 3.1415910942156704, 3.1415903811272075, 3.1415894623707716, 3.1415887624626913, 3.141588143194167, 3.141587034005372, 3.141585106116083, 3.141582936596136, 3.1415830167112206, 3.1415831109973986, 3.1415789992167413, 3.1415730407705196, 3.1415700043343047, 3.1415663625292978, 3.1415569317777043, 3.1415449409505998, 3.141544919190976, 3.1415445501020542, 3.1415220092693357, 3.1414759001462467, 3.141487490050547, 3.141518783136184, 3.141510625408519, 3.141490491904173, 3.1415144350762776, 3.141542626336573, 3.141472694447409, 3.1413293672263425, 3.141322458797784, 3.1412850917699315, 3.141290895902908, 3.1412934335235887, 3.141264745678898, 3.1409933466802182, 3.1409589364840826, 3.1410331786756367, 3.1410629152892535, 3.140726584902928, 3.1407722497054045, 3.1405941361305247, 3.1405018355254257, 3.139909869797383, 3.1401483913899253, 3.139905283435888, 3.139895901015081, 3.14033728048264, 3.140071432639882, 3.1407019192926127, 3.1409845321714718, 3.140231782382293, 3.1403039459232756, 3.136703178062687, 3.136318455894738, 3.135803315921895, 3.136188675609107, 3.135964232423394, 3.1311707465328737, 3.1246267340551075, 3.1225343569661446, 3.1396444816171925], "predicted_p_opt": 0.7141752329985831, "predicted_tts": 1.4002165768215376, "p_opt": 0.5595508224813175, "tts": 1.787147761780635, "approx": 0.8531804741414867, "opt_gap": -0.14681952585851332, "th": -26.999000549316406}