{"edges": [[0, 3], [0, 5], [0, 10], [0, 11], [0, 13], [1, 2], [1, 8], [1, 13], [2, 6], [2, 11], [3, 4], [3, 7], [3, 13], [4, 8], [4, 9], [4, 10], [4, 12], [5, 11], [5, 12], [6, 7], [6, 12], [7, 13], [8, 9], [8, 11], [9, 13], [10, 13], [11, 12], [11, 13], [12, 13]], "num_nodes": 14, "num_colors": 3, "opt_value": 29, "opt_count": 18, "feasible_count": 4782969, "mean_value": 19.333333333333332, "std": 2.5385910352879697, "level": 91, "gammas": [3.1415927566206183, 3.1415927392608234, 3.141592738818165, 3.141592744843697, 3.1415927513697, 3.1415927569504025, 3.141592762947082, 3.141592766620092, 3.1415927657153646, 3.141592762810754, 3.1415927660670766, 3.1415927619795134, 3.1415927572603137, 3.141592755911298, 3.1415927506773103, 3.141592750568279, 3.1415927443445875, 3.1415927394949095, 3.141592753284873, 3.1415927418479583, 3.1415927407488993, 3.141592732649512, 3.1415927293218364, 3.1415927300115656, 3.141592728412446, 3.1415927163267314, 3.1415927139549167, 3.14159269299658, 3.1415926319302696, 3.1415925047653195, 3.141592345735795, 3.1415921113253473, 3.1415917949939622, 3.1415914917180654, 3.141591178785926, 3.141590592247849, 3.1415896026730645, 3.141589253564018, 3.141589567530022, 3.1415887166039895, 3.14158632251962, 3.141584827625444, 3.1415844726866577, 3.1415840590250594, 3.1415822863638936, 3.1415796749176668, 3.141575639303651, 3.141573557063662, 3.141572653874443, 3.14156961057127, 3.1415607066566364, 3.1415509270482844, 3.141538041832074, 3.141533304864256, 3.141531998128787, 3.141531289309116, 3.141547870206231, 3.1415515944442762, 3.1414844058968248, 3.14144017118153, 3.14148450034392, 3.1415084987304542, 3.1414798064053184, 3.1414159560840247, 3.1416424953763733, 3.142054214743245, 3.141749711233116, 3.141778234704492, 3.14169459678326, 3.141418178797049, 3.141173010087618, 3.141024998126523, 3.141178755325897, 3.141289808998055, 3.141136509768508, 3.140829260916758, 3.1410739912327723, 3.1413083071611805, 3.1406504535638895, 3.139733763756187, 3.1399921174267598, 3.140008757711914, 3.1396459642487526, 3.138170049839045, 3.1384227334806067, 3.1359659883741613, 3.138730571762655, 3.1353450372671348, 3.1368696007030663, 3.1226459252895142, 3.1340943880409817], "betas": [3.1415925565789844, 3.1415925647062193, 3.141592566127348, 3.1415925633041093, 3.141592558171085, 3.1415925571852346, 3.1415925596730716, 3.14159255869305, 3.1415925566213323, 3.1415925554988506, 3.1415925567535785, 3.141592557525124, 3.1415925588208893, 3.141592564010513, 3.1415925678562675, 3.141592569361533, 3.141592568007114, 3.1415925672071165, 3.1415925666107323, 3.141592566026138, 3.1415925638521793, 3.14159255547735, 3.141592548604709, 3.141592543664164, 3.1415925371501947, 3.1415925361589756, 3.141592533952193, 3.141592504801315, 3.1415924238957604, 3.1415922848327775, 3.1415920997350506, 3.1415918271805077, 3.141591504117625, 3.1415912074144248, 3.14159083237665, 3.141589971604621, 3.14158915603112, 3.141589285255409, 3.1415892714876965, 3.1415874209279653, 3.1415852115359106, 3.1415844097755885, 3.141584206090657, 3.1415831500293514, 3.141580940404084, 3.1415775592183577, 3.1415740147549203, 3.141573064032446, 3.1415715186685156, 3.1415656646323598, 3.1415556563025664, 3.1415447366263196, 3.1415336666862035, 3.1415336485990863, 3.141529715342431, 3.141537864710208, 3.1415555683399368, 3.141526088505153, 3.1414484567675887, 3.1414577437212934, 3.1415040118221986, 3.141497566109089, 3.1414509322672135, 3.141449223957136, 3.1419214593855105, 3.141938310489036, 3.141702481437168, 3.1418021991049945, 3.1415381165134924, 3.1413120412494053, 3.141048024230863, 3.1410957940154405, 3.1412383041860203, 3.1412802410815863, 3.1409229566714707, 3.140920006886673, 3.14121181665291, 3.1411869177395197, 3.13998398468489, 3.1399067514664547, 3.139873150394624, 3.1402118127779763, 3.138507213012018, 3.138753895113853, 3.1367944870419238, 3.137263200805898, 3.137283524399627, 3.1370341094409486, 3.129291730197709, 3.125770130116912, 3.1396703043772622], "predicted_p_opt": 0.1260309234703382, "predicted_tts": 7.9345606019887125, "p_opt": 0.12082449138509066, "tts": 8.276467697371137, "approx": 0.7069404065606093, "opt_gap": -0.2930595934393907, "th": -28.999000549316406}