{"N": 20, "edgelist": ["0 1 {}\n", "0 3 {}\n", "0 4 {}\n", "0 5 {}\n", "0 10 {}\n", "0 11 {}\n", "0 12 {}\n", "0 17 {}\n", "1 2 {}\n", "1 3 {}\n", "1 5 {}\n", "1 7 {}\n", "1 10 {}\n", "1 11 {}\n", "1 16 {}\n", "1 17 {}\n", "2 5 {}\n", "2 6 {}\n", "2 7 {}\n", "2 8 {}\n", "2 9 {}\n", "2 10 {}\n", "2 12 {}\n", "2 13 {}\n", "2 14 {}\n", "3 4 {}\n", "3 5 {}\n", "3 7 {}\n", "3 8 {}\n", "3 16 {}\n", "3 18 {}\n", "3 19 {}\n", "4 5 {}\n", "4 6 {}\n", "4 8 {}\n", "4 9 {}\n", "4 15 {}\n", "4 16 {}\n", "4 17 {}\n", "4 18 {}\n", "4 19 {}\n", "5 11 {}\n", "5 14 {}\n", "5 17 {}\n", "6 7 {}\n", "6 8 {}\n", "6 9 {}\n", "6 12 {}\n", "6 13 {}\n", "6 14 {}\n", "6 15 {}\n", "6 18 {}\n", "6 19 {}\n", "7 8 {}\n", "7 10 {}\n", "7 11 {}\n", "7 13 {}\n", "7 15 {}\n", "7 17 {}\n", "7 19 {}\n", "8 9 {}\n", "8 11 {}\n", "8 12 {}\n", "8 14 {}\n", "8 15 {}\n", "8 17 {}\n", "9 12 {}\n", "9 13 {}\n", "9 14 {}\n", "9 16 {}\n", "9 17 {}\n", "10 14 {}\n", "10 17 {}\n", "11 12 {}\n", "11 13 {}\n", "11 15 {}\n", "11 16 {}\n", "11 19 {}\n", "12 13 {}\n", "12 14 {}\n", "12 16 {}\n", "13 16 {}\n", "13 18 {}\n", "13 19 {}\n", "14 16 {}\n", "14 17 {}\n", "16 19 {}\n", "17 18 {}\n"], "opt_value": 78, "opt_count": 10, "feasible_count": 184756, "mean_value": 67.15789473684211, "std": 2.7070298167083697, "level": 16, "gammas": [2.097238779067993, 2.108935832977295, 2.1433072090148926, 2.1910905838012695, 2.2393040657043457, 2.277270555496216, 2.2961878776550293, 2.2914516925811768, 2.264291763305664, 2.2211391925811768, 2.1696906089782715, 2.1193552017211914, 2.0885674953460693, 2.0848214626312256, 2.6021272484279097, 2.6021272484279097], "betas": [2.099118947982788, 2.1287243366241455, 2.1754767894744873, 2.2237963676452637, 2.2656965255737305, 2.292126417160034, 2.296217441558838, 2.2765254974365234, 2.2373671531677246, 2.1869702339172363, 2.136435031890869, 2.1004366874694824, 2.085505247116089, 2.093050003051758, 0.0, 0.0], "predicted_p_opt": 0.058942605382233865, "predicted_tts": 16.965656565656566, "p_opt": 0.014513779025332702, "tts": 68.90004307317727, "approx": 0.9666928503590012, "opt_gap": -0.03330714964099879, "th": -74.87778578499233}