{"edges": [[6, 12], [6, 5], [6, 7], [12, 17], [12, 0], [4, 9], [4, 15], [4, 13], [9, 11], [9, 13], [3, 16], [3, 1], [3, 17], [16, 5], [16, 2], [15, 14], [15, 7], [0, 2], [0, 8], [2, 17], [5, 11], [11, 10], [8, 14], [8, 10], [1, 13], [1, 10], [14, 7]], "num_nodes": 18, "distribution": [[0, 2], [9, 16], [4, 4], [13, 68], [10, 24], [17, 260], [14, 76], [21, 978], [11, 30], [18, 362], [20, 632], [19, 526], [24, 2622], [26, 5522], [6, 8], [15, 142], [25, 3754], [22, 1356], [23, 1936], [28, 10986], [16, 188], [29, 14428], [8, 12], [27, 7636], [30, 19102], [12, 60], [31, 23984], [32, 27118], [33, 29352], [34, 28550], [35, 24988], [36, 20120], [38, 9928], [37, 14602], [39, 6168], [40, 3370], [42, 854], [41, 1786], [7, 8], [3, 2], [43, 370], [44, 166], [45, 36], [47, 2], [46, 10]], "opt_value": 47, "opt_count": 2, "feasible_count": 262144, "mean_value": 32.5, "std": 4.031128874149275, "level": 5, "gammas": [0.16081441938877106, 0.19711065292358398, 0.6263262629508972, 0.6553034782409668, 0.5973023772239685], "betas": [2.625753164291382, 2.8016281127929688, 2.274498701095581, 2.2225921154022217, 0.8613466620445251], "predicted_p_opt": 0.00092315673828125, "predicted_tts": 1083.2396694214876, "p_opt": 0.00014136153913568705, "tts": 7074.059932526213, "approx": 0.6763221025466919, "opt_gap": -0.3236778974533081}