{"edges": [[0, 8], [0, 9], [0, 11], [0, 12], [0, 13], [0, 15], [1, 2], [1, 7], [1, 13], [2, 5], [2, 6], [2, 9], [2, 12], [2, 14], [3, 5], [3, 6], [4, 8], [4, 10], [4, 12], [4, 13], [4, 15], [5, 9], [6, 8], [6, 9], [6, 10], [7, 12], [7, 14], [7, 15], [8, 11], [9, 12], [10, 13], [11, 15], [12, 14], [12, 15]], "num_nodes": 16, "num_colors": 3, "opt_value": 34, "opt_count": 12, "feasible_count": 43046721, "mean_value": 22.666666666666668, "std": 2.748737083745107, "level": 37, "gammas": [3.141592731082656, 3.1415926562948724, 3.1415926440547075, 3.1415926439824586, 3.141592643301556, 3.141592656759669, 3.1415926365679168, 3.14159262249706, 3.1415926015721207, 3.1415925929164463, 3.14159260370646, 3.1415926162919074, 3.1415926303389496, 3.141592646732634, 3.1415926183979312, 3.141592576239549, 3.141592481455441, 3.1415922499648885, 3.1415919734756144, 3.1415916635769467, 3.1415916041677296, 3.141590925451818, 3.141589305865427, 3.141586434429598, 3.14158346242941, 3.1415787154996804, 3.141565730108948, 3.141560517464783, 3.1415116881967076, 3.1415104763585897, 3.141500111815999, 3.141546083471765, 3.141073603157198, 3.140868949262968, 3.1412271409207806, 3.140743051029208, 3.1413524279840157], "betas": [3.1415926369238525, 3.1415926684050772, 3.1415926689080367, 3.141592662845243, 3.1415926568567634, 3.1415926606912814, 3.1415926762643926, 3.141592697344843, 3.141592711521161, 3.1415927077384973, 3.1415926902492624, 3.141592665498939, 3.141592644481342, 3.141592631808609, 3.1415926238943754, 3.141592611916478, 3.1415924982154215, 3.1415922392669513, 3.141591902066489, 3.1415915877629974, 3.1415913250314027, 3.1415899631841038, 3.141588207963806, 3.141584739770649, 3.141583172672912, 3.1415713774985923, 3.1415652667522043, 3.141539406514686, 3.1414971276661006, 3.141516280516149, 3.1415287995804717, 3.141396338823297, 3.14079540991928, 3.1411937450015235, 3.140894600378686, 3.1410015842315104, 3.141539054837586], "predicted_p_opt": 0.0015680636859657672, "predicted_tts": 637.7292, "p_opt": 0.0015672445283306437, "tts": 638.0625243369991, "approx": 0.6671889437927453, "opt_gap": -0.3328110562072547, "th": -33.999000549316406}