{"edges": [[0, 4], [0, 12], [0, 15], [1, 6], [1, 8], [1, 14], [2, 8], [2, 13], [3, 8], [3, 11], [3, 14], [4, 10], [5, 10], [5, 12], [5, 15], [6, 7], [6, 14], [7, 11], [7, 13], [7, 14], [8, 13], [9, 15], [10, 11], [11, 13], [11, 15]], "num_nodes": 16, "num_colors": 3, "opt_value": 25, "opt_count": 720, "feasible_count": 43046721, "mean_value": 16.666666666666668, "std": 2.3570226039551585, "level": 37, "gammas": [3.1415925349640412, 3.1415924858251087, 3.141592534893859, 3.141592571558762, 3.1415925725763194, 3.1415925630891195, 3.1415925463953562, 3.141592527565315, 3.1415925235122857, 3.14159255713307, 3.1415925755737675, 3.141592589929002, 3.1415925765589927, 3.1415925178494324, 3.1415924266095616, 3.1415923556434278, 3.141592271947701, 3.141592097194676, 3.141591907575164, 3.1415919653164313, 3.1415920826579766, 3.141590723890984, 3.141588725070498, 3.1415885705905398, 3.1415901920437044, 3.1415845974901173, 3.1415647276677037, 3.141553937539008, 3.141512224983475, 3.1415118384433502, 3.1413984302452755, 3.1414275845751405, 3.1411743869159907, 3.1409948031572115, 3.1403788824537666, 3.1386040364245895, 3.1408331758671117], "betas": [3.141592817656895, 3.1415928081413944, 3.141592757208542, 3.1415927306635676, 3.1415927378815467, 3.141592753776051, 3.1415927735348266, 3.1415927846071257, 3.141592765036485, 3.141592735428183, 3.1415927082464643, 3.1415926878874743, 3.141592674421031, 3.1415926617352383, 3.1415926453582665, 3.141592612564539, 3.1415924779679503, 3.141592191249649, 3.141592008026859, 3.141592146098612, 3.1415917559606323, 3.141589726983879, 3.1415887660255026, 3.141589341910236, 3.141590077882218, 3.1415741853061228, 3.141562309716277, 3.141533244792072, 3.141507211233885, 3.1414720508997567, 3.141382248583902, 3.141423861015262, 3.1408439271129516, 3.1412223619315265, 3.1389361387786656, 3.139641622582427, 3.141427610265865], "predicted_p_opt": 0.09408382115794604, "predicted_tts": 10.62882, "p_opt": 0.09117048880065225, "tts": 10.968461540077273, "approx": 0.6970517224725871, "opt_gap": -0.30294827752741293, "th": -24.999000549316406}