{"edges": [[0, 11], [1, 6], [1, 14], [1, 15], [2, 3], [2, 9], [2, 12], [2, 13], [3, 5], [3, 6], [3, 8], [3, 13], [3, 14], [4, 8], [4, 12], [4, 13], [5, 6], [5, 9], [5, 11], [5, 12], [6, 7], [6, 8], [6, 11], [7, 14], [8, 10], [8, 12], [8, 15], [9, 14], [10, 11], [11, 13], [12, 14]], "num_nodes": 16, "num_colors": 3, "opt_value": 31, "opt_count": 108, "feasible_count": 43046721, "mean_value": 20.666666666666668, "std": 2.6246692913372702, "level": 37, "gammas": [3.1415929913549214, 3.141592618258617, 3.141592562129076, 3.1415926204388414, 3.1415926817766073, 3.141592694335147, 3.141592647491498, 3.141592600792526, 3.1415925622031566, 3.1415925881564895, 3.141592628116277, 3.1415926846655546, 3.141592686597416, 3.141592573727386, 3.1415923711286324, 3.1415920109598767, 3.1415915082544656, 3.1415916290737447, 3.1415922711562825, 3.1415924752015534, 3.1415921500804163, 3.141590006501134, 3.1415870641372274, 3.141587294594286, 3.141590488106742, 3.1415820776886916, 3.1415495947447534, 3.1415460269199076, 3.141521978418312, 3.1415276686014892, 3.1414532365403374, 3.141392627162605, 3.1414102716436143, 3.1416615852366574, 3.1398533248669525, 3.1382943681664295, 3.1409076799419497], "betas": [3.1415925532939952, 3.141592743284052, 3.1415927215123722, 3.1415926502324365, 3.141592610114969, 3.1415926290501783, 3.1415926800628307, 3.1415927277719136, 3.1415927332752136, 3.141592689708123, 3.141592630775131, 3.1415925773190296, 3.141592506567645, 3.141592408208204, 3.141592270119608, 3.1415918862211076, 3.1415916146453657, 3.1415919950037074, 3.1415923101186705, 3.1415921687763415, 3.1415913204905714, 3.1415884755056855, 3.141587211018131, 3.1415886134892244, 3.1415894217909397, 3.1415644416459267, 3.141545494296891, 3.1415415053774085, 3.1415193911390134, 3.141500449857724, 3.1413907173919604, 3.141480452911381, 3.1413622669614387, 3.1414276824421203, 3.1382428228291435, 3.13966093536074, 3.1414553211800307], "predicted_p_opt": 0.014112573173691906, "predicted_tts": 70.8588, "p_opt": 0.01404632113246476, "tts": 71.19301848287775, "approx": 0.6713479051350767, "opt_gap": -0.3286520948649233, "th": -30.999000549316406}