{"edges": [[0, 3], [0, 9], [1, 3], [1, 7], [1, 11], [2, 6], [2, 7], [2, 11], [3, 8], [3, 10], [3, 11], [4, 7], [4, 9], [4, 11], [5, 7], [5, 8], [5, 9], [6, 8], [6, 9], [7, 8], [7, 10], [8, 9], [8, 10], [8, 11], [9, 10], [9, 12], [10, 12]], "num_nodes": 13, "num_colors": 3, "opt_value": 27, "opt_count": 12, "feasible_count": 1594323, "mean_value": 18.0, "std": 2.449489742783178, "level": 51, "gammas": [0.16339674592018127, 0.26542559266090393, 0.2755136489868164, 0.27653223276138306, 0.27300599217414856, 0.2698272466659546, 0.2658537030220032, 0.2606450915336609, 0.2543591260910034, 0.24326197803020477, 0.22703488171100616, 0.22072601318359375, 0.23282557725906372, 0.24623830616474152, 0.25318947434425354, 0.2555486261844635, 0.25190064311027527, 0.24242569506168365, 0.23363082110881805, 0.23584328591823578, 0.24290788173675537, 0.2373799830675125, 0.23950961232185364, 0.2311224639415741, 0.23645593225955963, 0.22196978330612183, 0.24805210530757904, 0.27514025568962097, 0.26884695887565613, 0.2712476849555969, 0.27513420581817627, 0.27496856451034546, 0.2748735547065735, 0.27513524889945984, 0.275381475687027, 0.2746548056602478, 0.2740204632282257, 0.27394169569015503, 0.27499133348464966, 0.277592271566391, 0.2806845009326935, 0.2829258143901825, 0.2846951484680176, 0.28583869338035583, 0.29116570949554443, 0.2937963306903839, 0.3135605752468109, 0.32626187801361084, -0.18233823776245117, -0.3320809304714203, -0.3158681094646454], "betas": [-2.583538770675659, -2.4000139236450195, -2.3524253368377686, -2.3370249271392822, -2.326932907104492, -2.298053741455078, -2.257883310317993, -2.211548089981079, -2.1396920680999756, -2.017801523208618, -1.903361201286316, -1.931352138519287, -2.0529839992523193, -2.142174243927002, -2.184922933578491, -2.1832218170166016, -2.129042387008667, -2.045487403869629, -2.003530502319336, -2.048372507095337, -2.149923324584961, -2.0628163814544678, -1.7241276502609253, -2.028250217437744, -1.9632827043533325, -2.0753817558288574, -2.3159468173980713, -2.3023345470428467, -2.4154880046844482, -2.3762500286102295, -2.375537872314453, -2.379504680633545, -2.3794949054718018, -2.3829615116119385, -2.387324571609497, -2.3827033042907715, -2.3790180683135986, -2.3827202320098877, -2.397967576980591, -2.427359104156494, -2.4558727741241455, -2.4797658920288086, -2.513148307800293, -2.535141944885254, -2.4261934757232666, -2.5958211421966553, -2.845442771911621, 1.9057401418685913, 3.0572640895843506, 2.7278645038604736, 2.887530565261841], "predicted_p_opt": 0.07985082069317197, "predicted_tts": 12.523352813648788, "p_opt": 0.05068033887992386, "tts": 19.73151762795597, "approx": 0.679889018697152, "opt_gap": -0.320110981302848}