{"edges": [[0, 8], [0, 11], [0, 12], [1, 4], [1, 6], [1, 7], [1, 10], [1, 13], [2, 7], [2, 8], [2, 9], [2, 10], [3, 7], [3, 11], [3, 12], [4, 10], [5, 11], [5, 13], [6, 10], [6, 11], [6, 13], [7, 10], [8, 13], [11, 12], [11, 13]], "num_nodes": 14, "num_colors": 3, "opt_value": 25, "opt_count": 12, "feasible_count": 4782969, "mean_value": 16.666666666666668, "std": 2.3570226039551585, "level": 19, "gammas": [3.1415928077163966, 3.1415919807181965, 3.141592306044744, 3.1415921846853956, 3.1415920161503994, 3.1415922328025303, 3.1415924581155648, 3.1415920080888102, 3.141591200127505, 3.141591430760493, 3.1415939957054104, 3.141587953024677, 3.1415822542265284, 3.1415794123830363, 3.1415277185492507, 3.141579727743528, 3.1411716142476447, 3.1413571195702525, 3.1415713914226155], "betas": [3.1415932774361317, 3.141593142653353, 3.14159300120361, 3.1415932560266167, 3.141593241206304, 3.141592888037142, 3.141592971411489, 3.1415936722218865, 3.141593250503664, 3.1415915864180097, 3.1415926662214955, 3.1415905176076113, 3.1415815115528134, 3.1415410471279586, 3.141597154984053, 3.141371124169472, 3.141191152473309, 3.141504612570493, 3.1415899354788874], "predicted_p_opt": 0.003816039786166291, "predicted_tts": 262.051775147929, "p_opt": 0.003811191749342744, "tts": 262.385118820761, "approx": 0.6679362283889233, "opt_gap": -0.3320637716110767, "th": -24.999000549316406}