{"edges": [[6, 15], [6, 14], [6, 5], [15, 8], [15, 9], [12, 16], [12, 13], [12, 0], [16, 9], [16, 1], [13, 19], [13, 4], [0, 2], [0, 3], [2, 14], [2, 8], [5, 10], [5, 9], [10, 1], [10, 19], [17, 18], [17, 11], [17, 3], [18, 3], [18, 7], [8, 14], [11, 1], [11, 7], [19, 4], [7, 4]], "num_nodes": 20, "opt_value": 26, "opt_count": 6, "feasible_count": 1048576, "mean_value": 15.0, "std": 2.7386127875258306, "level": 6, "gammas": [0.15094454231932583, 0.2888732188485037, 0.3213958813743919, 0.33585202412930293, 0.35212822939922567, 0.38044536268324675], "betas": [-2.3244173808517115, -1.9642961466409676, -1.783077005128193, -1.652699864809318, -1.4998469745680119, 5.067165382498576], "predicted_p_opt": 0.0009670257568359375, "predicted_tts": 1034.0986193293886, "p_opt": 5.581058506802721e-05, "tts": 17917.748018249684, "approx": 0.7816172826363416, "opt_gap": -0.21838271736365844}