{"edges": [[6, 18], [6, 5], [6, 2], [18, 3], [18, 11], [12, 16], [12, 8], [12, 1], [16, 15], [16, 4], [3, 7], [3, 11], [7, 10], [7, 2], [8, 0], [8, 10], [0, 14], [0, 9], [14, 13], [14, 17], [13, 9], [13, 15], [1, 4], [1, 19], [10, 2], [15, 17], [17, 19], [4, 5], [5, 9], [11, 19]], "num_nodes": 20, "opt_value": 27, "opt_count": 2, "feasible_count": 1048576, "mean_value": 15.0, "std": 2.7386127875258306, "level": 6, "gammas": [0.15189339906764746, 0.289738675516994, 0.32162637459357163, 0.3361559123600009, 0.3529071667883926, 0.3816169574986538], "betas": [-2.3470655886647145, -1.9982959592401834, -1.8223620994530076, -1.6919983086229182, -1.536140948939707, 5.04308077962167], "predicted_p_opt": 0.0003223419189453125, "predicted_tts": 3102.2958579881656, "p_opt": 1.3756590834134862e-05, "tts": 72692.42881882144, "approx": 0.7551374968428116, "opt_gap": -0.24486250315718838}