{"edges": [[12, 19], [12, 14], [12, 2], [19, 15], [19, 17], [5, 7], [5, 3], [5, 8], [7, 0], [7, 1], [3, 16], [3, 1], [16, 6], [16, 4], [8, 9], [8, 14], [9, 11], [9, 18], [4, 18], [4, 2], [18, 10], [11, 1], [11, 15], [0, 14], [0, 6], [10, 6], [10, 13], [2, 17], [17, 13], [13, 15]], "num_nodes": 20, "opt_value": 28, "opt_count": 2, "feasible_count": 1048576, "mean_value": 15.0, "std": 2.7386127875258306, "level": 2, "gammas": [3.1415872293898057, 2.692173143539355], "betas": [3.1270696808941056, 2.356819857876087], "predicted_p_opt": 4.76837158203125e-05, "predicted_tts": 20971.52, "p_opt": 1.9166080810681815e-05, "tts": 52175.507860880505, "approx": 0.7085239787505387, "opt_gap": -0.29147602124946126, "th": -18.99818867990419}