{"edges": [[4, 6], [4, 15], [4, 17], [6, 1], [6, 2], [3, 16], [3, 13], [3, 11], [16, 11], [16, 0], [15, 17], [15, 2], [13, 10], [13, 8], [5, 19], [5, 9], [5, 14], [19, 7], [19, 0], [1, 11], [1, 14], [9, 17], [9, 12], [10, 18], [10, 8], [18, 7], [18, 0], [7, 8], [14, 12], [12, 2]], "num_nodes": 20, "opt_value": 26, "opt_count": 8, "feasible_count": 1048576, "mean_value": 15.0, "std": 2.7386127875258306, "level": 2, "gammas": [3.146207242538073, 3.3373939159298733], "betas": [3.1495033168535667, 3.4657635204312545], "predicted_p_opt": 0.00019073486328125, "predicted_tts": 5242.88, "p_opt": 7.895935308163164e-05, "tts": 12664.744086316869, "approx": 0.7604394039472808, "opt_gap": -0.23956059605271918, "th": -18.989711247903063}