{"edges": [[0, 15], [0, 16], [1, 3], [1, 6], [1, 9], [1, 13], [1, 14], [2, 8], [2, 10], [2, 13], [2, 15], [3, 4], [3, 9], [3, 16], [4, 5], [4, 10], [5, 11], [5, 16], [6, 9], [6, 11], [6, 12], [6, 16], [7, 9], [7, 16], [8, 15], [9, 10], [9, 11], [9, 13], [10, 14], [11, 13], [12, 14], [13, 16], [15, 16]], "num_nodes": 17, "num_colors": 3, "opt_value": 33, "opt_count": 216, "feasible_count": 129140163, "mean_value": 22.0, "std": 2.70801280154532, "level": 41, "gammas": [-0.14529839158058167, -0.23878753185272217, -0.24625979363918304, -0.24484692513942719, -0.242960587143898, -0.2414085865020752, -0.23996135592460632, -0.23819684982299805, -0.2356967180967331, -0.23233117163181305, -0.22885183990001678, -0.22703422605991364, -0.22819994390010834, -0.23144406080245972, -0.23434950411319733, -0.23471751809120178, -0.23296524584293365, -0.23435749113559723, -0.2333793193101883, -0.23511458933353424, -0.2351847141981125, -0.23573505878448486, -0.23821339011192322, -0.22762852907180786, -0.24476897716522217, -0.23330289125442505, -0.24834942817687988, -0.24892356991767883, -0.2473587989807129, -0.24724966287612915, -0.24728821218013763, -0.24741089344024658, -0.2479608952999115, -0.2490473985671997, -0.25060418248176575, -0.2524292767047882, -0.2543640732765198, -0.2563227713108063, -0.2583962082862854, -0.26051679253578186, -0.25739097595214844], "betas": [2.7311043739318848, 2.6162679195404053, 2.5797336101531982, 2.5737526416778564, 2.575376510620117, 2.573880195617676, 2.5640182495117188, 2.5430541038513184, 2.5098202228546143, 2.4697933197021484, 2.4379520416259766, 2.4338865280151367, 2.460486650466919, 2.496474504470825, 2.5138978958129883, 2.497321128845215, 2.4869701862335205, 2.518340587615967, 2.5156829357147217, 2.5181219577789307, 2.5286970138549805, 2.5236222743988037, 2.568427324295044, 2.614861011505127, 2.354482650756836, 2.5542807579040527, 2.7407925128936768, 2.7418835163116455, 2.6957974433898926, 2.664777994155884, 2.6566123962402344, 2.6636576652526855, 2.678969383239746, 2.69860577583313, 2.720810890197754, 2.74410343170166, 2.767340660095215, 2.789818525314331, 2.8145554065704346, 2.8546364307403564, 2.944002389907837], "predicted_p_opt": 0.011522550114792715, "predicted_tts": 86.78634417186821, "p_opt": 0.008759046904742718, "tts": 114.16767267892297, "approx": 0.6557521820068359, "opt_gap": -0.34424781799316406}