{"edges": [[0, 1], [0, 7], [0, 8], [0, 13], [1, 4], [1, 5], [1, 8], [1, 10], [2, 4], [2, 6], [3, 6], [3, 9], [3, 11], [4, 7], [4, 8], [4, 9], [5, 9], [5, 10], [5, 11], [6, 9], [6, 13], [7, 9], [7, 12], [8, 12], [9, 10], [10, 12], [10, 13]], "num_nodes": 14, "num_colors": 3, "opt_value": 27, "opt_count": 102, "feasible_count": 4782969, "mean_value": 18.0, "std": 2.449489742783178, "level": 79, "gammas": [0.16071873903274536, 0.26260295510292053, 0.2703491151332855, 0.27419766783714294, 0.27256283164024353, 0.2714524269104004, 0.27092108130455017, 0.27005162835121155, 0.26698967814445496, 0.2610025703907013, 0.2528569996356964, 0.24557432532310486, 0.23941519856452942, 0.23332905769348145, 0.23443743586540222, 0.22651666402816772, 0.2124687135219574, 0.21819999814033508, 0.1983031928539276, 0.21413244307041168, 0.23303000628948212, 0.19549797475337982, 0.19275617599487305, 0.2234148532152176, 0.20981426537036896, 0.20158745348453522, 0.20116670429706573, 0.2128356695175171, 0.19878941774368286, 0.21536074578762054, 0.21717050671577454, 0.21648134291172028, 0.2158571481704712, 0.21610768139362335, 0.21738213300704956, 0.2167048305273056, 0.21722249686717987, 0.22038064897060394, 0.2188914716243744, 0.21499595046043396, 0.21571435034275055, 0.22282177209854126, 0.22831839323043823, 0.22314655780792236, 0.2111455202102661, 0.21605564653873444, 0.1613110899925232, -0.17223332822322845, -0.21464486420154572, -0.2827904224395752, -0.2864973247051239, -0.28479138016700745, -0.2851771414279938, -0.2809995114803314, -0.27674031257629395, -0.2752106785774231, -0.27604952454566956, -0.27892541885375977, -0.27755457162857056, -0.27633020281791687, -0.27665024995803833, -0.28058481216430664, -0.2794589400291443, -0.2765931487083435, -0.2710036337375641, -0.273573100566864, -0.2661280035972595, -0.28313079476356506, -0.2944433093070984, -0.2806186378002167, -0.27608543634414673, -0.2881583869457245, -0.2943715453147888, -0.2976571023464203, -0.3004603683948517, -0.30371710658073425, -0.3073039948940277, -0.31083792448043823, -0.3085707724094391], "betas": [-2.588674306869507, -2.3940961360931396, -2.3481287956237793, -2.3348371982574463, -2.3334836959838867, -2.3245139122009277, -2.31522274017334, -2.3006930351257324, -2.265533447265625, -2.2058475017547607, -2.143749237060547, -2.096574068069458, -2.0545144081115723, -2.039551258087158, -2.0706448554992676, -1.928631067276001, -1.894258737564087, -1.7561267614364624, -1.7058234214782715, -1.5798380374908447, -1.7959353923797607, -1.783660888671875, -1.7298758029937744, -1.5751255750656128, -1.783913016319275, -1.6288437843322754, -1.8845974206924438, -1.7569985389709473, -1.8368607759475708, -1.8844060897827148, -1.857427954673767, -1.8324368000030518, -1.8266091346740723, -1.837843418121338, -1.8407679796218872, -1.8331676721572876, -1.8473381996154785, -1.8510226011276245, -1.826737880706787, -1.81700599193573, -1.8557803630828857, -1.8923083543777466, -1.8858391046524048, -1.8588697910308838, -1.8622968196868896, -1.4134330749511719, 1.7436074018478394, 2.8242788314819336, 2.4772989749908447, 2.4649529457092285, 2.4628653526306152, 2.446117877960205, 2.4317545890808105, 2.4170680046081543, 2.396885395050049, 2.3852291107177734, 2.3995025157928467, 2.4093496799468994, 2.3935070037841797, 2.433495283126831, 2.4387333393096924, 2.4477195739746094, 2.4200615882873535, 2.3469700813293457, 2.3204643726348877, 2.3625876903533936, 2.472654342651367, 2.269397258758545, 2.4651007652282715, 2.449195146560669, 2.5584359169006348, 2.6028411388397217, 2.605783224105835, 2.615239143371582, 2.64388370513916, 2.679023504257202, 2.72324800491333, 2.7858572006225586, 2.897433280944824], "predicted_p_opt": 0.5391341654106476, "predicted_tts": 1.854825874814148, "p_opt": 0.2850365975053141, "tts": 3.5083214182043987, "approx": 0.7547207409894356, "opt_gap": -0.24527925901056435}