{"locs": [[0.91, 0.07], [0.73, 0.36], [0.21, 0.48], [0.39, 0.25], [0.49, 0.33], [0.3, 0.88], [0.64, 0.71], [0.76, 0.28], [0.64, 0.12], [0.3, 0.29], [0.72, 0.33], [0.66, 0.46], [0.7, 0.17]], "opt_value": 2.522275, "opt_count": 2.0, "feasible_count": 479001600.0, "mean_value": 5.096793263602726, "std": 0.4720625584483186, "level": 3, "gammas": [3.139490889772577, 3.139065508342396, 3.1427137148678046], "betas": [3.1376935439719555, 3.141872776909784, 3.142271851783976], "predicted_p_opt": 2.0459221848110736e-07, "predicted_tts": 4887771.428571429, "p_opt": 2.0459194442494033e-07, "tts": 4887777.975866861, "approx": 2.0207126514741645, "opt_gap": 1.0207126514741645, "th": 2.523275}