{"locs": [[0.42, 0.07], [0.56, 0.78], [0.64, 0.23], [0.75, 0.88], [0.51, 0.28], [0.02, 0.65], [0.23, 0.24], [0.89, 0.31], [0.23, 0.27], [0.07, 0.92], [0.37, 0.42], [0.56, 0.48], [0.54, 0.09]], "opt_value": 3.437676, "opt_count": 2.0, "feasible_count": 479001600.0, "mean_value": 6.438457146870222, "std": 0.5913318942466727, "level": 3, "gammas": [3.143497954352327, 3.141523147634117, 3.136996949716292], "betas": [3.1440000976842613, 3.1375775801052534, 3.138628570533288], "predicted_p_opt": 2.0459221848110736e-07, "predicted_tts": 4887771.428571429, "p_opt": 2.045917114834477e-07, "tts": 4887783.540932468, "approx": 1.872909741365278, "opt_gap": 0.872909741365278, "th": 3.438676}