{"locs": [[0.99, 0.79], [0.31, 0.61], [0.9, 0.1], [0.11, 0.1], [0.2, 0.76], [0.3, 0.87], [0.18, 0.41], [0.28, 0.97], [0.91, 0.68], [0.38, 0.32], [0.27, 0.04], [0.84, 0.91], [0.48, 0.29]], "opt_value": 3.501486, "opt_count": 2.0, "feasible_count": 479001600.0, "mean_value": 7.742904935050857, "std": 0.8028835424338702, "level": 3, "gammas": [3.1438940671569533, 3.1456778785644457, 3.14111928225753], "betas": [3.146707637293717, 3.14257700607281, 3.1406515354415014], "predicted_p_opt": 2.0459221848110736e-07, "predicted_tts": 4887771.428571429, "p_opt": 2.0459176590967318e-07, "tts": 4887782.240666997, "approx": 2.2113195577398117, "opt_gap": 1.2113195577398117, "th": 3.5024859999999998}