{"edges": [[0, 3], [0, 5], [1, 3], [1, 4], [1, 8], [1, 11], [1, 12], [2, 4], [2, 8], [2, 9], [2, 11], [3, 9], [3, 10], [3, 13], [3, 15], [4, 5], [4, 13], [5, 7], [5, 8], [5, 10], [5, 11], [6, 7], [6, 8], [6, 9], [6, 13], [6, 14], [7, 14], [7, 15], [8, 12], [8, 13], [9, 12], [9, 14], [10, 15], [11, 12], [11, 13], [11, 14], [12, 13], [12, 15]], "num_nodes": 16, "num_colors": 3, "opt_value": 38, "opt_count": 42, "feasible_count": 43046721, "mean_value": 25.333333333333332, "std": 2.905932629027116, "level": 31, "gammas": [-0.12892083823680878, -0.21301217377185822, -0.21866071224212646, -0.21503886580467224, -0.21313276886940002, -0.21198418736457825, -0.2128266990184784, -0.21295563876628876, -0.2135039120912552, -0.2139122039079666, -0.2143353670835495, -0.2147195190191269, -0.21512603759765625, -0.21553783118724823, -0.21593262255191803, -0.21639418601989746, -0.21689441800117493, -0.21743890643119812, -0.21806718409061432, -0.21874837577342987, -0.2194698005914688, -0.2202383130788803, -0.22118912637233734, -0.2219495177268982, -0.2236299067735672, -0.22618623077869415, -0.21817313134670258, -0.23400139808654785, -0.23253180086612701, -0.22911931574344635, -0.22632049024105072], "betas": [2.7599551677703857, 2.6387197971343994, 2.596229076385498, 2.5957980155944824, 2.640840530395508, 2.6446235179901123, 2.6547534465789795, 2.659511089324951, 2.6627604961395264, 2.667057752609253, 2.6720054149627686, 2.677495002746582, 2.683208703994751, 2.6889822483062744, 2.6949572563171387, 2.7016243934631348, 2.7090868949890137, 2.7171335220336914, 2.726210355758667, 2.735971212387085, 2.7469217777252197, 2.759014368057251, 2.769719123840332, 2.788984537124634, 2.768310785293579, 2.902614116668701, 2.7654497623443604, 2.8932747840881348, 2.915797233581543, 2.911426305770874, 2.967374801635742], "predicted_p_opt": 0.003872490078861059, "predicted_tts": 258.231778425656, "p_opt": 0.0030399721581488848, "tts": 328.9503811143208, "approx": 0.6441264152526855, "opt_gap": -0.35587358474731445}