{"edges": [[0, 8], [0, 11], [0, 12], [1, 4], [1, 6], [1, 7], [1, 10], [1, 13], [2, 7], [2, 8], [2, 9], [2, 10], [3, 7], [3, 11], [3, 12], [4, 10], [5, 11], [5, 13], [6, 10], [6, 11], [6, 13], [7, 10], [8, 13], [11, 12], [11, 13]], "num_nodes": 14, "num_colors": 3, "opt_value": 25, "opt_count": 12, "feasible_count": 4782969, "mean_value": 16.666666666666668, "std": 2.3570226039551585, "level": 31, "gammas": [3.141592572886855, 3.1415930001083807, 3.1415929895489336, 3.141592842049373, 3.141592730371976, 3.141592711069036, 3.141592763278108, 3.141592811165663, 3.1415928009036347, 3.14159275989797, 3.141592704297602, 3.141592671996198, 3.1415926601440245, 3.141592645419367, 3.141592541046628, 3.1415921568422625, 3.141591845380372, 3.1415908748854124, 3.141589144726137, 3.1415858705103283, 3.141581745491045, 3.1415754043589406, 3.141564725978574, 3.141571849571107, 3.141538897206819, 3.1415142644868985, 3.1412775135733386, 3.1415258150341288, 3.140076674336416, 3.1385799643281795, 3.1409587352455293], "betas": [3.1415924465660052, 3.141592278577922, 3.1415923892540927, 3.1415925300755196, 3.141592593637687, 3.1415925723878004, 3.1415925186740963, 3.1415924922911374, 3.1415925188855516, 3.1415925723568097, 3.141592598107835, 3.1415925533114177, 3.141592424974394, 3.1415923093163842, 3.141592154848262, 3.14159194682955, 3.1415916123475993, 3.141589761738344, 3.1415871920103835, 3.141582557462369, 3.1415805529627905, 3.1415713800628327, 3.1415692927076324, 3.141543711292912, 3.1415406166469704, 3.1414643413775845, 3.141189597934156, 3.1414421332554627, 3.138578363887315, 3.1398132638058667, 3.141465438552308], "predicted_p_opt": 0.009957831631357009, "predicted_tts": 100.4234693877551, "p_opt": 0.009924830700365496, "tts": 100.7573862154821, "approx": 0.6699741134525143, "opt_gap": -0.33002588654748566, "th": -24.999000549316406}