{"N": 24, "edgelist": ["0 1 {}\n", "0 4 {}\n", "0 6 {}\n", "0 7 {}\n", "0 12 {}\n", "0 13 {}\n", "0 16 {}\n", "0 17 {}\n", "0 19 {}\n", "0 21 {}\n", "1 2 {}\n", "1 3 {}\n", "1 4 {}\n", "1 5 {}\n", "1 7 {}\n", "1 10 {}\n", "1 13 {}\n", "1 15 {}\n", "1 16 {}\n", "1 17 {}\n", "1 19 {}\n", "1 20 {}\n", "1 22 {}\n", "2 3 {}\n", "2 4 {}\n", "2 6 {}\n", "2 8 {}\n", "2 9 {}\n", "2 10 {}\n", "2 12 {}\n", "2 13 {}\n", "2 14 {}\n", "2 17 {}\n", "2 19 {}\n", "3 5 {}\n", "3 8 {}\n", "3 9 {}\n", "3 12 {}\n", "3 17 {}\n", "3 18 {}\n", "3 20 {}\n", "3 22 {}\n", "4 6 {}\n", "4 9 {}\n", "4 11 {}\n", "4 12 {}\n", "4 13 {}\n", "4 14 {}\n", "4 15 {}\n", "4 16 {}\n", "4 17 {}\n", "4 18 {}\n", "4 19 {}\n", "4 20 {}\n", "4 23 {}\n", "5 6 {}\n", "5 7 {}\n", "5 8 {}\n", "5 11 {}\n", "5 14 {}\n", "5 16 {}\n", "5 18 {}\n", "5 20 {}\n", "5 21 {}\n", "5 22 {}\n", "6 7 {}\n", "6 8 {}\n", "6 11 {}\n", "6 14 {}\n", "6 15 {}\n", "6 22 {}\n", "6 23 {}\n", "7 8 {}\n", "7 11 {}\n", "7 12 {}\n", "7 15 {}\n", "7 16 {}\n", "7 18 {}\n", "7 22 {}\n", "8 9 {}\n", "8 11 {}\n", "8 12 {}\n", "8 14 {}\n", "8 16 {}\n", "8 20 {}\n", "8 22 {}\n", "8 23 {}\n", "9 10 {}\n", "9 12 {}\n", "9 13 {}\n", "9 17 {}\n", "9 21 {}\n", "10 11 {}\n", "10 14 {}\n", "10 15 {}\n", "10 16 {}\n", "10 17 {}\n", "10 19 {}\n", "10 21 {}\n", "10 22 {}\n", "11 12 {}\n", "11 14 {}\n", "11 15 {}\n", "11 16 {}\n", "11 18 {}\n", "11 20 {}\n", "11 21 {}\n", "12 14 {}\n", "12 16 {}\n", "12 18 {}\n", "12 22 {}\n", "12 23 {}\n", "13 14 {}\n", "13 15 {}\n", "13 16 {}\n", "13 18 {}\n", "13 20 {}\n", "13 22 {}\n", "14 15 {}\n", "14 20 {}\n", "14 21 {}\n", "15 16 {}\n", "15 17 {}\n", "15 21 {}\n", "16 17 {}\n", "16 18 {}\n", "16 20 {}\n", "17 18 {}\n", "17 20 {}\n", "17 22 {}\n", "17 23 {}\n", "18 22 {}\n", "19 20 {}\n", "19 22 {}\n", "20 21 {}\n", "20 22 {}\n", "20 23 {}\n", "21 23 {}\n"], "opt_value": 120, "opt_count": 1, "feasible_count": 2704156, "mean_value": 105.0, "std": 3.4162563506587365, "level": 11, "gammas": [0.13681744039058685, 0.20729400217533112, 0.20654578506946564, 0.2016737312078476, 0.1992727369070053, 0.19898919761180878, 0.19941720366477966, 0.19983626902103424, 0.2001979947090149, 0.1998947113752365, 0.19356775283813477], "betas": [-2.950939655303955, -2.9634649753570557, -2.972994327545166, -2.9713683128356934, -2.969019651412964, -2.9686617851257324, -2.9699511528015137, -2.9717729091644287, -2.9731051921844482, -2.9722113609313965, -2.9737091064453125], "predicted_p_opt": 0.0001956248086279046, "predicted_tts": 5111.826086956522, "p_opt": 0.00015731209714431316, "tts": 6356.790216092737, "approx": 0.8780577182769775, "opt_gap": -0.12194228172302246}