{"edges": [[0, 1], [0, 2], [0, 3], [0, 4], [0, 8], [0, 9], [0, 10], [1, 2], [1, 8], [2, 5], [3, 7], [3, 9], [4, 5], [4, 7], [5, 6], [5, 8], [5, 10], [5, 11], [6, 7], [6, 8], [6, 9], [7, 11], [8, 10], [9, 10]], "num_nodes": 12, "num_colors": 3, "opt_value": 24, "opt_count": 30, "feasible_count": 531441, "mean_value": 16.0, "std": 2.309401076758503, "level": 51, "gammas": [0.1799018532037735, 0.28936269879341125, 0.29684188961982727, 0.29383477568626404, 0.2899011969566345, 0.288091242313385, 0.28721168637275696, 0.2866477072238922, 0.2855795919895172, 0.2844199538230896, 0.2846435308456421, 0.28497177362442017, 0.28336381912231445, 0.2783845365047455, 0.2686716914176941, 0.25445401668548584, 0.2507428526878357, 0.26505398750305176, 0.27384668588638306, 0.2890723645687103, 0.30113404989242554, 0.25051194429397583, 0.2517687976360321, 0.2838290333747864, 0.2889406085014343, 0.29282522201538086, 0.2966250479221344, 0.29737257957458496, 0.29329895973205566, 0.2855488359928131, 0.2833884656429291, 0.2909558415412903, 0.2926557660102844, 0.293709933757782, 0.2947936952114105, 0.2995489537715912, 0.30255240201950073, 0.30536866188049316, 0.3076242208480835, 0.31025540828704834, 0.31396207213401794, 0.31174030900001526, 0.312749981880188, 0.31805747747421265, 0.3216053545475006, 0.32444411516189575, 0.32800939679145813, 0.3318881094455719, 0.33617544174194336, 0.3414374589920044, 0.3426934778690338], "betas": [-2.549192428588867, -2.3533153533935547, -2.2675180435180664, -2.2176897525787354, -2.187654733657837, -2.1754586696624756, -2.1721158027648926, -2.166226625442505, -2.1549441814422607, -2.148282766342163, -2.1491024494171143, -2.145871639251709, -2.1288909912109375, -2.0735812187194824, -1.9806933403015137, -1.8938230276107788, -1.9311121702194214, -2.076422691345215, -2.1563637256622314, -1.9433857202529907, -2.0729377269744873, -1.8271266222000122, -2.136190176010132, -2.252504825592041, -2.266880989074707, -2.2777440547943115, -2.2788689136505127, -2.2589244842529297, -2.2038629055023193, -2.150991439819336, -2.1690804958343506, -2.210200786590576, -2.195509433746338, -2.254612684249878, -2.2735087871551514, -2.2942471504211426, -2.3231685161590576, -2.353365421295166, -2.3771870136260986, -2.3618340492248535, -2.3651106357574463, -2.38016939163208, -2.438493490219116, -2.4890403747558594, -2.515392541885376, -2.5362255573272705, -2.5624632835388184, -2.593411922454834, -2.640047311782837, -2.7165379524230957, -2.858630418777466], "predicted_p_opt": 0.5988811551987897, "predicted_tts": 1.669780375153172, "p_opt": 0.33164533526453793, "tts": 3.0152693062977862, "approx": 0.7570617113884839, "opt_gap": -0.24293828861151612}