{"edges": [[15, 21], [15, 17], [15, 13], [21, 6], [21, 0], [7, 23], [7, 22], [7, 8], [23, 11], [23, 9], [6, 24], [6, 14], [24, 4], [24, 1], [3, 10], [3, 25], [3, 20], [10, 14], [10, 13], [14, 19], [19, 5], [19, 16], [25, 18], [25, 11], [4, 2], [4, 1], [5, 12], [5, 8], [17, 18], [17, 1], [18, 12], [2, 8], [2, 9], [11, 12], [9, 0], [0, 20], [20, 22], [16, 22], [16, 13]], "num_nodes": 26, "opt_value": 34, "opt_count": 22, "feasible_count": 67108864, "mean_value": 19.5, "std": 3.122498999199199, "level": 9, "gammas": [3.140717029571533, 3.1408848762512207, 3.1412205696105957, 3.1413733959198, 3.1413865089416504, 3.141280174255371, 3.141004800796509, 3.140679359436035, 3.140637159347534], "betas": [3.1407837867736816, 3.14104962348938, 3.14129638671875, 3.1413896083831787, 3.141366481781006, 3.141195297241211, 3.140817880630493, 3.1405792236328125, 3.140732765197754], "predicted_p_opt": 0.00011834502220153809, "predicted_tts": 8449.869554268445, "p_opt": 6.681076813500269e-05, "tts": 14967.64710112788, "approx": 0.8152891448455888, "opt_gap": -0.1847108551544112, "th": -27.986653192833522}