{"edges": [[7, 17], [7, 23], [7, 22], [17, 21], [17, 2], [6, 15], [6, 11], [6, 14], [15, 5], [15, 16], [23, 0], [23, 9], [12, 19], [12, 1], [12, 3], [19, 3], [19, 18], [4, 21], [4, 5], [4, 20], [21, 10], [3, 8], [5, 10], [10, 16], [0, 8], [0, 18], [8, 14], [2, 11], [2, 22], [11, 13], [9, 20], [9, 22], [20, 13], [1, 13], [1, 16], [14, 18]], "num_nodes": 24, "opt_value": 33, "opt_count": 2, "feasible_count": 16777216, "mean_value": 18.0, "std": 3.0, "level": 20, "gammas": [0.09975476541828483, 0.20833016024088002, 0.23793539880202655, 0.24506416864722722, 0.24615328786022872, 0.24592533036344527, 0.24592343400041602, 0.24671929911877843, 0.24834041844851273, 0.25037000516161556, 0.2525906273257311, 0.25535019216159116, 0.25915182757178723, 0.264105814834397, 0.27004256183131764, 0.27714461608190044, 0.2861484246329975, 0.2980576697117949, 0.3150494992759913, 0.3424763281082363], "betas": [-2.617940487509893, -2.348630011977721, -2.206038946591609, -2.1179104217139333, -2.0581172890649873, -2.0158344387032687, -1.9856338449421165, -1.9643789080224254, -1.9472244486587402, -1.9292744319260042, -1.9097792534678324, -1.8911897669904718, -1.8742215137194411, -1.8555250686014568, -1.8306572114313766, -1.7965785850433085, -1.7477771087965865, -1.6713292268053954, -1.537568446142825, 5.041889990743075], "predicted_p_opt": 0.00020039081573486328, "predicted_tts": 4990.248661511006, "p_opt": 1.483028292341329e-06, "tts": 674295.9693784744, "approx": 0.789845700857929, "opt_gap": -0.21015429914207095}