{"edges": [[0, 2], [0, 4], [0, 5], [0, 8], [1, 8], [1, 11], [2, 3], [2, 8], [4, 9], [5, 6], [5, 7], [6, 10], [7, 8], [7, 10], [7, 11], [9, 11], [10, 11]], "num_nodes": 12, "num_colors": 3, "opt_value": 17, "opt_count": 444, "feasible_count": 531441, "mean_value": 11.333333333333334, "std": 1.9436506316151, "level": 8, "gammas": [3.141275644302368, 3.140622854232788, 3.1402523517608643, 3.140115261077881, 3.1396379470825195, 3.1390304565429688, 3.1394097805023193, 3.1407501697540283], "betas": [3.1408369541168213, 3.1401867866516113, 3.1399970054626465, 3.1397318840026855, 3.139097213745117, 3.1388444900512695, 3.1398684978485107, 3.1411328315734863], "predicted_p_opt": 0.24144919191406009, "predicted_tts": 4.141658094080239, "p_opt": 0.10011028051507648, "tts": 9.988984096887046, "approx": 0.9469963160289696, "opt_gap": -0.05300368397103039, "th": -15.898763390432517}