{"edges": [[0, 1], [0, 6], [0, 9], [0, 13], [0, 14], [1, 11], [1, 13], [1, 15], [2, 5], [2, 7], [2, 9], [2, 14], [3, 5], [3, 11], [4, 6], [4, 12], [4, 15], [5, 8], [5, 9], [5, 10], [6, 11], [7, 9], [7, 10], [8, 14], [8, 15], [10, 12], [10, 14], [11, 12], [11, 15], [12, 13], [13, 15], [14, 15]], "num_nodes": 16, "num_colors": 3, "opt_value": 32, "opt_count": 60, "feasible_count": 43046721, "mean_value": 21.333333333333332, "std": 2.6666666666666665, "level": 99, "gammas": [-0.13560964167118073, -0.22568093240261078, -0.2331945300102234, -0.2334548979997635, -0.2323826253414154, -0.2310672253370285, -0.23116451501846313, -0.23124933242797852, -0.2308698147535324, -0.23062409460544586, -0.2301618456840515, -0.22902293503284454, -0.22734858095645905, -0.22627586126327515, -0.2257358282804489, -0.224331796169281, -0.22254350781440735, -0.22109724581241608, -0.2192346304655075, -0.21714535355567932, -0.2151578664779663, -0.2139703929424286, -0.2124590277671814, -0.2086441069841385, -0.20061756670475006, -0.21439075469970703, -0.22360017895698547, -0.2081565409898758, -0.19741064310073853, -0.20750504732131958, -0.20371447503566742, -0.20610429346561432, -0.20883886516094208, -0.20873641967773438, -0.2087218016386032, -0.20787657797336578, -0.20756018161773682, -0.2077178806066513, -0.20758973062038422, -0.20704765617847443, -0.20712101459503174, -0.20758448541164398, -0.20718172192573547, -0.20635360479354858, -0.20690850913524628, -0.2073577344417572, -0.207184836268425, -0.2070367932319641, -0.2074708640575409, -0.20691195130348206, -0.2068779468536377, -0.20849503576755524, -0.206979438662529, -0.20657962560653687, -0.2117491364479065, -0.20956359803676605, -0.21525460481643677, -0.2089477777481079, -0.21077898144721985, -0.2109784036874771, -0.2096000611782074, -0.2116471379995346, -0.21315786242485046, -0.21411216259002686, -0.2149794101715088, -0.21628841757774353, -0.21769610047340393, -0.21911390125751495, -0.22014954686164856, -0.22055502235889435, -0.22082780301570892, -0.22230969369411469, -0.22460179030895233, -0.22630421817302704, -0.22664502263069153, -0.22947898507118225, -0.22852914035320282, -0.2308572232723236, -0.23267710208892822, -0.23467236757278442, -0.23505377769470215, -0.23657304048538208, -0.2389940470457077, -0.24163863062858582, -0.2441052794456482, -0.24204696714878082, -0.2437037080526352, -0.24666084349155426, -0.24855917692184448, -0.25038886070251465, -0.2527340352535248, -0.2544490694999695, -0.255627304315567, -0.2569768726825714, -0.25861430168151855, -0.260539710521698, -0.26256263256073, -0.26437216997146606, -0.2591038942337036], "betas": [2.58274245262146, 2.418466091156006, 2.404860496520996, 2.369964838027954, 2.3645782470703125, 2.3688783645629883, 2.3709983825683594, 2.3753232955932617, 2.3795406818389893, 2.378188133239746, 2.370750904083252, 2.3584792613983154, 2.344658851623535, 2.331421136856079, 2.3163132667541504, 2.299274206161499, 2.283205986022949, 2.2638652324676514, 2.2454006671905518, 2.224233388900757, 2.2071473598480225, 2.199483871459961, 2.16455340385437, 2.1459414958953857, 2.2100918292999268, 2.027853012084961, 2.115755796432495, 2.049649715423584, 2.1664795875549316, 2.153496265411377, 2.1431217193603516, 2.1417415142059326, 2.138345718383789, 2.1348979473114014, 2.1321377754211426, 2.127214193344116, 2.1251275539398193, 2.1250932216644287, 2.122742176055908, 2.1187057495117188, 2.115722417831421, 2.114914655685425, 2.115227699279785, 2.1169488430023193, 2.119677782058716, 2.119222402572632, 2.121617317199707, 2.125530481338501, 2.1272106170654297, 2.1278462409973145, 2.129917860031128, 2.1293785572052, 2.138943910598755, 2.1435840129852295, 2.133451461791992, 2.1554667949676514, 2.1349384784698486, 2.1535511016845703, 2.1628477573394775, 2.164170026779175, 2.1849453449249268, 2.192326784133911, 2.2057299613952637, 2.210428476333618, 2.2182328701019287, 2.22501802444458, 2.239250898361206, 2.2538881301879883, 2.2667341232299805, 2.27665376663208, 2.2861976623535156, 2.299034833908081, 2.3183093070983887, 2.3320183753967285, 2.340524435043335, 2.3705759048461914, 2.3799285888671875, 2.3961873054504395, 2.4144575595855713, 2.432288646697998, 2.45076584815979, 2.462218761444092, 2.494642734527588, 2.496272563934326, 2.5190913677215576, 2.5361883640289307, 2.5608773231506348, 2.583698034286499, 2.6049461364746094, 2.6265885829925537, 2.644721508026123, 2.6638782024383545, 2.6828513145446777, 2.7015092372894287, 2.7204222679138184, 2.740260362625122, 2.7660584449768066, 2.8067235946655273, 2.8425955772399902], "predicted_p_opt": 0.05519723558038253, "predicted_tts": 18.11684932198682, "p_opt": 0.03858583004230468, "tts": 25.91624953781275, "approx": 0.6694272510267356, "opt_gap": -0.3305727489732644}