{"edges": [[0, 2], [0, 4], [0, 6], [0, 8], [0, 10], [1, 5], [1, 6], [1, 7], [1, 10], [1, 12], [2, 3], [2, 5], [2, 9], [2, 11], [3, 5], [3, 7], [4, 6], [4, 9], [4, 11], [5, 11], [5, 12], [8, 10], [9, 10], [9, 12]], "num_nodes": 13, "num_colors": 3, "distribution": [[0, 3], [3, 30], [6, 378], [4, 42], [7, 972], [10, 13182], [5, 162], [8, 2382], [9, 5646], [11, 29130], [12, 57588], [2, 12], [13, 107604], [14, 172944], [15, 237822], [16, 279000], [17, 267600], [18, 208344], [19, 126660], [20, 59184], [21, 20106], [22, 4710], [23, 756], [24, 66]], "opt_value": 24, "opt_count": 66, "feasible_count": 1594323, "mean_value": 16.0, "std": 2.309401076758503, "level": 4, "gammas": [0.28857421875, 0.3577214479446411, 1.0945137739181519, 1.1124372482299805], "betas": [2.6700124740600586, 2.8036954402923584, 1.7984130382537842, 1.5244965553283691], "predicted_p_opt": 0.003353147386069197, "predicted_tts": 298.2272727272727, "p_opt": 0.0006966096116229892, "tts": 1435.5242639706903}