{"edges": [[16, 20], [16, 15], [16, 17], [20, 2], [20, 13], [7, 23], [7, 10], [7, 22], [23, 25], [23, 14], [6, 21], [6, 17], [6, 9], [21, 1], [21, 24], [4, 9], [4, 12], [4, 19], [9, 18], [12, 1], [12, 11], [0, 2], [0, 19], [0, 3], [2, 22], [25, 24], [25, 13], [14, 22], [14, 1], [5, 19], [5, 18], [5, 3], [10, 15], [10, 8], [15, 13], [17, 8], [24, 11], [3, 18], [8, 11]], "num_nodes": 26, "opt_value": 35, "opt_count": 4, "feasible_count": 67108864, "mean_value": 19.5, "std": 3.122498999199199, "level": 29, "gammas": [-0.11463125916142466, -0.20231399741622236, -0.19584679790043613, -0.21138446624014612, -0.20709968411358484, -0.20431995198734856, -0.19846780518780935, -0.19851272594106237, -0.19681699087419088, -0.198464909353024, -0.20263935776717146, -0.20544077424420182, -0.20725732561707177, -0.21051120933569456, -0.2150588356993643, -0.2186201565764694, -0.22052269089394624, -0.22287536311021522, -0.2281970376103411, -0.23616446545460212, -0.24479261708747296, -0.253187670413843, -0.26170232942683236, -0.2712051187592468, -0.2812949271045103, -0.27336074462578114, -0.3646797701912033, 5.891759142234234, 5.940241858684263], "betas": [2.768264583479461, 2.3233014946140256, 2.08403806626889, 1.958423803341489, 1.719422722881088, 1.7242082194651747, 1.7252548027972643, 1.6838020162235514, 1.665408273130689, 1.68015387153624, 1.696528138651198, 1.6981395242913473, 1.7008550355448684, 1.7162174755044737, 1.730819654329482, 1.7300056418075265, 1.7198455212978194, 1.7213481489751918, 1.743387692048152, 1.7724883253707968, 1.7947060211502341, 1.8064393707159634, 1.8098405247188931, 1.80696101691282, 1.8783284892340144, 1.6548531254252814, 1.9933835605608392, 2.2540208542999367, 2.4190672373770665], "predicted_p_opt": 0.00020748376846313477, "predicted_tts": 4819.654122378627, "p_opt": 1.189653951804301e-06, "tts": 840580.5725970478, "approx": 0.8106071115708325, "opt_gap": -0.18939288842916746}