{"N": 26, "edgelist": ["0 1 {}\n", "0 3 {}\n", "0 4 {}\n", "0 7 {}\n", "0 8 {}\n", "0 18 {}\n", "0 23 {}\n", "0 24 {}\n", "1 2 {}\n", "1 4 {}\n", "1 9 {}\n", "1 11 {}\n", "1 12 {}\n", "1 15 {}\n", "1 16 {}\n", "1 20 {}\n", "1 24 {}\n", "1 25 {}\n", "2 7 {}\n", "2 9 {}\n", "2 10 {}\n", "2 11 {}\n", "2 12 {}\n", "2 13 {}\n", "2 14 {}\n", "2 15 {}\n", "2 17 {}\n", "2 19 {}\n", "2 21 {}\n", "2 23 {}\n", "2 25 {}\n", "3 4 {}\n", "3 5 {}\n", "3 10 {}\n", "3 15 {}\n", "3 16 {}\n", "3 20 {}\n", "3 22 {}\n", "3 25 {}\n", "4 5 {}\n", "4 6 {}\n", "4 7 {}\n", "4 10 {}\n", "4 15 {}\n", "4 16 {}\n", "4 18 {}\n", "4 20 {}\n", "4 21 {}\n", "4 22 {}\n", "4 23 {}\n", "4 24 {}\n", "4 25 {}\n", "5 10 {}\n", "5 11 {}\n", "5 12 {}\n", "5 14 {}\n", "5 15 {}\n", "5 16 {}\n", "5 17 {}\n", "5 19 {}\n", "5 23 {}\n", "5 24 {}\n", "6 7 {}\n", "6 12 {}\n", "6 15 {}\n", "6 16 {}\n", "6 18 {}\n", "6 19 {}\n", "6 22 {}\n", "6 23 {}\n", "6 24 {}\n", "7 14 {}\n", "7 16 {}\n", "7 19 {}\n", "7 25 {}\n", "8 9 {}\n", "8 10 {}\n", "8 14 {}\n", "8 17 {}\n", "8 18 {}\n", "8 19 {}\n", "8 21 {}\n", "8 22 {}\n", "8 24 {}\n", "8 25 {}\n", "9 10 {}\n", "9 11 {}\n", "9 12 {}\n", "9 13 {}\n", "9 21 {}\n", "9 23 {}\n", "9 25 {}\n", "10 12 {}\n", "10 16 {}\n", "10 18 {}\n", "10 19 {}\n", "10 20 {}\n", "10 21 {}\n", "10 22 {}\n", "10 23 {}\n", "10 24 {}\n", "10 25 {}\n", "11 15 {}\n", "11 20 {}\n", "11 21 {}\n", "12 13 {}\n", "12 15 {}\n", "12 16 {}\n", "12 19 {}\n", "12 20 {}\n", "12 22 {}\n", "12 24 {}\n", "13 18 {}\n", "13 21 {}\n", "13 23 {}\n", "14 19 {}\n", "14 20 {}\n", "14 21 {}\n", "14 22 {}\n", "14 24 {}\n", "14 25 {}\n", "15 24 {}\n", "16 20 {}\n", "17 18 {}\n", "17 19 {}\n", "17 21 {}\n", "17 24 {}\n", "17 25 {}\n", "18 19 {}\n", "18 21 {}\n", "18 24 {}\n", "18 25 {}\n", "19 21 {}\n", "19 22 {}\n", "20 22 {}\n", "20 23 {}\n", "20 24 {}\n", "21 24 {}\n", "22 24 {}\n", "23 25 {}\n", "24 25 {}\n"], "opt_value": 124, "opt_count": 3, "feasible_count": 10400600, "mean_value": 107.16, "std": 4.070312454623216, "level": 79, "gammas": [3.1415927931973946, 3.1415927138597124, 3.141592691976302, 3.1415926849119833, 3.1415926762096826, 3.141592684470797, 3.141592692373021, 3.141592697373757, 3.141592698802882, 3.141592711200719, 3.1415927074392846, 3.1415927102602392, 3.1415927113609485, 3.1415927071525327, 3.1415927031821362, 3.1415927002914783, 3.1415927139412267, 3.141592710875778, 3.14159271699158, 3.1415927022184014, 3.1415926912752132, 3.14159269818005, 3.1415926886960417, 3.1415926735346704, 3.1415926521961497, 3.14159261741503, 3.141592557297619, 3.1415924509841866, 3.1415923314041616, 3.1415922706062855, 3.1415922207888434, 3.1415919422940193, 3.1415915016707245, 3.141591235625619, 3.14159093151936, 3.141589969741206, 3.1415885746599432, 3.141588165442569, 3.1415886445839556, 3.141586604859505, 3.141579892188855, 3.1415758069861397, 3.141574397792184, 3.141574743766149, 3.1415770960383282, 3.1415764748000634, 3.1415699219695608, 3.141561548233664, 3.1415445156456645, 3.141536383717276, 3.14153294435078, 3.14152685351471, 3.1414903728019463, 3.141466358939519, 3.141462018308693, 3.141466063913711, 3.141470188728572, 3.1414626056137656, 3.1414087543197446, 3.1413527049678582, 3.141251197085547, 3.1411924968994227, 3.1412685411366064, 3.1413343051180282, 3.141036922680129, 3.140728659235481, 3.1405686542387343, 3.1403621240140978, 3.140588057216213, 3.140423176109188, 3.1405205265195315, 3.1398588670173444, 3.140288454386621, 3.1399432666146514, 3.1402434191112474, 3.1387228280618875, 3.1381343482229838, 3.1257504952918542, 3.1362399072036227], "betas": [3.1415925538840352, 3.1415926093560427, 3.1415926251984043, 3.141592628114793, 3.1415926258092424, 3.1415926182580254, 3.141592610660972, 3.1415926037586686, 3.141592598039902, 3.1415925969775693, 3.14159259849414, 3.141592596399092, 3.141592598902722, 3.141592602011049, 3.141592599199684, 3.1415926012529938, 3.141592600323605, 3.141592598251566, 3.1415925952395414, 3.141592588320947, 3.141592588327784, 3.141592585819061, 3.1415925736054637, 3.141592555664676, 3.1415925360506414, 3.1415925057834446, 3.141592435745228, 3.141592316473468, 3.1415922262133327, 3.1415921939012, 3.1415920476349637, 3.141591637741357, 3.1415912547675813, 3.141591015967755, 3.1415904347070507, 3.1415890925795487, 3.141588043926284, 3.141588247263678, 3.1415881361520035, 3.1415833341830197, 3.1415770987146447, 3.141574956353155, 3.1415741256843432, 3.1415759052998222, 3.1415775856888746, 3.141573596440577, 3.1415663798051874, 3.1415536281344925, 3.14153835053653, 3.141534892954991, 3.141531020355054, 3.141512518245038, 3.141472003307604, 3.141465437944228, 3.141460156626711, 3.1414722445690804, 3.141466184660087, 3.141446132112398, 3.1413738194931375, 3.1413187089318586, 3.1411918326779804, 3.1412329477609, 3.1413014889816706, 3.1412642242791042, 3.1408000648083116, 3.1407237513368167, 3.1403594147193883, 3.140552229518143, 3.1404307425858167, 3.1405832311109507, 3.1400839853754907, 3.1401359169252556, 3.140080811790558, 3.1402545822848733, 3.13896547149353, 3.140369363273039, 3.130378787865878, 3.1294634084989066, 3.140296735158942], "predicted_p_opt": 0.007292175451416264, "predicted_tts": 137.13328850388302, "p_opt": 0.007274462223001517, "tts": 137.4672064194719, "approx": 0.865181390327702, "opt_gap": -0.13481860967229797, "th": -123.9990005493164}