{"edges": [[0, 2], [0, 4], [0, 8], [0, 12], [1, 3], [1, 6], [1, 9], [1, 11], [2, 3], [2, 4], [2, 5], [2, 7], [2, 10], [3, 7], [3, 8], [3, 10], [4, 8], [4, 10], [4, 11], [5, 6], [5, 10], [7, 9], [9, 12]], "num_nodes": 13, "num_colors": 3, "opt_value": 23, "opt_count": 18, "feasible_count": 1594323, "mean_value": 15.333333333333334, "std": 2.260776661041756, "level": 5, "gammas": [0.25564560294151306, 0.3559632897377014, 0.3564370572566986, 0.3569657504558563, 0.35495296120643616], "betas": [-2.5921783447265625, -2.5529065132141113, -2.6084163188934326, -2.699460506439209, -2.8439416885375977], "predicted_p_opt": 0.0013660970832133764, "predicted_tts": 732.0123966942149, "p_opt": 0.000854430953040719, "tts": 1170.3695850919667, "approx": 0.6542133092880249, "opt_gap": -0.3457866907119751}