{"N": 18, "edgelist": ["0 1 {}\n", "0 4 {}\n", "0 6 {}\n", "0 7 {}\n", "0 8 {}\n", "0 9 {}\n", "0 10 {}\n", "0 11 {}\n", "0 14 {}\n", "0 16 {}\n", "1 3 {}\n", "1 5 {}\n", "1 9 {}\n", "1 10 {}\n", "1 11 {}\n", "1 12 {}\n", "1 16 {}\n", "1 17 {}\n", "2 3 {}\n", "2 8 {}\n", "2 12 {}\n", "2 14 {}\n", "2 17 {}\n", "3 5 {}\n", "3 8 {}\n", "3 9 {}\n", "3 10 {}\n", "3 12 {}\n", "3 16 {}\n", "4 5 {}\n", "4 6 {}\n", "4 7 {}\n", "4 9 {}\n", "4 12 {}\n", "4 13 {}\n", "4 14 {}\n", "4 17 {}\n", "5 6 {}\n", "5 7 {}\n", "5 11 {}\n", "5 12 {}\n", "5 14 {}\n", "5 15 {}\n", "5 16 {}\n", "5 17 {}\n", "6 10 {}\n", "6 17 {}\n", "7 14 {}\n", "7 17 {}\n", "8 11 {}\n", "8 12 {}\n", "8 13 {}\n", "8 14 {}\n", "8 16 {}\n", "9 11 {}\n", "9 12 {}\n", "9 13 {}\n", "9 16 {}\n", "10 13 {}\n", "10 15 {}\n", "10 16 {}\n", "11 13 {}\n", "11 14 {}\n", "11 15 {}\n", "11 16 {}\n", "11 17 {}\n", "12 14 {}\n", "12 16 {}\n", "13 14 {}\n", "15 16 {}\n", "15 17 {}\n", "16 17 {}\n"], "opt_value": 64, "opt_count": 19, "feasible_count": 48620, "mean_value": 55.05882352941177, "std": 2.6716504754506674, "level": 35, "gammas": [-0.29101027479037533, -0.28114233367764163, -0.2860977943989793, -0.2853008994520912, -0.25897232783306995, -0.2311692517504153, -0.24471990042072578, -0.2578881489808187, -0.23896932882770608, -0.23671176555638013, -0.26224229372678265, -0.28816863701231044, -0.2989165845564529, -0.3429850329731936, -0.3281063250801567, -0.3473948256178328, -0.35987213985352173, -0.3459389780732437, -0.34063211169733787, -0.545596502557517, -0.20844872394870645, -0.2846833851504245, -0.3039960184864977, -0.3113351539718773, -0.31481586190431665, -0.3154386738107251, -0.31965504502319414, -0.3220402867120249, -0.8010929865555709, 0.46662073019076844, 5.990303816284821, 5.936550670153064, 5.945765971181416, 5.942113649409322, 5.9457793068895715], "betas": [2.0066366713869086, 2.595590941491799, 2.3332428126429687, 2.145577292470449, 1.87548670326953, 1.769725287613943, 1.8890150778597916, 1.8593128626175883, 1.6919244540591902, 1.810863223173551, 1.9083894628945979, 2.8274846685300097, 1.8925788401599215, 2.309409308622919, 2.350283531277209, 2.33216995701175, 2.2670661645581047, 2.3730590734029002, 1.742205598255244, 2.775612583375357, 2.786907136274156, 2.550179093478931, 2.523336892237024, 2.509146792936889, 2.5051282078751496, 2.5163574111869247, 2.508344114907613, 2.511121128951991, 2.8346233084483554, 2.254113063170089, 2.8822043333251646, 2.5038649068275474, 2.507790337161632, 2.5324305548450496, 2.3721443192102463], "predicted_p_opt": 1.9699506375976965, "predicted_tts": 0.5076269328349639, "p_opt": 0.14971190114829064, "tts": 6.679495700274979, "approx": 0.986339414281283, "opt_gap": -0.013660585718716978}