{"N": 18, "edgelist": ["0 1 {}\n", "0 2 {}\n", "0 3 {}\n", "0 4 {}\n", "0 5 {}\n", "0 10 {}\n", "0 12 {}\n", "0 14 {}\n", "0 15 {}\n", "0 16 {}\n", "1 2 {}\n", "1 3 {}\n", "1 4 {}\n", "1 5 {}\n", "1 8 {}\n", "1 11 {}\n", "1 13 {}\n", "1 14 {}\n", "1 16 {}\n", "1 17 {}\n", "2 3 {}\n", "2 4 {}\n", "2 6 {}\n", "2 7 {}\n", "2 9 {}\n", "2 12 {}\n", "2 13 {}\n", "2 14 {}\n", "2 15 {}\n", "3 5 {}\n", "3 10 {}\n", "3 11 {}\n", "3 14 {}\n", "3 16 {}\n", "3 17 {}\n", "4 5 {}\n", "4 6 {}\n", "4 7 {}\n", "4 10 {}\n", "4 12 {}\n", "4 13 {}\n", "4 14 {}\n", "4 15 {}\n", "5 6 {}\n", "5 7 {}\n", "5 8 {}\n", "5 10 {}\n", "5 12 {}\n", "5 13 {}\n", "5 15 {}\n", "5 16 {}\n", "5 17 {}\n", "6 7 {}\n", "6 8 {}\n", "6 11 {}\n", "6 13 {}\n", "6 15 {}\n", "6 16 {}\n", "6 17 {}\n", "7 8 {}\n", "7 9 {}\n", "7 15 {}\n", "7 16 {}\n", "7 17 {}\n", "8 9 {}\n", "8 11 {}\n", "8 13 {}\n", "8 14 {}\n", "8 16 {}\n", "8 17 {}\n", "9 10 {}\n", "9 12 {}\n", "9 13 {}\n", "9 15 {}\n", "9 16 {}\n", "10 13 {}\n", "10 14 {}\n", "10 15 {}\n", "11 14 {}\n", "14 17 {}\n", "15 16 {}\n"], "opt_value": 72, "opt_count": 1, "feasible_count": 48620, "mean_value": 61.94117647058823, "std": 2.6484310168873706, "level": 35, "gammas": [-0.20866777002811432, -0.25843921303749084, -0.221107617020607, -0.21814405918121338, -0.20485834777355194, -0.20340490341186523, -0.20918962359428406, -0.20381778478622437, -0.2181534767150879, -0.21930387616157532, -0.2345966249704361, -0.2499561309814453, -0.2510645091533661, -0.2678472101688385, -0.2945539653301239, -0.31705763936042786, -0.34101569652557373, -0.3393092453479767, -0.34410902857780457, -0.3475518524646759, -0.33205586671829224, -0.4460027515888214, -0.20661836862564087, -0.21454541385173798, -0.24829478561878204, -0.26330503821372986, -0.27217990159988403, -0.2775118052959442, -0.2912744879722595, -0.30297720432281494, -0.3132295608520508, -0.3194290101528168, -0.32602277398109436, -0.33237817883491516, -0.32895705103874207], "betas": [2.0063602924346924, 1.9545460939407349, 1.7486752271652222, 1.6680752038955688, 1.5443121194839478, 1.5749279260635376, 1.5157630443572998, 1.5702621936798096, 1.6263575553894043, 1.648258924484253, 1.7888762950897217, 1.8129645586013794, 1.8487478494644165, 2.0124564170837402, 2.148841381072998, 2.2633285522460938, 2.379363775253296, 2.4254093170166016, 2.4129037857055664, 2.4130420684814453, 2.0751311779022217, 1.9177030324935913, 2.127906084060669, 2.1446492671966553, 2.1735568046569824, 2.150209426879883, 2.2007288932800293, 2.268904209136963, 2.349074125289917, 2.4059157371520996, 2.4528310298919678, 2.4823930263519287, 2.517279863357544, 2.5908801555633545, 2.5765371322631836], "predicted_p_opt": 0.10368161250514192, "predicted_tts": 9.644911723864313, "p_opt": 0.0017007639398798347, "tts": 587.9710737932589, "approx": 0.9731964468955994, "opt_gap": -0.026803553104400635}