{"N": 18, "edgelist": ["0 2 {}\n", "0 4 {}\n", "0 5 {}\n", "0 6 {}\n", "0 8 {}\n", "0 9 {}\n", "0 10 {}\n", "0 12 {}\n", "0 13 {}\n", "0 14 {}\n", "0 16 {}\n", "1 3 {}\n", "1 7 {}\n", "1 10 {}\n", "1 13 {}\n", "1 16 {}\n", "1 17 {}\n", "2 6 {}\n", "2 8 {}\n", "2 11 {}\n", "2 15 {}\n", "2 17 {}\n", "3 4 {}\n", "3 10 {}\n", "3 11 {}\n", "3 12 {}\n", "3 13 {}\n", "3 15 {}\n", "3 16 {}\n", "3 17 {}\n", "4 6 {}\n", "4 8 {}\n", "4 10 {}\n", "4 11 {}\n", "4 14 {}\n", "4 16 {}\n", "5 7 {}\n", "5 9 {}\n", "5 10 {}\n", "5 11 {}\n", "5 15 {}\n", "6 7 {}\n", "6 9 {}\n", "6 10 {}\n", "6 15 {}\n", "6 17 {}\n", "7 8 {}\n", "7 10 {}\n", "7 14 {}\n", "7 17 {}\n", "8 9 {}\n", "8 10 {}\n", "8 13 {}\n", "8 15 {}\n", "9 10 {}\n", "9 11 {}\n", "9 12 {}\n", "9 14 {}\n", "9 15 {}\n", "9 16 {}\n", "10 12 {}\n", "10 13 {}\n", "10 16 {}\n", "10 17 {}\n", "11 12 {}\n", "11 14 {}\n", "11 16 {}\n", "11 17 {}\n", "12 14 {}\n", "12 15 {}\n", "12 17 {}\n", "13 14 {}\n", "13 17 {}\n", "14 17 {}\n", "15 16 {}\n", "15 17 {}\n"], "opt_value": 69, "opt_count": 2, "feasible_count": 48620, "mean_value": 58.11764705882353, "std": 2.536378913545763, "level": 35, "gammas": [-0.14831894636154175, -0.27834948897361755, -0.317562073469162, -0.3293807804584503, -0.3335157036781311, -0.3347005844116211, -0.33480900526046753, -0.33430662751197815, -0.3337257504463196, -0.3320702612400055, -0.3299417495727539, -0.32430699467658997, -0.31267476081848145, -0.27428141236305237, -0.11187086254358292, 0.16272971034049988, 0.19240282475948334, 0.24364881217479706, 0.2486046701669693, 0.23265372216701508, 0.23953573405742645, 0.2355021834373474, 0.22664305567741394, 0.23218850791454315, 0.23080970346927643, 0.2302694022655487, 0.23465655744075775, 0.2359364628791809, 0.23544266819953918, 0.24027276039123535, 0.24734723567962646, 0.2407272607088089, 0.3242150545120239, 0.21925169229507446, -0.32042741775512695], "betas": [2.945648670196533, 2.844456911087036, 2.8378164768218994, 2.849694013595581, 2.862229108810425, 2.873166084289551, 2.8846707344055176, 2.8985188007354736, 2.913444995880127, 2.9320061206817627, 2.942999839782715, 2.995584011077881, 3.113910436630249, 3.719525098800659, 1.8131215572357178, -2.394061326980591, -2.3177690505981445, -2.350895881652832, -2.1319422721862793, -2.044823408126831, -2.0343425273895264, -1.920664668083191, -1.9007197618484497, -1.908941626548767, -1.8704231977462769, -1.8824063539505005, -1.8945071697235107, -1.8840986490249634, -1.881752610206604, -1.9271259307861328, -1.905061960220337, -1.7882025241851807, -2.622509002685547, -1.8806973695755005, 2.7111780643463135], "predicted_p_opt": 0.20736322501028384, "predicted_tts": 4.8224558619321565, "p_opt": 0.006434205919504166, "tts": 155.41933418212113, "approx": 0.9680066108703613, "opt_gap": -0.03199338912963867}