{"edges": [[0, 4], [0, 11], [0, 12], [1, 2], [1, 13], [1, 14], [2, 6], [2, 7], [3, 10], [3, 11], [3, 13], [3, 14], [4, 6], [4, 8], [4, 13], [5, 6], [5, 7], [5, 9], [5, 12], [5, 14], [7, 11], [8, 13], [10, 13], [12, 14]], "num_nodes": 15, "num_colors": 3, "opt_value": 24, "opt_count": 312, "feasible_count": 14348907, "mean_value": 16.0, "std": 2.309401076758503, "level": 69, "gammas": [0.18720518052577972, 0.30130741000175476, 0.30552908778190613, 0.3100399076938629, 0.31662628054618835, 0.3124767541885376, 0.309553325176239, 0.3086000978946686, 0.3042216897010803, 0.29789817333221436, 0.2908881604671478, 0.28608450293540955, 0.2872427701950073, 0.29344311356544495, 0.29924142360687256, 0.30151045322418213, 0.29843994975090027, 0.28345945477485657, 0.28141435980796814, 0.27765244245529175, 0.2805270254611969, 0.2604063153266907, 0.26155173778533936, 0.27660366892814636, 0.2989152669906616, 0.2809918522834778, 0.2650704085826874, 0.2710317373275757, 0.2757931649684906, 0.27128639817237854, 0.26403963565826416, 0.2694527506828308, 0.2845671474933624, 0.29318299889564514, 0.28829243779182434, 0.27169203758239746, 0.26280638575553894, 0.2766134440898895, 0.294185996055603, 0.3029106855392456, 0.29993948340415955, 0.2814088761806488, 0.268283486366272, 0.2685588002204895, 0.25460588932037354, -0.17656412720680237, -0.342727929353714, -0.3462775647640228, -0.3412342369556427, -0.340318500995636, -0.3366371989250183, -0.3331157863140106, -0.3364022374153137, -0.3334372043609619, -0.33592313528060913, -0.33622315526008606, -0.33606526255607605, -0.33562028408050537, -0.33507779240608215, -0.3349229097366333, -0.3287597894668579, -0.33724746108055115, -0.34278613328933716, -0.3475393056869507, -0.34509456157684326, -0.34634721279144287, -0.34832608699798584, -0.3500061631202698, -0.3450959324836731], "betas": [-2.630417823791504, -2.3878400325775146, -2.2970967292785645, -2.342799425125122, -2.3352198600769043, -2.367154836654663, -2.356874704360962, -2.332451343536377, -2.2952449321746826, -2.2438623905181885, -2.1933305263519287, -2.170015573501587, -2.1943655014038086, -2.243629217147827, -2.2767422199249268, -2.28220534324646, -2.2788925170898438, -2.174373149871826, -1.8346686363220215, -2.158707857131958, -2.0897574424743652, -2.110513210296631, -2.096389055252075, -2.1552810668945312, -1.9595996141433716, -2.0964701175689697, -2.0552616119384766, -2.07525897026062, -2.0749971866607666, -2.020026206970215, -2.000241994857788, -2.0845859050750732, -2.1835520267486572, -2.203460931777954, -2.1193454265594482, -2.005591630935669, -2.0259974002838135, -2.1575698852539062, -2.241414785385132, -2.2155234813690186, -2.1416664123535156, -2.052903175354004, -2.1493113040924072, -2.3509626388549805, 2.17692494392395, 3.220773458480835, 2.69053053855896, 2.6261868476867676, 2.599156141281128, 2.5870602130889893, 2.5660712718963623, 2.5570356845855713, 2.6032302379608154, 2.6067559719085693, 2.604707717895508, 2.603581190109253, 2.598702907562256, 2.5944507122039795, 2.596412181854248, 2.617894411087036, 2.6657767295837402, 2.3761212825775146, 2.7131552696228027, 2.7667653560638428, 2.746563196182251, 2.726344347000122, 2.727356433868408, 2.763660430908203, 2.862563371658325], "predicted_p_opt": 0.42011227754141833, "predicted_tts": 2.380316057060273, "p_opt": 0.2411731359369056, "tts": 4.146398794024948, "approx": 0.7459514326487686, "opt_gap": -0.2540485673512314}