{"N": 20, "edgelist": ["0 2 {}\n", "0 4 {}\n", "0 7 {}\n", "0 11 {}\n", "0 12 {}\n", "0 13 {}\n", "0 16 {}\n", "0 17 {}\n", "1 3 {}\n", "1 7 {}\n", "1 8 {}\n", "1 9 {}\n", "1 12 {}\n", "1 13 {}\n", "1 15 {}\n", "1 17 {}\n", "1 18 {}\n", "1 19 {}\n", "2 4 {}\n", "2 7 {}\n", "2 8 {}\n", "2 10 {}\n", "2 14 {}\n", "2 15 {}\n", "2 19 {}\n", "3 4 {}\n", "3 6 {}\n", "3 7 {}\n", "3 8 {}\n", "3 10 {}\n", "3 11 {}\n", "3 12 {}\n", "3 13 {}\n", "3 15 {}\n", "3 16 {}\n", "3 17 {}\n", "4 6 {}\n", "4 7 {}\n", "4 8 {}\n", "4 9 {}\n", "4 13 {}\n", "4 15 {}\n", "4 16 {}\n", "4 19 {}\n", "5 6 {}\n", "5 7 {}\n", "5 9 {}\n", "5 10 {}\n", "5 12 {}\n", "5 13 {}\n", "5 14 {}\n", "5 15 {}\n", "5 16 {}\n", "5 19 {}\n", "6 7 {}\n", "6 8 {}\n", "6 9 {}\n", "6 10 {}\n", "6 11 {}\n", "6 13 {}\n", "6 18 {}\n", "7 8 {}\n", "7 13 {}\n", "7 15 {}\n", "7 16 {}\n", "7 17 {}\n", "8 9 {}\n", "8 12 {}\n", "8 13 {}\n", "8 15 {}\n", "8 19 {}\n", "9 12 {}\n", "9 14 {}\n", "9 15 {}\n", "9 16 {}\n", "9 17 {}\n", "10 12 {}\n", "10 13 {}\n", "10 14 {}\n", "10 16 {}\n", "10 17 {}\n", "10 18 {}\n", "10 19 {}\n", "11 13 {}\n", "11 14 {}\n", "11 15 {}\n", "11 16 {}\n", "11 19 {}\n", "12 14 {}\n", "12 15 {}\n", "12 16 {}\n", "12 17 {}\n", "12 18 {}\n", "12 19 {}\n", "13 14 {}\n", "13 15 {}\n", "13 16 {}\n", "14 16 {}\n", "14 17 {}\n", "14 18 {}\n", "14 19 {}\n", "15 16 {}\n", "15 17 {}\n", "16 17 {}\n", "17 19 {}\n", "18 19 {}\n"], "opt_value": 92, "opt_count": 1, "feasible_count": 184756, "mean_value": 80.89473684210526, "std": 2.7655672821409047, "level": 22, "gammas": [-0.12435034319208149, -0.2345453380247774, -0.2677363232696843, -0.2597666189669322, -0.24231168023919705, -0.22954729429577625, -0.2350653576353282, -0.2381663543373438, -0.2340175780319449, -0.23910925741989647, -0.2505093838501645, -0.25560042372067904, -0.2568385043537042, -0.2645625563058818, -0.2794802274996156, -0.2948946142721428, -0.3078216053584395, -0.3190040191464907, -0.3302158448411572, -0.3450665185780349, -0.34204728133226203, 5.817963585178419], "betas": [2.7059699530545562, 2.268373488404404, 2.089990526008007, 1.9138930633637619, 1.728125181221467, 1.675440627578195, 1.6999628116740004, 1.662027515662699, 1.6311196936201395, 1.6750798707908394, 1.7076959003186993, 1.6910195457031996, 1.6804096686979666, 1.720053836121738, 1.7763407535194677, 1.8106755815367646, 1.8157968975178862, 1.7966313001628318, 1.7553727225517688, 1.7285694856227343, 1.7542172538180292, 1.776849739692215], "predicted_p_opt": 0.010960401827274893, "predicted_tts": 91.23753086419752, "p_opt": 0.00010578703013273826, "tts": 9452.954665096764, "approx": 0.9602641704946321, "opt_gap": -0.039735829505367914}