{"N": 26, "edgelist": ["0 6 {}\n", "0 10 {}\n", "0 11 {}\n", "0 17 {}\n", "0 18 {}\n", "0 22 {}\n", "0 23 {}\n", "0 24 {}\n", "1 3 {}\n", "1 4 {}\n", "1 6 {}\n", "1 7 {}\n", "1 12 {}\n", "1 15 {}\n", "1 16 {}\n", "1 17 {}\n", "1 18 {}\n", "1 20 {}\n", "1 21 {}\n", "1 22 {}\n", "1 24 {}\n", "2 3 {}\n", "2 4 {}\n", "2 9 {}\n", "2 12 {}\n", "2 13 {}\n", "2 15 {}\n", "2 16 {}\n", "2 18 {}\n", "2 20 {}\n", "2 22 {}\n", "2 23 {}\n", "2 24 {}\n", "2 25 {}\n", "3 9 {}\n", "3 10 {}\n", "3 14 {}\n", "3 15 {}\n", "3 21 {}\n", "3 24 {}\n", "4 7 {}\n", "4 9 {}\n", "4 11 {}\n", "4 12 {}\n", "4 14 {}\n", "4 16 {}\n", "4 19 {}\n", "4 21 {}\n", "4 22 {}\n", "4 23 {}\n", "4 25 {}\n", "5 6 {}\n", "5 14 {}\n", "5 16 {}\n", "5 17 {}\n", "5 18 {}\n", "5 19 {}\n", "5 20 {}\n", "5 22 {}\n", "5 23 {}\n", "5 24 {}\n", "6 9 {}\n", "6 10 {}\n", "6 11 {}\n", "6 14 {}\n", "6 17 {}\n", "6 19 {}\n", "6 22 {}\n", "6 23 {}\n", "6 25 {}\n", "7 9 {}\n", "7 11 {}\n", "7 15 {}\n", "7 17 {}\n", "7 19 {}\n", "7 20 {}\n", "7 21 {}\n", "7 23 {}\n", "7 24 {}\n", "8 9 {}\n", "8 11 {}\n", "8 12 {}\n", "8 15 {}\n", "8 17 {}\n", "8 24 {}\n", "8 25 {}\n", "9 10 {}\n", "9 11 {}\n", "9 15 {}\n", "9 18 {}\n", "9 20 {}\n", "10 11 {}\n", "10 12 {}\n", "10 13 {}\n", "10 15 {}\n", "10 16 {}\n", "10 20 {}\n", "10 21 {}\n", "10 23 {}\n", "11 12 {}\n", "11 13 {}\n", "11 14 {}\n", "11 15 {}\n", "11 16 {}\n", "11 18 {}\n", "11 20 {}\n", "11 25 {}\n", "12 16 {}\n", "12 17 {}\n", "12 18 {}\n", "12 20 {}\n", "12 23 {}\n", "12 24 {}\n", "12 25 {}\n", "13 14 {}\n", "13 16 {}\n", "13 18 {}\n", "13 19 {}\n", "13 20 {}\n", "13 22 {}\n", "13 23 {}\n", "13 24 {}\n", "13 25 {}\n", "14 15 {}\n", "14 19 {}\n", "14 21 {}\n", "14 22 {}\n", "15 17 {}\n", "15 19 {}\n", "15 20 {}\n", "15 25 {}\n", "16 17 {}\n", "16 20 {}\n", "16 23 {}\n", "16 24 {}\n", "17 18 {}\n", "17 20 {}\n", "17 24 {}\n", "17 25 {}\n", "18 19 {}\n", "18 21 {}\n", "18 22 {}\n", "18 23 {}\n", "18 25 {}\n", "19 20 {}\n", "19 21 {}\n", "19 23 {}\n", "20 22 {}\n", "20 24 {}\n", "20 25 {}\n", "21 22 {}\n", "21 24 {}\n", "21 25 {}\n", "22 25 {}\n", "23 24 {}\n", "24 25 {}\n"], "opt_value": 136, "opt_count": 1, "feasible_count": 10400600, "mean_value": 118.56, "std": 3.5830955768781103, "level": 45, "gammas": [0.1068924069404602, 0.1932293176651001, 0.2085767686367035, 0.21249701082706451, 0.21401914954185486, 0.2146354615688324, 0.2144923061132431, 0.21382930874824524, 0.21297942101955414, 0.2114572525024414, 0.21207943558692932, 0.20926621556282043, 0.2247987687587738, 0.09549771249294281, -0.20794521272182465, -0.18678542971611023, -0.1403074860572815, -0.14286553859710693, -0.16365107893943787, -0.14688491821289062, -0.140526682138443, -0.14596718549728394, -0.14243513345718384, -0.14110998809337616, -0.1431853473186493, -0.14581207931041718, -0.14447946846485138, -0.14789341390132904, -0.1604842245578766, -0.1517813503742218, -0.16120433807373047, -0.2008681297302246, -0.2090645283460617, -0.16559496521949768, -0.20184846222400665, -0.21533863246440887, -0.22030888497829437, -0.22477665543556213, -0.22988413274288177, -0.23533423244953156, -0.24117979407310486, -0.24813781678676605, -0.25651898980140686, -0.2736763060092926, -0.2673446536064148], "betas": [-2.7491958141326904, -2.5840694904327393, -2.504138946533203, -2.4711294174194336, -2.461033344268799, -2.460365056991577, -2.4657716751098633, -2.474902391433716, -2.496933698654175, -2.5366268157958984, -2.664220094680786, -3.0046985149383545, -4.23757791519165, -0.9251264929771423, 3.331946611404419, 2.202360153198242, 1.638503909111023, 1.8953351974487305, 1.7997334003448486, 1.5899927616119385, 1.614722490310669, 1.6022493839263916, 1.553491234779358, 1.553069829940796, 1.57279634475708, 1.5755736827850342, 1.5528732538223267, 1.651072382926941, 1.6973823308944702, 1.5867823362350464, 1.9679527282714844, 2.342884063720703, 1.3742538690567017, 1.6451252698898315, 1.897983193397522, 1.9600763320922852, 1.9723049402236938, 1.9699628353118896, 1.95895254611969, 1.9383636713027954, 1.9066967964172363, 1.8601793050765991, 1.7747783660888672, 1.6258959770202637, 2.569014549255371], "predicted_p_opt": 0.0007962040651500875, "predicted_tts": 1255.9594251901945, "p_opt": 9.105754656957288e-07, "tts": 1098206.615127661, "approx": 0.9568035006523132, "opt_gap": -0.04319649934768677}