{"N": 24, "edgelist": ["0 1 {}\n", "0 2 {}\n", "0 7 {}\n", "0 8 {}\n", "0 11 {}\n", "0 15 {}\n", "0 19 {}\n", "0 20 {}\n", "1 2 {}\n", "1 4 {}\n", "1 5 {}\n", "1 6 {}\n", "1 8 {}\n", "1 10 {}\n", "1 11 {}\n", "1 12 {}\n", "1 13 {}\n", "1 14 {}\n", "1 15 {}\n", "1 17 {}\n", "1 19 {}\n", "1 21 {}\n", "1 22 {}\n", "1 23 {}\n", "2 3 {}\n", "2 4 {}\n", "2 5 {}\n", "2 7 {}\n", "2 8 {}\n", "2 12 {}\n", "2 14 {}\n", "2 15 {}\n", "2 17 {}\n", "2 19 {}\n", "2 23 {}\n", "3 4 {}\n", "3 6 {}\n", "3 11 {}\n", "3 12 {}\n", "3 13 {}\n", "3 18 {}\n", "3 23 {}\n", "4 5 {}\n", "4 7 {}\n", "4 9 {}\n", "4 11 {}\n", "4 13 {}\n", "4 14 {}\n", "4 16 {}\n", "4 19 {}\n", "4 23 {}\n", "5 7 {}\n", "5 8 {}\n", "5 10 {}\n", "5 11 {}\n", "5 13 {}\n", "5 14 {}\n", "5 21 {}\n", "6 7 {}\n", "6 8 {}\n", "6 9 {}\n", "6 10 {}\n", "6 11 {}\n", "6 13 {}\n", "6 16 {}\n", "6 17 {}\n", "6 20 {}\n", "6 21 {}\n", "6 22 {}\n", "6 23 {}\n", "7 8 {}\n", "7 11 {}\n", "7 14 {}\n", "7 15 {}\n", "7 21 {}\n", "8 9 {}\n", "8 11 {}\n", "8 12 {}\n", "8 14 {}\n", "8 15 {}\n", "8 16 {}\n", "8 17 {}\n", "8 18 {}\n", "8 19 {}\n", "8 21 {}\n", "8 22 {}\n", "9 10 {}\n", "9 14 {}\n", "9 15 {}\n", "9 16 {}\n", "9 21 {}\n", "9 23 {}\n", "10 11 {}\n", "10 14 {}\n", "10 16 {}\n", "10 17 {}\n", "10 18 {}\n", "10 19 {}\n", "11 12 {}\n", "11 13 {}\n", "11 14 {}\n", "11 17 {}\n", "11 20 {}\n", "11 22 {}\n", "12 14 {}\n", "12 15 {}\n", "12 16 {}\n", "12 17 {}\n", "12 19 {}\n", "12 22 {}\n", "12 23 {}\n", "13 19 {}\n", "13 22 {}\n", "14 15 {}\n", "14 17 {}\n", "14 19 {}\n", "14 22 {}\n", "14 23 {}\n", "15 16 {}\n", "15 17 {}\n", "15 20 {}\n", "15 23 {}\n", "16 17 {}\n", "16 18 {}\n", "16 19 {}\n", "16 21 {}\n", "16 23 {}\n", "17 19 {}\n", "17 20 {}\n", "17 22 {}\n", "17 23 {}\n", "18 23 {}\n", "19 20 {}\n", "19 23 {}\n", "20 21 {}\n", "20 23 {}\n", "21 22 {}\n"], "opt_value": 121, "opt_count": 3, "feasible_count": 2704156, "mean_value": 104.23913043478261, "std": 4.329082267770319, "level": 46, "gammas": [3.1412991880096515, 3.141307845639576, 3.1413171034071934, 3.141326847081313, 3.1413370992568583, 3.141347844324024, 3.1413590782063894, 3.1413706877322105, 3.1413825117474268, 3.1413941225533724, 3.1414052816404308, 3.141415615779827, 3.1414230246718415, 3.141428232228034, 3.141438555782263, 3.141453309357586, 3.1414623775083275, 3.1414672830085606, 3.141477955523784, 3.141493873981653, 3.1415045700951896, 3.1415133007306517, 3.141535300608174, 3.141563942703912, 3.1415854933233205, 3.1416053078489488, 3.141627407268579, 3.1416520239103507, 3.1416790064990194, 3.1417028525248036, 3.1417205810149618, 3.141734770029542, 3.141747694721307, 3.141759379515805, 3.1417697215496925, 3.14177898314768, 3.1417874422597194, 3.141795205238419, 3.14180225332396, 3.141808503154813, 3.1418149845930383, 3.14181407594157, 3.1418068797641547, 3.1418214799837414, 3.1418323603409832, 3.1418294800765696], "betas": [3.1418818923829823, 3.1418729002055845, 3.1418633897307653, 3.1418533949381775, 3.1418428847488618, 3.1418318173566293, 3.141820115714865, 3.141807629565604, 3.141794041943682, 3.141778952424305, 3.141762265113288, 3.1417428079132335, 3.1417187790320624, 3.1416949872822086, 3.141677025580955, 3.1416574156063803, 3.141630039896913, 3.1416031948984515, 3.1415833582057076, 3.141563299858016, 3.1415366054108484, 3.141516510599216, 3.141510211410348, 3.141502241418188, 3.141489036066827, 3.141478224144554, 3.1414706316603005, 3.1414673143829672, 3.141465315193634, 3.141459307728292, 3.1414495922744567, 3.1414393623563566, 3.1414295982068827, 3.1414200015740685, 3.141410705510076, 3.1414019704922045, 3.141393902494784, 3.1413865169295976, 3.1413798826520423, 3.1413737407647178, 3.1413684852511525, 3.1413506771464927, 3.1413461334826462, 3.1413535171298523, 3.1413547844753302, 3.141369978701315], "predicted_p_opt": 0.009595230452680984, "predicted_tts": 104.21844529232666, "p_opt": 0.0039519383567323575, "tts": 253.04038416906013, "approx": 0.9775297117947944, "opt_gap": -0.02247028820520558, "th": -117.9943687040617}