{"N": 26, "edgelist": ["0 1 {}\n", "0 4 {}\n", "0 6 {}\n", "0 7 {}\n", "0 12 {}\n", "0 13 {}\n", "0 16 {}\n", "0 17 {}\n", "0 19 {}\n", "0 21 {}\n", "0 24 {}\n", "1 2 {}\n", "1 3 {}\n", "1 4 {}\n", "1 5 {}\n", "1 7 {}\n", "1 10 {}\n", "1 13 {}\n", "1 15 {}\n", "1 16 {}\n", "1 17 {}\n", "1 19 {}\n", "1 20 {}\n", "1 22 {}\n", "1 25 {}\n", "2 3 {}\n", "2 4 {}\n", "2 6 {}\n", "2 8 {}\n", "2 9 {}\n", "2 10 {}\n", "2 12 {}\n", "2 13 {}\n", "2 14 {}\n", "2 17 {}\n", "2 19 {}\n", "3 5 {}\n", "3 8 {}\n", "3 9 {}\n", "3 12 {}\n", "3 17 {}\n", "3 18 {}\n", "3 20 {}\n", "3 22 {}\n", "4 6 {}\n", "4 9 {}\n", "4 11 {}\n", "4 12 {}\n", "4 13 {}\n", "4 14 {}\n", "4 15 {}\n", "4 16 {}\n", "4 17 {}\n", "4 18 {}\n", "4 19 {}\n", "4 20 {}\n", "4 23 {}\n", "4 24 {}\n", "5 6 {}\n", "5 7 {}\n", "5 8 {}\n", "5 11 {}\n", "5 14 {}\n", "5 16 {}\n", "5 18 {}\n", "5 20 {}\n", "5 21 {}\n", "5 22 {}\n", "5 25 {}\n", "6 7 {}\n", "6 8 {}\n", "6 11 {}\n", "6 14 {}\n", "6 15 {}\n", "6 22 {}\n", "6 23 {}\n", "7 8 {}\n", "7 11 {}\n", "7 12 {}\n", "7 15 {}\n", "7 16 {}\n", "7 18 {}\n", "7 22 {}\n", "7 24 {}\n", "8 9 {}\n", "8 11 {}\n", "8 12 {}\n", "8 14 {}\n", "8 16 {}\n", "8 20 {}\n", "8 22 {}\n", "8 23 {}\n", "9 10 {}\n", "9 12 {}\n", "9 13 {}\n", "9 17 {}\n", "9 21 {}\n", "9 24 {}\n", "9 25 {}\n", "10 11 {}\n", "10 14 {}\n", "10 15 {}\n", "10 16 {}\n", "10 17 {}\n", "10 19 {}\n", "10 21 {}\n", "10 22 {}\n", "10 24 {}\n", "11 12 {}\n", "11 14 {}\n", "11 15 {}\n", "11 16 {}\n", "11 18 {}\n", "11 20 {}\n", "11 21 {}\n", "11 24 {}\n", "11 25 {}\n", "12 14 {}\n", "12 16 {}\n", "12 18 {}\n", "12 22 {}\n", "12 23 {}\n", "13 14 {}\n", "13 15 {}\n", "13 16 {}\n", "13 18 {}\n", "13 20 {}\n", "13 22 {}\n", "13 24 {}\n", "14 15 {}\n", "14 20 {}\n", "14 21 {}\n", "14 25 {}\n", "15 16 {}\n", "15 17 {}\n", "15 21 {}\n", "15 24 {}\n", "15 25 {}\n", "16 17 {}\n", "16 18 {}\n", "16 20 {}\n", "16 24 {}\n", "16 25 {}\n", "17 18 {}\n", "17 20 {}\n", "17 22 {}\n", "17 23 {}\n", "17 25 {}\n", "18 22 {}\n", "18 24 {}\n", "18 25 {}\n", "19 20 {}\n", "19 22 {}\n", "20 21 {}\n", "20 22 {}\n", "20 23 {}\n", "21 23 {}\n", "22 24 {}\n", "22 25 {}\n", "24 25 {}\n"], "opt_value": 139, "opt_count": 2, "feasible_count": 10400600, "mean_value": 121.6, "std": 3.8155289108543284, "level": 49, "gammas": [0.1810156849775699, 0.19361281646551934, 0.18533710389433397, 0.19024204246485715, 0.18756444698902458, 0.18477777933870068, 0.17647120661217616, 0.16929780312062165, 0.17844796471202948, 0.1780868503601018, 0.1790877503572556, 0.20592160999699444, 0.19309813105872609, 0.21128883151231678, 0.20751448252287133, 0.23645388897093847, 0.21500025864977546, 0.21959642209784452, 0.22159364043714364, 0.22331170498989208, 0.22484867355456462, 0.2261633029650204, 0.22759683679354414, 0.22898431271453112, 0.23009576476225574, 0.23126525468910808, 0.23172651110591785, 0.22438032803005697, 0.3563854217939462, 0.13921689090733044, 0.17007474621934285, 0.20423196264298757, 0.20782963923374886, 0.2075339380643894, 0.20586549856115058, 0.21293333613069576, 0.216841979871431, 0.22047559736075165, 0.626343209593427, 0.17659789840467763, 0.1520466345976561, 5.557941793159859, 0.24156058912578726, 0.14969747001083233, 6.058892865009979, 6.046952981877731, 6.051224428247912, 6.053762088936925, 6.066051422799789], "betas": [-2.0119639019855544, -2.3306434281145934, -2.22309912904253, -2.1360011092353806, -2.0683545848206952, -1.9758575492016417, -1.8221164837550503, -1.8532305137509852, -1.9436661808526592, -1.878012477390674, -2.032877186759637, -2.047441102185634, -2.9336414472640278, -2.0599348444013956, -2.029356514542821, -2.0778855495189434, -2.2201757111918825, -2.221129712234466, -2.23291987475743, -2.238693364806921, -2.2431432279278036, -2.2439793247294118, -2.241344619036996, -2.237772049021782, -2.2354890675748726, -2.222070872727927, -2.272612599813902, -1.6083182494412511, -2.390492106129777, -2.544451021993183, -2.5134965553445063, -2.4864618639386524, -2.4263650698631087, 3.8957912035571685, 3.9462264414860444, 3.9271696265090776, 3.882692248267598, 3.851296307902318, 4.186679854923163, 3.7526172932155246, 4.7114365743750595, 3.7670596878676457, 3.4762311607504546, 3.8839253580688906, 2.728036285985058, 2.647811511155274, 2.6023056148385657, 2.534456085081087, 2.2183811708342107], "predicted_p_opt": 0.0018846989596754034, "predicted_tts": 530.5887154372003, "p_opt": 4.1452966016125156e-06, "tts": 241237.26143287338, "approx": 0.9582766460113844, "opt_gap": -0.0417233539886156}