{"edges": [[6, 15], [6, 4], [6, 10], [15, 14], [15, 16], [3, 4], [3, 7], [3, 5], [4, 9], [9, 1], [9, 5], [7, 5], [7, 2], [12, 16], [12, 13], [12, 8], [16, 17], [13, 17], [13, 1], [0, 2], [0, 11], [0, 10], [2, 1], [8, 14], [8, 17], [11, 14], [11, 10]], "num_nodes": 18, "opt_value": 24, "opt_count": 2, "feasible_count": 262144, "mean_value": 13.5, "std": 2.598076211353316, "level": 20, "gammas": [3.141578732967058, 3.1415109037466236, 3.1414444636840906, 3.141427428281203, 3.1414412113377, 3.141468505528942, 3.1414947359145415, 3.1415140882268204, 3.141523903581842, 3.1415132744778727, 3.1414586739583914, 3.141357856932475, 3.141306816528555, 3.1415865512494494, 3.1357491764147105, 2.478426507176406, 2.6021272484279097, 2.6021272484279097, 2.6021272484279097, 2.6021272484279097], "betas": [3.1415585223157954, 3.141464286056433, 3.1414238789577413, 3.141425047778374, 3.141453950219079, 3.1414884647185843, 3.14151374630982, 3.141523838846888, 3.141513753060209, 3.141476501730689, 3.14141826181363, 3.1413747501046605, 3.1412843203643623, 3.1414378097339895, 3.2003427416126513, 0.09744451993572563, 0.0, 0.0, 0.0, 0.0], "predicted_p_opt": 0.01282501220703125, "predicted_tts": 77.97263533610946, "p_opt": 0.0029850751928762725, "tts": 334.99993647947235, "approx": 0.8863186788715002, "opt_gap": -0.11368132112849982, "th": -20.902809823749035}