{"edges": [[7, 17], [7, 6], [7, 24], [17, 20], [17, 3], [4, 12], [4, 15], [4, 8], [12, 3], [12, 18], [15, 19], [15, 2], [5, 10], [5, 19], [5, 2], [10, 2], [10, 13], [14, 22], [14, 11], [14, 8], [22, 24], [22, 1], [19, 23], [8, 18], [18, 11], [1, 6], [1, 13], [6, 20], [11, 21], [0, 23], [0, 25], [0, 21], [23, 24], [20, 21], [16, 25], [16, 9], [16, 13], [25, 9], [3, 9]], "num_nodes": 26, "opt_value": 35, "opt_count": 2, "feasible_count": 67108864, "mean_value": 19.5, "std": 3.122498999199199, "level": 36, "gammas": [2.595561981201172, 2.5878758430480957, 2.583526372909546, 2.5826809406280518, 2.5852320194244385, 2.5907704830169678, 2.598858594894409, 2.609316349029541, 2.621591806411743, 2.634650945663452, 2.647610902786255, 2.6599104404449463, 2.671147108078003, 2.6809892654418945, 2.6891350746154785, 2.69533371925354, 2.699387311935425, 2.7011656761169434, 2.700615644454956, 2.69775390625, 2.6926755905151367, 2.6855404376983643, 2.6765756607055664, 2.6660449504852295, 2.6542723178863525, 2.6415927410125732, 2.628460645675659, 2.615558624267578, 2.603807210922241, 2.5938796997070312, 2.5862209796905518, 2.581249237060547, 2.5794079303741455, 2.5809478759765625, 2.585662841796875, 2.5938613414764404], "betas": [2.5912387371063232, 2.585257053375244, 2.5827200412750244, 2.583695411682129, 2.587961435317993, 2.5950567722320557, 2.6045961380004883, 2.61618709564209, 2.628997564315796, 2.642023801803589, 2.6545987129211426, 2.66628360748291, 2.676736354827881, 2.68565034866333, 2.692741870880127, 2.69779109954834, 2.7006287574768066, 2.7011539936065674, 2.699349880218506, 2.6952669620513916, 2.6890296936035156, 2.6808338165283203, 2.6709210872650146, 2.6595940589904785, 2.647188186645508, 2.6341025829315186, 2.6209259033203125, 2.6085166931152344, 2.597820520401001, 2.589285373687744, 2.583115816116333, 2.579780101776123, 2.5796611309051514, 2.582845687866211, 2.589266300201416, 2.598937511444092], "predicted_p_opt": 0.00015881657600402832, "predicted_tts": 6296.571964721336, "p_opt": 6.026276674432295e-05, "tts": 16593.994169612284, "approx": 0.8668386803186828, "opt_gap": -0.13316131968131717, "th": -29.937659428399236}