{"edges": [[6, 15], [6, 14], [6, 17], [15, 12], [15, 13], [3, 4], [3, 10], [3, 5], [4, 21], [4, 2], [20, 23], [20, 2], [20, 1], [23, 9], [23, 17], [10, 16], [10, 19], [21, 7], [21, 9], [12, 22], [12, 1], [22, 5], [22, 18], [0, 8], [0, 16], [0, 9], [8, 19], [8, 7], [11, 14], [11, 5], [11, 18], [14, 17], [1, 19], [2, 13], [7, 16], [18, 13]], "num_nodes": 24, "opt_value": 31, "opt_count": 22, "feasible_count": 16777216, "mean_value": 18.0, "std": 3.0, "level": 38, "gammas": [2.336430311203003, 2.327354669570923, 2.3218019008636475, 2.3199145793914795, 2.321544647216797, 2.326333999633789, 2.3340234756469727, 2.3448646068573, 2.3586061000823975, 2.374002456665039, 2.389744281768799, 2.4049289226531982, 2.418997049331665, 2.4315366744995117, 2.442204236984253, 2.4506995677948, 2.456775665283203, 2.4602553844451904, 2.4610347747802734, 2.459089756011963, 2.454483985900879, 2.447361707687378, 2.4379353523254395, 2.4264791011810303, 2.413301467895508, 2.3987627029418945, 2.383301019668579, 2.36759877204895, 2.3527426719665527, 2.339923858642578, 2.3296732902526855, 2.3221752643585205, 2.3176674842834473, 2.3164825439453125, 2.3187901973724365, 2.3245022296905518, 2.3340351581573486, 2.6021272484279097], "betas": [2.33089542388916, 2.3236613273620605, 2.3200173377990723, 2.3199892044067383, 2.3234245777130127, 2.329935073852539, 2.3394691944122314, 2.352076292037964, 2.367039203643799, 2.3829140663146973, 2.398505687713623, 2.4131276607513428, 2.42634916305542, 2.437840461730957, 2.447293996810913, 2.4544379711151123, 2.45906662940979, 2.4610345363616943, 2.460280656814575, 2.4568257331848145, 2.4507689476013184, 2.4422976970672607, 2.431659460067749, 2.419156789779663, 2.4051482677459717, 2.3900539875030518, 2.374443769454956, 2.3591713905334473, 2.345400094985962, 2.3341407775878906, 2.325606107711792, 2.3197689056396484, 2.316986560821533, 2.3175792694091797, 2.3216795921325684, 2.3292276859283447, 2.340338706970215, 0.0], "predicted_p_opt": 0.007774710655212402, "predicted_tts": 128.62214998696697, "p_opt": 0.0025712942923185175, "tts": 388.9091975925895, "approx": 0.9117088431179298, "opt_gap": -0.08829115688207023, "th": -27.969106430597698}