{"edges": [[0, 8], [0, 9], [1, 5], [2, 5], [2, 7], [2, 11], [3, 5], [3, 8], [3, 11], [4, 8], [4, 9], [4, 10], [5, 9], [5, 10], [5, 11], [5, 12], [6, 7], [6, 12], [7, 9], [7, 10], [8, 9], [10, 12]], "num_nodes": 13, "num_colors": 3, "opt_value": 22, "opt_count": 96, "feasible_count": 1594323, "mean_value": 14.666666666666666, "std": 2.211083193570267, "level": 1, "gammas": [3.1413544525060284], "betas": [3.141259674944046], "predicted_p_opt": 0.0005419228098697691, "predicted_tts": 1845.2812500000002, "p_opt": 0.0002898015746540981, "tts": 3450.6368752260296, "approx": 0.7961046280441463, "opt_gap": -0.20389537195585372, "th": -16.953803005408968}