{"edges": [[0, 3], [0, 4], [0, 5], [0, 12], [1, 6], [1, 8], [1, 9], [2, 4], [2, 10], [3, 4], [3, 9], [3, 10], [4, 6], [4, 7], [4, 10], [5, 6], [5, 8], [5, 10], [9, 10], [9, 11], [9, 12]], "num_nodes": 13, "num_colors": 3, "opt_value": 21, "opt_count": 96, "feasible_count": 1594323, "mean_value": 14.0, "std": 2.160246899469287, "level": 1, "gammas": [3.106767804684694], "betas": [3.1074859612525905], "predicted_p_opt": 0.0005419228098697691, "predicted_tts": 1845.2812500000002, "p_opt": 0.00024301252493022415, "tts": 4115.014237587666, "approx": 0.7942304046052858, "opt_gap": -0.20576959539471418, "th": -15.996571080305186}