{"edges": [[7, 17], [7, 13], [7, 4], [17, 2], [17, 4], [6, 15], [6, 16], [6, 2], [15, 10], [15, 3], [14, 16], [14, 8], [14, 12], [16, 11], [8, 12], [8, 5], [12, 5], [1, 3], [1, 11], [1, 10], [3, 9], [0, 11], [0, 13], [0, 9], [10, 2], [13, 9], [4, 5]], "num_nodes": 18, "opt_value": 24, "opt_count": 2, "feasible_count": 262144, "mean_value": 13.5, "std": 2.598076211353316, "level": 26, "gammas": [0.18906648874543444, 0.3598659468190708, 0.324282294117555, 0.21418423829419855, 0.3041522209114783, 0.3363421146971349, 0.3466880242487892, 0.3444881568764081, 0.3472046928292314, 0.3459498362642706, 0.33315301404569353, 0.35627427885719937, 0.34145194369063253, 0.346146444623552, 0.3488450442651678, 0.34946737465925387, 0.34510997237219065, 0.43995479968841866, 0.4951848475564924, 0.5252168408348, 0.4668794956766447, 0.36174463535837637, 0.34774771688345185, 0.34750464084368826, 0.35423789451309384, 0.3624486875097344], "betas": [-2.8035890190302335, -2.5302534722301133, -1.850457400400778, -2.4488631566503196, -2.8393513557645234, -2.3811061345460756, -2.312522459630084, -2.2591869846155244, -2.1817873640994483, -2.0276232242412537, -1.8765192400715327, -2.0074360997592358, -2.0495240329155844, -2.031453429368239, -2.028482190112621, -2.09090296763659, -1.750272138167288, 4.208124930737441, 4.18483053741976, 3.7401194770759667, 3.607505582614344, 3.754473956055561, 3.8586798139469396, 3.885655780198799, 3.849806229668069, 3.815507372761763], "predicted_p_opt": 0.02143096923828125, "predicted_tts": 46.661445354218586, "p_opt": 0.0001455608125393434, "tts": 6869.980886715039, "approx": 0.8503587256677848, "opt_gap": -0.1496412743322152}