{"N": 18, "edgelist": ["0 2 {}\n", "0 5 {}\n", "0 6 {}\n", "0 9 {}\n", "0 17 {}\n", "1 2 {}\n", "1 3 {}\n", "1 5 {}\n", "1 8 {}\n", "1 9 {}\n", "1 11 {}\n", "1 13 {}\n", "1 14 {}\n", "1 15 {}\n", "1 16 {}\n", "2 3 {}\n", "2 7 {}\n", "2 9 {}\n", "2 10 {}\n", "2 11 {}\n", "2 12 {}\n", "2 13 {}\n", "2 14 {}\n", "2 17 {}\n", "3 7 {}\n", "3 9 {}\n", "3 10 {}\n", "3 11 {}\n", "3 12 {}\n", "3 13 {}\n", "3 15 {}\n", "3 16 {}\n", "4 5 {}\n", "4 8 {}\n", "4 12 {}\n", "4 14 {}\n", "5 6 {}\n", "5 7 {}\n", "5 8 {}\n", "5 9 {}\n", "5 10 {}\n", "5 11 {}\n", "5 12 {}\n", "5 16 {}\n", "5 17 {}\n", "6 7 {}\n", "6 8 {}\n", "6 9 {}\n", "6 11 {}\n", "6 12 {}\n", "6 13 {}\n", "6 14 {}\n", "6 15 {}\n", "6 16 {}\n", "7 8 {}\n", "7 9 {}\n", "7 11 {}\n", "7 12 {}\n", "7 14 {}\n", "8 9 {}\n", "8 12 {}\n", "8 14 {}\n", "8 16 {}\n", "9 10 {}\n", "9 12 {}\n", "9 13 {}\n", "9 14 {}\n", "9 17 {}\n", "10 11 {}\n", "10 12 {}\n", "10 13 {}\n", "10 15 {}\n", "11 12 {}\n", "11 15 {}\n", "11 17 {}\n", "12 14 {}\n", "12 15 {}\n", "12 17 {}\n", "13 14 {}\n", "13 15 {}\n", "13 17 {}\n", "14 16 {}\n", "14 17 {}\n", "15 16 {}\n", "15 17 {}\n"], "opt_value": 76, "opt_count": 6, "feasible_count": 48620, "mean_value": 65.0, "std": 2.957542700203906, "level": 34, "gammas": [3.141428232192993, 3.1411077976226807, 3.1404459476470947, 3.139345407485962, 3.1377902030944824, 3.135862350463867, 3.1337392330169678, 3.131673812866211, 3.129929304122925, 3.128702402114868, 3.128060817718506, 3.127960443496704, 3.128268241882324, 3.1287999153137207, 3.129364252090454, 3.1298019886016846, 3.130009651184082, 3.1299333572387695, 3.12956166267395, 3.1289334297180176, 3.1281447410583496, 3.12738037109375, 3.1268813610076904, 3.1268746852874756, 3.1275033950805664, 3.1287877559661865, 3.130601644515991, 3.1327316761016846, 3.134925127029419, 3.1369709968566895, 3.1386990547180176, 3.140000343322754, 3.140843391418457, 3.1412994861602783], "betas": [3.1412956714630127, 3.140825033187866, 3.1399548053741455, 3.138624906539917, 3.1368680000305176, 3.1348161697387695, 3.132687568664551, 3.1307530403137207, 3.129246711730957, 3.1283113956451416, 3.1279499530792236, 3.1280744075775146, 3.1285173892974854, 3.129086494445801, 3.129606246948242, 3.129937171936035, 3.130009651184082, 3.129783868789673, 3.1292779445648193, 3.128551959991455, 3.1277449131011963, 3.127082586288452, 3.1268036365509033, 3.1271016597747803, 3.128063440322876, 3.129636287689209, 3.131638765335083, 3.1338319778442383, 3.1359751224517822, 3.1378793716430664, 3.1394052505493164, 3.1404781341552734, 3.141115427017212, 3.1414291858673096], "predicted_p_opt": 0.5875359934183464, "predicted_tts": 1.7020233844430441, "p_opt": 0.26984719259763834, "tts": 3.705801014172759, "approx": 0.9890037316556042, "opt_gap": -0.010996268344395821, "th": -74.9702074833536}