{"N": 18, "edgelist": ["0 1 {}\n", "0 5 {}\n", "0 6 {}\n", "0 8 {}\n", "0 9 {}\n", "0 10 {}\n", "0 15 {}\n", "1 2 {}\n", "1 3 {}\n", "1 5 {}\n", "1 6 {}\n", "1 7 {}\n", "1 8 {}\n", "1 10 {}\n", "1 12 {}\n", "1 13 {}\n", "1 17 {}\n", "2 7 {}\n", "2 8 {}\n", "2 9 {}\n", "2 10 {}\n", "2 14 {}\n", "2 15 {}\n", "2 17 {}\n", "3 4 {}\n", "3 5 {}\n", "3 6 {}\n", "3 7 {}\n", "3 12 {}\n", "3 13 {}\n", "3 14 {}\n", "3 15 {}\n", "3 16 {}\n", "3 17 {}\n", "4 6 {}\n", "4 9 {}\n", "4 12 {}\n", "4 13 {}\n", "4 14 {}\n", "4 15 {}\n", "4 16 {}\n", "5 8 {}\n", "5 9 {}\n", "5 13 {}\n", "5 14 {}\n", "5 15 {}\n", "5 16 {}\n", "5 17 {}\n", "6 11 {}\n", "6 12 {}\n", "6 13 {}\n", "7 8 {}\n", "7 9 {}\n", "7 11 {}\n", "7 14 {}\n", "7 15 {}\n", "7 16 {}\n", "8 9 {}\n", "8 10 {}\n", "8 12 {}\n", "8 14 {}\n", "8 15 {}\n", "9 10 {}\n", "9 11 {}\n", "9 12 {}\n", "9 13 {}\n", "9 15 {}\n", "9 16 {}\n", "10 12 {}\n", "10 14 {}\n", "10 15 {}\n", "10 16 {}\n", "10 17 {}\n", "11 13 {}\n", "11 14 {}\n", "11 17 {}\n", "12 13 {}\n", "12 14 {}\n", "12 16 {}\n", "12 17 {}\n", "13 15 {}\n", "13 17 {}\n", "15 17 {}\n", "16 17 {}\n"], "opt_value": 73, "opt_count": 3, "feasible_count": 48620, "mean_value": 64.23529411764706, "std": 2.374606141080983, "level": 51, "gammas": [0.19866785407066345, 0.32564541697502136, 0.34239619970321655, 0.3442448377609253, 0.343517541885376, 0.3425484895706177, 0.341429203748703, 0.34105512499809265, 0.3407270014286041, 0.34042248129844666, 0.3399181663990021, 0.33887621760368347, 0.3378167152404785, 0.3365722596645355, 0.3359089195728302, 0.3318713903427124, 0.33460360765457153, 0.3304779827594757, 0.3352029323577881, 0.33617621660232544, 0.3378312885761261, 0.3380518853664398, 0.33708512783050537, 0.3360039293766022, 0.3356081247329712, 0.3357219994068146, 0.33596938848495483, 0.3362016975879669, 0.3360590934753418, 0.33585450053215027, 0.33561381697654724, 0.3353988230228424, 0.33557066321372986, 0.33522018790245056, 0.33472761511802673, 0.3338901996612549, 0.332387238740921, 0.33288732171058655, 0.3346542716026306, 0.3364107310771942, 0.3375028371810913, 0.337741494178772, 0.337511271238327, 0.337053120136261, 0.3366474509239197, 0.33650895953178406, 0.33641350269317627, 0.3364381492137909, 0.3361958861351013, 0.3344253897666931, 0.3238546848297119], "betas": [-2.953082799911499, -2.9573047161102295, -2.959669828414917, -2.9530129432678223, -2.9437854290008545, -2.940218210220337, -2.9383466243743896, -2.9387617111206055, -2.9401602745056152, -2.937204599380493, -2.936685800552368, -2.9314095973968506, -2.9211246967315674, -2.90468168258667, -2.8810408115386963, -2.906162977218628, -2.5331902503967285, -2.835420846939087, -2.9884705543518066, -3.009843349456787, -2.9749443531036377, -2.9334428310394287, -2.9041688442230225, -2.8908090591430664, -2.8852264881134033, -2.886887550354004, -2.8911139965057373, -2.8944880962371826, -2.8986282348632812, -2.9001829624176025, -2.898545980453491, -2.8909740447998047, -2.875103235244751, -2.843219041824341, -2.8443603515625, -2.8376107215881348, -2.8691165447235107, -2.8998279571533203, -2.9177889823913574, -2.923142194747925, -2.920687198638916, -2.9146995544433594, -2.9067399501800537, -2.9003734588623047, -2.896881103515625, -2.896737575531006, -2.899165153503418, -2.900526523590088, -2.8977394104003906, -2.8890740871429443, -2.899256467819214], "predicted_p_opt": 0.654607157548334, "predicted_tts": 1.527633770069438, "p_opt": 0.4199827523477043, "tts": 2.381050160774456, "approx": 0.9339749538981589, "opt_gap": -0.06602504610184112}