{"edges": [[0, 1], [0, 10], [0, 11], [0, 15], [1, 5], [1, 11], [1, 12], [2, 13], [2, 15], [3, 5], [3, 10], [4, 6], [4, 8], [4, 9], [4, 13], [4, 14], [5, 8], [5, 11], [5, 12], [5, 15], [6, 7], [6, 9], [8, 11], [8, 15], [9, 10], [10, 13]], "num_nodes": 16, "num_colors": 3, "opt_value": 26, "opt_count": 192, "feasible_count": 43046721, "mean_value": 17.333333333333332, "std": 2.4037008503093262, "level": 55, "gammas": [0.1735672950744629, 0.2815048098564148, 0.28911444544792175, 0.2915327548980713, 0.2900129556655884, 0.28703561425209045, 0.2856299579143524, 0.28579235076904297, 0.28500619530677795, 0.2839723527431488, 0.28265488147735596, 0.2807546854019165, 0.2780247628688812, 0.2735207676887512, 0.2655618488788605, 0.25648826360702515, 0.25357669591903687, 0.2588967978954315, 0.2649000883102417, 0.2628149688243866, 0.28421494364738464, 0.25204306840896606, 0.27284058928489685, 0.26417165994644165, 0.24887385964393616, 0.2291906177997589, 0.2696671485900879, 0.2644841969013214, 0.2701502740383148, 0.2785985469818115, 0.2817419767379761, 0.2840850055217743, 0.2859055697917938, 0.28745579719543457, 0.2888280153274536, 0.2902885675430298, 0.2940945029258728, 0.28895774483680725, 0.2911001443862915, 0.29599830508232117, 0.3007484972476959, 0.30831122398376465, 0.31463339924812317, 0.32346853613853455, 0.33051255345344543, 0.3176819682121277, -0.16625194251537323, -0.33351603150367737, -0.3232927918434143, -0.316650927066803, -0.31417545676231384, -0.3142215609550476, -0.3168368935585022, -0.32070279121398926, -0.318937212228775], "betas": [-2.6288235187530518, -2.4425549507141113, -2.3691251277923584, -2.3644449710845947, -2.3556854724884033, -2.380882740020752, -2.3806588649749756, -2.3742153644561768, -2.3686983585357666, -2.358901023864746, -2.3432462215423584, -2.3200764656066895, -2.286090135574341, -2.2319512367248535, -2.1556825637817383, -2.1055104732513428, -2.1131198406219482, -2.172020673751831, -2.2752039432525635, -2.206235408782959, -1.9892387390136719, -2.18818736076355, -2.300780773162842, -2.234722375869751, -2.0019021034240723, -2.0031893253326416, -2.087345600128174, -2.3035941123962402, -2.291626453399658, -2.3175148963928223, -2.34985089302063, -2.3725390434265137, -2.391313314437866, -2.408064603805542, -2.4233851432800293, -2.437248706817627, -2.4159417152404785, -2.4291086196899414, -2.4642176628112793, -2.516089916229248, -2.560781240463257, -2.5661025047302246, -2.621356725692749, -2.72157621383667, -2.96976375579834, 1.665500521659851, 3.2750258445739746, 2.710160255432129, 2.608423948287964, 2.6102333068847656, 2.6397006511688232, 2.6727023124694824, 2.710167646408081, 2.769780397415161, 2.888293504714966], "predicted_p_opt": 0.05495498716383067, "predicted_tts": 18.196710646457266, "p_opt": 0.036052777595897, "tts": 27.737113939143633, "approx": 0.6742837686882874, "opt_gap": -0.32571623131171257}