{"edges": [[0, 6], [0, 7], [0, 8], [0, 10], [0, 13], [0, 16], [1, 2], [1, 3], [1, 11], [1, 15], [1, 16], [2, 8], [2, 9], [2, 13], [2, 15], [2, 16], [3, 6], [3, 7], [3, 12], [3, 15], [4, 8], [4, 9], [4, 14], [4, 16], [5, 8], [5, 9], [5, 11], [6, 7], [6, 12], [6, 14], [6, 15], [8, 14], [8, 16], [9, 11], [11, 12], [12, 13]], "num_nodes": 17, "num_colors": 3, "opt_value": 36, "opt_count": 12, "feasible_count": 129140163, "mean_value": 24.0, "std": 2.8284271247461903, "level": 17, "gammas": [3.141598423546293, 3.141588160484585, 3.141584184718642, 3.141590670860644, 3.141595356397877, 3.141592009657869, 3.1415872764255006, 3.141589033342853, 3.141593198608414, 3.141578878118278, 3.1415691652271436, 3.1415974732342287, 3.141508566117684, 3.141613887952592, 3.1408604239697233, 3.14119108322587, 3.1415727307937433], "betas": [3.141591132734273, 3.1416008911434132, 3.141598487932463, 3.1415913548101706, 3.1415907985430813, 3.1415962246784876, 3.1415971650584575, 3.141592423817661, 3.1415948654103807, 3.1415905251253733, 3.141570590097077, 3.1415389739991455, 3.1416281609377377, 3.141244753389795, 3.140868834131526, 3.14146113423866, 3.1415868790019745], "predicted_p_opt": 0.000113829808314552, "predicted_tts": 8785.045102040816, "p_opt": 0.00011382560946725579, "tts": 8785.369168505704, "approx": 0.6667059284424254, "opt_gap": -0.3332940715575746, "th": -35.999000549316406}