{"edges": [[15, 21], [15, 14], [15, 13], [21, 25], [21, 5], [6, 18], [6, 12], [6, 16], [18, 17], [18, 16], [12, 4], [12, 17], [7, 20], [7, 9], [7, 1], [20, 8], [20, 24], [4, 8], [4, 2], [25, 23], [25, 24], [14, 19], [14, 5], [19, 22], [19, 10], [23, 13], [23, 3], [0, 5], [0, 8], [0, 16], [17, 1], [2, 11], [2, 10], [11, 22], [11, 3], [1, 9], [9, 22], [13, 10], [3, 24]], "num_nodes": 26, "opt_value": 34, "opt_count": 8, "feasible_count": 67108864, "mean_value": 19.5, "std": 3.122498999199199, "level": 34, "gammas": [3.141784526517897, 3.141757552130129, 3.141732576555566, 3.1417095777504302, 3.1416880570785133, 3.141666458137375, 3.1416419847056183, 3.1416116205593547, 3.1415741749921824, 3.141531596569998, 3.141488464855134, 3.141449678291508, 3.141418562383403, 3.1413957626818325, 3.141379817903692, 3.1413684856641, 3.1413599161698955, 3.141353363898577, 3.1413494949068244, 3.141350507436489, 3.1413597861459963, 3.1413808373550567, 3.141415062955946, 3.141460167837094, 3.1415103477072797, 3.1415585691218535, 3.141599556146176, 3.1416317562998235, 3.1416569506936636, 3.141678510522452, 3.141699395683903, 3.141721384508275, 3.141744885387669, 3.1417654521520735], "betas": [3.141414500712001, 3.1414404944838057, 3.141464399126794, 3.1414860283076673, 3.141504580115618, 3.1415180187573246, 3.141523331705611, 3.141518290222902, 3.141503379347931, 3.141482158020496, 3.141459792519702, 3.141440727984337, 3.141427036456687, 3.141418257933524, 3.1414124119090827, 3.141407386215271, 3.1414018577005476, 3.1413957618666677, 3.14139053157691, 3.1413890178094444, 3.141394857754457, 3.1414107172096153, 3.1414361824532846, 3.1414669683329213, 3.1414961908493195, 3.1415172308027604, 3.141526450015829, 3.1415239904734413, 3.1415125576539595, 3.1414954321479622, 3.141474975611296, 3.141452333332227, 3.1414284691764807, 3.141424656512463], "predicted_p_opt": 0.0005675554275512695, "predicted_tts": 1761.9424490653223, "p_opt": 0.0002688220774715053, "tts": 3719.932564340808, "approx": 0.8855546105090102, "opt_gap": -0.11444538949098981, "th": -29.958670002451083}