{"edges": [[0, 2], [0, 5], [0, 7], [0, 8], [0, 11], [1, 7], [1, 9], [2, 4], [2, 10], [3, 11], [4, 5], [4, 12], [5, 6], [5, 9], [5, 10], [5, 12], [8, 11], [8, 12], [10, 12]], "num_nodes": 13, "num_colors": 3, "opt_value": 19, "opt_count": 480, "feasible_count": 1594323, "mean_value": 12.666666666666666, "std": 2.0548046676563256, "level": 37, "gammas": [0.21008688707388432, 0.3297522809224645, 0.32736103005936473, 0.3436028566324088, 0.3506380372064972, 0.35363568058121586, 0.35448587285164657, 0.37370540408169345, 0.3812349040860846, 0.37986230879635335, 0.3633764611834285, 0.3138332359678022, 0.29474171439940205, 0.35250643482108884, 0.3858812215215498, 0.43282008673962613, 0.3950431755193285, 0.43208546428989886, 0.46435802423865785, 0.24029398295876775, -0.46854403435112313, -0.4316545668253281, -0.42732635684056725, -0.43293231082141226, -0.41550007921994375, -0.41431448132180804, -0.4127656530563895, -0.4126076437693063, -0.41095915506599356, -0.40940791253097963, -0.4091575131839204, -0.4060537797532765, -0.42674477448707976, -0.4126143415814639, -0.42994291565885967, -0.42607394219114414, -0.4245262090197306], "betas": [-2.488106225085213, -2.1827255852951, -2.040318776007957, -2.080759143924814, -1.7146298135101217, -1.9554474629378997, -2.1381769471530907, -2.204088597453768, -2.2295288313972597, -2.1873873581854224, -2.0086248443362447, -1.7167401472124888, -1.8834561101338325, -2.2122297913706412, -2.279849578460894, -2.304654522008498, -2.6062900639701327, -2.9514783891497465, -3.7797314195371725, -1.389991421433057, 3.1975538677502335, 2.7346595440608237, 2.566064072191911, 2.430570430766411, 2.4839655965269087, 2.485389567067847, 2.4740585908285344, 2.4648945472198034, 2.4619981322931666, 2.4618059991902355, 2.4811341281734856, 2.4960169712769447, 2.3099418621224808, 2.6866182105030516, 2.704200183007586, 2.6911144516050136, 2.778459325350582], "predicted_p_opt": 1.6935087808430287, "predicted_tts": 0.59049, "p_opt": 0.6519641113996593, "tts": 1.5338267590422503, "approx": 0.87648281011587, "opt_gap": -0.12351718988412996}