{"edges": [[0, 2], [0, 3], [0, 4], [0, 6], [1, 3], [1, 4], [1, 5], [1, 12], [2, 8], [2, 9], [2, 11], [2, 12], [3, 5], [3, 6], [3, 10], [3, 12], [4, 6], [4, 7], [4, 9], [4, 10], [5, 7], [6, 11], [6, 12], [7, 8], [10, 11]], "num_nodes": 13, "num_colors": 3, "opt_value": 25, "opt_count": 48, "feasible_count": 1594323, "mean_value": 16.666666666666668, "std": 2.357022603955159, "level": 17, "gammas": [-0.20029021799564362, -0.31555235385894775, -0.32682886719703674, -0.33078324794769287, -0.33656299114227295, -0.34723329544067383, -0.367911696434021, -0.2042378932237625, 0.3860011696815491, 0.3512917160987854, 0.34136536717414856, 0.333726167678833, 0.3302665948867798, 0.33002957701683044, 0.3326752483844757, 0.36350059509277344, 0.3257426619529724], "betas": [2.6805076599121094, 2.578033208847046, 2.583242177963257, 2.632291793823242, 2.723227024078369, 2.9295763969421387, 3.837434768676758, 1.269546627998352, -3.220648765563965, -2.819824695587158, -2.697422742843628, -2.6662280559539795, -2.687190055847168, -2.7574379444122314, -2.8822989463806152, -2.699130058288574, -2.8846330642700195], "predicted_p_opt": 0.03688085789391485, "predicted_tts": 27.114336734693875, "p_opt": 0.020772939547896385, "tts": 48.13955182868026, "approx": 0.6919219493865967, "opt_gap": -0.3080780506134033}