{"N": 20, "edgelist": ["0 3 {}\n", "0 6 {}\n", "0 9 {}\n", "0 11 {}\n", "0 13 {}\n", "0 16 {}\n", "0 17 {}\n", "0 18 {}\n", "1 7 {}\n", "1 11 {}\n", "1 12 {}\n", "1 14 {}\n", "1 17 {}\n", "1 19 {}\n", "2 3 {}\n", "2 4 {}\n", "2 5 {}\n", "2 11 {}\n", "2 12 {}\n", "2 13 {}\n", "2 14 {}\n", "2 18 {}\n", "2 19 {}\n", "3 5 {}\n", "3 7 {}\n", "3 10 {}\n", "3 12 {}\n", "3 13 {}\n", "3 14 {}\n", "3 17 {}\n", "3 18 {}\n", "3 19 {}\n", "4 6 {}\n", "4 7 {}\n", "4 10 {}\n", "4 11 {}\n", "4 12 {}\n", "4 13 {}\n", "4 17 {}\n", "4 18 {}\n", "5 7 {}\n", "5 9 {}\n", "5 10 {}\n", "5 11 {}\n", "5 18 {}\n", "5 19 {}\n", "6 8 {}\n", "6 9 {}\n", "6 11 {}\n", "6 12 {}\n", "6 13 {}\n", "6 15 {}\n", "6 17 {}\n", "6 18 {}\n", "7 8 {}\n", "7 9 {}\n", "7 10 {}\n", "7 11 {}\n", "7 14 {}\n", "7 19 {}\n", "8 9 {}\n", "8 13 {}\n", "8 15 {}\n", "8 16 {}\n", "8 18 {}\n", "8 19 {}\n", "9 11 {}\n", "9 12 {}\n", "9 13 {}\n", "9 15 {}\n", "9 18 {}\n", "9 19 {}\n", "10 11 {}\n", "10 12 {}\n", "10 13 {}\n", "10 14 {}\n", "10 15 {}\n", "10 18 {}\n", "10 19 {}\n", "11 12 {}\n", "11 16 {}\n", "11 17 {}\n", "11 18 {}\n", "11 19 {}\n", "12 13 {}\n", "12 14 {}\n", "12 15 {}\n", "12 16 {}\n", "12 19 {}\n", "13 17 {}\n", "13 18 {}\n", "13 19 {}\n", "14 15 {}\n", "14 18 {}\n", "14 19 {}\n", "15 18 {}\n", "15 19 {}\n", "16 17 {}\n", "16 18 {}\n", "16 19 {}\n", "17 18 {}\n", "18 19 {}\n"], "opt_value": 90, "opt_count": 18, "feasible_count": 184756, "mean_value": 77.84210526315789, "std": 3.4331057022634006, "level": 51, "gammas": [3.1415926780279424, 3.1415926363686335, 3.1415926170334956, 3.1415926167849637, 3.1415926208773923, 3.1415926371168323, 3.1415926665326976, 3.141592685033605, 3.1415926968763763, 3.141592686558142, 3.1415926734309028, 3.1415926610926634, 3.1415926369553153, 3.1415926047435696, 3.1415925840226775, 3.141592564287034, 3.141592542948051, 3.1415924659779373, 3.1415923845763047, 3.14159239153126, 3.141592430652721, 3.1415921119011085, 3.1415913913783498, 3.141589717911587, 3.1415873347789747, 3.1415834171107475, 3.1415757771825215, 3.141573207301485, 3.141568484333337, 3.141561687452971, 3.1415467502153795, 3.1415465368145403, 3.1415451153431806, 3.1415243635421444, 3.141422497513062, 3.141376162474864, 3.1411684205805726, 3.141029011770178, 3.1412239553492336, 3.1412669415910313, 3.1408076139497427, 3.1403904664056395, 3.1396237432483205, 3.13810427311482, 3.1385792340812144, 3.136175480614663, 3.139310240028254, 3.1376253374341907, 3.137564270888493, 3.116368870520502, 3.1328377141625205], "betas": [3.1415926498705624, 3.14159267782099, 3.1415926922824697, 3.141592694487913, 3.141592683083403, 3.1415926569508703, 3.141592632464339, 3.141592621083534, 3.141592619747596, 3.1415926232012303, 3.141592637988007, 3.1415926575670814, 3.1415926685072866, 3.141592677375866, 3.14159266711368, 3.141592632387391, 3.1415925491134433, 3.1415923997663846, 3.141592286808935, 3.141592283638459, 3.1415921689702415, 3.141591644485951, 3.141590685692821, 3.141588501865802, 3.141586139087017, 3.1415797530064844, 3.1415742526454395, 3.1415717527713714, 3.141565546393837, 3.141554665766519, 3.141543007219701, 3.1415477683247164, 3.141538808522432, 3.141481510493138, 3.1413881077230625, 3.1413174427707076, 3.1410332409138237, 3.141142128073615, 3.1412435198589246, 3.141171446369028, 3.1403922022636688, 3.140415913678046, 3.138390974854018, 3.138827103233033, 3.1370515587429564, 3.137232059449699, 3.138957364154894, 3.1396420567020886, 3.1253655939941973, 3.1216203883640166, 3.139560600083584], "predicted_p_opt": 1.0335902487605273, "predicted_tts": 0.9675013877106441, "p_opt": 0.7231137216569025, "tts": 1.3829083449124098, "approx": 0.962592456701358, "opt_gap": -0.03740754329864204, "th": -89.9990005493164}