{"N": 20, "edgelist": ["0 2 {}\n", "0 3 {}\n", "0 4 {}\n", "0 10 {}\n", "0 11 {}\n", "0 13 {}\n", "0 15 {}\n", "0 16 {}\n", "0 17 {}\n", "0 18 {}\n", "0 19 {}\n", "1 4 {}\n", "1 7 {}\n", "1 8 {}\n", "1 9 {}\n", "1 12 {}\n", "1 13 {}\n", "1 14 {}\n", "1 15 {}\n", "1 19 {}\n", "2 6 {}\n", "2 10 {}\n", "2 11 {}\n", "2 12 {}\n", "2 13 {}\n", "2 15 {}\n", "2 17 {}\n", "3 4 {}\n", "3 5 {}\n", "3 6 {}\n", "3 7 {}\n", "3 8 {}\n", "3 9 {}\n", "3 10 {}\n", "3 12 {}\n", "3 14 {}\n", "3 16 {}\n", "3 17 {}\n", "3 19 {}\n", "4 8 {}\n", "4 9 {}\n", "4 11 {}\n", "4 13 {}\n", "4 14 {}\n", "4 15 {}\n", "4 16 {}\n", "4 17 {}\n", "5 6 {}\n", "5 9 {}\n", "5 11 {}\n", "5 13 {}\n", "5 14 {}\n", "5 18 {}\n", "6 9 {}\n", "6 10 {}\n", "6 11 {}\n", "6 13 {}\n", "6 14 {}\n", "6 16 {}\n", "6 17 {}\n", "6 18 {}\n", "6 19 {}\n", "7 9 {}\n", "7 12 {}\n", "7 13 {}\n", "7 14 {}\n", "7 15 {}\n", "7 16 {}\n", "7 18 {}\n", "8 13 {}\n", "8 14 {}\n", "8 15 {}\n", "8 16 {}\n", "8 17 {}\n", "8 18 {}\n", "9 12 {}\n", "9 13 {}\n", "9 14 {}\n", "9 15 {}\n", "9 17 {}\n", "10 12 {}\n", "10 14 {}\n", "10 15 {}\n", "10 17 {}\n", "11 12 {}\n", "11 14 {}\n", "11 15 {}\n", "11 18 {}\n", "11 19 {}\n", "12 13 {}\n", "12 16 {}\n", "12 17 {}\n", "12 18 {}\n", "13 14 {}\n", "13 17 {}\n", "13 18 {}\n", "14 15 {}\n", "14 16 {}\n", "14 18 {}\n", "14 19 {}\n", "15 16 {}\n", "15 19 {}\n", "16 18 {}\n", "18 19 {}\n"], "opt_value": 92, "opt_count": 4, "feasible_count": 184756, "mean_value": 79.36842105263158, "std": 2.8345272208516072, "level": 24, "gammas": [0.1474479710346877, 0.2635874882148914, 0.27126115265433254, 0.26049444804976934, 0.2547687938060204, 0.25193054955739785, 0.24377399703153457, 0.2582775840324972, 0.26945895920145985, 0.2796278707109369, 0.2883373472375272, 0.2960236548324987, 0.302544421701781, 0.3087425253181359, 0.3143185867249681, 0.31969477284090464, 0.3249690410924855, 0.33154181299760904, 0.34021801197075296, 0.32697737123089277, 0.4053304711152502, 0.42070640705671547, 0.35603398140634823, 0.31210082827603913], "betas": [-3.1734990259665, -3.0057307835104976, -2.552936702495186, -2.290970514898725, -2.164721702691685, -2.1149482484986484, -2.2030912011571266, -2.2687378788000205, -2.345558460461034, -2.400218643269133, -2.440876294130478, -2.471472307188044, -2.4920171947009586, -2.505365682682587, -2.514117675680787, -2.515885718167691, -2.512479530789407, -2.516972984011776, -2.43371403023772, -2.8827160161324885, -2.7645433668783865, 3.3497094243881658, 3.373016327118869, 3.569554797576714], "predicted_p_opt": 0.05198207365390028, "predicted_tts": 19.237401082882133, "p_opt": 0.0005179367670186774, "tts": 1930.7376183315807, "approx": 0.9591120072348084, "opt_gap": -0.040887992765191616}