{"edges": [[0, 3], [0, 4], [0, 10], [0, 11], [1, 6], [2, 4], [2, 7], [2, 11], [2, 13], [3, 5], [3, 9], [3, 13], [4, 12], [4, 13], [5, 7], [5, 11], [6, 10], [6, 11], [6, 13], [7, 12], [7, 13], [8, 12], [9, 13], [10, 11], [11, 12]], "num_nodes": 14, "num_colors": 3, "opt_value": 25, "opt_count": 120, "feasible_count": 4782969, "mean_value": 16.666666666666668, "std": 2.3570226039551585, "level": 40, "gammas": [-0.346907331117094, -0.37589851563776194, -0.06013434404365159, -0.22368144625549827, -0.3285010026511691, -0.18928349899302566, -0.15791476793979903, -0.281932029739358, -0.2850253167480618, -0.21005975860573947, -0.21934816126847267, -0.2330133310882567, -0.23362540006264185, -0.34893287095207287, -0.24838672124250463, -0.27144785106629843, -0.3763309026924775, -0.3525268133504946, -0.3140134745399635, -0.3698954822437365, -0.519734554151289, -0.2103365790422728, -0.24684108481793335, -0.46401292161709107, -0.28258575527445673, -0.34631228610641207, -0.302852071406181, 6.008565806875435, 5.95131136509085, 5.900388357451861, 5.965609129164458, 5.79942434652019, 6.012281986625395, 0.538265218664273, -0.24769395340413924, -0.6194762540770401, 1.2111971452237857, 0.38611182381008385, 0.38253672259286187, 0.387222207922106], "betas": [1.8299768250431365, 1.31795561097509, 1.5053861797323764, 1.9609968089676728, 1.2215111964743266, 0.831800540115812, 1.783007486498086, 1.5982566850732214, 1.233368615083598, 1.218795356136386, 1.4590207315510246, 1.4355874762396685, 1.4255904395431431, 2.3310399756787823, 2.3566921519279833, 1.119850079592594, 0.8726371441337006, 1.2996804064386211, 1.357099404690331, 0.7094909962493633, 0.9284688995506285, 3.125180059207178, 2.9094400213982983, 2.3508608503710047, 2.39015326021846, 1.6946925891877598, 1.8169922705207915, 1.9263555102672605, 1.9338532680722296, 2.2565803595352745, 2.52480458054442, 2.6179619610174445, 2.2457129250903822, -3.668482033479347, 1.7138956612504004, 2.901935599068213, -2.4623413909737657, 3.928426142662326, 3.9030499754061667, 3.9190105607146513], "predicted_p_opt": 0.1646090534979424, "predicted_tts": 6.075, "p_opt": 0.00033084817615049243, "tts": 3022.534419368029, "approx": 0.9265855308967188, "opt_gap": -0.0734144691032812}