{"N": 18, "edgelist": ["0 1 {}\n", "0 2 {}\n", "0 4 {}\n", "0 5 {}\n", "0 6 {}\n", "0 9 {}\n", "0 10 {}\n", "0 14 {}\n", "0 16 {}\n", "0 17 {}\n", "1 2 {}\n", "1 3 {}\n", "1 4 {}\n", "1 5 {}\n", "1 6 {}\n", "1 8 {}\n", "1 9 {}\n", "1 10 {}\n", "1 11 {}\n", "1 13 {}\n", "1 14 {}\n", "1 16 {}\n", "2 3 {}\n", "2 8 {}\n", "2 9 {}\n", "2 10 {}\n", "2 13 {}\n", "2 14 {}\n", "2 16 {}\n", "2 17 {}\n", "3 5 {}\n", "3 6 {}\n", "3 8 {}\n", "3 9 {}\n", "3 17 {}\n", "4 6 {}\n", "4 9 {}\n", "4 10 {}\n", "4 11 {}\n", "4 14 {}\n", "4 15 {}\n", "4 16 {}\n", "4 17 {}\n", "5 6 {}\n", "5 11 {}\n", "5 12 {}\n", "5 13 {}\n", "6 10 {}\n", "6 11 {}\n", "6 12 {}\n", "6 16 {}\n", "7 13 {}\n", "7 14 {}\n", "8 12 {}\n", "8 13 {}\n", "8 16 {}\n", "8 17 {}\n", "9 11 {}\n", "9 16 {}\n", "10 13 {}\n", "10 16 {}\n", "10 17 {}\n", "11 12 {}\n", "11 13 {}\n", "12 13 {}\n", "12 14 {}\n", "12 15 {}\n", "14 16 {}\n"], "opt_value": 63, "opt_count": 2, "feasible_count": 48620, "mean_value": 52.0, "std": 3.159486183096307, "level": 33, "gammas": [-0.14799579481001093, -0.27696355754090796, -0.29913389534585777, -0.2499418905724897, -0.19402096613995976, -0.2261253909423448, -0.2554055265561206, -0.26144554860601976, -0.2459093065727963, -0.21784600992424968, -0.23342128502285267, -0.26900927393441443, -0.2828214314254088, -0.276858026752038, -0.28073258752209435, -0.2759616386481582, -0.27860669575359637, -0.2809977662661194, -0.28335325207285156, -0.2849271122927419, -0.2831661439095382, -0.2793152854453756, -0.34063512777181676, -0.3598601219037063, -0.37503289578040827, 5.911671952832478, 5.9503244280263905, 5.979982014451299, 5.989708785596387, 5.990409559784876, 5.986149428932548, 5.979394628445914, 5.97690666168426], "betas": [2.756529603649106, 2.5861616706363284, 2.414609615947234, 2.0427140898644245, 2.13029182358859, 2.3095197231715403, 2.18995346415869, 2.024678928193497, 1.7689498864709337, 1.6424584137683722, 1.8683880939183088, 2.0224650508177433, 2.004431620303907, 1.880990965343529, 1.9927060734539592, 2.017446872807233, 2.015828528263529, 2.0079252693266856, 2.0048975316152706, 2.0156540742894515, 2.057934382548084, 1.7530569216868952, 2.0662029211946944, 2.082348990668255, 2.168088066326164, 2.3207960575663207, 2.3772415959860567, 2.3730517233650836, 2.365453845401305, 2.3716309156467124, 2.3895117704743614, 2.420583797110756, 2.4246800239771296], "predicted_p_opt": 0.1846565199506376, "predicted_tts": 5.4154600133660065, "p_opt": 0.0030123474801445047, "tts": 331.96701462609127, "approx": 0.9568532947735776, "opt_gap": -0.04314670522642239}