{"N": 22, "edgelist": ["0 2 {}\n", "0 4 {}\n", "0 5 {}\n", "0 6 {}\n", "0 8 {}\n", "0 9 {}\n", "0 10 {}\n", "0 12 {}\n", "0 13 {}\n", "0 14 {}\n", "0 16 {}\n", "0 18 {}\n", "1 3 {}\n", "1 7 {}\n", "1 10 {}\n", "1 13 {}\n", "1 16 {}\n", "1 17 {}\n", "1 19 {}\n", "2 6 {}\n", "2 8 {}\n", "2 11 {}\n", "2 15 {}\n", "2 17 {}\n", "2 18 {}\n", "2 19 {}\n", "2 20 {}\n", "3 4 {}\n", "3 10 {}\n", "3 11 {}\n", "3 12 {}\n", "3 13 {}\n", "3 15 {}\n", "3 16 {}\n", "3 17 {}\n", "3 19 {}\n", "3 20 {}\n", "4 6 {}\n", "4 8 {}\n", "4 10 {}\n", "4 11 {}\n", "4 14 {}\n", "4 16 {}\n", "4 18 {}\n", "5 7 {}\n", "5 9 {}\n", "5 10 {}\n", "5 11 {}\n", "5 15 {}\n", "5 18 {}\n", "5 19 {}\n", "5 21 {}\n", "6 7 {}\n", "6 9 {}\n", "6 10 {}\n", "6 15 {}\n", "6 17 {}\n", "6 21 {}\n", "7 8 {}\n", "7 10 {}\n", "7 14 {}\n", "7 17 {}\n", "7 18 {}\n", "7 20 {}\n", "7 21 {}\n", "8 9 {}\n", "8 10 {}\n", "8 13 {}\n", "8 15 {}\n", "8 18 {}\n", "8 19 {}\n", "8 20 {}\n", "9 10 {}\n", "9 11 {}\n", "9 12 {}\n", "9 14 {}\n", "9 15 {}\n", "9 16 {}\n", "9 19 {}\n", "9 20 {}\n", "9 21 {}\n", "10 12 {}\n", "10 13 {}\n", "10 16 {}\n", "10 17 {}\n", "10 20 {}\n", "10 21 {}\n", "11 12 {}\n", "11 14 {}\n", "11 16 {}\n", "11 17 {}\n", "12 14 {}\n", "12 15 {}\n", "12 17 {}\n", "12 18 {}\n", "13 14 {}\n", "13 17 {}\n", "13 18 {}\n", "13 19 {}\n", "13 20 {}\n", "13 21 {}\n", "14 17 {}\n", "14 20 {}\n", "15 16 {}\n", "15 17 {}\n", "15 19 {}\n", "15 20 {}\n", "15 21 {}\n", "16 18 {}\n", "16 19 {}\n", "16 21 {}\n", "17 18 {}\n", "18 19 {}\n", "19 21 {}\n"], "opt_value": 100, "opt_count": 2, "feasible_count": 705432, "mean_value": 86.85714285714286, "std": 2.853286871675023, "level": 14, "gammas": [0.1257479350944098, 0.2568149113857534, 0.2919768844785394, 0.3008628831008416, 0.3020144329766761, 0.3014881982609697, 0.302073186255187, 0.30499981337192955, 0.31059697489261684, 0.3186391039852707, 0.3289209591993595, 0.3415339474021229, 0.3576885020209383, 0.3813549633151444], "betas": [-2.7557958977952035, -2.5849896001275243, -2.4926360964881176, -2.4212651390168465, -2.3559098877948874, -2.297290271444866, -2.24986901915381, -2.213294233808805, -2.1814146996769863, -2.143969558293137, -2.084946213398305, -1.9817461469785418, -1.7948403981337349, 4.880677395332633], "predicted_p_opt": 0.002384354551537214, "predicted_tts": 419.4007134363853, "p_opt": 3.3348697544706614e-05, "tts": 29986.178580420405, "approx": 0.9441017912217472, "opt_gap": -0.0558982087782528}