{"N": 22, "edgelist": ["0 4 {}\n", "0 7 {}\n", "0 10 {}\n", "0 12 {}\n", "0 14 {}\n", "0 17 {}\n", "0 18 {}\n", "0 21 {}\n", "1 3 {}\n", "1 4 {}\n", "1 7 {}\n", "1 9 {}\n", "1 10 {}\n", "1 11 {}\n", "1 12 {}\n", "1 13 {}\n", "1 14 {}\n", "1 15 {}\n", "1 16 {}\n", "1 17 {}\n", "1 18 {}\n", "1 19 {}\n", "2 5 {}\n", "2 7 {}\n", "2 9 {}\n", "2 10 {}\n", "2 11 {}\n", "2 12 {}\n", "2 13 {}\n", "2 14 {}\n", "2 15 {}\n", "2 16 {}\n", "2 19 {}\n", "2 20 {}\n", "2 21 {}\n", "3 4 {}\n", "3 12 {}\n", "3 17 {}\n", "3 18 {}\n", "3 20 {}\n", "3 21 {}\n", "4 6 {}\n", "4 7 {}\n", "4 11 {}\n", "4 13 {}\n", "4 16 {}\n", "4 18 {}\n", "4 20 {}\n", "4 21 {}\n", "5 6 {}\n", "5 8 {}\n", "5 11 {}\n", "5 12 {}\n", "5 17 {}\n", "5 18 {}\n", "6 8 {}\n", "6 9 {}\n", "6 10 {}\n", "6 12 {}\n", "6 13 {}\n", "6 14 {}\n", "6 15 {}\n", "6 16 {}\n", "6 17 {}\n", "6 18 {}\n", "7 10 {}\n", "7 11 {}\n", "7 13 {}\n", "7 14 {}\n", "7 15 {}\n", "7 16 {}\n", "7 17 {}\n", "7 18 {}\n", "7 19 {}\n", "8 9 {}\n", "8 11 {}\n", "8 12 {}\n", "8 13 {}\n", "8 20 {}\n", "8 21 {}\n", "9 10 {}\n", "9 11 {}\n", "9 17 {}\n", "9 18 {}\n", "9 21 {}\n", "10 12 {}\n", "10 14 {}\n", "10 15 {}\n", "10 16 {}\n", "10 18 {}\n", "10 20 {}\n", "11 12 {}\n", "11 13 {}\n", "11 14 {}\n", "11 16 {}\n", "12 13 {}\n", "12 14 {}\n", "12 16 {}\n", "12 17 {}\n", "12 18 {}\n", "12 19 {}\n", "13 14 {}\n", "13 15 {}\n", "13 16 {}\n", "13 17 {}\n", "14 15 {}\n", "14 20 {}\n", "14 21 {}\n", "15 16 {}\n", "15 17 {}\n", "15 18 {}\n", "15 19 {}\n", "15 20 {}\n", "16 19 {}\n", "16 21 {}\n", "17 18 {}\n", "18 19 {}\n"], "opt_value": 103, "opt_count": 4, "feasible_count": 705432, "mean_value": 89.14285714285714, "std": 3.5155783428697753, "level": 14, "gammas": [-0.09495395158907773, -0.1949840964411266, -0.2228621707465948, -0.2316179893474888, -0.23523413902067464, -0.23756213166487145, -0.23982442760218237, -0.24257054667174438, -0.24606983167259938, -0.250506869901345, -0.25643724653609334, -0.2645605734878168, -0.2766418276040004, 5.9856996477066575], "betas": [2.5644422822906887, 2.2852199877609376, 2.1488508625755784, 2.070697426497055, 2.0182509664198736, 1.9777116637895562, 1.94127452874946, 1.9050166922318392, 1.8647129800067213, 1.8161749250576302, 1.7538056260433201, 1.6659238935261704, 1.5260591110189303, 1.245029647260197], "predicted_p_opt": 0.004768709103074428, "predicted_tts": 209.70035671819264, "p_opt": 0.00010118954542562549, "tts": 9882.44384134527, "approx": 0.948636992576542, "opt_gap": -0.05136300742345801}