{"locs": [[0.95, 0.8], [0.98, 0.43], [0.27, 0.58], [0.33, 0.27], [0.78, 0.16], [0.39, 0.66], [0.03, 0.96], [0.31, 0.38], [0.68, 0.28], [0.06, 0.09], [0.34, 0.81]], "opt_value": 3.654088020324707, "opt_count": 2.0, "feasible_count": 3628800.0, "mean_value": 6.273612976074219, "std": 0.5923181176185608, "level": 1, "gammas": [3.14183359614078], "betas": [3.1417587555579662], "predicted_p_opt": 4.96031746031746e-06, "predicted_tts": 201600.0, "p_opt": 4.9603106396681564e-06, "tts": 201600.27720902974, "approx": 1.7168712615966797, "opt_gap": 0.7168712615966797, "th": 3.655087947845459}