{"edges": [[7, 17], [7, 12], [7, 14], [17, 15], [17, 19], [12, 16], [12, 3], [16, 4], [16, 1], [0, 2], [0, 6], [0, 21], [2, 4], [2, 13], [8, 9], [8, 14], [8, 10], [9, 11], [9, 18], [5, 19], [5, 21], [5, 11], [19, 6], [11, 10], [1, 3], [1, 13], [3, 20], [15, 20], [15, 18], [20, 10], [4, 14], [21, 18], [13, 6]], "num_nodes": 22, "opt_value": 29, "opt_count": 22, "feasible_count": 4194304, "mean_value": 16.5, "std": 2.8722813232690143, "level": 2, "gammas": [3.1412665843963623, 3.139960527420044], "betas": [3.141177177429199, 3.1390464305877686], "predicted_p_opt": 0.00013113021850585938, "predicted_tts": 7626.007272727273, "p_opt": 6.364945611464308e-05, "tts": 15711.053338756523, "approx": 0.7503369928332827, "opt_gap": -0.2496630071667173, "th": -20.91475097622864}