{"edges": [[0, 2], [0, 4], [1, 2], [1, 7], [2, 4], [2, 11], [2, 12], [3, 4], [3, 5], [3, 10], [4, 7], [5, 7], [6, 9], [6, 12], [6, 13], [6, 14], [8, 13], [9, 11], [9, 12], [9, 13], [9, 14], [10, 13], [10, 14], [11, 12]], "num_nodes": 15, "num_colors": 3, "opt_value": 24, "opt_count": 264, "feasible_count": 14348907, "mean_value": 16.0, "std": 2.309401076758503, "level": 79, "gammas": [3.1415926933165457, 3.1415926634460543, 3.1415926584053815, 3.14159264788638, 3.141592654627342, 3.1415926589506715, 3.1415926667078233, 3.1415926670198004, 3.1415926709470003, 3.141592690391723, 3.1415926876959444, 3.1415926839248636, 3.141592691561057, 3.141592691522752, 3.141592696280418, 3.1415926901171174, 3.1415926841866333, 3.1415926946782875, 3.1415926856846763, 3.141592671101941, 3.1415926585025153, 3.141592669234634, 3.1415926302441406, 3.1415926179674623, 3.1415925535096556, 3.141592502294104, 3.141592402144724, 3.1415922462499815, 3.141592038852005, 3.1415918376718484, 3.1415916576629916, 3.141591127555724, 3.1415901148736878, 3.141589048686466, 3.1415880197897663, 3.1415873020333254, 3.1415861899726987, 3.1415841847228734, 3.1415818165239, 3.1415809178083443, 3.141578039885228, 3.1415708081655076, 3.14155623499069, 3.141547594587447, 3.1415781928468474, 3.141610665104844, 3.1415601744466417, 3.1415185808076105, 3.141519082049202, 3.1415155820473015, 3.1414856436795175, 3.141458882283907, 3.141432875259453, 3.1414173201120694, 3.1413883592929825, 3.1413634806084607, 3.141321971007959, 3.1412669866954315, 3.141335934454175, 3.141378223197205, 3.1411286135730947, 3.1408698805814033, 3.14089713211936, 3.1409315707581524, 3.1405393694207726, 3.1398985610161443, 3.1404033674065404, 3.140584151439809, 3.1408922848187952, 3.1402872896850202, 3.140610598511534, 3.140327382439005, 3.1395385770710846, 3.1369562160354763, 3.1386175843535358, 3.1355894314147883, 3.138984130892751, 3.126711208348814, 3.1338506167419475], "betas": [3.141592650585641, 3.1415926521032764, 3.1415926605097577, 3.141592656053123, 3.14159264652197, 3.1415926435601107, 3.1415926436223636, 3.141592636635648, 3.1415926313744507, 3.14159262949121, 3.141592621264793, 3.1415926148496705, 3.1415926144475064, 3.141592616141433, 3.1415926149168856, 3.1415926106552194, 3.141592616003306, 3.141592619444766, 3.141592609536365, 3.141592605052074, 3.1415926090687454, 3.141592597591977, 3.141592575805068, 3.1415925380549847, 3.1415924760593916, 3.141592393856059, 3.1415922779694796, 3.1415920872324037, 3.141591871718824, 3.141591698685451, 3.141591406613466, 3.141590596900171, 3.1415895311860575, 3.1415884442209845, 3.141587592446554, 3.1415867817363714, 3.141585271396719, 3.1415827943492913, 3.1415812371718186, 3.141579813067044, 3.1415751345697025, 3.14156413740956, 3.1415491379049363, 3.1415567264996356, 3.14160195302765, 3.1415935848860403, 3.1415309875049697, 3.14151785472742, 3.14151864110544, 3.1415047037967336, 3.1414681480234448, 3.1414492606030304, 3.1414195645383645, 3.141410882264232, 3.1413663239988745, 3.141357968419447, 3.1412754283733744, 3.141298505595138, 3.141365851671892, 3.1413108293942065, 3.140935771819167, 3.140899748684816, 3.140882895298615, 3.140888532626048, 3.1400621439643053, 3.1401315547580086, 3.140489318329134, 3.1408061594528194, 3.1406034461103705, 3.1403965779726164, 3.1404974209029413, 3.140311932769048, 3.137772116320424, 3.1378631570676827, 3.1373549199725703, 3.1371361625945346, 3.1340639647997164, 3.1270128046869465, 3.1394289618671456], "predicted_p_opt": 0.46513535839349995, "predicted_tts": 2.149911809443671, "p_opt": 0.39734707801789126, "tts": 2.5166914652760406, "approx": 0.7991119992996025, "opt_gap": -0.20088800070039747, "th": -23.999000549316406}