{"edges": [[0, 5], [0, 9], [1, 2], [1, 3], [1, 8], [1, 9], [2, 3], [2, 9], [3, 7], [3, 8], [4, 5], [4, 6], [5, 7], [5, 8], [6, 7], [6, 9], [8, 10]], "num_nodes": 11, "num_colors": 3, "opt_value": 17, "opt_count": 72, "feasible_count": 177147, "mean_value": 11.333333333333334, "std": 1.9436506316151003, "level": 35, "gammas": [3.1415922934484364, 3.141592389530068, 3.1415926459865324, 3.1415929359729384, 3.141593136593344, 3.1415931900239666, 3.141593102606484, 3.1415928597173384, 3.141592528212875, 3.1415921785259013, 3.1415918785124224, 3.141591684950617, 3.141591683478851, 3.141591475558467, 3.1415918010592203, 3.1415901499735677, 3.1415854246284507, 3.141580929409904, 3.1415686950969577, 3.14156474908548, 3.1414615478004047, 3.1414135722427403, 3.1414107373528766, 3.1414264445882645, 3.14109154828832, 3.140513301976985, 3.1399350327286006, 3.137952690174979, 3.1403786315690017, 3.1342603742959683, 3.1355741189224666, 3.110996199883246, 3.127363317995558, 3.0851491370846693, 3.116076432673988], "betas": [3.1415929893425396, 3.1415927977954174, 3.141592508850774, 3.1415922548548845, 3.141592115789143, 3.1415921356910057, 3.1415923069197693, 3.141592594429051, 3.1415929281553563, 3.1415932062461223, 3.1415932929603727, 3.1415931382359688, 3.1415924327227462, 3.141591175950042, 3.1415897132578983, 3.1415838812037786, 3.1415790492815887, 3.1415680606841154, 3.141565633115641, 3.1415247741428005, 3.1414169192766646, 3.1414404374814695, 3.141411221061524, 3.1414568200084405, 3.1406394760020215, 3.1405557991135677, 3.1384986475553838, 3.138741514532737, 3.1385244180331835, 3.134408865883579, 3.127672526933324, 3.1115865874869972, 3.113940346494331, 3.089272323367133, 3.134499269237006], "predicted_p_opt": 2.04887466341513, "predicted_tts": 0.48807280301527467, "p_opt": 0.9807105209980874, "tts": 1.019668881478177, "approx": 0.9935677156499895, "opt_gap": -0.006432284350010531, "th": -16.999000549316406}