{"edges": [[0, 1], [0, 6], [0, 7], [1, 2], [1, 9], [2, 6], [2, 14], [3, 4], [3, 7], [3, 8], [3, 11], [3, 14], [4, 7], [4, 10], [4, 14], [5, 10], [5, 13], [5, 14], [6, 12], [7, 8], [8, 12], [9, 11], [10, 12], [11, 12], [11, 13], [11, 14]], "num_nodes": 15, "num_colors": 3, "opt_value": 26, "opt_count": 240, "feasible_count": 14348907, "mean_value": 17.333333333333332, "std": 2.4037008503093262, "level": 44, "gammas": [3.141592731435474, 3.1415927084629436, 3.1415924171480265, 3.1415896753153714, 3.1415765875483515, 3.1415428367345415, 3.1414776382897163, 3.1413518360395614, 3.141190867817173, 3.141058329362763, 3.140802392787403, 3.1402946441308868, 3.1400473025936733, 3.140081381575528, 3.1401794510210754, 3.1397187588196522, 3.1392435698595524, 3.139730743536098, 3.1396244014565795, 3.139330972275684, 3.140155326972082, 3.140379502245597, 3.1396637902958404, 3.1396635309400445, 3.139830916035565, 3.1390995795941965, 3.139131554680719, 3.1400005515146536, 3.1404371715055026, 3.1399943581692407, 3.1394240270858185, 3.1397832052725905, 3.1403939456308003, 3.140677386808261, 3.1410471884913354, 3.1413169617171315, 3.1414427340793236, 3.1415409397805365, 3.14158169719616, 3.141589966739087, 3.1415936187894453, 3.1415986272815393, 3.1415428259155838, 3.141507343507306], "betas": [3.141592579972156, 3.141592532307002, 3.1415915858664607, 3.1415850837259676, 3.141562677503544, 3.1415156500415695, 3.141423541572779, 3.14126979112517, 3.141123323137138, 3.140965051820347, 3.1405590134749883, 3.1401101660516635, 3.1400541756091234, 3.14013703771802, 3.1400612744786063, 3.1393496124780382, 3.1394512321383097, 3.139808563192555, 3.139368035775789, 3.1396540354423905, 3.1404664592187186, 3.14001565213571, 3.1395394144278628, 3.1398508359564095, 3.139508116319249, 3.138933165194316, 3.139557444519383, 3.1403198577785534, 3.140314487657193, 3.1396307472248606, 3.139491072213392, 3.1401329448536104, 3.1405478930964765, 3.1408495958811375, 3.141211485795574, 3.1413845430086744, 3.141497193044828, 3.1415681621318656, 3.1415887374606566, 3.1415922964711838, 3.1415880368177924, 3.1415997289451925, 3.141487730594787, 3.1415597508433004], "predicted_p_opt": 0.13248674620303832, "predicted_tts": 7.547924820098472, "p_opt": 0.07344922900460737, "tts": 13.614846793521432, "approx": 0.9418376520407019, "opt_gap": -0.05816234795929809, "th": -24.96918021133258}