{"edges": [[0, 2], [0, 4], [0, 11], [1, 2], [1, 3], [1, 7], [1, 10], [2, 13], [3, 5], [3, 15], [4, 5], [4, 14], [5, 12], [6, 9], [6, 10], [6, 11], [6, 14], [7, 11], [7, 13], [7, 14], [7, 15], [8, 11], [8, 12], [8, 14], [9, 11], [9, 13], [12, 13], [12, 14], [13, 15]], "num_nodes": 16, "num_colors": 3, "opt_value": 29, "opt_count": 210, "feasible_count": 43046721, "mean_value": 19.333333333333332, "std": 2.5385910352879693, "level": 79, "gammas": [3.141592561427561, 3.141592595190949, 3.1415925714218655, 3.1415925839246297, 3.141592578056814, 3.1415925769618607, 3.141592585345547, 3.141592586084906, 3.1415925927999466, 3.1415925930998614, 3.1415925996002994, 3.141592598816161, 3.141592608861677, 3.141592617003448, 3.1415926152116707, 3.141592615390995, 3.141592613491219, 3.141592615531846, 3.1415926106813448, 3.1415925986654765, 3.141592596225514, 3.141592586058909, 3.141592582421455, 3.141592570081741, 3.1415925340994186, 3.1415924852507686, 3.1415924356774227, 3.141592382545133, 3.141592288324771, 3.1415921228979062, 3.1415918618284024, 3.1415915445385805, 3.1415911668438965, 3.141590799535591, 3.141590498749662, 3.1415892594950954, 3.1415866393584277, 3.1415842364243893, 3.1415821520487226, 3.141581551391794, 3.141581552777873, 3.141580343448075, 3.1415760190472266, 3.141570706645282, 3.1415610601038684, 3.1415563313018584, 3.141560279156857, 3.141561650271941, 3.1415500163586305, 3.1415368130259327, 3.1415027507738555, 3.1414850859573056, 3.141503575857739, 3.1415025667390317, 3.141440516632815, 3.141409366532374, 3.1414688197393468, 3.141514248001273, 3.1414823685714715, 3.141447244686603, 3.1414287211112506, 3.1413870916482978, 3.1411350507334, 3.1409906086770856, 3.1411584780054693, 3.1412053152203576, 3.1408133106054446, 3.14045500360695, 3.1404813408347816, 3.140166166988433, 3.1403550780375853, 3.1399373590568085, 3.139371294097861, 3.1373667597153183, 3.138699470629679, 3.136493237648634, 3.139537140021659, 3.13076714224433, 3.1362276839025425], "betas": [3.1415927482292503, 3.141592734058599, 3.1415927273118833, 3.1415927219010142, 3.1415927232520713, 3.141592718664806, 3.1415927170816813, 3.141592718681095, 3.1415927134520394, 3.1415927088456295, 3.1415927044610865, 3.1415926990434078, 3.141592694837029, 3.1415926918384702, 3.141592689997653, 3.141592689556173, 3.1415926930861553, 3.141592693306873, 3.1415926908872454, 3.141592692478833, 3.141592696874542, 3.1415926987259373, 3.141592695537872, 3.1415926734614006, 3.141592630456331, 3.141592578090437, 3.1415925301348704, 3.1415924709476433, 3.1415923509673034, 3.1415921274782717, 3.141591846853248, 3.141591492466336, 3.141591110997286, 3.1415908125195067, 3.141590243697994, 3.1415881573788393, 3.1415855321392, 3.1415832442329057, 3.14158179561628, 3.1415817409911817, 3.1415814195866556, 3.141578591192968, 3.1415737416180423, 3.1415664624324413, 3.1415573215296644, 3.1415579861230976, 3.141562337738606, 3.1415571511143794, 3.141543981388725, 3.1415231667462398, 3.1414871338094676, 3.141494018227607, 3.1415084995106857, 3.1414789256298787, 3.1414104657982067, 3.1414352129001526, 3.1414975445739044, 3.1415094485285664, 3.141455491908516, 3.141444257633298, 3.1414117626227753, 3.1413010344960757, 3.140993771319731, 3.1410878770370947, 3.1411862528375414, 3.141114346562994, 3.1404981894797572, 3.140570244772788, 3.1402012386960774, 3.1404010109392044, 3.139993545088329, 3.140114386436118, 3.1378171749609196, 3.138295298262492, 3.137496404349079, 3.1381637197644023, 3.1358284275471933, 3.1313004650041925, 3.140111044389488], "predicted_p_opt": 0.12333134502857952, "predicted_tts": 8.108238824187561, "p_opt": 0.11834477946198639, "tts": 8.449886885979712, "approx": 0.7061228641630666, "opt_gap": -0.2938771358369334, "th": -28.999000549316406}