{"edges": [[5, 7], [5, 6], [5, 15], [7, 2], [7, 15], [14, 19], [14, 10], [14, 17], [19, 13], [19, 6], [4, 18], [4, 17], [4, 10], [18, 16], [18, 0], [8, 12], [8, 0], [8, 15], [12, 1], [12, 2], [9, 11], [9, 17], [9, 3], [11, 13], [11, 3], [0, 16], [1, 3], [1, 16], [6, 2], [10, 13]], "num_nodes": 20, "opt_value": 27, "opt_count": 2, "feasible_count": 1048576, "mean_value": 15.0, "std": 2.7386127875258306, "level": 33, "gammas": [3.141591943040519, 3.141591921874497, 3.141591877495402, 3.1415914984936317, 3.1415896053686847, 3.141583735654179, 3.141570871751046, 3.141549269482618, 3.141520060278954, 3.141487090003731, 3.1414551285123755, 3.1414276281341547, 3.141405772287195, 3.1413886530421995, 3.14137479297453, 3.1413631297985036, 3.1413539244891187, 3.1413490040246765, 3.141351643909355, 3.1413655003154353, 3.141392602099598, 3.1414312252196908, 3.141475379342334, 3.1415170790920963, 3.1415500024947485, 3.1415718521956952, 3.141583967425581, 3.141589443807274, 3.1415916409450957, 3.141592184123257, 3.141592035130538, 3.141591958348343, 3.1415919430251393], "betas": [3.1415933850367788, 3.141593375472142, 3.1415932315351554, 3.1415923126182146, 3.14158880167789, 3.1415797655190323, 3.1415625978249855, 3.141536874307045, 3.1415052153837997, 3.141472201175379, 3.141442166203097, 3.1414175038150716, 3.141398211685554, 3.1413829146004506, 3.141370228226774, 3.141359653755838, 3.1413522488818835, 3.141350633856663, 3.1413584814120283, 3.141378906711107, 3.1414122658553065, 3.1414546254611153, 3.1414985304917593, 3.14153640174815, 3.1415638058535738, 3.14158045580328, 3.1415888118207564, 3.141592277014284, 3.1415935424994323, 3.14159357047938, 3.1415934140028745, 3.1415933606088116, 3.141593362910614], "predicted_p_opt": 0.008562088012695312, "predicted_tts": 116.793940744041, "p_opt": 0.0037965370831082907, "tts": 263.39792766656785, "approx": 0.8959776119263155, "opt_gap": -0.10402238807368447, "th": -23.922252192247747}