{"N": 24, "edgelist": ["0 3 {}\n", "0 4 {}\n", "0 5 {}\n", "0 7 {}\n", "0 8 {}\n", "0 10 {}\n", "0 11 {}\n", "0 12 {}\n", "0 14 {}\n", "0 15 {}\n", "0 17 {}\n", "0 18 {}\n", "0 21 {}\n", "0 23 {}\n", "1 3 {}\n", "1 7 {}\n", "1 8 {}\n", "1 12 {}\n", "1 13 {}\n", "1 15 {}\n", "1 21 {}\n", "1 22 {}\n", "2 5 {}\n", "2 11 {}\n", "2 12 {}\n", "2 13 {}\n", "2 14 {}\n", "2 16 {}\n", "2 19 {}\n", "2 23 {}\n", "3 4 {}\n", "3 12 {}\n", "3 13 {}\n", "3 14 {}\n", "3 16 {}\n", "3 17 {}\n", "3 19 {}\n", "3 20 {}\n", "3 22 {}\n", "4 5 {}\n", "4 6 {}\n", "4 7 {}\n", "4 9 {}\n", "4 11 {}\n", "4 12 {}\n", "4 13 {}\n", "4 15 {}\n", "4 19 {}\n", "4 21 {}\n", "4 23 {}\n", "5 6 {}\n", "5 8 {}\n", "5 11 {}\n", "5 12 {}\n", "5 15 {}\n", "5 16 {}\n", "5 19 {}\n", "5 20 {}\n", "5 21 {}\n", "5 22 {}\n", "5 23 {}\n", "6 10 {}\n", "6 11 {}\n", "6 13 {}\n", "6 14 {}\n", "6 15 {}\n", "6 16 {}\n", "6 17 {}\n", "6 18 {}\n", "6 19 {}\n", "6 20 {}\n", "6 21 {}\n", "6 22 {}\n", "7 8 {}\n", "7 10 {}\n", "7 18 {}\n", "7 20 {}\n", "7 23 {}\n", "8 9 {}\n", "8 10 {}\n", "8 11 {}\n", "8 12 {}\n", "8 13 {}\n", "8 14 {}\n", "8 15 {}\n", "8 17 {}\n", "8 18 {}\n", "8 19 {}\n", "8 23 {}\n", "9 10 {}\n", "9 12 {}\n", "9 15 {}\n", "9 16 {}\n", "9 17 {}\n", "9 19 {}\n", "9 23 {}\n", "10 12 {}\n", "10 13 {}\n", "10 14 {}\n", "10 15 {}\n", "10 16 {}\n", "10 18 {}\n", "10 22 {}\n", "10 23 {}\n", "11 13 {}\n", "11 14 {}\n", "11 16 {}\n", "11 17 {}\n", "11 22 {}\n", "11 23 {}\n", "12 13 {}\n", "12 15 {}\n", "12 16 {}\n", "12 17 {}\n", "12 18 {}\n", "12 21 {}\n", "12 22 {}\n", "12 23 {}\n", "13 14 {}\n", "13 17 {}\n", "13 19 {}\n", "14 16 {}\n", "14 17 {}\n", "14 19 {}\n", "14 22 {}\n", "14 23 {}\n", "15 16 {}\n", "15 17 {}\n", "15 20 {}\n", "15 23 {}\n", "16 17 {}\n", "16 18 {}\n", "16 21 {}\n", "16 22 {}\n", "16 23 {}\n", "17 23 {}\n", "18 19 {}\n", "18 22 {}\n", "18 23 {}\n", "19 20 {}\n", "19 21 {}\n", "19 22 {}\n", "19 23 {}\n", "20 21 {}\n", "20 22 {}\n"], "opt_value": 127, "opt_count": 1, "feasible_count": 2704156, "mean_value": 110.32608695652173, "std": 3.8732883895935637, "level": 48, "gammas": [0.2017240805084553, 0.1834866082911263, 0.17769230540754374, 0.18743094128894613, 0.16763013934774804, 0.15910538648253958, 0.16213311533574787, 0.167077473106831, 0.16625213196950475, 0.1645588712354351, 0.1686848128505895, 0.17473771928145992, 0.17809089782066953, 0.18129594169397953, 0.18839574239390092, 0.19907755663738305, 0.2099085015577535, 0.21758312342086525, 0.22417184159840686, 0.2262842529135116, 0.22216542304751638, 0.22413235033910547, 0.22670530334637215, 0.2285113406900725, 0.23054068441621572, 0.23249734429807672, 0.23518288808270288, 0.23576447434451164, 0.2217829082871754, 0.4240504124145893, 0.1182662773028282, 0.17635184833979564, 0.18855369722933632, 0.19726047812134875, 0.19971112148185724, 0.20121321677226653, 0.2015559074662023, 0.2013231751801217, 0.20259541294811195, 0.20408641553821774, 0.2064448455668441, 0.209595250506177, 0.21346637078169708, 0.21688862937530298, 0.23735750522244164, 0.18958856175543728, 6.067131790182816, 0.4351024410028853], "betas": [-1.7376101620887032, -2.769685348061642, -2.2151778162136018, -2.095957031584646, -1.9292962867436383, -1.862221483015711, -1.9139575880284048, -1.9161304210140646, -1.8772567783368141, -1.8829687801527422, -1.9309325200413399, -1.9677134824525622, -1.9890690561537678, -2.0207930308354514, -2.098752299232782, -2.1928818809286232, -2.269805677184421, -2.3451291098177385, -2.2076045383111986, -2.216097114429457, -2.283287222928672, -2.2726892029956125, -2.2720460492985763, -2.2699312347227942, -2.2644252713706954, -2.2608284676921326, -2.252214390062633, -2.3604883865816135, -1.4496381975118628, -2.5951804142192123, -2.9204013125249957, -2.4503038884914132, -2.5220715726617273, -2.4693976383148994, -2.445276366936431, 3.864176996625334, 3.878342869935658, 3.8962465989703263, 3.9040672472420246, 3.897311908897764, 3.889689499257419, 3.867311011833191, 3.838452203637912, 3.801682097702726, 3.7645902221221808, 3.8510333915375123, 1.983158992088438, 4.253314971836409], "predicted_p_opt": 0.0034794590252929195, "predicted_tts": 287.400999043469, "p_opt": 1.5124664903441719e-05, "tts": 66117.16731472466, "approx": 0.9633210565728303, "opt_gap": -0.03667894342716971}