{"locs": [[0.93, 0.54], [0.71, 0.8], [0.11, 0.7], [0.69, 0.15], [0.79, 0.95], [0.71, 0.84], [0.58, 0.27], [0.81, 0.1], [0.56, 0.02], [0.2, 0.52], [0.9, 0.59]], "opt_value": 2.8958559036254883, "opt_count": 2.0, "feasible_count": 3628800.0, "mean_value": 5.901012897491455, "std": 0.7020515203475952, "level": 3, "gammas": [3.141802185201319, 3.1418230845923754, 3.141758707314909], "betas": [3.141752639046137, 3.141720890990425, 3.141547831488009], "predicted_p_opt": 2.7006172839506174e-05, "predicted_tts": 37028.57142857143, "p_opt": 2.700593788374838e-05, "tts": 37028.893582762015, "approx": 2.0377161502838135, "opt_gap": 1.0377161502838135, "th": 2.8968558311462402}