{"edges": [[0, 7], [0, 10], [1, 3], [1, 12], [2, 4], [2, 12], [2, 13], [3, 7], [3, 13], [4, 5], [4, 7], [4, 11], [5, 6], [5, 8], [5, 13], [6, 8], [6, 13], [6, 14], [7, 9], [7, 11], [8, 9], [9, 10], [9, 11], [10, 14], [12, 14], [13, 14]], "num_nodes": 15, "num_colors": 3, "opt_value": 26, "opt_count": 78, "feasible_count": 14348907, "mean_value": 17.333333333333332, "std": 2.4037008503093262, "level": 15, "gammas": [3.141621536769392, 3.1415846541501167, 3.141588050089533, 3.1415927708502216, 3.1415919221509934, 3.141592167594588, 3.141592241895183, 3.1415849922836734, 3.1415917074458726, 3.141600516782797, 3.141538357699204, 3.141638285690796, 3.141058841822254, 3.141377309485037, 3.1415834291507236], "betas": [3.1415910002624647, 3.1416007189833097, 3.1415940393764386, 3.141592618388318, 3.141593727602782, 3.1415923965886, 3.1415945646410104, 3.141602281784077, 3.141587635785582, 3.1415669263635935, 3.141644810948508, 3.1413318073872585, 3.141126378227443, 3.1415382520122805, 3.141595189603091], "predicted_p_opt": 0.005223951901005421, "predicted_tts": 191.4259585367806, "p_opt": 0.005214871087401111, "tts": 191.75929437948218, "approx": 0.668403101485095, "opt_gap": -0.33159689851490504, "th": -25.999000549316406}