{"edges": [[0, 1], [0, 8], [0, 11], [1, 2], [1, 4], [1, 11], [2, 3], [2, 5], [3, 6], [3, 9], [3, 12], [4, 12], [5, 10], [6, 7], [6, 10], [8, 11]], "num_nodes": 13, "num_colors": 3, "distribution": [[0, 3], [2, 96], [3, 504], [5, 7518], [4, 2088], [7, 52080], [1, 12], [6, 21192], [8, 114732], [9, 209742], [10, 302856], [11, 336144], [12, 284976], [13, 175392], [14, 70764], [15, 15024], [16, 1200]], "opt_value": 16, "opt_count": 1200, "feasible_count": 1594323, "mean_value": 10.666666666666666, "std": 1.8856180831641267, "level": 6, "gammas": [0.32913079857826233, 0.47652971744537354, 0.48886120319366455, 0.4945937693119049, 0.4961751103401184, 1.5382088422775269], "betas": [2.510474681854248, 2.4188945293426514, 2.4446539878845215, 2.5220518112182617, -3.618377447128296, 0.54107266664505], "predicted_p_opt": 0.12720132620554303, "predicted_tts": 7.861553254437871, "p_opt": 0.04351073241619689, "tts": 22.9828353711589}