{"edges": [[0, 1], [0, 6], [0, 10], [0, 11], [1, 3], [1, 4], [2, 4], [2, 13], [2, 14], [3, 8], [3, 13], [4, 6], [4, 7], [5, 7], [5, 9], [5, 10], [5, 14], [6, 7], [6, 10], [6, 13], [7, 10], [7, 12], [8, 9], [8, 11], [8, 12], [9, 12]], "num_nodes": 15, "num_colors": 3, "opt_value": 26, "opt_count": 72, "feasible_count": 14348907, "mean_value": 17.333333333333332, "std": 2.4037008503093262, "level": 31, "gammas": [-0.23023675382137299, -0.33366265892982483, -0.3448673486709595, -0.3576604425907135, -0.21154053509235382, 0.3992482125759125, 0.34645920991897583, 0.3378821015357971, 0.3258485496044159, 0.34851646423339844, 0.29621821641921997, 0.29534628987312317, 0.3001112639904022, 0.2975158095359802, 0.3005848824977875, 0.30179688334465027, 0.3025907576084137, 0.303415983915329, 0.30431756377220154, 0.3052676320075989, 0.3066759407520294, 0.2971459627151489, 0.31103751063346863, 0.313904732465744, 0.317257821559906, 0.303163081407547, 0.305483877658844, 0.31258392333984375, 0.31825292110443115, 0.32426923513412476, 0.3206026256084442], "betas": [2.790818214416504, 2.8500471115112305, 3.095777750015259, 4.205234527587891, 0.9707778096199036, -3.4735658168792725, -3.0543899536132812, -3.0017120838165283, -3.026930332183838, -2.304720401763916, -2.4355368614196777, -2.4835493564605713, -2.5286061763763428, -2.539259672164917, -2.5364441871643066, -2.5402698516845703, -2.544182538986206, -2.550062894821167, -2.559047222137451, -2.5702919960021973, -2.6104817390441895, -2.689300060272217, -2.326336145401001, -2.665802240371704, -2.650515556335449, -2.6157166957855225, -2.6519439220428467, -2.700697660446167, -2.7093358039855957, -2.76741623878479, -2.886201858520508], "predicted_p_opt": 0.019915663262714017, "predicted_tts": 50.21173469387755, "p_opt": 0.012699327431619167, "tts": 78.74432763345955, "approx": 0.6642442941665649, "opt_gap": -0.33575570583343506}