{"N": 20, "edgelist": ["0 3 {}\n", "0 4 {}\n", "0 5 {}\n", "0 7 {}\n", "0 8 {}\n", "0 10 {}\n", "0 11 {}\n", "0 12 {}\n", "0 14 {}\n", "0 15 {}\n", "0 17 {}\n", "0 18 {}\n", "1 3 {}\n", "1 7 {}\n", "1 8 {}\n", "1 12 {}\n", "1 13 {}\n", "1 15 {}\n", "2 5 {}\n", "2 11 {}\n", "2 12 {}\n", "2 13 {}\n", "2 14 {}\n", "2 16 {}\n", "2 19 {}\n", "3 4 {}\n", "3 12 {}\n", "3 13 {}\n", "3 14 {}\n", "3 16 {}\n", "3 17 {}\n", "3 19 {}\n", "4 5 {}\n", "4 6 {}\n", "4 7 {}\n", "4 9 {}\n", "4 11 {}\n", "4 12 {}\n", "4 13 {}\n", "4 15 {}\n", "4 19 {}\n", "5 6 {}\n", "5 8 {}\n", "5 11 {}\n", "5 12 {}\n", "5 15 {}\n", "5 16 {}\n", "5 19 {}\n", "6 10 {}\n", "6 11 {}\n", "6 13 {}\n", "6 14 {}\n", "6 15 {}\n", "6 16 {}\n", "6 17 {}\n", "6 18 {}\n", "6 19 {}\n", "7 8 {}\n", "7 10 {}\n", "7 18 {}\n", "8 9 {}\n", "8 10 {}\n", "8 11 {}\n", "8 12 {}\n", "8 13 {}\n", "8 14 {}\n", "8 15 {}\n", "8 17 {}\n", "8 18 {}\n", "8 19 {}\n", "9 10 {}\n", "9 12 {}\n", "9 15 {}\n", "9 16 {}\n", "9 17 {}\n", "9 19 {}\n", "10 12 {}\n", "10 13 {}\n", "10 14 {}\n", "10 15 {}\n", "10 16 {}\n", "10 18 {}\n", "11 13 {}\n", "11 14 {}\n", "11 16 {}\n", "11 17 {}\n", "12 13 {}\n", "12 15 {}\n", "12 16 {}\n", "12 17 {}\n", "12 18 {}\n", "13 14 {}\n", "13 17 {}\n", "13 19 {}\n", "14 16 {}\n", "14 17 {}\n", "14 19 {}\n", "15 16 {}\n", "15 17 {}\n", "16 17 {}\n", "16 18 {}\n", "18 19 {}\n"], "opt_value": 90, "opt_count": 2, "feasible_count": 184756, "mean_value": 77.84210526315789, "std": 3.0713634735151243, "level": 75, "gammas": [3.1415924995752205, 3.1415925289822333, 3.141592545513867, 3.1415925565514047, 3.1415925606545057, 3.141592561303319, 3.1415925591650598, 3.1415925663665636, 3.1415925665441713, 3.14159257540548, 3.141592587674727, 3.1415925956583832, 3.1415926104790555, 3.1415926241098053, 3.141592622724813, 3.1415926258119224, 3.1415926282047413, 3.1415926291171625, 3.14159262074781, 3.1415926091135136, 3.1415925986565294, 3.1415925789085457, 3.1415925690852773, 3.1415925562486207, 3.1415925142352568, 3.1415924965969495, 3.1415924477048276, 3.141592395894083, 3.1415922840213066, 3.141592160147183, 3.1415920056484095, 3.141591956236515, 3.1415918273462062, 3.1415907540015495, 3.1415887996552856, 3.1415870998679347, 3.141585447669518, 3.1415835025770553, 3.141580370885037, 3.141577177140825, 3.141571918259182, 3.141569558157268, 3.1415686416188504, 3.141567958910264, 3.14156637273366, 3.1415614314616067, 3.141545326029632, 3.141529497999624, 3.141482502440514, 3.141450709614092, 3.1414328701319083, 3.14142736624967, 3.141400990825527, 3.1413673779059117, 3.1414137243295084, 3.1412771668151023, 3.1434796583845666, 3.1434127772924616, 3.1428004340728846, 3.1440255014582643, 3.1432654463165024, 3.1425061226172777, 3.141401360561317, 3.140548888791718, 3.140649524269199, 3.1406531481241844, 3.1399576931564264, 3.1387994601200573, 3.1389660524850678, 3.1372369544486056, 3.1378299634871802, 3.1325473340121976, 3.136377794370349, 3.1230001058710775, 3.134462198293244], "betas": [3.141592789799712, 3.141592768331337, 3.1415927557399614, 3.141592751602514, 3.141592750126416, 3.1415927454966206, 3.141592738634659, 3.1415927386561657, 3.1415927361195917, 3.1415927245426465, 3.1415927124209087, 3.141592703298228, 3.1415926990122034, 3.1415926914640147, 3.1415926827175467, 3.1415926843510498, 3.141592689698938, 3.1415926876302795, 3.1415926786592103, 3.1415926727603716, 3.141592663980428, 3.141592654992347, 3.1415926503548652, 3.1415926274069457, 3.141592589386604, 3.1415925314067454, 3.141592464003472, 3.1415923751492594, 3.141592238756043, 3.1415920716867807, 3.1415919619919004, 3.1415919266618366, 3.1415914630310073, 3.141589789549681, 3.141587944289512, 3.1415862965010657, 3.1415846732277415, 3.1415820470661413, 3.1415789848617104, 3.141574733351821, 3.1415701907314237, 3.141569276668921, 3.141568163118753, 3.141567332075904, 3.141564859718047, 3.1415539353180013, 3.1415383158230497, 3.141509946001958, 3.141460630542853, 3.141443871712584, 3.141425655930617, 3.1414211128510745, 3.1413848480118234, 3.1413757772567594, 3.1413272760454127, 3.1420047104579596, 3.1442035843793077, 3.14250228675262, 3.1436867989608572, 3.143727592601125, 3.1428685373977925, 3.142046496190442, 3.140794338766174, 3.140619743971014, 3.140573490396599, 3.1406224174216355, 3.1389939376266573, 3.139341554078374, 3.1375749541990965, 3.1382534642233937, 3.1344239162625884, 3.1356265339612572, 3.1292049089338976, 3.1263320629715086, 3.1397864739497408], "predicted_p_opt": 0.24682283660611834, "predicted_tts": 4.051488969782027, "p_opt": 0.22717273136188143, "tts": 4.40193677297924, "approx": 0.8955994859167217, "opt_gap": -0.10440051408327833, "th": -89.9990005493164}