{"N": 24, "edgelist": ["0 1 {}\n", "0 2 {}\n", "0 4 {}\n", "0 5 {}\n", "0 6 {}\n", "0 9 {}\n", "0 10 {}\n", "0 14 {}\n", "0 16 {}\n", "0 17 {}\n", "0 18 {}\n", "0 22 {}\n", "1 2 {}\n", "1 3 {}\n", "1 4 {}\n", "1 5 {}\n", "1 6 {}\n", "1 8 {}\n", "1 9 {}\n", "1 10 {}\n", "1 11 {}\n", "1 13 {}\n", "1 14 {}\n", "1 16 {}\n", "1 18 {}\n", "1 19 {}\n", "1 20 {}\n", "1 21 {}\n", "1 22 {}\n", "1 23 {}\n", "2 3 {}\n", "2 8 {}\n", "2 9 {}\n", "2 10 {}\n", "2 13 {}\n", "2 14 {}\n", "2 16 {}\n", "2 17 {}\n", "2 18 {}\n", "2 19 {}\n", "2 20 {}\n", "2 22 {}\n", "2 23 {}\n", "3 5 {}\n", "3 6 {}\n", "3 8 {}\n", "3 9 {}\n", "3 17 {}\n", "3 19 {}\n", "3 20 {}\n", "3 23 {}\n", "4 6 {}\n", "4 9 {}\n", "4 10 {}\n", "4 11 {}\n", "4 14 {}\n", "4 15 {}\n", "4 16 {}\n", "4 17 {}\n", "4 19 {}\n", "4 20 {}\n", "4 23 {}\n", "5 6 {}\n", "5 11 {}\n", "5 12 {}\n", "5 13 {}\n", "5 18 {}\n", "5 22 {}\n", "6 10 {}\n", "6 11 {}\n", "6 12 {}\n", "6 16 {}\n", "6 18 {}\n", "6 19 {}\n", "6 20 {}\n", "6 22 {}\n", "7 13 {}\n", "7 14 {}\n", "7 22 {}\n", "7 23 {}\n", "8 12 {}\n", "8 13 {}\n", "8 16 {}\n", "8 17 {}\n", "8 20 {}\n", "8 21 {}\n", "8 22 {}\n", "9 11 {}\n", "9 16 {}\n", "9 18 {}\n", "9 19 {}\n", "9 21 {}\n", "9 23 {}\n", "10 13 {}\n", "10 16 {}\n", "10 17 {}\n", "10 19 {}\n", "10 21 {}\n", "10 22 {}\n", "11 12 {}\n", "11 13 {}\n", "11 18 {}\n", "11 19 {}\n", "11 21 {}\n", "12 13 {}\n", "12 14 {}\n", "12 15 {}\n", "12 18 {}\n", "12 21 {}\n", "12 22 {}\n", "13 18 {}\n", "13 21 {}\n", "14 16 {}\n", "14 19 {}\n", "14 20 {}\n", "14 21 {}\n", "14 23 {}\n", "15 19 {}\n", "15 21 {}\n", "15 22 {}\n", "16 19 {}\n", "16 22 {}\n", "16 23 {}\n", "17 20 {}\n", "18 19 {}\n", "18 20 {}\n", "18 21 {}\n", "18 22 {}\n", "18 23 {}\n", "19 21 {}\n", "19 23 {}\n", "20 22 {}\n", "21 22 {}\n", "22 23 {}\n"], "opt_value": 119, "opt_count": 1, "feasible_count": 2704156, "mean_value": 101.95652173913044, "std": 4.396282769274016, "level": 57, "gammas": [-0.08666517585515976, -0.15807698667049408, -0.17089587450027466, -0.17246733605861664, -0.1717020720243454, -0.17077898979187012, -0.17024552822113037, -0.17009593546390533, -0.17014643549919128, -0.17027224600315094, -0.17037732899188995, -0.17047056555747986, -0.17051905393600464, -0.1704900562763214, -0.170416921377182, -0.17032158374786377, -0.17019690573215485, -0.17011456191539764, -0.17013776302337646, -0.17035514116287231, -0.1706390678882599, -0.17056670784950256, -0.16882960498332977, -0.15821604430675507, -0.13141553103923798, 0.07017283141613007, 0.16511070728302002, 0.1732299029827118, 0.17225772142410278, 0.17005214095115662, 0.16822177171707153, 0.1672225445508957, 0.16693072021007538, 0.16710424423217773, 0.16747204959392548, 0.16788363456726074, 0.1682479977607727, 0.16856355965137482, 0.16880519688129425, 0.16902516782283783, 0.16921420395374298, 0.1694093495607376, 0.16958343982696533, 0.16975608468055725, 0.16995227336883545, 0.17025063931941986, 0.17067985236644745, 0.17110976576805115, 0.17131832242012024, 0.17122580111026764, 0.17736725509166718, 0.16757376492023468, 0.16932113468647003, 0.17071892321109772, 0.17132554948329926, 0.17097461223602295, 0.16611149907112122], "betas": [2.894890785217285, 2.8342084884643555, 2.8233020305633545, 2.826131582260132, 2.833440065383911, 2.8419435024261475, 2.850644111633301, 2.8580079078674316, 2.8635413646698, 2.8671319484710693, 2.8689913749694824, 2.8696391582489014, 2.869577169418335, 2.86893630027771, 2.8671398162841797, 2.863250255584717, 2.856874942779541, 2.8473074436187744, 2.83441162109375, 2.8188939094543457, 2.802640199661255, 2.7953054904937744, 2.83329439163208, 2.983776569366455, -1.7307467460632324, -3.5152318477630615, -2.9269211292266846, -2.8487231731414795, -2.805419683456421, -2.7854297161102295, -2.7801361083984375, -2.784318685531616, -2.7931995391845703, -2.803276777267456, -2.812511444091797, -2.8204519748687744, -2.826793670654297, -2.8321123123168945, -2.8367795944213867, -2.840923309326172, -2.844038724899292, -2.846198320388794, -2.847125768661499, -2.8479363918304443, -2.8501596450805664, -2.8583502769470215, -2.877131223678589, -2.909210681915283, -2.9439399242401123, -2.9481163024902344, -2.7676398754119873, -2.859832763671875, -2.8800160884857178, -2.8798413276672363, -2.878847599029541, -2.8860225677490234, -2.9232184886932373], "predicted_p_opt": 0.004890620215697615, "predicted_tts": 204.47304347826088, "p_opt": 0.0035997811980056534, "tts": 277.794661673887, "approx": 0.8626851689701037, "opt_gap": -0.13731483102989628}