{"edges": [[6, 18], [6, 8], [6, 13], [18, 17], [18, 14], [12, 16], [12, 4], [12, 19], [16, 7], [16, 2], [4, 14], [4, 0], [19, 3], [19, 7], [5, 10], [5, 9], [5, 1], [10, 0], [10, 17], [3, 1], [3, 2], [17, 9], [9, 15], [8, 15], [8, 11], [15, 11], [1, 13], [0, 11], [13, 14], [7, 2]], "num_nodes": 20, "opt_value": 27, "opt_count": 2, "feasible_count": 1048576, "mean_value": 15.0, "std": 2.7386127875258306, "level": 13, "gammas": [0.12381214648485184, 0.24941478669643402, 0.28112444281578064, 0.2900565266609192, 0.2933630049228668, 0.2954842150211334, 0.29785221815109253, 0.30078125, 0.3057418763637543, 0.31410250067710876, 0.32651835680007935, 0.34542641043663025, 0.37738722562789917], "betas": [-2.5276434421539307, -2.233680486679077, -2.0911543369293213, -2.009807825088501, -1.953984022140503, -1.908669114112854, -1.8632115125656128, -1.8149807453155518, -1.769155740737915, -1.7186810970306396, -1.645918607711792, -1.5189566612243652, -1.2366381883621216], "predicted_p_opt": 0.0013904571533203125, "predicted_tts": 719.1879286694101, "p_opt": 2.440903517708648e-05, "tts": 40968.436185414284, "approx": 0.8021887540817261, "opt_gap": -0.19781124591827393}