{"edges": [[6, 18], [6, 8], [6, 7], [18, 7], [18, 11], [3, 19], [3, 1], [3, 5], [19, 7], [19, 2], [9, 14], [9, 17], [9, 12], [14, 13], [14, 8], [17, 15], [17, 8], [2, 5], [2, 12], [5, 11], [1, 12], [1, 10], [13, 4], [13, 10], [15, 16], [15, 0], [0, 4], [0, 16], [4, 10], [16, 11]], "num_nodes": 20, "opt_value": 26, "opt_count": 8, "feasible_count": 1048576, "mean_value": 15.0, "std": 2.7386127875258306, "level": 13, "gammas": [0.12418811023235321, 0.25222495198249817, 0.2858740985393524, 0.2954798936843872, 0.2987639009952545, 0.3005336821079254, 0.30291077494621277, 0.3065662682056427, 0.31242817640304565, 0.32101407647132874, 0.33291321992874146, 0.35072365403175354, 0.3802865743637085], "betas": [-2.520805597305298, -2.2195446491241455, -2.0700438022613525, -1.9816855192184448, -1.9183003902435303, -1.8674969673156738, -1.8218563795089722, -1.777435064315796, -1.7329659461975098, -1.6790695190429688, -1.6036640405654907, -1.4756454229354858, -1.2005504369735718], "predicted_p_opt": 0.00556182861328125, "predicted_tts": 179.79698216735252, "p_opt": 0.00011771042773034424, "tts": 8495.424061246638, "approx": 0.8262913823127747, "opt_gap": -0.17370861768722534}