{"edges": [[6, 18], [6, 1], [6, 3], [18, 10], [18, 2], [20, 23], [20, 13], [20, 3], [23, 9], [23, 13], [12, 19], [12, 7], [12, 14], [19, 0], [19, 10], [4, 15], [4, 8], [4, 7], [15, 5], [15, 22], [9, 14], [9, 0], [14, 11], [1, 24], [1, 8], [11, 8], [11, 25], [10, 2], [2, 17], [17, 22], [17, 16], [13, 7], [24, 21], [24, 25], [16, 22], [16, 21], [21, 5], [3, 5], [0, 25]], "num_nodes": 26, "opt_value": 34, "opt_count": 2, "feasible_count": 67108864, "mean_value": 19.5, "std": 3.122498999199199, "level": 34, "gammas": [-0.14819177481662185, -0.2805116226019311, -0.25515648491653276, -0.18287106424657681, -0.2585523886906985, -0.2586173439552205, -0.2691895950497474, -0.26982630654249223, -0.2686825689568534, -0.26915406424147825, -0.26895613345423836, -0.2649403426082782, -0.25685971232920607, -0.2600727100848076, -0.2791393279971708, -0.26515371860730846, -0.26883738591504724, -0.27082408078099685, -0.27279896673190646, -0.27533441938281455, -0.2757777147599443, -0.2723960816668196, -0.3285545088044603, 5.90925976190276, 5.883370628567231, 5.878164539867208, 5.964802421985958, 5.998480129106754, 6.008488607997476, 6.010911733175378, 6.009322616006359, 6.004699815834237, 5.99802330737491, 5.992772154334454], "betas": [2.86065810862583, 2.5508088225055614, 1.6841684995089496, 2.2215358363488975, 3.1164854195207723, 2.688463430487414, 2.4511922010199285, 2.3703245213742017, 2.317584965775947, 2.267860219228557, 2.198772853396574, 2.0871183807915537, 1.9849721950972623, 2.02138875880702, 2.0747849320204, 2.1456872666293307, 2.131371702322119, 2.126462602875251, 2.1231114654481904, 2.1259923242062424, 2.1997649125377463, 1.844090766982541, 2.240951994063805, 2.31363046897901, 2.430715184089387, 2.6625273764766013, 2.617405798035456, 2.504537720219808, 2.424149886575519, 2.3870156997829772, 2.384160618677165, 2.40838890740708, 2.4442256344378253, 2.408090124897499], "predicted_p_opt": 0.00014188885688781738, "predicted_tts": 7047.769796261289, "p_opt": 4.8653221726375016e-08, "tts": 20553623.470691927, "approx": 0.836541122338363, "opt_gap": -0.16345887766163703}