{"edges": [[6, 12], [6, 1], [6, 17], [12, 19], [12, 24], [20, 23], [20, 19], [20, 24], [23, 11], [23, 8], [19, 21], [4, 15], [4, 17], [4, 13], [15, 10], [15, 16], [3, 22], [3, 5], [3, 0], [22, 5], [22, 17], [1, 9], [1, 10], [0, 8], [0, 9], [8, 11], [11, 14], [14, 2], [14, 7], [21, 18], [21, 2], [5, 24], [9, 25], [10, 16], [2, 18], [7, 13], [7, 18], [13, 25], [16, 25]], "num_nodes": 26, "opt_value": 34, "opt_count": 4, "feasible_count": 67108864, "mean_value": 19.5, "std": 3.122498999199199, "level": 34, "gammas": [-0.3367005889062497, -0.22317129518882745, -0.28994092293955914, -0.25276867438753065, -0.2656672873873485, -0.26213768768074647, -0.2655251081909266, -0.26870659534565294, -0.2700678009372695, -0.26475355790156374, -0.2439126770153544, -0.23647011917771932, -0.26963709486562515, -0.2846429339294669, -0.27944402289921133, -0.27950452828851685, -0.2865523828664194, -0.29310109092342373, -0.2994997958863505, -0.29474071809831387, -0.48136555216907434, -0.16566048629136207, -0.34772083613961563, 6.027488794038779, 6.003859193409436, 6.020843293166842, 6.019338707026487, 6.019635753879116, 6.016703075071362, 6.0112194430221875, 6.004656753026672, 5.996314250942277, 5.987638160109512, 5.9851381790474845], "betas": [3.44999944588009, 2.2999964325022497, 2.45263468953422, 2.3144306143231295, 2.274750704292168, 2.255968335709996, 2.240306893068684, 2.2172454849057113, 2.1532187871925252, 1.9877266846088855, 1.7645890091020449, 1.8094165497516286, 1.9355797112572588, 1.7613216212547806, 1.8976902200913504, 1.8924973244487406, 1.876040250366357, 1.865485751114902, 1.862294751010788, 1.4851022262027582, 0.9934567886971092, 4.291436919310024, 2.8973307024101627, 2.6581140300755406, 2.4557411894487493, 2.3615407500357777, 2.305927145220082, 2.282477906851271, 2.2854404116667033, 2.308907558113488, 2.3566570710181223, 2.4077155946048916, 2.4685711375681194, 2.441246347564325], "predicted_p_opt": 0.00028377771377563477, "predicted_tts": 3523.8848981306446, "p_opt": 2.8611685086422087e-07, "tts": 3495075.5154038738, "approx": 0.8330828750386178, "opt_gap": -0.16691712496138222}