{"edges": [[0, 2], [0, 5], [0, 8], [0, 11], [1, 6], [1, 7], [1, 11], [2, 3], [2, 6], [3, 4], [3, 9], [3, 12], [4, 7], [4, 9], [4, 10], [5, 6], [5, 7], [5, 13], [6, 12], [7, 8], [7, 11], [8, 10], [9, 11], [10, 11], [10, 13], [11, 12]], "num_nodes": 14, "num_colors": 3, "distribution": [[0, 3], [2, 6], [3, 30], [5, 150], [6, 366], [8, 2376], [7, 930], [9, 5484], [10, 13524], [4, 48], [11, 31548], [12, 69636], [13, 148128], [14, 282498], [15, 466224], [16, 663672], [17, 794568], [18, 791094], [19, 647904], [20, 443556], [21, 250284], [22, 115920], [23, 41640], [24, 11202], [25, 2010], [26, 168]], "opt_value": 26, "opt_count": 168, "feasible_count": 4782969, "mean_value": 17.333333333333332, "std": 2.4037008503093262, "level": 8, "gammas": [0.2435186505317688, 0.32962116599082947, 0.3282575011253357, 0.3307640850543976, 0.9368467330932617, 0.4156312644481659, 0.9582598209381104, 0.40373319387435913], "betas": [2.696202516555786, 2.6879377365112305, 2.7468655109405518, 2.8300559520721436, 2.044304132461548, 2.6226654052734375, 2.0126090049743652, 2.673168897628784], "predicted_p_opt": 0.01015101707746799, "predicted_tts": 98.51229609490856, "p_opt": 0.002082999932214322, "tts": 480.076827912786}