{"edges": [[0, 2], [0, 6], [0, 12], [1, 13], [2, 8], [2, 9], [2, 11], [2, 12], [2, 13], [3, 4], [3, 5], [4, 8], [4, 11], [5, 6], [6, 7], [6, 8], [7, 10], [7, 11], [7, 12], [7, 13], [8, 9], [10, 12]], "num_nodes": 14, "num_colors": 3, "distribution": [[0, 3], [3, 108], [4, 294], [7, 6570], [6, 2340], [10, 97692], [2, 36], [5, 936], [8, 16926], [11, 206886], [9, 41892], [12, 386898], [13, 607002], [14, 804456], [15, 867888], [16, 764226], [17, 536070], [18, 290358], [19, 116034], [20, 31200], [21, 4836], [22, 312], [1, 6]], "opt_value": 22, "opt_count": 312, "feasible_count": 4782969, "mean_value": 14.666666666666666, "std": 2.211083193570267, "level": 8, "gammas": [0.2489246129989624, 0.3647138178348541, 0.36893877387046814, 0.3689507246017456, 0.37068209052085876, 0.37428778409957886, 0.3743724524974823, 1.167643666267395], "betas": [2.6233606338500977, 2.541672706604004, 2.5524637699127197, 2.5902912616729736, -3.64428448677063, 2.7065682411193848, 2.8142127990722656, 1.6607292890548706], "predicted_p_opt": 0.01885188885815484, "predicted_tts": 53.04508251264307, "p_opt": 0.008994014013045231, "tts": 111.18506136965821}