{"edges": [[3, 10], [3, 9], [3, 23], [10, 21], [10, 16], [14, 22], [14, 13], [14, 4], [22, 16], [22, 18], [8, 15], [8, 21], [8, 11], [15, 13], [15, 7], [21, 2], [0, 17], [0, 1], [0, 12], [17, 23], [17, 19], [13, 2], [11, 20], [11, 12], [20, 6], [20, 4], [9, 23], [9, 18], [6, 7], [6, 19], [16, 1], [7, 19], [18, 2], [4, 5], [5, 12], [5, 1]], "num_nodes": 24, "opt_value": 32, "opt_count": 4, "feasible_count": 16777216, "mean_value": 18.0, "std": 3.0, "level": 4, "gammas": [-0.15879085991220956, -0.29342533319888425, -0.32633080909925266, 5.930507283617692], "betas": [2.2362665503668535, 1.8377507261234305, 1.587051854184233, 1.2566046962862187], "predicted_p_opt": 1.9311904907226562e-05, "predicted_tts": 51781.53086419753, "p_opt": 1.4175580790869954e-06, "tts": 705438.4682736023, "approx": 0.7241205402851693, "opt_gap": -0.27587945971483074}