{"edges": [[6, 21], [6, 17], [6, 19], [21, 5], [21, 7], [4, 9], [4, 27], [4, 16], [9, 25], [9, 2], [20, 26], [20, 11], [20, 25], [26, 22], [26, 15], [3, 13], [3, 18], [3, 8], [13, 2], [13, 10], [5, 10], [5, 24], [10, 16], [22, 16], [22, 0], [27, 17], [27, 19], [0, 14], [0, 19], [14, 11], [14, 2], [11, 23], [17, 1], [1, 12], [1, 24], [12, 15], [12, 24], [23, 15], [23, 8], [25, 18], [18, 7], [8, 7]], "num_nodes": 28, "opt_value": 38, "opt_count": 2, "feasible_count": 268435456, "mean_value": 21.0, "std": 3.24037034920393, "level": 35, "gammas": [-0.1251371836640626, -0.22253631210439637, -0.17316916510363756, -0.21639187167881158, -0.22672839698595193, -0.1763343310485362, -0.1698629399435712, -0.20805967187327148, -0.1873663301306229, -0.1759996454916867, -0.2028636251262763, -0.194594478338363, -0.20624786695841255, -0.20375385444397948, -0.20862483031214646, -0.21197581644668373, -0.21561120327392225, -0.22008620006965798, -0.22464078847125832, -0.22888804212961514, -0.23282011758081775, -0.23666317182381164, -0.2406775607646818, -0.245137765981267, -0.25029907326330686, -0.25254618231515874, -0.2629879407104497, -0.2965544646977541, -0.35992685313567513, 5.892174992912633, 5.939891151658672, 5.990555206031819, 6.007935539620619, 6.01175805741542, 6.013267059452837], "betas": [2.796091774583235, 2.142013517696384, 1.784326060255057, 2.5422831142575655, 2.3151517382627254, 1.6745464468734093, 1.8305878748520725, 1.8503434055876058, 1.532265568442866, 1.6683223954189124, 1.7026803208075978, 1.6411335766095794, 1.760769789319032, 1.841421064648791, 1.8387924514058922, 1.853282211826955, 1.8742233688280299, 1.8960767952053044, 1.9142852687275815, 1.9269414572970236, 1.934865200252193, 1.9399608271156084, 1.944239687132326, 1.9490740409672482, 1.959947565256809, 2.008021195822041, 1.670664870752614, 2.1280706283479827, 2.226334522698484, 2.418219394306846, 2.5895031522352996, 2.6003465827633154, 2.58979476553078, 2.5760223461909773, 2.4910998243013585], "predicted_p_opt": 3.755837678909302e-05, "predicted_tts": 26625.2188057925, "p_opt": 4.9367101405909554e-08, "tts": 20256405.004979566, "approx": 0.8038957816326487, "opt_gap": -0.19610421836735126}