{"edges": [[0, 1], [0, 2], [0, 6], [0, 9], [0, 10], [0, 11], [1, 4], [1, 13], [2, 6], [2, 7], [3, 7], [3, 8], [3, 11], [3, 13], [4, 6], [4, 9], [4, 10], [5, 11], [5, 12], [5, 13], [6, 7], [6, 8], [6, 10], [6, 12], [7, 13], [8, 9], [8, 10], [8, 14], [9, 11], [9, 13], [13, 14]], "num_nodes": 15, "num_colors": 3, "opt_value": 31, "opt_count": 30, "feasible_count": 14348907, "mean_value": 20.666666666666668, "std": 2.6246692913372702, "level": 79, "gammas": [0.1440122127532959, 0.2323537915945053, 0.24258211255073547, 0.23544958233833313, 0.23146608471870422, 0.23144277930259705, 0.2353142499923706, 0.23722560703754425, 0.2390582263469696, 0.2396470457315445, 0.23853351175785065, 0.2358616441488266, 0.23253385722637177, 0.22991123795509338, 0.2294413447380066, 0.23088769614696503, 0.2331046611070633, 0.23486381769180298, 0.2355380356311798, 0.23479314148426056, 0.23230235278606415, 0.22858798503875732, 0.22471512854099274, 0.2123921811580658, 0.21909955143928528, 0.22730949521064758, 0.21989426016807556, 0.19041375815868378, 0.21719707548618317, 0.2388502061367035, 0.22234468162059784, 0.21244725584983826, 0.22394658625125885, 0.22295905649662018, 0.21900193393230438, 0.21732790768146515, 0.2180638164281845, 0.2192392647266388, 0.21915781497955322, 0.21756821870803833, 0.21587413549423218, 0.21703802049160004, 0.22154837846755981, 0.22654089331626892, 0.22925999760627747, 0.22912812232971191, 0.22646518051624298, 0.2228320986032486, 0.22107291221618652, 0.2224634736776352, 0.22632014751434326, 0.23525895178318024, 0.24383574724197388, 0.24623186886310577, 0.2220037281513214, 0.12832960486412048, -0.20695796608924866, -0.2553800344467163, -0.25883612036705017, -0.25831395387649536, -0.25611603260040283, -0.2553364336490631, -0.2559262216091156, -0.2563719153404236, -0.2568109631538391, -0.2575153112411499, -0.2584632933139801, -0.25978294014930725, -0.26108989119529724, -0.26190733909606934, -0.26211774349212646, -0.26233524084091187, -0.2630922794342041, -0.2644408643245697, -0.2660719156265259, -0.2691630423069, -0.2698915898799896, -0.2691555917263031, -0.2735291123390198], "betas": [-2.5573036670684814, -2.358320474624634, -2.338355541229248, -2.261061191558838, -2.3223350048065186, -2.327580451965332, -2.3465447425842285, -2.3774144649505615, -2.3901407718658447, -2.387907028198242, -2.3683228492736816, -2.336467981338501, -2.306406021118164, -2.2927072048187256, -2.2994885444641113, -2.315243721008301, -2.3303964138031006, -2.338191270828247, -2.3368148803710938, -2.3237736225128174, -2.2957630157470703, -2.245414972305298, -2.2517735958099365, -2.2675905227661133, -1.994888424873352, -2.2338454723358154, -2.05708909034729, -2.071228265762329, -2.2380053997039795, -2.13952374458313, -2.2743821144104004, -2.2031824588775635, -2.202507972717285, -2.1866838932037354, -2.1604323387145996, -2.1561691761016846, -2.1678779125213623, -2.1774377822875977, -2.1742777824401855, -2.1611993312835693, -2.1552257537841797, -2.1760456562042236, -2.218535900115967, -2.258594274520874, -2.2768750190734863, -2.2703232765197754, -2.2434885501861572, -2.2133023738861084, -2.2025821208953857, -2.2229843139648438, -2.269681453704834, -2.312445640563965, -2.3712949752807617, -2.42815899848938, -2.884556293487549, -1.8035919666290283, 2.5010986328125, 2.558722734451294, 2.544341802597046, 2.55423641204834, 2.561715602874756, 2.568521022796631, 2.5772552490234375, 2.5872962474823, 2.5977230072021484, 2.609110116958618, 2.6210405826568604, 2.6316261291503906, 2.63916015625, 2.645707130432129, 2.652688980102539, 2.6611788272857666, 2.6736254692077637, 2.6912403106689453, 2.711212158203125, 2.709852695465088, 2.8055922985076904, 2.7801105976104736, 2.858712911605835], "predicted_p_opt": 0.05285629072653408, "predicted_tts": 18.91922392310431, "p_opt": 0.03597330617362428, "tts": 27.798390150005243, "approx": 0.6578780119113498, "opt_gap": -0.34212198808865024}