{"edges": [[6, 18], [6, 14], [6, 2], [18, 1], [18, 13], [7, 17], [7, 16], [7, 13], [17, 4], [17, 10], [4, 9], [4, 11], [9, 5], [9, 15], [3, 10], [3, 15], [3, 5], [10, 1], [0, 2], [0, 8], [0, 12], [2, 15], [14, 19], [14, 12], [19, 8], [19, 1], [8, 5], [16, 11], [16, 13], [11, 12]], "num_nodes": 20, "opt_value": 27, "opt_count": 2, "feasible_count": 1048576, "mean_value": 15.0, "std": 2.7386127875258306, "level": 14, "gammas": [0.12254195291587534, 0.24944473662952227, 0.2825871004721586, 0.2917051768927873, 0.2948801191054071, 0.29688177673525123, 0.2994646009303058, 0.30267699406560544, 0.30680810393362756, 0.31291394948331064, 0.32149559052200055, 0.3336183493452763, 0.3518672962935977, 0.38253927743458827], "betas": [-2.5730720175375557, -2.2878612522743826, -2.141809024008489, -2.054432953042502, -1.9945604454805688, -1.9499004740986996, -1.9123718120984345, -1.8746190429054062, -1.8358678548702243, -1.7939705340006975, -1.739689403129995, -1.663152593494265, -1.534304539043313, 5.034219555961474], "predicted_p_opt": 0.0016040802001953125, "predicted_tts": 623.4102259215219, "p_opt": 2.6504193262126865e-05, "tts": 37729.878819928046, "approx": 0.8049232822394384, "opt_gap": -0.19507671776056157}