{"edges": [[0, 10], [1, 6], [1, 7], [1, 10], [1, 15], [2, 7], [2, 14], [2, 15], [3, 10], [3, 12], [4, 8], [4, 10], [4, 13], [5, 10], [5, 12], [5, 14], [6, 10], [6, 12], [6, 16], [8, 12], [8, 13], [9, 14], [11, 13], [12, 14], [12, 15], [13, 14], [14, 16]], "num_nodes": 17, "num_colors": 3, "opt_value": 27, "opt_count": 1824, "feasible_count": 129140163, "mean_value": 18.0, "std": 2.449489742783178, "level": 79, "gammas": [3.1415926339093083, 3.1415926130112695, 3.1415925982378132, 3.141592593227802, 3.141592591584311, 3.141592596895286, 3.141592593120706, 3.1415925913946974, 3.141592586459099, 3.141592593493386, 3.141592587683572, 3.141592586817357, 3.1415925967647342, 3.141592587777703, 3.141592593888315, 3.1415925828018323, 3.141592580128655, 3.141592583138779, 3.141592596119708, 3.141592587187694, 3.141592575360752, 3.141592571324098, 3.1415925654360457, 3.141592552223298, 3.141592519912504, 3.141592491796796, 3.141592434038041, 3.141592206560142, 3.141591813652082, 3.14159146809775, 3.1415911999882677, 3.141591004522887, 3.1415907419525744, 3.1415901767415066, 3.141589016649607, 3.141588216113084, 3.1415877026943955, 3.141587341705898, 3.141586727670692, 3.141583464283183, 3.1415768347425153, 3.1415744115827393, 3.1415750734284424, 3.1415743282741246, 3.1415699069102034, 3.1415601527986645, 3.141529300201747, 3.141514568747796, 3.141529611684056, 3.1415311246351805, 3.1414952622101193, 3.1414688966219337, 3.141466292639394, 3.14146319606019, 3.1413979825296288, 3.1413430282658004, 3.1412489107919463, 3.1411964742957115, 3.141257574266875, 3.1412539244156146, 3.141247846320205, 3.1412284557129775, 3.141262261612335, 3.141165712186892, 3.1409048206638186, 3.1406732951805654, 3.1409547417960035, 3.140722869349321, 3.140552303884502, 3.1401137554232856, 3.139781798502665, 3.1389987848559495, 3.139501784379046, 3.1380491547133103, 3.139691335349448, 3.1365644686357346, 3.139411364278547, 3.1278490790208955, 3.1336525474829715], "betas": [3.141592698671206, 3.1415927120103744, 3.1415927116127786, 3.1415927111150643, 3.141592713531145, 3.1415927128587677, 3.141592709404098, 3.141592712051328, 3.141592720062947, 3.1415927227728946, 3.1415927218337645, 3.141592720906571, 3.141592718529201, 3.1415927180570233, 3.1415927163854462, 3.1415927130603363, 3.1415927120304046, 3.1415927171593934, 3.1415927157884522, 3.1415927038247093, 3.1415926955737303, 3.141592690735418, 3.1415926735511692, 3.1415926386785777, 3.1415926073125977, 3.141592578321013, 3.1415924496511347, 3.141592115599632, 3.141591730533679, 3.141591420777688, 3.141591213595066, 3.141590990963188, 3.141590642675246, 3.1415897329544693, 3.1415886301534393, 3.1415880511663365, 3.141587579630632, 3.1415872300787866, 3.141585728541776, 3.141580243676025, 3.1415748668697834, 3.1415748563740244, 3.141575110809953, 3.141572552335322, 3.1415667673577543, 3.1415470244475188, 3.1415163916701365, 3.1415216697956367, 3.1415340821627784, 3.1415175690797574, 3.141476531560056, 3.141467873080395, 3.141466279898039, 3.1414408346296376, 3.141361346168796, 3.1413123055256302, 3.141193487563342, 3.1412373274354506, 3.1412505722092785, 3.141265888425296, 3.1412167743910415, 3.1412695094557197, 3.1412088791720674, 3.141094662164033, 3.1406883093064377, 3.1408582988460054, 3.1408289121470623, 3.1407173692433625, 3.1402171259484004, 3.1401867155148127, 3.1390852729403544, 3.13953409385889, 3.1384836215985894, 3.1389368983535104, 3.138593328262907, 3.1374409526112568, 3.135272985235905, 3.1272888090633777, 3.139292195847448], "predicted_p_opt": 0.3570736084636969, "predicted_tts": 2.800543014933204, "p_opt": 0.3165467788128691, "tts": 3.1590907471883125, "approx": 0.7721790220889836, "opt_gap": -0.2278209779110164, "th": -26.999000549316406}