{"N": 24, "edgelist": ["0 1 {}\n", "0 3 {}\n", "0 4 {}\n", "0 5 {}\n", "0 10 {}\n", "0 11 {}\n", "0 12 {}\n", "0 17 {}\n", "0 20 {}\n", "0 23 {}\n", "1 2 {}\n", "1 3 {}\n", "1 5 {}\n", "1 7 {}\n", "1 10 {}\n", "1 11 {}\n", "1 16 {}\n", "1 17 {}\n", "1 20 {}\n", "1 21 {}\n", "1 22 {}\n", "2 5 {}\n", "2 6 {}\n", "2 7 {}\n", "2 8 {}\n", "2 9 {}\n", "2 10 {}\n", "2 12 {}\n", "2 13 {}\n", "2 14 {}\n", "2 21 {}\n", "2 22 {}\n", "3 4 {}\n", "3 5 {}\n", "3 7 {}\n", "3 8 {}\n", "3 16 {}\n", "3 18 {}\n", "3 19 {}\n", "3 20 {}\n", "3 21 {}\n", "3 22 {}\n", "4 5 {}\n", "4 6 {}\n", "4 8 {}\n", "4 9 {}\n", "4 15 {}\n", "4 16 {}\n", "4 17 {}\n", "4 18 {}\n", "4 19 {}\n", "4 20 {}\n", "4 21 {}\n", "4 22 {}\n", "4 23 {}\n", "5 11 {}\n", "5 14 {}\n", "5 17 {}\n", "5 20 {}\n", "5 21 {}\n", "5 22 {}\n", "6 7 {}\n", "6 8 {}\n", "6 9 {}\n", "6 12 {}\n", "6 13 {}\n", "6 14 {}\n", "6 15 {}\n", "6 18 {}\n", "6 19 {}\n", "7 8 {}\n", "7 10 {}\n", "7 11 {}\n", "7 13 {}\n", "7 15 {}\n", "7 17 {}\n", "7 19 {}\n", "7 23 {}\n", "8 9 {}\n", "8 11 {}\n", "8 12 {}\n", "8 14 {}\n", "8 15 {}\n", "8 17 {}\n", "8 21 {}\n", "9 12 {}\n", "9 13 {}\n", "9 14 {}\n", "9 16 {}\n", "9 17 {}\n", "9 20 {}\n", "10 14 {}\n", "10 17 {}\n", "10 20 {}\n", "10 21 {}\n", "11 12 {}\n", "11 13 {}\n", "11 15 {}\n", "11 16 {}\n", "11 19 {}\n", "12 13 {}\n", "12 14 {}\n", "12 16 {}\n", "12 20 {}\n", "12 22 {}\n", "12 23 {}\n", "13 16 {}\n", "13 18 {}\n", "13 19 {}\n", "13 22 {}\n", "14 16 {}\n", "14 17 {}\n", "14 20 {}\n", "14 22 {}\n", "14 23 {}\n", "15 20 {}\n", "15 21 {}\n", "15 22 {}\n", "15 23 {}\n", "16 19 {}\n", "16 22 {}\n", "16 23 {}\n", "17 18 {}\n", "17 20 {}\n", "17 21 {}\n", "18 22 {}\n", "19 23 {}\n", "20 22 {}\n", "20 23 {}\n", "21 23 {}\n"], "opt_value": 112, "opt_count": 9, "feasible_count": 2704156, "mean_value": 98.91304347826087, "std": 3.1225314311440187, "level": 43, "gammas": [-0.4200248655939668, -0.26370817183823037, -0.2647071138420444, -0.258714199872604, -0.2543100024249055, -0.2572025901046072, -0.2527298474206199, -0.256300825339034, -0.25480516893196203, -0.257196107656486, -0.25682125471727174, -0.26006047972676033, -0.26056891702766133, -0.26498418071032465, -0.26910027651760976, -0.2778901111406037, -0.29328302560116176, -0.3060004080120268, -0.3124961509266105, -0.27783931279298935, -0.6680182148898034, -0.10339428658724115, -0.2552557292369083, 6.028927484797684, 6.043281171402776, 6.053675317221249, 6.063461991094291, 6.056467016975584, 6.058430065405951, 6.0568986855538975, 6.0543593726216605, 6.054153371393941, 6.048835375024132, 6.045864390902923, 6.036029309712734, 6.029283073587611, 6.021847136002696, 6.013132374915095, 6.003637106916198, 5.99385650072933, 4.890871275612094, 5.908714209960402, 1.4950370072198984], "betas": [3.1320706396031697, 2.636639050395247, 2.569920145463053, 2.51046062032805, 2.364921951766367, 2.429347830893595, 2.305125394998786, 2.3537012553637613, 2.278325744897639, 2.305483547320874, 2.259405355263437, 2.26709635447611, 2.236046125829031, 2.216869206753549, 2.219940832601598, 2.2338782238551302, 2.2363625897641093, 2.133628481865696, 1.9838417580882008, 1.967501661528973, 0.9893422997534168, 3.114569803599997, 3.2793282544446325, 2.709009148170913, 2.3481196431131153, 2.1274149586860864, 2.1279077510176796, 2.0416465496731204, 2.0924688298073564, 2.0318059950366245, 2.0736302016316914, 2.0493320100684214, 2.08127684586464, 2.1144889625713876, 2.1580520086120507, 2.2109574493961857, 2.246698611789813, 2.2917296359529584, 2.384441698684266, 2.4596993021002116, 1.6914611112440696, 2.1472481244283648, 2.008144822430696], "predicted_p_opt": 0.025191224174936654, "predicted_tts": 39.696363823196954, "p_opt": 0.00010219548495349237, "tts": 9785.168106546831, "approx": 0.9674047844144125, "opt_gap": -0.032595215585587534}