{"N": 24, "edgelist": ["0 4 {}\n", "0 7 {}\n", "0 10 {}\n", "0 12 {}\n", "0 14 {}\n", "0 17 {}\n", "0 18 {}\n", "0 21 {}\n", "0 22 {}\n", "0 23 {}\n", "1 3 {}\n", "1 4 {}\n", "1 7 {}\n", "1 9 {}\n", "1 10 {}\n", "1 11 {}\n", "1 12 {}\n", "1 13 {}\n", "1 14 {}\n", "1 15 {}\n", "1 16 {}\n", "1 17 {}\n", "1 18 {}\n", "1 19 {}\n", "1 22 {}\n", "2 5 {}\n", "2 7 {}\n", "2 9 {}\n", "2 10 {}\n", "2 11 {}\n", "2 12 {}\n", "2 13 {}\n", "2 14 {}\n", "2 15 {}\n", "2 16 {}\n", "2 19 {}\n", "2 20 {}\n", "2 21 {}\n", "2 22 {}\n", "2 23 {}\n", "3 4 {}\n", "3 12 {}\n", "3 17 {}\n", "3 18 {}\n", "3 20 {}\n", "3 21 {}\n", "3 23 {}\n", "4 6 {}\n", "4 7 {}\n", "4 11 {}\n", "4 13 {}\n", "4 16 {}\n", "4 18 {}\n", "4 20 {}\n", "4 21 {}\n", "4 23 {}\n", "5 6 {}\n", "5 8 {}\n", "5 11 {}\n", "5 12 {}\n", "5 17 {}\n", "5 18 {}\n", "5 23 {}\n", "6 8 {}\n", "6 9 {}\n", "6 10 {}\n", "6 12 {}\n", "6 13 {}\n", "6 14 {}\n", "6 15 {}\n", "6 16 {}\n", "6 17 {}\n", "6 18 {}\n", "6 22 {}\n", "7 10 {}\n", "7 11 {}\n", "7 13 {}\n", "7 14 {}\n", "7 15 {}\n", "7 16 {}\n", "7 17 {}\n", "7 18 {}\n", "7 19 {}\n", "8 9 {}\n", "8 11 {}\n", "8 12 {}\n", "8 13 {}\n", "8 20 {}\n", "8 21 {}\n", "8 22 {}\n", "8 23 {}\n", "9 10 {}\n", "9 11 {}\n", "9 17 {}\n", "9 18 {}\n", "9 21 {}\n", "9 22 {}\n", "10 12 {}\n", "10 14 {}\n", "10 15 {}\n", "10 16 {}\n", "10 18 {}\n", "10 20 {}\n", "10 23 {}\n", "11 12 {}\n", "11 13 {}\n", "11 14 {}\n", "11 16 {}\n", "11 22 {}\n", "11 23 {}\n", "12 13 {}\n", "12 14 {}\n", "12 16 {}\n", "12 17 {}\n", "12 18 {}\n", "12 19 {}\n", "12 22 {}\n", "12 23 {}\n", "13 14 {}\n", "13 15 {}\n", "13 16 {}\n", "13 17 {}\n", "13 23 {}\n", "14 15 {}\n", "14 20 {}\n", "14 21 {}\n", "14 22 {}\n", "15 16 {}\n", "15 17 {}\n", "15 18 {}\n", "15 19 {}\n", "15 20 {}\n", "16 19 {}\n", "16 21 {}\n", "16 22 {}\n", "16 23 {}\n", "17 18 {}\n", "17 23 {}\n", "18 19 {}\n", "18 22 {}\n", "18 23 {}\n", "19 22 {}\n", "20 22 {}\n", "20 23 {}\n", "21 22 {}\n"], "opt_value": 126, "opt_count": 3, "feasible_count": 2704156, "mean_value": 110.32608695652173, "std": 3.7261710275563114, "level": 43, "gammas": [0.107752003059374, 0.2135271408874612, 0.2295822209015248, 0.15615196464719092, 0.22513046688407845, 0.22413702326800145, 0.2094469379469372, 0.21950660602551647, 0.216402293546982, 0.2107195143187322, 0.2043276987264078, 0.19815621349190393, 0.19617364762142622, 0.20156543487221248, 0.21173217246557116, 0.22127693971508244, 0.22759614016458715, 0.22956845066981438, 0.22569711146096139, 0.225261523137608, 0.22333526169085138, 0.22636853681030075, 0.22762533596710888, 0.22891658294246228, 0.2304456626742964, 0.23117134715439644, 0.23391463312531371, 0.25797272807265464, 0.2884814469078631, 0.3179955583299262, 0.3480097780828507, 0.31273827396730525, 0.254832635287142, 0.23504349793057996, 0.22805537713353144, 0.22526540218479532, 0.22446235936772677, 0.22497630647427622, 0.22713226924966257, 0.2307223428745671, 0.23475430689772908, 0.23854402853069384, 0.23931668489213906], "betas": [-2.9522165780357805, -2.714885658496014, -1.9785766681618455, -1.6469132510442488, -2.859541267235042, -3.2376016627016995, -2.7759433863361203, -2.549696238581918, -2.4201852711907894, -2.3099737696295737, -2.203475488618075, -2.123593046636558, -2.1130227801331043, -2.174219919815571, -2.2528059276680183, -2.29999191200059, -2.2963205235335016, -2.2277934620908604, -2.1395969957051926, -2.2784552669875087, -2.269252593926799, -2.269313087226118, -2.265484198379186, -2.260358363696367, -2.253866457226665, -2.2826777353098335, -1.9993065120187943, -2.3958711740428376, -2.449781943900001, 3.8995817437233757, 3.7502753905864536, 3.576974827870141, 3.571369830545788, 3.6315429745017793, 3.696091202533226, 3.7405809387125823, 3.766092223962374, 3.7767563332683016, 3.771325430887512, 3.7571408285781294, 3.74286421781294, 3.7380416212800833, 3.8225816983751235], "predicted_p_opt": 0.008397074724978885, "predicted_tts": 119.08909146959087, "p_opt": 2.6602918722606493e-06, "tts": 375898.603618341, "approx": 0.9661371936376149, "opt_gap": -0.033862806362385145}