{"edges": [[0, 1], [0, 2], [0, 3], [0, 6], [0, 8], [0, 10], [1, 4], [1, 5], [1, 6], [1, 7], [1, 9], [2, 3], [2, 7], [2, 9], [2, 10], [3, 4], [3, 5], [3, 6], [3, 8], [3, 9], [4, 5], [4, 7], [7, 8], [7, 10], [8, 9], [9, 10]], "num_nodes": 11, "num_colors": 3, "opt_value": 26, "opt_count": 6, "feasible_count": 177147, "mean_value": 17.333333333333332, "std": 2.4037008503093262, "level": 23, "gammas": [0.1380552487742401, 0.21147602353849657, 0.24364905585467828, 0.19924961891553292, 0.1900277391065749, 0.2522050667055348, 0.27388140490121143, 0.28031919824719487, 0.2854776346396809, 0.28878572026742255, 0.29031759418523656, 0.29195852656181215, 0.29332344403388194, 0.2952528682587332, 0.29682841996412435, 0.298243368063165, 0.2990738498269268, 0.30248490220152535, 0.3065606889396637, 0.29834677189596465, 0.3040703483907914, 0.42334454945456657, 0.5234000663554164], "betas": [-2.292337887919182, -1.8020361804726768, -1.6045433955953106, -1.135504713122935, -1.1908125137888865, -1.3965391549523618, -1.4795907809184392, -1.4890396590928674, -1.4779497510814241, -1.4637632883349785, -1.4475835609803778, -1.434093237583418, -1.4157240810295952, -1.400126541691434, -1.3778356543629466, -1.3491439133051375, -1.3149753822696493, -1.2961739167602397, -1.3371994220739496, -1.4110603045860288, -1.0742818502695748, 4.460557866218859, 3.957221028771961], "predicted_p_opt": 0.07481921793764501, "predicted_tts": 13.365550022634675, "p_opt": 0.0010839928806641273, "tts": 922.51528385254, "approx": 0.8900735791517064, "opt_gap": -0.10992642084829363}