{"edges": [[0, 6], [0, 8], [0, 11], [1, 4], [1, 9], [1, 10], [2, 4], [2, 9], [3, 4], [3, 6], [4, 5], [4, 7], [4, 9], [4, 11], [5, 7], [5, 8], [5, 11], [6, 8], [7, 9], [7, 10], [8, 9], [8, 10], [9, 11], [10, 11]], "num_nodes": 12, "num_colors": 3, "opt_value": 24, "opt_count": 42, "feasible_count": 531441, "mean_value": 16.0, "std": 2.309401076758503, "level": 89, "gammas": [0.176713357130712, 0.28322553717339505, 0.29092368653857414, 0.29023567629558517, 0.28723756202197304, 0.28252102720877215, 0.2766426530045233, 0.27043464914853055, 0.26494058509623464, 0.2621433980657132, 0.2632295049821102, 0.2645158172868597, 0.26232687293288776, 0.25819888862219886, 0.254099980054148, 0.24782009492481744, 0.23505065709533188, 0.2198652532410958, 0.22132786348973046, 0.2334549638062316, 0.2460189125989649, 0.2745852582910411, 0.26313645774853495, 0.29507275295242097, 0.2604753945014509, 0.24039064900573365, 0.2534379924474082, 0.26830297490110716, 0.27743095968746584, 0.2837309194668858, 0.2874779297956905, 0.2889913412912109, 0.28901738883029376, 0.28762606108133115, 0.2850874579252615, 0.2827463869683458, 0.28126259533290615, 0.278744010480953, 0.27492840639109867, 0.2725735464560167, 0.2731621849896785, 0.27606753314376714, 0.2808489112602696, 0.2794718470895206, 0.27588183414969225, 0.269569241654245, 0.2729074399343087, 0.27372892389326076, 0.2709849245111585, 0.27271704323478396, 0.27987433597691413, 0.2879053341664915, 0.2936199758507559, 0.2971763426006393, 0.2986730559011342, 0.2984481643578075, 0.2958413692233643, 0.2891787829569402, 0.27686541094412437, 0.26448108405297815, 0.2665427058539369, 0.2800550823957041, 0.29017603631774286, 0.2931407934962517, 0.28930758863130845, 0.28185802035378865, 0.279303189072806, 0.2894232033028999, 0.302243731540342, 0.3067561183017709, 0.3035775478593423, 0.3075200474188359, 0.30520664016150806, 0.3078828778180715, 0.3082932316280009, 0.30841751248874766, 0.30904187184634047, 0.31088049780598853, 0.3142921342565715, 0.31809757660527455, 0.3211463692377455, 0.3230144931732899, 0.3244375417339695, 0.32617299277744655, 0.32879647563232073, 0.33242835713899127, 0.33763736674677614, 0.3434838299334847, 0.34409151693552653], "betas": [-2.528047696250368, -2.3402216155480935, -2.258373070021585, -2.2097293104645988, -2.170840584433034, -2.124128154605084, -2.0717297516441184, -2.021948950024911, -1.9846984096654021, -1.9723802109534507, -1.9812913865443884, -1.9752030929580824, -1.9457496486827592, -1.9113133399568114, -1.8735350590186077, -1.8030604719804704, -1.681173558960278, -1.604021472908671, -1.700355865296194, -1.8334162941450087, -1.7642015867396283, -1.7703683677312734, -2.137126052131707, -2.167433681740859, -1.9301476028501556, -1.9189822170275932, -2.025487631932893, -2.0998823492915677, -2.147438830468513, -2.176254118067337, -2.1900649886958354, -2.193736944510033, -2.187139006673358, -2.1712421167200517, -2.1494423661283855, -2.1330083648645166, -2.117021486733615, -2.089532576783765, -2.058339355098499, -2.047195501403833, -2.0640051627764904, -2.0693775049920773, -2.0546744622129203, -2.06023333262076, -2.034126624169452, -2.052071117114651, -2.0903895641385843, -2.0805538998408517, -2.0653323957846133, -2.09638355218105, -2.159416479691404, -2.2212223200806918, -2.2582708110845253, -2.2741978730052805, -2.2743769652461134, -2.2583510259264035, -2.219962689312657, -2.1461558726430106, -2.0427346335518854, -1.9904063877851497, -2.057485501657695, -2.1560078031777623, -2.2040814032848246, -2.196595021755514, -2.1505048281068015, -2.1092592771870655, -2.1477070569245655, -2.254347458863777, -2.3315788384623026, -2.3311044977284445, -2.317691894967498, -2.3578133158502106, -2.364089013175779, -2.359378532804985, -2.363727341255443, -2.366711323639272, -2.376175377953965, -2.396328876568737, -2.42520652447572, -2.4567717405231857, -2.480117674976027, -2.4945855615366224, -2.507356520508465, -2.5267282866955476, -2.5582744379927282, -2.6030362988594318, -2.6565344283990813, -2.726798861226038, -2.8658372642150907], "predicted_p_opt": 2.5322133595262692, "predicted_tts": 0.39491143044402927, "p_opt": 0.8914400338436932, "tts": 1.121780447405105, "approx": 0.9587899841308966, "opt_gap": -0.041210015869103445}