{"edges": [[0, 2], [0, 6], [0, 8], [0, 10], [1, 3], [1, 6], [1, 8], [1, 11], [2, 7], [2, 8], [2, 10], [3, 4], [3, 5], [3, 9], [4, 6], [5, 7], [5, 9], [6, 7], [6, 9], [6, 11], [7, 10], [7, 11], [9, 10], [9, 11], [10, 11]], "num_nodes": 12, "num_colors": 3, "opt_value": 25, "opt_count": 18, "feasible_count": 531441, "mean_value": 16.666666666666668, "std": 2.3570226039551585, "level": 89, "gammas": [0.17320987338214053, 0.2810828144658446, 0.2901648932550149, 0.2889134701382472, 0.28518390509252645, 0.2787780790246158, 0.2683610558815761, 0.25231192828143745, 0.23436500657459902, 0.22396435588702515, 0.22873242168976748, 0.24214020951112036, 0.24881626219194455, 0.24087326634993994, 0.221071696666897, 0.21089780688911697, 0.22695723960393122, 0.2503019204973955, 0.2668398455348217, 0.2740322649948633, 0.26834180441669514, 0.2734042160095605, 0.2890387850622708, 0.25008436720911537, 0.26395020797576024, 0.2878639925321643, 0.2900077632717498, 0.29066552797017564, 0.29169755076424203, 0.2923529896887405, 0.2917764591632272, 0.289676487177134, 0.28602868874464793, 0.2797312386741008, 0.26713509477740116, 0.24803464982895568, 0.24363437262215684, 0.2636413075897548, 0.2828320367204818, 0.2928230005708907, 0.29709353084385526, 0.29715653085687765, 0.2971231914703893, 0.2971912632063332, 0.2904888466511012, 0.28474815756185595, 0.2824054361026828, 0.2746514705169155, 0.2629717964589059, 0.257957163259291, 0.2656683632781903, 0.2786260378381628, 0.2884658106515931, 0.2951043327896212, 0.2998398675347006, 0.30351851361240534, 0.305899928222075, 0.3071365662755735, 0.30823844039671683, 0.30903611450690255, 0.30881732347982005, 0.3075685431027914, 0.3063719063598295, 0.3063392218302932, 0.30594542436824906, 0.30502845305156395, 0.30273129994439385, 0.2990348367065686, 0.29651038562819726, 0.299986334785773, 0.3056549008573892, 0.30293920995719176, 0.30537992369241124, 0.30752465221090614, 0.30873394652995834, 0.3093079972264157, 0.3090198868989342, 0.3084140455754286, 0.30790714432957644, 0.30745135082450187, 0.30720114019378975, 0.3073973965466798, 0.3087337708748479, 0.31093206749621916, 0.3137080324708259, 0.31674838188065996, 0.3208839399343379, 0.32656226881762807, 0.3283366811636312], "betas": [-2.5567563904165684, -2.3742109448859545, -2.3096760260384213, -2.275370870969542, -2.235821279004422, -2.1701913495674576, -2.0613306405397567, -1.9184448691454965, -1.7954589832244465, -1.7679344691380667, -1.847638982514315, -1.9336430683983024, -1.9321091448880046, -1.8185701194890174, -1.6761499599803311, -1.7024409249335037, -1.87396542594161, -2.0353519683153585, -2.1282635130747445, -2.1839772520040994, -2.194825987399261, -1.9559282159526465, -2.067561676160703, -1.971308441926818, -2.2902588493791796, -2.3913412572296338, -2.3888583765955334, -2.3723783178109215, -2.3569970436837764, -2.3402323302143526, -2.321563952489072, -2.295538705366731, -2.2548794813913773, -2.1789552351941173, -2.0455235545419805, -1.9246268451397577, -2.0003629631423254, -2.179797849098708, -2.3005086136554684, -2.356756283253328, -2.378428173288489, -2.3750538644351473, -2.325988769230494, -2.2974140068557554, -2.2562418810424254, -2.254855453499808, -2.235868969154303, -2.1602259252488736, -2.0821887619180277, -2.087700580476187, -2.1755574066977665, -2.2738958916452456, -2.341690740773095, -2.3887944505807983, -2.424138614028755, -2.4492685048291873, -2.4688296247379635, -2.482519164870985, -2.490192345329773, -2.4905215167815147, -2.4838472740060706, -2.4732955476996317, -2.4590070189002153, -2.4456937545088584, -2.4367292562954077, -2.430611110392322, -2.4167058758514597, -2.3962765410903506, -2.397644549036474, -2.439427972360763, -2.448283232414584, -2.4779051951412914, -2.473125349639663, -2.482747147506148, -2.490319353086616, -2.4922621977745827, -2.489698969802189, -2.4855873850330314, -2.481378529595157, -2.4777448424977577, -2.476116939723602, -2.480887891215889, -2.4945538557270868, -2.51665333840847, -2.5444847260966235, -2.5815419042002805, -2.63471941512903, -2.72040533399239, -2.877528718864162], "predicted_p_opt": 1.0852342969398296, "predicted_tts": 0.9214600043694017, "p_opt": 0.555562025226214, "tts": 1.7999790385111716, "approx": 0.8359126781103705, "opt_gap": -0.1640873218896295}