{"locs": [[0.84, 0.3], [0.9, 0.47], [0.6, 0.07], [0.88, 0.67], [0.84, 0.31], [0.89, 0.43], [0.58, 0.04], [0.93, 0.98], [0.79, 0.84], [0.91, 0.73]], "opt_value": 2.0936739444732666, "opt_count": 2.0, "feasible_count": 362880.0, "mean_value": 4.145244598388672, "std": 0.609856903553009, "level": 1, "gammas": [1.1650686264038086], "betas": [-2.727205514907837], "predicted_p_opt": 4.96031746031746e-05, "predicted_tts": 20160.0, "p_opt": 3.265748455305584e-05, "tts": 30620.851963518042, "approx": 1.819549322128296, "opt_gap": 0.8195493221282959}