{
  "locs": [
    [
      0.11,
      0.26
    ],
    [
      0.51,
      0.93
    ],
    [
      0.51,
      0.78
    ],
    [
      0.3,
      0.5
    ],
    [
      0.38,
      0.23
    ],
    [
      0.66,
      0.12
    ],
    [
      0.93,
      0.62
    ],
    [
      0.07,
      0.48
    ],
    [
      0.68,
      0.04
    ],
    [
      0.18,
      0.31
    ]
  ],
  "opt_value": 2.783730983734131,
  "opt_count": 2,
  "feasible_count": 362880,
  "mean_value": 5.192739486694336,
  "std": 0.5807982087135315,
  "level": 1,
  "gammas": [
    -1.0736377239227295
  ],
  "betas": [
    2.8389596939086914
  ],
  "predicted_p_opt": 4.96031746031746e-05,
  "predicted_tts": 20160,
  "p_opt": 3.664254836621694e-05,
  "tts": 27290.6783121548,
  "approx": 1.7820372581481934,
  "opt_gap": 0.7820372581481934
}
