{"edges": [[0, 1], [0, 2], [0, 6], [0, 8], [0, 10], [0, 12], [1, 3], [1, 5], [1, 15], [2, 3], [2, 5], [2, 10], [2, 11], [2, 14], [3, 4], [3, 6], [3, 7], [3, 10], [4, 6], [4, 12], [5, 6], [5, 10], [5, 12], [6, 7], [6, 10], [7, 12], [7, 15], [8, 12], [8, 13], [8, 14], [9, 11], [11, 12], [11, 13], [12, 15]], "num_nodes": 16, "num_colors": 3, "opt_value": 34, "opt_count": 72, "feasible_count": 43046721, "mean_value": 22.666666666666668, "std": 2.748737083745107, "level": 4, "gammas": [0.15541744711403965, 0.28681340430935204, 0.3245621131376358, 0.36546082266130425], "betas": [-2.0055241345406913, -1.549012582021779, -1.3370416625776134, 5.164198194702314], "predicted_p_opt": 0.00013548070246744229, "predicted_tts": 7381.125000000001, "p_opt": 1.1067999494587246e-05, "tts": 90350.56429927064, "approx": 0.7925144769039429, "opt_gap": -0.20748552309605706}