{"edges": [[6, 18], [6, 15], [6, 7], [18, 1], [18, 25], [2, 27], [2, 4], [2, 7], [27, 23], [27, 16], [15, 24], [15, 9], [24, 14], [24, 0], [12, 22], [12, 17], [12, 20], [22, 17], [22, 19], [3, 25], [3, 9], [3, 21], [25, 26], [9, 14], [14, 1], [8, 21], [8, 23], [8, 16], [21, 19], [19, 10], [1, 10], [0, 26], [0, 13], [26, 10], [13, 23], [13, 11], [4, 5], [4, 7], [5, 11], [5, 20], [17, 20], [11, 16]], "num_nodes": 28, "opt_value": 37, "opt_count": 4, "feasible_count": 268435456, "mean_value": 21.0, "std": 3.24037034920393, "level": 43, "gammas": [2.7340850830078125, 2.682917356491089, 2.6358683109283447, 2.5881354808807373, 2.5447380542755127, 2.5071020126342773, 2.4756786823272705, 2.4507696628570557, 2.4330642223358154, 2.4239180088043213, 2.4245481491088867, 2.435464382171631, 2.45640230178833, 2.4862756729125977, 2.523064136505127, 2.563828945159912, 2.605107545852661, 2.64346981048584, 2.67598032951355, 2.7005302906036377, 2.715848207473755, 2.7211992740631104, 2.7161660194396973, 2.700573682785034, 2.674713134765625, 2.639831304550171, 2.5985682010650635, 2.554816961288452, 2.5127885341644287, 2.4761154651641846, 2.44732666015625, 2.4278035163879395, 2.4179348945617676, 2.417302370071411, 2.4249749183654785, 2.440156936645508, 2.4623777866363525, 2.491326093673706, 2.526707172393799, 2.567803144454956, 2.6103665828704834, 2.6562678813934326, 2.7070577144622803], "betas": [2.7083539962768555, 2.6587281227111816, 2.6115832328796387, 2.5656189918518066, 2.524928092956543, 2.4903061389923096, 2.4621620178222656, 2.440904378890991, 2.4274563789367676, 2.4231417179107666, 2.4288947582244873, 2.444856643676758, 2.4703662395477295, 2.503901481628418, 2.5429880619049072, 2.5844051837921143, 2.6246681213378906, 2.6604807376861572, 2.689262628555298, 2.7093608379364014, 2.7198102474212646, 2.7200541496276855, 2.709796667098999, 2.6890408992767334, 2.658485174179077, 2.6200363636016846, 2.5769941806793213, 2.533522129058838, 2.4936845302581787, 2.460627317428589, 2.436311721801758, 2.421612024307251, 2.4165127277374268, 2.4202895164489746, 2.4319393634796143, 2.4507389068603516, 2.476353168487549, 2.5084826946258545, 2.5468204021453857, 2.589874267578125, 2.6327455043792725, 2.680877685546875, 2.7331557273864746], "predicted_p_opt": 0.00011278688907623291, "predicted_tts": 8866.278768661647, "p_opt": 4.18611446925099e-05, "tts": 23888.501075292555, "approx": 0.8741043754679573, "opt_gap": -0.12589562453204273, "th": -31.93289703461297}