{"edges": [[4, 6], [4, 15], [4, 11], [6, 1], [6, 0], [12, 13], [12, 10], [12, 17], [13, 14], [13, 7], [3, 10], [3, 1], [3, 9], [10, 11], [5, 7], [5, 2], [5, 14], [7, 2], [15, 9], [15, 18], [1, 11], [17, 18], [17, 8], [18, 16], [2, 19], [14, 8], [16, 19], [16, 8], [19, 0], [9, 0]], "num_nodes": 20, "opt_value": 27, "opt_count": 2, "feasible_count": 1048576, "mean_value": 15.0, "std": 2.7386127875258306, "level": 5, "gammas": [0.16069358587265015, 0.3001786172389984, 0.3318723738193512, 0.3508492410182953, 0.3808872401714325], "betas": [-2.306349992752075, -1.941454291343689, -1.746358871459961, -1.5709012746810913, -1.268426775932312], "predicted_p_opt": 0.0002307891845703125, "predicted_tts": 4332.9586776859505, "p_opt": 1.4299715985544026e-05, "tts": 69931.45884931753, "approx": 0.7467091679573059, "opt_gap": -0.2532908320426941}