{"N": 22, "edgelist": ["0 2 {}\n", "0 3 {}\n", "0 5 {}\n", "0 6 {}\n", "0 13 {}\n", "0 16 {}\n", "0 17 {}\n", "0 19 {}\n", "0 20 {}\n", "1 8 {}\n", "1 12 {}\n", "1 15 {}\n", "1 16 {}\n", "1 17 {}\n", "1 19 {}\n", "2 4 {}\n", "2 7 {}\n", "2 9 {}\n", "2 11 {}\n", "2 15 {}\n", "2 16 {}\n", "2 18 {}\n", "2 21 {}\n", "3 4 {}\n", "3 5 {}\n", "3 6 {}\n", "3 7 {}\n", "3 8 {}\n", "3 12 {}\n", "3 13 {}\n", "3 17 {}\n", "3 19 {}\n", "3 20 {}\n", "3 21 {}\n", "4 5 {}\n", "4 6 {}\n", "4 7 {}\n", "4 8 {}\n", "4 9 {}\n", "4 11 {}\n", "4 12 {}\n", "4 15 {}\n", "4 16 {}\n", "4 18 {}\n", "4 19 {}\n", "4 20 {}\n", "4 21 {}\n", "5 10 {}\n", "5 11 {}\n", "5 12 {}\n", "5 13 {}\n", "5 14 {}\n", "5 15 {}\n", "5 17 {}\n", "5 19 {}\n", "5 20 {}\n", "5 21 {}\n", "6 9 {}\n", "6 10 {}\n", "6 12 {}\n", "6 13 {}\n", "6 14 {}\n", "6 15 {}\n", "6 16 {}\n", "6 17 {}\n", "6 19 {}\n", "7 8 {}\n", "7 11 {}\n", "7 15 {}\n", "7 16 {}\n", "7 17 {}\n", "8 11 {}\n", "8 12 {}\n", "8 13 {}\n", "8 18 {}\n", "8 21 {}\n", "9 13 {}\n", "9 17 {}\n", "9 20 {}\n", "9 21 {}\n", "10 11 {}\n", "10 15 {}\n", "10 16 {}\n", "10 18 {}\n", "10 19 {}\n", "10 20 {}\n", "11 14 {}\n", "11 15 {}\n", "11 16 {}\n", "11 17 {}\n", "11 18 {}\n", "11 21 {}\n", "12 14 {}\n", "12 15 {}\n", "12 16 {}\n", "12 18 {}\n", "13 16 {}\n", "13 19 {}\n", "14 16 {}\n", "14 21 {}\n", "15 16 {}\n", "15 17 {}\n", "15 18 {}\n", "15 19 {}\n", "15 21 {}\n", "16 17 {}\n", "16 18 {}\n", "16 21 {}\n", "17 19 {}\n", "17 21 {}\n", "18 19 {}\n", "18 20 {}\n", "18 21 {}\n", "19 20 {}\n"], "opt_value": 101, "opt_count": 4, "feasible_count": 705432, "mean_value": 86.85714285714286, "std": 3.7045853666760515, "level": 14, "gammas": [2.7815115451812744, 2.78525710105896, 2.807950735092163, 2.8417530059814453, 2.8727903366088867, 2.892643451690674, 2.89683198928833, 2.884798288345337, 2.859473705291748, 2.8261213302612305, 2.7934012413024902, 2.7746083736419678, 2.775857925415039, 2.6021272484279097], "betas": [2.782761812210083, 2.7977428436279297, 2.827749490737915, 2.859898567199707, 2.8848607540130615, 2.8969032764434814, 2.892806053161621, 2.872861862182617, 2.841254711151123, 2.8060872554779053, 2.78104305267334, 2.772855520248413, 2.783205509185791, 0.0], "predicted_p_opt": 0.004768709103074428, "predicted_tts": 209.70035671819264, "p_opt": 0.0016339858121893827, "tts": 612.0004179596253, "approx": 0.9648613756738362, "opt_gap": -0.03513862432616377, "th": -96.99161047804515}