{"N": 22, "edgelist": ["0 1 {}\n", "0 7 {}\n", "0 11 {}\n", "0 13 {}\n", "0 16 {}\n", "0 17 {}\n", "0 18 {}\n", "0 19 {}\n", "0 20 {}\n", "0 21 {}\n", "1 3 {}\n", "1 4 {}\n", "1 5 {}\n", "1 7 {}\n", "1 9 {}\n", "1 11 {}\n", "1 13 {}\n", "1 15 {}\n", "1 16 {}\n", "1 19 {}\n", "1 21 {}\n", "2 4 {}\n", "2 8 {}\n", "2 11 {}\n", "2 13 {}\n", "2 14 {}\n", "2 16 {}\n", "2 18 {}\n", "2 20 {}\n", "2 21 {}\n", "3 5 {}\n", "3 7 {}\n", "3 11 {}\n", "3 12 {}\n", "3 20 {}\n", "4 5 {}\n", "4 6 {}\n", "4 7 {}\n", "4 8 {}\n", "4 9 {}\n", "4 11 {}\n", "4 12 {}\n", "4 13 {}\n", "4 14 {}\n", "4 16 {}\n", "4 18 {}\n", "4 19 {}\n", "4 20 {}\n", "5 6 {}\n", "5 9 {}\n", "5 10 {}\n", "5 11 {}\n", "5 12 {}\n", "5 13 {}\n", "5 14 {}\n", "5 15 {}\n", "5 18 {}\n", "5 19 {}\n", "5 20 {}\n", "6 7 {}\n", "6 9 {}\n", "6 13 {}\n", "6 14 {}\n", "6 16 {}\n", "6 18 {}\n", "6 20 {}\n", "6 21 {}\n", "7 8 {}\n", "7 9 {}\n", "7 10 {}\n", "7 11 {}\n", "7 14 {}\n", "7 17 {}\n", "7 21 {}\n", "8 9 {}\n", "8 10 {}\n", "8 12 {}\n", "8 15 {}\n", "8 16 {}\n", "8 17 {}\n", "8 18 {}\n", "8 20 {}\n", "8 21 {}\n", "9 11 {}\n", "9 12 {}\n", "9 13 {}\n", "9 14 {}\n", "9 15 {}\n", "9 16 {}\n", "9 18 {}\n", "10 11 {}\n", "10 12 {}\n", "10 13 {}\n", "10 14 {}\n", "10 15 {}\n", "10 16 {}\n", "10 18 {}\n", "10 19 {}\n", "10 20 {}\n", "11 13 {}\n", "11 14 {}\n", "11 16 {}\n", "11 17 {}\n", "11 20 {}\n", "11 21 {}\n", "12 13 {}\n", "12 14 {}\n", "12 16 {}\n", "12 17 {}\n", "12 19 {}\n", "12 21 {}\n", "13 14 {}\n", "13 18 {}\n", "13 19 {}\n", "13 20 {}\n", "14 16 {}\n", "14 19 {}\n", "14 21 {}\n", "15 16 {}\n", "15 17 {}\n", "15 18 {}\n", "16 18 {}\n", "16 20 {}\n", "16 21 {}\n", "17 21 {}\n", "18 21 {}\n", "19 21 {}\n"], "opt_value": 111, "opt_count": 1, "feasible_count": 705432, "mean_value": 96.76190476190476, "std": 3.530880935603167, "level": 20, "gammas": [2.333095172067389, 2.3300853362484064, 2.3416022790498467, 2.366897706816023, 2.401095269495684, 2.4362840701987336, 2.4669838949968796, 2.4889771979924347, 2.4980829819854073, 2.4932203595462257, 2.47649115703931, 2.4499773335021042, 2.416784685996906, 2.380533441451938, 2.346856236075133, 2.323398158544195, 2.3154386879256807, 2.3224355923946924, 2.597878395420086, 2.6021272484279097], "betas": [2.327126244529784, 2.332421828873705, 2.353344204536726, 2.385523013164243, 2.4206830662093433, 2.453031743101164, 2.4786592903000337, 2.494086968895742, 2.496913589717266, 2.486542809946872, 2.46437892314623, 2.433437874458232, 2.397698281601766, 2.362574886511349, 2.3357964688953254, 2.3214132953868454, 2.320796685655517, 2.3346099301367684, 0.004512625288953659, 0.0], "predicted_p_opt": 0.0023829369804602004, "predicted_tts": 419.6502082093991, "p_opt": 0.0006821270211250348, "tts": 1466.0026197916864, "approx": 0.9675161486281281, "opt_gap": -0.03248385137187193, "th": -106.89676994258811}