{"edges": [[0, 2], [0, 3], [0, 6], [0, 7], [0, 12], [1, 3], [1, 5], [1, 10], [2, 10], [2, 14], [3, 4], [3, 6], [3, 14], [4, 6], [5, 14], [6, 7], [6, 8], [7, 10], [7, 12], [7, 14], [8, 14], [9, 10], [9, 11], [10, 13], [11, 13], [12, 13]], "num_nodes": 15, "num_colors": 3, "opt_value": 26, "opt_count": 252, "feasible_count": 14348907, "mean_value": 17.333333333333332, "std": 2.4037008503093262, "level": 21, "gammas": [0.10209307074546814, 0.22577950358390808, 0.2578918933868408, 0.26498475670814514, 0.2662762403488159, 0.26550137996673584, 0.2644207179546356, 0.2626636028289795, 0.260133296251297, 0.2581648528575897, 0.2569514214992523, 0.2552954852581024, 0.2539471387863159, 0.25590980052948, 0.2622356116771698, 0.2729659974575043, 0.2875552475452423, 0.30469128489494324, 0.324589341878891, 0.34289857745170593, 0.3154923617839813], "betas": [-2.238114595413208, -1.8231524229049683, -1.6639890670776367, -1.5704113245010376, -1.5058603286743164, -1.4597787857055664, -1.4220130443572998, -1.38368558883667, -1.34651780128479, -1.3147258758544922, -1.283388376235962, -1.2484852075576782, -1.2204461097717285, -1.2087866067886353, -1.2113909721374512, -1.2248748540878296, -1.2391301393508911, -1.2408467531204224, -1.2247657775878906, -1.2772456407546997, -1.2042357921600342], "predicted_p_opt": 0.03247271725992788, "predicted_tts": 30.79508228386, "p_opt": 0.00045589791261591017, "tts": 2193.4735218726278, "approx": 0.8929969072341919, "opt_gap": -0.1070030927658081}