{"edges": [[0, 6], [1, 2], [1, 3], [1, 7], [1, 12], [1, 13], [1, 14], [2, 4], [2, 5], [2, 9], [3, 4], [3, 8], [3, 9], [4, 12], [4, 14], [5, 10], [5, 11], [5, 13], [6, 7], [6, 10], [6, 12], [6, 13], [6, 14], [7, 13], [7, 14], [8, 10], [9, 11], [9, 14], [10, 13], [11, 13], [11, 14]], "num_nodes": 15, "num_colors": 3, "opt_value": 31, "opt_count": 156, "feasible_count": 14348907, "mean_value": 20.666666666666668, "std": 2.6246692913372702, "level": 21, "gammas": [0.11016402393579483, 0.220306858420372, 0.24190592765808105, 0.24783578515052795, 0.2500729560852051, 0.25093501806259155, 0.2516670525074005, 0.2527143061161041, 0.2543211281299591, 0.25688278675079346, 0.26030170917510986, 0.26441246271133423, 0.26923859119415283, 0.2749737799167633, 0.2815374732017517, 0.2887933552265167, 0.29732680320739746, 0.30799898505210876, 0.32261180877685547, 0.3409567177295685, 0.32329416275024414], "betas": [-2.222522258758545, -1.8743385076522827, -1.7439091205596924, -1.6693509817123413, -1.6229767799377441, -1.5925692319869995, -1.5720442533493042, -1.557163953781128, -1.546825647354126, -1.5402041673660278, -1.5347005128860474, -1.5287996530532837, -1.5222264528274536, -1.5151405334472656, -1.5054510831832886, -1.4919019937515259, -1.4736554622650146, -1.4458130598068237, -1.399017095565796, -1.3858124017715454, -1.3924940824508667], "predicted_p_opt": 0.02010215830376488, "predicted_tts": 49.74590215085077, "p_opt": 0.00021314799960236996, "tts": 4691.5758152340695, "approx": 0.8777028322219849, "opt_gap": -0.12229716777801514}